ISO-10303-21;
HEADER;
FILE_DESCRIPTION(('Open CASCADE Model'),'2;1');
FILE_NAME('Open CASCADE Shape Model','2026-09-26T18:32:03',('Author'),(
    'Open CASCADE'),'Open CASCADE STEP processor 7.9','Open CASCADE 7.9'
  ,'Unknown');
FILE_SCHEMA(('AUTOMOTIVE_DESIGN { 1 0 10303 214 1 1 1 1 }'));
ENDSEC;
DATA;
#1 = APPLICATION_PROTOCOL_DEFINITION('international standard',
  'automotive_design',2000,#2);
#2 = APPLICATION_CONTEXT(
  'core data for automotive mechanical design processes');
#3 = SHAPE_DEFINITION_REPRESENTATION(#4,#10);
#4 = PRODUCT_DEFINITION_SHAPE('','',#5);
#5 = PRODUCT_DEFINITION('design','',#6,#9);
#6 = PRODUCT_DEFINITION_FORMATION('','',#7);
#7 = PRODUCT('Open CASCADE STEP translator 7.9 12',
  'Open CASCADE STEP translator 7.9 12','',(#8));
#8 = PRODUCT_CONTEXT('',#2,'mechanical');
#9 = PRODUCT_DEFINITION_CONTEXT('part definition',#2,'design');
#10 = SHAPE_REPRESENTATION('',(#11,#15,#19,#23,#27,#31,#35,#39,#43,#47,
    #51,#55,#59,#63,#67,#71,#75,#79,#83,#87),#91);
#11 = AXIS2_PLACEMENT_3D('',#12,#13,#14);
#12 = CARTESIAN_POINT('',(0.,0.,0.));
#13 = DIRECTION('',(0.,0.,1.));
#14 = DIRECTION('',(1.,0.,-0.));
#15 = AXIS2_PLACEMENT_3D('',#16,#17,#18);
#16 = CARTESIAN_POINT('',(0.,0.,0.));
#17 = DIRECTION('',(0.,0.,1.));
#18 = DIRECTION('',(1.,0.,-0.));
#19 = AXIS2_PLACEMENT_3D('',#20,#21,#22);
#20 = CARTESIAN_POINT('',(0.,0.,0.));
#21 = DIRECTION('',(0.,0.,1.));
#22 = DIRECTION('',(1.,0.,-0.));
#23 = AXIS2_PLACEMENT_3D('',#24,#25,#26);
#24 = CARTESIAN_POINT('',(0.,0.,0.));
#25 = DIRECTION('',(0.,0.,1.));
#26 = DIRECTION('',(1.,0.,-0.));
#27 = AXIS2_PLACEMENT_3D('',#28,#29,#30);
#28 = CARTESIAN_POINT('',(0.,0.,0.));
#29 = DIRECTION('',(0.,0.,1.));
#30 = DIRECTION('',(1.,0.,-0.));
#31 = AXIS2_PLACEMENT_3D('',#32,#33,#34);
#32 = CARTESIAN_POINT('',(0.,0.,0.));
#33 = DIRECTION('',(0.,0.,1.));
#34 = DIRECTION('',(1.,0.,-0.));
#35 = AXIS2_PLACEMENT_3D('',#36,#37,#38);
#36 = CARTESIAN_POINT('',(0.,0.,0.));
#37 = DIRECTION('',(0.,0.,1.));
#38 = DIRECTION('',(1.,0.,-0.));
#39 = AXIS2_PLACEMENT_3D('',#40,#41,#42);
#40 = CARTESIAN_POINT('',(0.,0.,0.));
#41 = DIRECTION('',(0.,0.,1.));
#42 = DIRECTION('',(1.,0.,-0.));
#43 = AXIS2_PLACEMENT_3D('',#44,#45,#46);
#44 = CARTESIAN_POINT('',(0.,0.,0.));
#45 = DIRECTION('',(0.,0.,1.));
#46 = DIRECTION('',(1.,0.,-0.));
#47 = AXIS2_PLACEMENT_3D('',#48,#49,#50);
#48 = CARTESIAN_POINT('',(0.,0.,0.));
#49 = DIRECTION('',(0.,0.,1.));
#50 = DIRECTION('',(1.,0.,-0.));
#51 = AXIS2_PLACEMENT_3D('',#52,#53,#54);
#52 = CARTESIAN_POINT('',(0.,0.,0.));
#53 = DIRECTION('',(0.,0.,1.));
#54 = DIRECTION('',(1.,0.,-0.));
#55 = AXIS2_PLACEMENT_3D('',#56,#57,#58);
#56 = CARTESIAN_POINT('',(0.,0.,0.));
#57 = DIRECTION('',(0.,0.,1.));
#58 = DIRECTION('',(1.,0.,-0.));
#59 = AXIS2_PLACEMENT_3D('',#60,#61,#62);
#60 = CARTESIAN_POINT('',(0.,0.,0.));
#61 = DIRECTION('',(0.,0.,1.));
#62 = DIRECTION('',(1.,0.,-0.));
#63 = AXIS2_PLACEMENT_3D('',#64,#65,#66);
#64 = CARTESIAN_POINT('',(0.,0.,0.));
#65 = DIRECTION('',(0.,0.,1.));
#66 = DIRECTION('',(1.,0.,-0.));
#67 = AXIS2_PLACEMENT_3D('',#68,#69,#70);
#68 = CARTESIAN_POINT('',(0.,0.,0.));
#69 = DIRECTION('',(0.,0.,1.));
#70 = DIRECTION('',(1.,0.,-0.));
#71 = AXIS2_PLACEMENT_3D('',#72,#73,#74);
#72 = CARTESIAN_POINT('',(0.,0.,0.));
#73 = DIRECTION('',(0.,0.,1.));
#74 = DIRECTION('',(1.,0.,-0.));
#75 = AXIS2_PLACEMENT_3D('',#76,#77,#78);
#76 = CARTESIAN_POINT('',(0.,0.,0.));
#77 = DIRECTION('',(0.,0.,1.));
#78 = DIRECTION('',(1.,0.,-0.));
#79 = AXIS2_PLACEMENT_3D('',#80,#81,#82);
#80 = CARTESIAN_POINT('',(0.,0.,0.));
#81 = DIRECTION('',(0.,0.,1.));
#82 = DIRECTION('',(1.,0.,-0.));
#83 = AXIS2_PLACEMENT_3D('',#84,#85,#86);
#84 = CARTESIAN_POINT('',(0.,0.,0.));
#85 = DIRECTION('',(0.,0.,1.));
#86 = DIRECTION('',(1.,0.,-0.));
#87 = AXIS2_PLACEMENT_3D('',#88,#89,#90);
#88 = CARTESIAN_POINT('',(0.,0.,0.));
#89 = DIRECTION('',(0.,0.,1.));
#90 = DIRECTION('',(1.,0.,-0.));
#91 = ( GEOMETRIC_REPRESENTATION_CONTEXT(3) 
GLOBAL_UNCERTAINTY_ASSIGNED_CONTEXT((#95)) GLOBAL_UNIT_ASSIGNED_CONTEXT(
(#92,#93,#94)) REPRESENTATION_CONTEXT('Context #1',
  '3D Context with UNIT and UNCERTAINTY') );
#92 = ( LENGTH_UNIT() NAMED_UNIT(*) SI_UNIT(.MILLI.,.METRE.) );
#93 = ( NAMED_UNIT(*) PLANE_ANGLE_UNIT() SI_UNIT($,.RADIAN.) );
#94 = ( NAMED_UNIT(*) SI_UNIT($,.STERADIAN.) SOLID_ANGLE_UNIT() );
#95 = UNCERTAINTY_MEASURE_WITH_UNIT(LENGTH_MEASURE(1.E-07),#92,
  'distance_accuracy_value','confusion accuracy');
#96 = PRODUCT_RELATED_PRODUCT_CATEGORY('part',$,(#7));
#97 = SHAPE_DEFINITION_REPRESENTATION(#98,#104);
#98 = PRODUCT_DEFINITION_SHAPE('','',#99);
#99 = PRODUCT_DEFINITION('design','',#100,#103);
#100 = PRODUCT_DEFINITION_FORMATION('','',#101);
#101 = PRODUCT('Open CASCADE STEP translator 7.9 12.1',
  'Open CASCADE STEP translator 7.9 12.1','',(#102));
#102 = PRODUCT_CONTEXT('',#2,'mechanical');
#103 = PRODUCT_DEFINITION_CONTEXT('part definition',#2,'design');
#104 = ADVANCED_BREP_SHAPE_REPRESENTATION('',(#11,#105),#751);
#105 = MANIFOLD_SOLID_BREP('',#106);
#106 = CLOSED_SHELL('',(#107,#227,#303,#466,#515,#636,#643,#690,#717,
    #744));
#107 = ADVANCED_FACE('',(#108),#122,.F.);
#108 = FACE_BOUND('',#109,.T.);
#109 = EDGE_LOOP('',(#110,#145,#173,#201));
#110 = ORIENTED_EDGE('',*,*,#111,.F.);
#111 = EDGE_CURVE('',#112,#114,#116,.T.);
#112 = VERTEX_POINT('',#113);
#113 = CARTESIAN_POINT('',(2.158E+03,70.,334.));
#114 = VERTEX_POINT('',#115);
#115 = CARTESIAN_POINT('',(2.158E+03,70.,1.828E+03));
#116 = SURFACE_CURVE('',#117,(#121,#133),.PCURVE_S1.);
#117 = LINE('',#118,#119);
#118 = CARTESIAN_POINT('',(2.158E+03,70.,334.));
#119 = VECTOR('',#120,1.);
#120 = DIRECTION('',(-0.,-0.,1.));
#121 = PCURVE('',#122,#127);
#122 = PLANE('',#123);
#123 = AXIS2_PLACEMENT_3D('',#124,#125,#126);
#124 = CARTESIAN_POINT('',(2.158E+03,70.,334.));
#125 = DIRECTION('',(-1.,-0.,-0.));
#126 = DIRECTION('',(0.,0.,-1.));
#127 = DEFINITIONAL_REPRESENTATION('',(#128),#132);
#128 = LINE('',#129,#130);
#129 = CARTESIAN_POINT('',(-0.,-0.));
#130 = VECTOR('',#131,1.);
#131 = DIRECTION('',(-1.,-0.));
#132 = ( GEOMETRIC_REPRESENTATION_CONTEXT(2) 
PARAMETRIC_REPRESENTATION_CONTEXT() REPRESENTATION_CONTEXT('2D SPACE',''
  ) );
#133 = PCURVE('',#134,#139);
#134 = PLANE('',#135);
#135 = AXIS2_PLACEMENT_3D('',#136,#137,#138);
#136 = CARTESIAN_POINT('',(2.158E+03,70.,334.));
#137 = DIRECTION('',(-0.,1.,-0.));
#138 = DIRECTION('',(0.,0.,-1.));
#139 = DEFINITIONAL_REPRESENTATION('',(#140),#144);
#140 = LINE('',#141,#142);
#141 = CARTESIAN_POINT('',(-0.,-0.));
#142 = VECTOR('',#143,1.);
#143 = DIRECTION('',(-1.,0.));
#144 = ( GEOMETRIC_REPRESENTATION_CONTEXT(2) 
PARAMETRIC_REPRESENTATION_CONTEXT() REPRESENTATION_CONTEXT('2D SPACE',''
  ) );
#145 = ORIENTED_EDGE('',*,*,#146,.T.);
#146 = EDGE_CURVE('',#112,#147,#149,.T.);
#147 = VERTEX_POINT('',#148);
#148 = CARTESIAN_POINT('',(2.158E+03,100.,334.));
#149 = SURFACE_CURVE('',#150,(#154,#161),.PCURVE_S1.);
#150 = LINE('',#151,#152);
#151 = CARTESIAN_POINT('',(2.158E+03,70.,334.));
#152 = VECTOR('',#153,1.);
#153 = DIRECTION('',(-0.,1.,-0.));
#154 = PCURVE('',#122,#155);
#155 = DEFINITIONAL_REPRESENTATION('',(#156),#160);
#156 = LINE('',#157,#158);
#157 = CARTESIAN_POINT('',(-0.,-0.));
#158 = VECTOR('',#159,1.);
#159 = DIRECTION('',(-0.,-1.));
#160 = ( GEOMETRIC_REPRESENTATION_CONTEXT(2) 
PARAMETRIC_REPRESENTATION_CONTEXT() REPRESENTATION_CONTEXT('2D SPACE',''
  ) );
#161 = PCURVE('',#162,#167);
#162 = PLANE('',#163);
#163 = AXIS2_PLACEMENT_3D('',#164,#165,#166);
#164 = CARTESIAN_POINT('',(2.158E+03,70.,334.));
#165 = DIRECTION('',(-0.,-0.,1.));
#166 = DIRECTION('',(1.,0.,0.));
#167 = DEFINITIONAL_REPRESENTATION('',(#168),#172);
#168 = LINE('',#169,#170);
#169 = CARTESIAN_POINT('',(0.,-0.));
#170 = VECTOR('',#171,1.);
#171 = DIRECTION('',(-0.,1.));
#172 = ( GEOMETRIC_REPRESENTATION_CONTEXT(2) 
PARAMETRIC_REPRESENTATION_CONTEXT() REPRESENTATION_CONTEXT('2D SPACE',''
  ) );
#173 = ORIENTED_EDGE('',*,*,#174,.T.);
#174 = EDGE_CURVE('',#147,#175,#177,.T.);
#175 = VERTEX_POINT('',#176);
#176 = CARTESIAN_POINT('',(2.158E+03,100.,1.828E+03));
#177 = SURFACE_CURVE('',#178,(#182,#189),.PCURVE_S1.);
#178 = LINE('',#179,#180);
#179 = CARTESIAN_POINT('',(2.158E+03,100.,334.));
#180 = VECTOR('',#181,1.);
#181 = DIRECTION('',(-0.,-0.,1.));
#182 = PCURVE('',#122,#183);
#183 = DEFINITIONAL_REPRESENTATION('',(#184),#188);
#184 = LINE('',#185,#186);
#185 = CARTESIAN_POINT('',(-0.,-30.));
#186 = VECTOR('',#187,1.);
#187 = DIRECTION('',(-1.,-0.));
#188 = ( GEOMETRIC_REPRESENTATION_CONTEXT(2) 
PARAMETRIC_REPRESENTATION_CONTEXT() REPRESENTATION_CONTEXT('2D SPACE',''
  ) );
#189 = PCURVE('',#190,#195);
#190 = PLANE('',#191);
#191 = AXIS2_PLACEMENT_3D('',#192,#193,#194);
#192 = CARTESIAN_POINT('',(2.158E+03,100.,334.));
#193 = DIRECTION('',(-0.,1.,-0.));
#194 = DIRECTION('',(0.,0.,-1.));
#195 = DEFINITIONAL_REPRESENTATION('',(#196),#200);
#196 = LINE('',#197,#198);
#197 = CARTESIAN_POINT('',(-0.,-0.));
#198 = VECTOR('',#199,1.);
#199 = DIRECTION('',(-1.,0.));
#200 = ( GEOMETRIC_REPRESENTATION_CONTEXT(2) 
PARAMETRIC_REPRESENTATION_CONTEXT() REPRESENTATION_CONTEXT('2D SPACE',''
  ) );
#201 = ORIENTED_EDGE('',*,*,#202,.F.);
#202 = EDGE_CURVE('',#114,#175,#203,.T.);
#203 = SURFACE_CURVE('',#204,(#208,#215),.PCURVE_S1.);
#204 = LINE('',#205,#206);
#205 = CARTESIAN_POINT('',(2.158E+03,70.,1.828E+03));
#206 = VECTOR('',#207,1.);
#207 = DIRECTION('',(-0.,1.,-0.));
#208 = PCURVE('',#122,#209);
#209 = DEFINITIONAL_REPRESENTATION('',(#210),#214);
#210 = LINE('',#211,#212);
#211 = CARTESIAN_POINT('',(-1.494E+03,-0.));
#212 = VECTOR('',#213,1.);
#213 = DIRECTION('',(-0.,-1.));
#214 = ( GEOMETRIC_REPRESENTATION_CONTEXT(2) 
PARAMETRIC_REPRESENTATION_CONTEXT() REPRESENTATION_CONTEXT('2D SPACE',''
  ) );
#215 = PCURVE('',#216,#221);
#216 = PLANE('',#217);
#217 = AXIS2_PLACEMENT_3D('',#218,#219,#220);
#218 = CARTESIAN_POINT('',(2.158E+03,70.,1.828E+03));
#219 = DIRECTION('',(-0.,-0.,1.));
#220 = DIRECTION('',(1.,0.,0.));
#221 = DEFINITIONAL_REPRESENTATION('',(#222),#226);
#222 = LINE('',#223,#224);
#223 = CARTESIAN_POINT('',(0.,-0.));
#224 = VECTOR('',#225,1.);
#225 = DIRECTION('',(-0.,1.));
#226 = ( GEOMETRIC_REPRESENTATION_CONTEXT(2) 
PARAMETRIC_REPRESENTATION_CONTEXT() REPRESENTATION_CONTEXT('2D SPACE',''
  ) );
#227 = ADVANCED_FACE('',(#228),#134,.F.);
#228 = FACE_BOUND('',#229,.T.);
#229 = EDGE_LOOP('',(#230,#253,#254,#277));
#230 = ORIENTED_EDGE('',*,*,#231,.F.);
#231 = EDGE_CURVE('',#112,#232,#234,.T.);
#232 = VERTEX_POINT('',#233);
#233 = CARTESIAN_POINT('',(2.128E+03,70.,334.));
#234 = SURFACE_CURVE('',#235,(#239,#246),.PCURVE_S1.);
#235 = LINE('',#236,#237);
#236 = CARTESIAN_POINT('',(2.158E+03,70.,334.));
#237 = VECTOR('',#238,1.);
#238 = DIRECTION('',(-1.,-0.,-0.));
#239 = PCURVE('',#134,#240);
#240 = DEFINITIONAL_REPRESENTATION('',(#241),#245);
#241 = LINE('',#242,#243);
#242 = CARTESIAN_POINT('',(-0.,-0.));
#243 = VECTOR('',#244,1.);
#244 = DIRECTION('',(-0.,1.));
#245 = ( GEOMETRIC_REPRESENTATION_CONTEXT(2) 
PARAMETRIC_REPRESENTATION_CONTEXT() REPRESENTATION_CONTEXT('2D SPACE',''
  ) );
#246 = PCURVE('',#162,#247);
#247 = DEFINITIONAL_REPRESENTATION('',(#248),#252);
#248 = LINE('',#249,#250);
#249 = CARTESIAN_POINT('',(0.,-0.));
#250 = VECTOR('',#251,1.);
#251 = DIRECTION('',(-1.,0.));
#252 = ( GEOMETRIC_REPRESENTATION_CONTEXT(2) 
PARAMETRIC_REPRESENTATION_CONTEXT() REPRESENTATION_CONTEXT('2D SPACE',''
  ) );
#253 = ORIENTED_EDGE('',*,*,#111,.T.);
#254 = ORIENTED_EDGE('',*,*,#255,.T.);
#255 = EDGE_CURVE('',#114,#256,#258,.T.);
#256 = VERTEX_POINT('',#257);
#257 = CARTESIAN_POINT('',(2.128E+03,70.,1.828E+03));
#258 = SURFACE_CURVE('',#259,(#263,#270),.PCURVE_S1.);
#259 = LINE('',#260,#261);
#260 = CARTESIAN_POINT('',(2.158E+03,70.,1.828E+03));
#261 = VECTOR('',#262,1.);
#262 = DIRECTION('',(-1.,-0.,-0.));
#263 = PCURVE('',#134,#264);
#264 = DEFINITIONAL_REPRESENTATION('',(#265),#269);
#265 = LINE('',#266,#267);
#266 = CARTESIAN_POINT('',(-1.494E+03,-0.));
#267 = VECTOR('',#268,1.);
#268 = DIRECTION('',(-0.,1.));
#269 = ( GEOMETRIC_REPRESENTATION_CONTEXT(2) 
PARAMETRIC_REPRESENTATION_CONTEXT() REPRESENTATION_CONTEXT('2D SPACE',''
  ) );
#270 = PCURVE('',#216,#271);
#271 = DEFINITIONAL_REPRESENTATION('',(#272),#276);
#272 = LINE('',#273,#274);
#273 = CARTESIAN_POINT('',(0.,-0.));
#274 = VECTOR('',#275,1.);
#275 = DIRECTION('',(-1.,0.));
#276 = ( GEOMETRIC_REPRESENTATION_CONTEXT(2) 
PARAMETRIC_REPRESENTATION_CONTEXT() REPRESENTATION_CONTEXT('2D SPACE',''
  ) );
#277 = ORIENTED_EDGE('',*,*,#278,.F.);
#278 = EDGE_CURVE('',#232,#256,#279,.T.);
#279 = SURFACE_CURVE('',#280,(#284,#291),.PCURVE_S1.);
#280 = LINE('',#281,#282);
#281 = CARTESIAN_POINT('',(2.128E+03,70.,334.));
#282 = VECTOR('',#283,1.);
#283 = DIRECTION('',(-0.,-0.,1.));
#284 = PCURVE('',#134,#285);
#285 = DEFINITIONAL_REPRESENTATION('',(#286),#290);
#286 = LINE('',#287,#288);
#287 = CARTESIAN_POINT('',(-0.,30.));
#288 = VECTOR('',#289,1.);
#289 = DIRECTION('',(-1.,0.));
#290 = ( GEOMETRIC_REPRESENTATION_CONTEXT(2) 
PARAMETRIC_REPRESENTATION_CONTEXT() REPRESENTATION_CONTEXT('2D SPACE',''
  ) );
#291 = PCURVE('',#292,#297);
#292 = PLANE('',#293);
#293 = AXIS2_PLACEMENT_3D('',#294,#295,#296);
#294 = CARTESIAN_POINT('',(2.128E+03,70.,334.));
#295 = DIRECTION('',(-1.,-0.,-0.));
#296 = DIRECTION('',(0.,0.,-1.));
#297 = DEFINITIONAL_REPRESENTATION('',(#298),#302);
#298 = LINE('',#299,#300);
#299 = CARTESIAN_POINT('',(-0.,-0.));
#300 = VECTOR('',#301,1.);
#301 = DIRECTION('',(-1.,-0.));
#302 = ( GEOMETRIC_REPRESENTATION_CONTEXT(2) 
PARAMETRIC_REPRESENTATION_CONTEXT() REPRESENTATION_CONTEXT('2D SPACE',''
  ) );
#303 = ADVANCED_FACE('',(#304,#352),#216,.T.);
#304 = FACE_BOUND('',#305,.F.);
#305 = EDGE_LOOP('',(#306,#307,#308,#331));
#306 = ORIENTED_EDGE('',*,*,#202,.F.);
#307 = ORIENTED_EDGE('',*,*,#255,.T.);
#308 = ORIENTED_EDGE('',*,*,#309,.T.);
#309 = EDGE_CURVE('',#256,#310,#312,.T.);
#310 = VERTEX_POINT('',#311);
#311 = CARTESIAN_POINT('',(2.128E+03,100.,1.828E+03));
#312 = SURFACE_CURVE('',#313,(#317,#324),.PCURVE_S1.);
#313 = LINE('',#314,#315);
#314 = CARTESIAN_POINT('',(2.128E+03,70.,1.828E+03));
#315 = VECTOR('',#316,1.);
#316 = DIRECTION('',(-0.,1.,-0.));
#317 = PCURVE('',#216,#318);
#318 = DEFINITIONAL_REPRESENTATION('',(#319),#323);
#319 = LINE('',#320,#321);
#320 = CARTESIAN_POINT('',(-30.,0.));
#321 = VECTOR('',#322,1.);
#322 = DIRECTION('',(-0.,1.));
#323 = ( GEOMETRIC_REPRESENTATION_CONTEXT(2) 
PARAMETRIC_REPRESENTATION_CONTEXT() REPRESENTATION_CONTEXT('2D SPACE',''
  ) );
#324 = PCURVE('',#292,#325);
#325 = DEFINITIONAL_REPRESENTATION('',(#326),#330);
#326 = LINE('',#327,#328);
#327 = CARTESIAN_POINT('',(-1.494E+03,-0.));
#328 = VECTOR('',#329,1.);
#329 = DIRECTION('',(-0.,-1.));
#330 = ( GEOMETRIC_REPRESENTATION_CONTEXT(2) 
PARAMETRIC_REPRESENTATION_CONTEXT() REPRESENTATION_CONTEXT('2D SPACE',''
  ) );
#331 = ORIENTED_EDGE('',*,*,#332,.F.);
#332 = EDGE_CURVE('',#175,#310,#333,.T.);
#333 = SURFACE_CURVE('',#334,(#338,#345),.PCURVE_S1.);
#334 = LINE('',#335,#336);
#335 = CARTESIAN_POINT('',(2.158E+03,100.,1.828E+03));
#336 = VECTOR('',#337,1.);
#337 = DIRECTION('',(-1.,-0.,-0.));
#338 = PCURVE('',#216,#339);
#339 = DEFINITIONAL_REPRESENTATION('',(#340),#344);
#340 = LINE('',#341,#342);
#341 = CARTESIAN_POINT('',(0.,30.));
#342 = VECTOR('',#343,1.);
#343 = DIRECTION('',(-1.,0.));
#344 = ( GEOMETRIC_REPRESENTATION_CONTEXT(2) 
PARAMETRIC_REPRESENTATION_CONTEXT() REPRESENTATION_CONTEXT('2D SPACE',''
  ) );
#345 = PCURVE('',#190,#346);
#346 = DEFINITIONAL_REPRESENTATION('',(#347),#351);
#347 = LINE('',#348,#349);
#348 = CARTESIAN_POINT('',(-1.494E+03,-0.));
#349 = VECTOR('',#350,1.);
#350 = DIRECTION('',(-0.,1.));
#351 = ( GEOMETRIC_REPRESENTATION_CONTEXT(2) 
PARAMETRIC_REPRESENTATION_CONTEXT() REPRESENTATION_CONTEXT('2D SPACE',''
  ) );
#352 = FACE_BOUND('',#353,.F.);
#353 = EDGE_LOOP('',(#354,#384,#412,#440));
#354 = ORIENTED_EDGE('',*,*,#355,.T.);
#355 = EDGE_CURVE('',#356,#358,#360,.T.);
#356 = VERTEX_POINT('',#357);
#357 = CARTESIAN_POINT('',(2.13E+03,72.,1.828E+03));
#358 = VERTEX_POINT('',#359);
#359 = CARTESIAN_POINT('',(2.156E+03,72.,1.828E+03));
#360 = SURFACE_CURVE('',#361,(#365,#372),.PCURVE_S1.);
#361 = LINE('',#362,#363);
#362 = CARTESIAN_POINT('',(2.157E+03,72.,1.828E+03));
#363 = VECTOR('',#364,1.);
#364 = DIRECTION('',(1.,-0.,0.));
#365 = PCURVE('',#216,#366);
#366 = DEFINITIONAL_REPRESENTATION('',(#367),#371);
#367 = LINE('',#368,#369);
#368 = CARTESIAN_POINT('',(-1.,2.));
#369 = VECTOR('',#370,1.);
#370 = DIRECTION('',(1.,-0.));
#371 = ( GEOMETRIC_REPRESENTATION_CONTEXT(2) 
PARAMETRIC_REPRESENTATION_CONTEXT() REPRESENTATION_CONTEXT('2D SPACE',''
  ) );
#372 = PCURVE('',#373,#378);
#373 = PLANE('',#374);
#374 = AXIS2_PLACEMENT_3D('',#375,#376,#377);
#375 = CARTESIAN_POINT('',(2.156E+03,72.,333.));
#376 = DIRECTION('',(-0.,1.,-0.));
#377 = DIRECTION('',(0.,0.,-1.));
#378 = DEFINITIONAL_REPRESENTATION('',(#379),#383);
#379 = LINE('',#380,#381);
#380 = CARTESIAN_POINT('',(-1.495E+03,-1.));
#381 = VECTOR('',#382,1.);
#382 = DIRECTION('',(-0.,-1.));
#383 = ( GEOMETRIC_REPRESENTATION_CONTEXT(2) 
PARAMETRIC_REPRESENTATION_CONTEXT() REPRESENTATION_CONTEXT('2D SPACE',''
  ) );
#384 = ORIENTED_EDGE('',*,*,#385,.T.);
#385 = EDGE_CURVE('',#358,#386,#388,.T.);
#386 = VERTEX_POINT('',#387);
#387 = CARTESIAN_POINT('',(2.156E+03,98.,1.828E+03));
#388 = SURFACE_CURVE('',#389,(#393,#400),.PCURVE_S1.);
#389 = LINE('',#390,#391);
#390 = CARTESIAN_POINT('',(2.156E+03,71.,1.828E+03));
#391 = VECTOR('',#392,1.);
#392 = DIRECTION('',(-0.,1.,-0.));
#393 = PCURVE('',#216,#394);
#394 = DEFINITIONAL_REPRESENTATION('',(#395),#399);
#395 = LINE('',#396,#397);
#396 = CARTESIAN_POINT('',(-2.,1.));
#397 = VECTOR('',#398,1.);
#398 = DIRECTION('',(-0.,1.));
#399 = ( GEOMETRIC_REPRESENTATION_CONTEXT(2) 
PARAMETRIC_REPRESENTATION_CONTEXT() REPRESENTATION_CONTEXT('2D SPACE',''
  ) );
#400 = PCURVE('',#401,#406);
#401 = PLANE('',#402);
#402 = AXIS2_PLACEMENT_3D('',#403,#404,#405);
#403 = CARTESIAN_POINT('',(2.156E+03,72.,333.));
#404 = DIRECTION('',(-1.,-0.,-0.));
#405 = DIRECTION('',(0.,0.,-1.));
#406 = DEFINITIONAL_REPRESENTATION('',(#407),#411);
#407 = LINE('',#408,#409);
#408 = CARTESIAN_POINT('',(-1.495E+03,1.));
#409 = VECTOR('',#410,1.);
#410 = DIRECTION('',(-0.,-1.));
#411 = ( GEOMETRIC_REPRESENTATION_CONTEXT(2) 
PARAMETRIC_REPRESENTATION_CONTEXT() REPRESENTATION_CONTEXT('2D SPACE',''
  ) );
#412 = ORIENTED_EDGE('',*,*,#413,.F.);
#413 = EDGE_CURVE('',#414,#386,#416,.T.);
#414 = VERTEX_POINT('',#415);
#415 = CARTESIAN_POINT('',(2.13E+03,98.,1.828E+03));
#416 = SURFACE_CURVE('',#417,(#421,#428),.PCURVE_S1.);
#417 = LINE('',#418,#419);
#418 = CARTESIAN_POINT('',(2.157E+03,98.,1.828E+03));
#419 = VECTOR('',#420,1.);
#420 = DIRECTION('',(1.,-0.,0.));
#421 = PCURVE('',#216,#422);
#422 = DEFINITIONAL_REPRESENTATION('',(#423),#427);
#423 = LINE('',#424,#425);
#424 = CARTESIAN_POINT('',(-1.,28.));
#425 = VECTOR('',#426,1.);
#426 = DIRECTION('',(1.,-0.));
#427 = ( GEOMETRIC_REPRESENTATION_CONTEXT(2) 
PARAMETRIC_REPRESENTATION_CONTEXT() REPRESENTATION_CONTEXT('2D SPACE',''
  ) );
#428 = PCURVE('',#429,#434);
#429 = PLANE('',#430);
#430 = AXIS2_PLACEMENT_3D('',#431,#432,#433);
#431 = CARTESIAN_POINT('',(2.156E+03,98.,333.));
#432 = DIRECTION('',(-0.,1.,-0.));
#433 = DIRECTION('',(0.,0.,-1.));
#434 = DEFINITIONAL_REPRESENTATION('',(#435),#439);
#435 = LINE('',#436,#437);
#436 = CARTESIAN_POINT('',(-1.495E+03,-1.));
#437 = VECTOR('',#438,1.);
#438 = DIRECTION('',(-0.,-1.));
#439 = ( GEOMETRIC_REPRESENTATION_CONTEXT(2) 
PARAMETRIC_REPRESENTATION_CONTEXT() REPRESENTATION_CONTEXT('2D SPACE',''
  ) );
#440 = ORIENTED_EDGE('',*,*,#441,.F.);
#441 = EDGE_CURVE('',#356,#414,#442,.T.);
#442 = SURFACE_CURVE('',#443,(#447,#454),.PCURVE_S1.);
#443 = LINE('',#444,#445);
#444 = CARTESIAN_POINT('',(2.13E+03,71.,1.828E+03));
#445 = VECTOR('',#446,1.);
#446 = DIRECTION('',(-0.,1.,-0.));
#447 = PCURVE('',#216,#448);
#448 = DEFINITIONAL_REPRESENTATION('',(#449),#453);
#449 = LINE('',#450,#451);
#450 = CARTESIAN_POINT('',(-28.,1.));
#451 = VECTOR('',#452,1.);
#452 = DIRECTION('',(-0.,1.));
#453 = ( GEOMETRIC_REPRESENTATION_CONTEXT(2) 
PARAMETRIC_REPRESENTATION_CONTEXT() REPRESENTATION_CONTEXT('2D SPACE',''
  ) );
#454 = PCURVE('',#455,#460);
#455 = PLANE('',#456);
#456 = AXIS2_PLACEMENT_3D('',#457,#458,#459);
#457 = CARTESIAN_POINT('',(2.13E+03,72.,333.));
#458 = DIRECTION('',(-1.,-0.,-0.));
#459 = DIRECTION('',(0.,0.,-1.));
#460 = DEFINITIONAL_REPRESENTATION('',(#461),#465);
#461 = LINE('',#462,#463);
#462 = CARTESIAN_POINT('',(-1.495E+03,1.));
#463 = VECTOR('',#464,1.);
#464 = DIRECTION('',(-0.,-1.));
#465 = ( GEOMETRIC_REPRESENTATION_CONTEXT(2) 
PARAMETRIC_REPRESENTATION_CONTEXT() REPRESENTATION_CONTEXT('2D SPACE',''
  ) );
#466 = ADVANCED_FACE('',(#467),#190,.T.);
#467 = FACE_BOUND('',#468,.F.);
#468 = EDGE_LOOP('',(#469,#492,#493,#494));
#469 = ORIENTED_EDGE('',*,*,#470,.F.);
#470 = EDGE_CURVE('',#147,#471,#473,.T.);
#471 = VERTEX_POINT('',#472);
#472 = CARTESIAN_POINT('',(2.128E+03,100.,334.));
#473 = SURFACE_CURVE('',#474,(#478,#485),.PCURVE_S1.);
#474 = LINE('',#475,#476);
#475 = CARTESIAN_POINT('',(2.158E+03,100.,334.));
#476 = VECTOR('',#477,1.);
#477 = DIRECTION('',(-1.,-0.,-0.));
#478 = PCURVE('',#190,#479);
#479 = DEFINITIONAL_REPRESENTATION('',(#480),#484);
#480 = LINE('',#481,#482);
#481 = CARTESIAN_POINT('',(-0.,-0.));
#482 = VECTOR('',#483,1.);
#483 = DIRECTION('',(-0.,1.));
#484 = ( GEOMETRIC_REPRESENTATION_CONTEXT(2) 
PARAMETRIC_REPRESENTATION_CONTEXT() REPRESENTATION_CONTEXT('2D SPACE',''
  ) );
#485 = PCURVE('',#162,#486);
#486 = DEFINITIONAL_REPRESENTATION('',(#487),#491);
#487 = LINE('',#488,#489);
#488 = CARTESIAN_POINT('',(0.,30.));
#489 = VECTOR('',#490,1.);
#490 = DIRECTION('',(-1.,0.));
#491 = ( GEOMETRIC_REPRESENTATION_CONTEXT(2) 
PARAMETRIC_REPRESENTATION_CONTEXT() REPRESENTATION_CONTEXT('2D SPACE',''
  ) );
#492 = ORIENTED_EDGE('',*,*,#174,.T.);
#493 = ORIENTED_EDGE('',*,*,#332,.T.);
#494 = ORIENTED_EDGE('',*,*,#495,.F.);
#495 = EDGE_CURVE('',#471,#310,#496,.T.);
#496 = SURFACE_CURVE('',#497,(#501,#508),.PCURVE_S1.);
#497 = LINE('',#498,#499);
#498 = CARTESIAN_POINT('',(2.128E+03,100.,334.));
#499 = VECTOR('',#500,1.);
#500 = DIRECTION('',(-0.,-0.,1.));
#501 = PCURVE('',#190,#502);
#502 = DEFINITIONAL_REPRESENTATION('',(#503),#507);
#503 = LINE('',#504,#505);
#504 = CARTESIAN_POINT('',(-0.,30.));
#505 = VECTOR('',#506,1.);
#506 = DIRECTION('',(-1.,0.));
#507 = ( GEOMETRIC_REPRESENTATION_CONTEXT(2) 
PARAMETRIC_REPRESENTATION_CONTEXT() REPRESENTATION_CONTEXT('2D SPACE',''
  ) );
#508 = PCURVE('',#292,#509);
#509 = DEFINITIONAL_REPRESENTATION('',(#510),#514);
#510 = LINE('',#511,#512);
#511 = CARTESIAN_POINT('',(-0.,-30.));
#512 = VECTOR('',#513,1.);
#513 = DIRECTION('',(-1.,-0.));
#514 = ( GEOMETRIC_REPRESENTATION_CONTEXT(2) 
PARAMETRIC_REPRESENTATION_CONTEXT() REPRESENTATION_CONTEXT('2D SPACE',''
  ) );
#515 = ADVANCED_FACE('',(#516,#542),#162,.F.);
#516 = FACE_BOUND('',#517,.T.);
#517 = EDGE_LOOP('',(#518,#519,#520,#541));
#518 = ORIENTED_EDGE('',*,*,#146,.F.);
#519 = ORIENTED_EDGE('',*,*,#231,.T.);
#520 = ORIENTED_EDGE('',*,*,#521,.T.);
#521 = EDGE_CURVE('',#232,#471,#522,.T.);
#522 = SURFACE_CURVE('',#523,(#527,#534),.PCURVE_S1.);
#523 = LINE('',#524,#525);
#524 = CARTESIAN_POINT('',(2.128E+03,70.,334.));
#525 = VECTOR('',#526,1.);
#526 = DIRECTION('',(-0.,1.,-0.));
#527 = PCURVE('',#162,#528);
#528 = DEFINITIONAL_REPRESENTATION('',(#529),#533);
#529 = LINE('',#530,#531);
#530 = CARTESIAN_POINT('',(-30.,0.));
#531 = VECTOR('',#532,1.);
#532 = DIRECTION('',(-0.,1.));
#533 = ( GEOMETRIC_REPRESENTATION_CONTEXT(2) 
PARAMETRIC_REPRESENTATION_CONTEXT() REPRESENTATION_CONTEXT('2D SPACE',''
  ) );
#534 = PCURVE('',#292,#535);
#535 = DEFINITIONAL_REPRESENTATION('',(#536),#540);
#536 = LINE('',#537,#538);
#537 = CARTESIAN_POINT('',(-0.,-0.));
#538 = VECTOR('',#539,1.);
#539 = DIRECTION('',(-0.,-1.));
#540 = ( GEOMETRIC_REPRESENTATION_CONTEXT(2) 
PARAMETRIC_REPRESENTATION_CONTEXT() REPRESENTATION_CONTEXT('2D SPACE',''
  ) );
#541 = ORIENTED_EDGE('',*,*,#470,.F.);
#542 = FACE_BOUND('',#543,.T.);
#543 = EDGE_LOOP('',(#544,#569,#592,#615));
#544 = ORIENTED_EDGE('',*,*,#545,.T.);
#545 = EDGE_CURVE('',#546,#548,#550,.T.);
#546 = VERTEX_POINT('',#547);
#547 = CARTESIAN_POINT('',(2.13E+03,72.,334.));
#548 = VERTEX_POINT('',#549);
#549 = CARTESIAN_POINT('',(2.156E+03,72.,334.));
#550 = SURFACE_CURVE('',#551,(#555,#562),.PCURVE_S1.);
#551 = LINE('',#552,#553);
#552 = CARTESIAN_POINT('',(2.157E+03,72.,334.));
#553 = VECTOR('',#554,1.);
#554 = DIRECTION('',(1.,-0.,0.));
#555 = PCURVE('',#162,#556);
#556 = DEFINITIONAL_REPRESENTATION('',(#557),#561);
#557 = LINE('',#558,#559);
#558 = CARTESIAN_POINT('',(-1.,2.));
#559 = VECTOR('',#560,1.);
#560 = DIRECTION('',(1.,-0.));
#561 = ( GEOMETRIC_REPRESENTATION_CONTEXT(2) 
PARAMETRIC_REPRESENTATION_CONTEXT() REPRESENTATION_CONTEXT('2D SPACE',''
  ) );
#562 = PCURVE('',#373,#563);
#563 = DEFINITIONAL_REPRESENTATION('',(#564),#568);
#564 = LINE('',#565,#566);
#565 = CARTESIAN_POINT('',(-1.,-1.));
#566 = VECTOR('',#567,1.);
#567 = DIRECTION('',(-0.,-1.));
#568 = ( GEOMETRIC_REPRESENTATION_CONTEXT(2) 
PARAMETRIC_REPRESENTATION_CONTEXT() REPRESENTATION_CONTEXT('2D SPACE',''
  ) );
#569 = ORIENTED_EDGE('',*,*,#570,.T.);
#570 = EDGE_CURVE('',#548,#571,#573,.T.);
#571 = VERTEX_POINT('',#572);
#572 = CARTESIAN_POINT('',(2.156E+03,98.,334.));
#573 = SURFACE_CURVE('',#574,(#578,#585),.PCURVE_S1.);
#574 = LINE('',#575,#576);
#575 = CARTESIAN_POINT('',(2.156E+03,71.,334.));
#576 = VECTOR('',#577,1.);
#577 = DIRECTION('',(-0.,1.,-0.));
#578 = PCURVE('',#162,#579);
#579 = DEFINITIONAL_REPRESENTATION('',(#580),#584);
#580 = LINE('',#581,#582);
#581 = CARTESIAN_POINT('',(-2.,1.));
#582 = VECTOR('',#583,1.);
#583 = DIRECTION('',(-0.,1.));
#584 = ( GEOMETRIC_REPRESENTATION_CONTEXT(2) 
PARAMETRIC_REPRESENTATION_CONTEXT() REPRESENTATION_CONTEXT('2D SPACE',''
  ) );
#585 = PCURVE('',#401,#586);
#586 = DEFINITIONAL_REPRESENTATION('',(#587),#591);
#587 = LINE('',#588,#589);
#588 = CARTESIAN_POINT('',(-1.,1.));
#589 = VECTOR('',#590,1.);
#590 = DIRECTION('',(-0.,-1.));
#591 = ( GEOMETRIC_REPRESENTATION_CONTEXT(2) 
PARAMETRIC_REPRESENTATION_CONTEXT() REPRESENTATION_CONTEXT('2D SPACE',''
  ) );
#592 = ORIENTED_EDGE('',*,*,#593,.F.);
#593 = EDGE_CURVE('',#594,#571,#596,.T.);
#594 = VERTEX_POINT('',#595);
#595 = CARTESIAN_POINT('',(2.13E+03,98.,334.));
#596 = SURFACE_CURVE('',#597,(#601,#608),.PCURVE_S1.);
#597 = LINE('',#598,#599);
#598 = CARTESIAN_POINT('',(2.157E+03,98.,334.));
#599 = VECTOR('',#600,1.);
#600 = DIRECTION('',(1.,-0.,0.));
#601 = PCURVE('',#162,#602);
#602 = DEFINITIONAL_REPRESENTATION('',(#603),#607);
#603 = LINE('',#604,#605);
#604 = CARTESIAN_POINT('',(-1.,28.));
#605 = VECTOR('',#606,1.);
#606 = DIRECTION('',(1.,-0.));
#607 = ( GEOMETRIC_REPRESENTATION_CONTEXT(2) 
PARAMETRIC_REPRESENTATION_CONTEXT() REPRESENTATION_CONTEXT('2D SPACE',''
  ) );
#608 = PCURVE('',#429,#609);
#609 = DEFINITIONAL_REPRESENTATION('',(#610),#614);
#610 = LINE('',#611,#612);
#611 = CARTESIAN_POINT('',(-1.,-1.));
#612 = VECTOR('',#613,1.);
#613 = DIRECTION('',(-0.,-1.));
#614 = ( GEOMETRIC_REPRESENTATION_CONTEXT(2) 
PARAMETRIC_REPRESENTATION_CONTEXT() REPRESENTATION_CONTEXT('2D SPACE',''
  ) );
#615 = ORIENTED_EDGE('',*,*,#616,.F.);
#616 = EDGE_CURVE('',#546,#594,#617,.T.);
#617 = SURFACE_CURVE('',#618,(#622,#629),.PCURVE_S1.);
#618 = LINE('',#619,#620);
#619 = CARTESIAN_POINT('',(2.13E+03,71.,334.));
#620 = VECTOR('',#621,1.);
#621 = DIRECTION('',(-0.,1.,-0.));
#622 = PCURVE('',#162,#623);
#623 = DEFINITIONAL_REPRESENTATION('',(#624),#628);
#624 = LINE('',#625,#626);
#625 = CARTESIAN_POINT('',(-28.,1.));
#626 = VECTOR('',#627,1.);
#627 = DIRECTION('',(-0.,1.));
#628 = ( GEOMETRIC_REPRESENTATION_CONTEXT(2) 
PARAMETRIC_REPRESENTATION_CONTEXT() REPRESENTATION_CONTEXT('2D SPACE',''
  ) );
#629 = PCURVE('',#455,#630);
#630 = DEFINITIONAL_REPRESENTATION('',(#631),#635);
#631 = LINE('',#632,#633);
#632 = CARTESIAN_POINT('',(-1.,1.));
#633 = VECTOR('',#634,1.);
#634 = DIRECTION('',(-0.,-1.));
#635 = ( GEOMETRIC_REPRESENTATION_CONTEXT(2) 
PARAMETRIC_REPRESENTATION_CONTEXT() REPRESENTATION_CONTEXT('2D SPACE',''
  ) );
#636 = ADVANCED_FACE('',(#637),#292,.T.);
#637 = FACE_BOUND('',#638,.F.);
#638 = EDGE_LOOP('',(#639,#640,#641,#642));
#639 = ORIENTED_EDGE('',*,*,#278,.F.);
#640 = ORIENTED_EDGE('',*,*,#521,.T.);
#641 = ORIENTED_EDGE('',*,*,#495,.T.);
#642 = ORIENTED_EDGE('',*,*,#309,.F.);
#643 = ADVANCED_FACE('',(#644),#373,.T.);
#644 = FACE_BOUND('',#645,.F.);
#645 = EDGE_LOOP('',(#646,#667,#668,#689));
#646 = ORIENTED_EDGE('',*,*,#647,.F.);
#647 = EDGE_CURVE('',#546,#356,#648,.T.);
#648 = SURFACE_CURVE('',#649,(#653,#660),.PCURVE_S1.);
#649 = LINE('',#650,#651);
#650 = CARTESIAN_POINT('',(2.13E+03,72.,333.));
#651 = VECTOR('',#652,1.);
#652 = DIRECTION('',(-0.,-0.,1.));
#653 = PCURVE('',#373,#654);
#654 = DEFINITIONAL_REPRESENTATION('',(#655),#659);
#655 = LINE('',#656,#657);
#656 = CARTESIAN_POINT('',(-0.,26.));
#657 = VECTOR('',#658,1.);
#658 = DIRECTION('',(-1.,0.));
#659 = ( GEOMETRIC_REPRESENTATION_CONTEXT(2) 
PARAMETRIC_REPRESENTATION_CONTEXT() REPRESENTATION_CONTEXT('2D SPACE',''
  ) );
#660 = PCURVE('',#455,#661);
#661 = DEFINITIONAL_REPRESENTATION('',(#662),#666);
#662 = LINE('',#663,#664);
#663 = CARTESIAN_POINT('',(-0.,-0.));
#664 = VECTOR('',#665,1.);
#665 = DIRECTION('',(-1.,-0.));
#666 = ( GEOMETRIC_REPRESENTATION_CONTEXT(2) 
PARAMETRIC_REPRESENTATION_CONTEXT() REPRESENTATION_CONTEXT('2D SPACE',''
  ) );
#667 = ORIENTED_EDGE('',*,*,#545,.T.);
#668 = ORIENTED_EDGE('',*,*,#669,.T.);
#669 = EDGE_CURVE('',#548,#358,#670,.T.);
#670 = SURFACE_CURVE('',#671,(#675,#682),.PCURVE_S1.);
#671 = LINE('',#672,#673);
#672 = CARTESIAN_POINT('',(2.156E+03,72.,333.));
#673 = VECTOR('',#674,1.);
#674 = DIRECTION('',(-0.,-0.,1.));
#675 = PCURVE('',#373,#676);
#676 = DEFINITIONAL_REPRESENTATION('',(#677),#681);
#677 = LINE('',#678,#679);
#678 = CARTESIAN_POINT('',(-0.,-0.));
#679 = VECTOR('',#680,1.);
#680 = DIRECTION('',(-1.,0.));
#681 = ( GEOMETRIC_REPRESENTATION_CONTEXT(2) 
PARAMETRIC_REPRESENTATION_CONTEXT() REPRESENTATION_CONTEXT('2D SPACE',''
  ) );
#682 = PCURVE('',#401,#683);
#683 = DEFINITIONAL_REPRESENTATION('',(#684),#688);
#684 = LINE('',#685,#686);
#685 = CARTESIAN_POINT('',(-0.,-0.));
#686 = VECTOR('',#687,1.);
#687 = DIRECTION('',(-1.,-0.));
#688 = ( GEOMETRIC_REPRESENTATION_CONTEXT(2) 
PARAMETRIC_REPRESENTATION_CONTEXT() REPRESENTATION_CONTEXT('2D SPACE',''
  ) );
#689 = ORIENTED_EDGE('',*,*,#355,.F.);
#690 = ADVANCED_FACE('',(#691),#455,.F.);
#691 = FACE_BOUND('',#692,.T.);
#692 = EDGE_LOOP('',(#693,#694,#695,#716));
#693 = ORIENTED_EDGE('',*,*,#647,.F.);
#694 = ORIENTED_EDGE('',*,*,#616,.T.);
#695 = ORIENTED_EDGE('',*,*,#696,.T.);
#696 = EDGE_CURVE('',#594,#414,#697,.T.);
#697 = SURFACE_CURVE('',#698,(#702,#709),.PCURVE_S1.);
#698 = LINE('',#699,#700);
#699 = CARTESIAN_POINT('',(2.13E+03,98.,333.));
#700 = VECTOR('',#701,1.);
#701 = DIRECTION('',(-0.,-0.,1.));
#702 = PCURVE('',#455,#703);
#703 = DEFINITIONAL_REPRESENTATION('',(#704),#708);
#704 = LINE('',#705,#706);
#705 = CARTESIAN_POINT('',(-0.,-26.));
#706 = VECTOR('',#707,1.);
#707 = DIRECTION('',(-1.,-0.));
#708 = ( GEOMETRIC_REPRESENTATION_CONTEXT(2) 
PARAMETRIC_REPRESENTATION_CONTEXT() REPRESENTATION_CONTEXT('2D SPACE',''
  ) );
#709 = PCURVE('',#429,#710);
#710 = DEFINITIONAL_REPRESENTATION('',(#711),#715);
#711 = LINE('',#712,#713);
#712 = CARTESIAN_POINT('',(-0.,26.));
#713 = VECTOR('',#714,1.);
#714 = DIRECTION('',(-1.,0.));
#715 = ( GEOMETRIC_REPRESENTATION_CONTEXT(2) 
PARAMETRIC_REPRESENTATION_CONTEXT() REPRESENTATION_CONTEXT('2D SPACE',''
  ) );
#716 = ORIENTED_EDGE('',*,*,#441,.F.);
#717 = ADVANCED_FACE('',(#718),#429,.F.);
#718 = FACE_BOUND('',#719,.T.);
#719 = EDGE_LOOP('',(#720,#721,#722,#743));
#720 = ORIENTED_EDGE('',*,*,#696,.F.);
#721 = ORIENTED_EDGE('',*,*,#593,.T.);
#722 = ORIENTED_EDGE('',*,*,#723,.T.);
#723 = EDGE_CURVE('',#571,#386,#724,.T.);
#724 = SURFACE_CURVE('',#725,(#729,#736),.PCURVE_S1.);
#725 = LINE('',#726,#727);
#726 = CARTESIAN_POINT('',(2.156E+03,98.,333.));
#727 = VECTOR('',#728,1.);
#728 = DIRECTION('',(-0.,-0.,1.));
#729 = PCURVE('',#429,#730);
#730 = DEFINITIONAL_REPRESENTATION('',(#731),#735);
#731 = LINE('',#732,#733);
#732 = CARTESIAN_POINT('',(-0.,-0.));
#733 = VECTOR('',#734,1.);
#734 = DIRECTION('',(-1.,0.));
#735 = ( GEOMETRIC_REPRESENTATION_CONTEXT(2) 
PARAMETRIC_REPRESENTATION_CONTEXT() REPRESENTATION_CONTEXT('2D SPACE',''
  ) );
#736 = PCURVE('',#401,#737);
#737 = DEFINITIONAL_REPRESENTATION('',(#738),#742);
#738 = LINE('',#739,#740);
#739 = CARTESIAN_POINT('',(-0.,-26.));
#740 = VECTOR('',#741,1.);
#741 = DIRECTION('',(-1.,-0.));
#742 = ( GEOMETRIC_REPRESENTATION_CONTEXT(2) 
PARAMETRIC_REPRESENTATION_CONTEXT() REPRESENTATION_CONTEXT('2D SPACE',''
  ) );
#743 = ORIENTED_EDGE('',*,*,#413,.F.);
#744 = ADVANCED_FACE('',(#745),#401,.T.);
#745 = FACE_BOUND('',#746,.F.);
#746 = EDGE_LOOP('',(#747,#748,#749,#750));
#747 = ORIENTED_EDGE('',*,*,#669,.F.);
#748 = ORIENTED_EDGE('',*,*,#570,.T.);
#749 = ORIENTED_EDGE('',*,*,#723,.T.);
#750 = ORIENTED_EDGE('',*,*,#385,.F.);
#751 = ( GEOMETRIC_REPRESENTATION_CONTEXT(3) 
GLOBAL_UNCERTAINTY_ASSIGNED_CONTEXT((#755)) GLOBAL_UNIT_ASSIGNED_CONTEXT
((#752,#753,#754)) REPRESENTATION_CONTEXT('Context #1',
  '3D Context with UNIT and UNCERTAINTY') );
#752 = ( LENGTH_UNIT() NAMED_UNIT(*) SI_UNIT(.MILLI.,.METRE.) );
#753 = ( NAMED_UNIT(*) PLANE_ANGLE_UNIT() SI_UNIT($,.RADIAN.) );
#754 = ( NAMED_UNIT(*) SI_UNIT($,.STERADIAN.) SOLID_ANGLE_UNIT() );
#755 = UNCERTAINTY_MEASURE_WITH_UNIT(LENGTH_MEASURE(1.E-07),#752,
  'distance_accuracy_value','confusion accuracy');
#756 = CONTEXT_DEPENDENT_SHAPE_REPRESENTATION(#757,#759);
#757 = ( REPRESENTATION_RELATIONSHIP('','',#104,#10) 
REPRESENTATION_RELATIONSHIP_WITH_TRANSFORMATION(#758) 
SHAPE_REPRESENTATION_RELATIONSHIP() );
#758 = ITEM_DEFINED_TRANSFORMATION('','',#11,#15);
#759 = PRODUCT_DEFINITION_SHAPE('Placement','Placement of an item',#760
  );
#760 = NEXT_ASSEMBLY_USAGE_OCCURRENCE('317','','',#5,#99,$);
#761 = PRODUCT_RELATED_PRODUCT_CATEGORY('part',$,(#101));
#762 = SHAPE_DEFINITION_REPRESENTATION(#763,#769);
#763 = PRODUCT_DEFINITION_SHAPE('','',#764);
#764 = PRODUCT_DEFINITION('design','',#765,#768);
#765 = PRODUCT_DEFINITION_FORMATION('','',#766);
#766 = PRODUCT('Open CASCADE STEP translator 7.9 12.2',
  'Open CASCADE STEP translator 7.9 12.2','',(#767));
#767 = PRODUCT_CONTEXT('',#2,'mechanical');
#768 = PRODUCT_DEFINITION_CONTEXT('part definition',#2,'design');
#769 = ADVANCED_BREP_SHAPE_REPRESENTATION('',(#11,#770),#1416);
#770 = MANIFOLD_SOLID_BREP('',#771);
#771 = CLOSED_SHELL('',(#772,#892,#968,#1131,#1180,#1301,#1308,#1355,
    #1382,#1409));
#772 = ADVANCED_FACE('',(#773),#787,.F.);
#773 = FACE_BOUND('',#774,.T.);
#774 = EDGE_LOOP('',(#775,#810,#838,#866));
#775 = ORIENTED_EDGE('',*,*,#776,.F.);
#776 = EDGE_CURVE('',#777,#779,#781,.T.);
#777 = VERTEX_POINT('',#778);
#778 = CARTESIAN_POINT('',(1.738E+03,70.,334.));
#779 = VERTEX_POINT('',#780);
#780 = CARTESIAN_POINT('',(1.738E+03,70.,1.828E+03));
#781 = SURFACE_CURVE('',#782,(#786,#798),.PCURVE_S1.);
#782 = LINE('',#783,#784);
#783 = CARTESIAN_POINT('',(1.738E+03,70.,334.));
#784 = VECTOR('',#785,1.);
#785 = DIRECTION('',(-0.,-0.,1.));
#786 = PCURVE('',#787,#792);
#787 = PLANE('',#788);
#788 = AXIS2_PLACEMENT_3D('',#789,#790,#791);
#789 = CARTESIAN_POINT('',(1.738E+03,70.,334.));
#790 = DIRECTION('',(-1.,-0.,-0.));
#791 = DIRECTION('',(0.,0.,-1.));
#792 = DEFINITIONAL_REPRESENTATION('',(#793),#797);
#793 = LINE('',#794,#795);
#794 = CARTESIAN_POINT('',(-0.,-0.));
#795 = VECTOR('',#796,1.);
#796 = DIRECTION('',(-1.,-0.));
#797 = ( GEOMETRIC_REPRESENTATION_CONTEXT(2) 
PARAMETRIC_REPRESENTATION_CONTEXT() REPRESENTATION_CONTEXT('2D SPACE',''
  ) );
#798 = PCURVE('',#799,#804);
#799 = PLANE('',#800);
#800 = AXIS2_PLACEMENT_3D('',#801,#802,#803);
#801 = CARTESIAN_POINT('',(1.738E+03,70.,334.));
#802 = DIRECTION('',(-0.,1.,-0.));
#803 = DIRECTION('',(0.,0.,-1.));
#804 = DEFINITIONAL_REPRESENTATION('',(#805),#809);
#805 = LINE('',#806,#807);
#806 = CARTESIAN_POINT('',(-0.,-0.));
#807 = VECTOR('',#808,1.);
#808 = DIRECTION('',(-1.,0.));
#809 = ( GEOMETRIC_REPRESENTATION_CONTEXT(2) 
PARAMETRIC_REPRESENTATION_CONTEXT() REPRESENTATION_CONTEXT('2D SPACE',''
  ) );
#810 = ORIENTED_EDGE('',*,*,#811,.T.);
#811 = EDGE_CURVE('',#777,#812,#814,.T.);
#812 = VERTEX_POINT('',#813);
#813 = CARTESIAN_POINT('',(1.738E+03,100.,334.));
#814 = SURFACE_CURVE('',#815,(#819,#826),.PCURVE_S1.);
#815 = LINE('',#816,#817);
#816 = CARTESIAN_POINT('',(1.738E+03,70.,334.));
#817 = VECTOR('',#818,1.);
#818 = DIRECTION('',(-0.,1.,-0.));
#819 = PCURVE('',#787,#820);
#820 = DEFINITIONAL_REPRESENTATION('',(#821),#825);
#821 = LINE('',#822,#823);
#822 = CARTESIAN_POINT('',(-0.,-0.));
#823 = VECTOR('',#824,1.);
#824 = DIRECTION('',(-0.,-1.));
#825 = ( GEOMETRIC_REPRESENTATION_CONTEXT(2) 
PARAMETRIC_REPRESENTATION_CONTEXT() REPRESENTATION_CONTEXT('2D SPACE',''
  ) );
#826 = PCURVE('',#827,#832);
#827 = PLANE('',#828);
#828 = AXIS2_PLACEMENT_3D('',#829,#830,#831);
#829 = CARTESIAN_POINT('',(1.738E+03,70.,334.));
#830 = DIRECTION('',(-0.,-0.,1.));
#831 = DIRECTION('',(1.,0.,0.));
#832 = DEFINITIONAL_REPRESENTATION('',(#833),#837);
#833 = LINE('',#834,#835);
#834 = CARTESIAN_POINT('',(0.,-0.));
#835 = VECTOR('',#836,1.);
#836 = DIRECTION('',(-0.,1.));
#837 = ( GEOMETRIC_REPRESENTATION_CONTEXT(2) 
PARAMETRIC_REPRESENTATION_CONTEXT() REPRESENTATION_CONTEXT('2D SPACE',''
  ) );
#838 = ORIENTED_EDGE('',*,*,#839,.T.);
#839 = EDGE_CURVE('',#812,#840,#842,.T.);
#840 = VERTEX_POINT('',#841);
#841 = CARTESIAN_POINT('',(1.738E+03,100.,1.828E+03));
#842 = SURFACE_CURVE('',#843,(#847,#854),.PCURVE_S1.);
#843 = LINE('',#844,#845);
#844 = CARTESIAN_POINT('',(1.738E+03,100.,334.));
#845 = VECTOR('',#846,1.);
#846 = DIRECTION('',(-0.,-0.,1.));
#847 = PCURVE('',#787,#848);
#848 = DEFINITIONAL_REPRESENTATION('',(#849),#853);
#849 = LINE('',#850,#851);
#850 = CARTESIAN_POINT('',(-0.,-30.));
#851 = VECTOR('',#852,1.);
#852 = DIRECTION('',(-1.,-0.));
#853 = ( GEOMETRIC_REPRESENTATION_CONTEXT(2) 
PARAMETRIC_REPRESENTATION_CONTEXT() REPRESENTATION_CONTEXT('2D SPACE',''
  ) );
#854 = PCURVE('',#855,#860);
#855 = PLANE('',#856);
#856 = AXIS2_PLACEMENT_3D('',#857,#858,#859);
#857 = CARTESIAN_POINT('',(1.738E+03,100.,334.));
#858 = DIRECTION('',(-0.,1.,-0.));
#859 = DIRECTION('',(0.,0.,-1.));
#860 = DEFINITIONAL_REPRESENTATION('',(#861),#865);
#861 = LINE('',#862,#863);
#862 = CARTESIAN_POINT('',(-0.,-0.));
#863 = VECTOR('',#864,1.);
#864 = DIRECTION('',(-1.,0.));
#865 = ( GEOMETRIC_REPRESENTATION_CONTEXT(2) 
PARAMETRIC_REPRESENTATION_CONTEXT() REPRESENTATION_CONTEXT('2D SPACE',''
  ) );
#866 = ORIENTED_EDGE('',*,*,#867,.F.);
#867 = EDGE_CURVE('',#779,#840,#868,.T.);
#868 = SURFACE_CURVE('',#869,(#873,#880),.PCURVE_S1.);
#869 = LINE('',#870,#871);
#870 = CARTESIAN_POINT('',(1.738E+03,70.,1.828E+03));
#871 = VECTOR('',#872,1.);
#872 = DIRECTION('',(-0.,1.,-0.));
#873 = PCURVE('',#787,#874);
#874 = DEFINITIONAL_REPRESENTATION('',(#875),#879);
#875 = LINE('',#876,#877);
#876 = CARTESIAN_POINT('',(-1.494E+03,-0.));
#877 = VECTOR('',#878,1.);
#878 = DIRECTION('',(-0.,-1.));
#879 = ( GEOMETRIC_REPRESENTATION_CONTEXT(2) 
PARAMETRIC_REPRESENTATION_CONTEXT() REPRESENTATION_CONTEXT('2D SPACE',''
  ) );
#880 = PCURVE('',#881,#886);
#881 = PLANE('',#882);
#882 = AXIS2_PLACEMENT_3D('',#883,#884,#885);
#883 = CARTESIAN_POINT('',(1.738E+03,70.,1.828E+03));
#884 = DIRECTION('',(-0.,-0.,1.));
#885 = DIRECTION('',(1.,0.,0.));
#886 = DEFINITIONAL_REPRESENTATION('',(#887),#891);
#887 = LINE('',#888,#889);
#888 = CARTESIAN_POINT('',(0.,-0.));
#889 = VECTOR('',#890,1.);
#890 = DIRECTION('',(-0.,1.));
#891 = ( GEOMETRIC_REPRESENTATION_CONTEXT(2) 
PARAMETRIC_REPRESENTATION_CONTEXT() REPRESENTATION_CONTEXT('2D SPACE',''
  ) );
#892 = ADVANCED_FACE('',(#893),#799,.F.);
#893 = FACE_BOUND('',#894,.T.);
#894 = EDGE_LOOP('',(#895,#918,#919,#942));
#895 = ORIENTED_EDGE('',*,*,#896,.F.);
#896 = EDGE_CURVE('',#777,#897,#899,.T.);
#897 = VERTEX_POINT('',#898);
#898 = CARTESIAN_POINT('',(1.708E+03,70.,334.));
#899 = SURFACE_CURVE('',#900,(#904,#911),.PCURVE_S1.);
#900 = LINE('',#901,#902);
#901 = CARTESIAN_POINT('',(1.738E+03,70.,334.));
#902 = VECTOR('',#903,1.);
#903 = DIRECTION('',(-1.,-0.,-0.));
#904 = PCURVE('',#799,#905);
#905 = DEFINITIONAL_REPRESENTATION('',(#906),#910);
#906 = LINE('',#907,#908);
#907 = CARTESIAN_POINT('',(-0.,-0.));
#908 = VECTOR('',#909,1.);
#909 = DIRECTION('',(-0.,1.));
#910 = ( GEOMETRIC_REPRESENTATION_CONTEXT(2) 
PARAMETRIC_REPRESENTATION_CONTEXT() REPRESENTATION_CONTEXT('2D SPACE',''
  ) );
#911 = PCURVE('',#827,#912);
#912 = DEFINITIONAL_REPRESENTATION('',(#913),#917);
#913 = LINE('',#914,#915);
#914 = CARTESIAN_POINT('',(0.,-0.));
#915 = VECTOR('',#916,1.);
#916 = DIRECTION('',(-1.,0.));
#917 = ( GEOMETRIC_REPRESENTATION_CONTEXT(2) 
PARAMETRIC_REPRESENTATION_CONTEXT() REPRESENTATION_CONTEXT('2D SPACE',''
  ) );
#918 = ORIENTED_EDGE('',*,*,#776,.T.);
#919 = ORIENTED_EDGE('',*,*,#920,.T.);
#920 = EDGE_CURVE('',#779,#921,#923,.T.);
#921 = VERTEX_POINT('',#922);
#922 = CARTESIAN_POINT('',(1.708E+03,70.,1.828E+03));
#923 = SURFACE_CURVE('',#924,(#928,#935),.PCURVE_S1.);
#924 = LINE('',#925,#926);
#925 = CARTESIAN_POINT('',(1.738E+03,70.,1.828E+03));
#926 = VECTOR('',#927,1.);
#927 = DIRECTION('',(-1.,-0.,-0.));
#928 = PCURVE('',#799,#929);
#929 = DEFINITIONAL_REPRESENTATION('',(#930),#934);
#930 = LINE('',#931,#932);
#931 = CARTESIAN_POINT('',(-1.494E+03,-0.));
#932 = VECTOR('',#933,1.);
#933 = DIRECTION('',(-0.,1.));
#934 = ( GEOMETRIC_REPRESENTATION_CONTEXT(2) 
PARAMETRIC_REPRESENTATION_CONTEXT() REPRESENTATION_CONTEXT('2D SPACE',''
  ) );
#935 = PCURVE('',#881,#936);
#936 = DEFINITIONAL_REPRESENTATION('',(#937),#941);
#937 = LINE('',#938,#939);
#938 = CARTESIAN_POINT('',(0.,-0.));
#939 = VECTOR('',#940,1.);
#940 = DIRECTION('',(-1.,0.));
#941 = ( GEOMETRIC_REPRESENTATION_CONTEXT(2) 
PARAMETRIC_REPRESENTATION_CONTEXT() REPRESENTATION_CONTEXT('2D SPACE',''
  ) );
#942 = ORIENTED_EDGE('',*,*,#943,.F.);
#943 = EDGE_CURVE('',#897,#921,#944,.T.);
#944 = SURFACE_CURVE('',#945,(#949,#956),.PCURVE_S1.);
#945 = LINE('',#946,#947);
#946 = CARTESIAN_POINT('',(1.708E+03,70.,334.));
#947 = VECTOR('',#948,1.);
#948 = DIRECTION('',(-0.,-0.,1.));
#949 = PCURVE('',#799,#950);
#950 = DEFINITIONAL_REPRESENTATION('',(#951),#955);
#951 = LINE('',#952,#953);
#952 = CARTESIAN_POINT('',(-0.,30.));
#953 = VECTOR('',#954,1.);
#954 = DIRECTION('',(-1.,0.));
#955 = ( GEOMETRIC_REPRESENTATION_CONTEXT(2) 
PARAMETRIC_REPRESENTATION_CONTEXT() REPRESENTATION_CONTEXT('2D SPACE',''
  ) );
#956 = PCURVE('',#957,#962);
#957 = PLANE('',#958);
#958 = AXIS2_PLACEMENT_3D('',#959,#960,#961);
#959 = CARTESIAN_POINT('',(1.708E+03,70.,334.));
#960 = DIRECTION('',(-1.,-0.,-0.));
#961 = DIRECTION('',(0.,0.,-1.));
#962 = DEFINITIONAL_REPRESENTATION('',(#963),#967);
#963 = LINE('',#964,#965);
#964 = CARTESIAN_POINT('',(-0.,-0.));
#965 = VECTOR('',#966,1.);
#966 = DIRECTION('',(-1.,-0.));
#967 = ( GEOMETRIC_REPRESENTATION_CONTEXT(2) 
PARAMETRIC_REPRESENTATION_CONTEXT() REPRESENTATION_CONTEXT('2D SPACE',''
  ) );
#968 = ADVANCED_FACE('',(#969,#1017),#881,.T.);
#969 = FACE_BOUND('',#970,.F.);
#970 = EDGE_LOOP('',(#971,#972,#973,#996));
#971 = ORIENTED_EDGE('',*,*,#867,.F.);
#972 = ORIENTED_EDGE('',*,*,#920,.T.);
#973 = ORIENTED_EDGE('',*,*,#974,.T.);
#974 = EDGE_CURVE('',#921,#975,#977,.T.);
#975 = VERTEX_POINT('',#976);
#976 = CARTESIAN_POINT('',(1.708E+03,100.,1.828E+03));
#977 = SURFACE_CURVE('',#978,(#982,#989),.PCURVE_S1.);
#978 = LINE('',#979,#980);
#979 = CARTESIAN_POINT('',(1.708E+03,70.,1.828E+03));
#980 = VECTOR('',#981,1.);
#981 = DIRECTION('',(-0.,1.,-0.));
#982 = PCURVE('',#881,#983);
#983 = DEFINITIONAL_REPRESENTATION('',(#984),#988);
#984 = LINE('',#985,#986);
#985 = CARTESIAN_POINT('',(-30.,0.));
#986 = VECTOR('',#987,1.);
#987 = DIRECTION('',(-0.,1.));
#988 = ( GEOMETRIC_REPRESENTATION_CONTEXT(2) 
PARAMETRIC_REPRESENTATION_CONTEXT() REPRESENTATION_CONTEXT('2D SPACE',''
  ) );
#989 = PCURVE('',#957,#990);
#990 = DEFINITIONAL_REPRESENTATION('',(#991),#995);
#991 = LINE('',#992,#993);
#992 = CARTESIAN_POINT('',(-1.494E+03,-0.));
#993 = VECTOR('',#994,1.);
#994 = DIRECTION('',(-0.,-1.));
#995 = ( GEOMETRIC_REPRESENTATION_CONTEXT(2) 
PARAMETRIC_REPRESENTATION_CONTEXT() REPRESENTATION_CONTEXT('2D SPACE',''
  ) );
#996 = ORIENTED_EDGE('',*,*,#997,.F.);
#997 = EDGE_CURVE('',#840,#975,#998,.T.);
#998 = SURFACE_CURVE('',#999,(#1003,#1010),.PCURVE_S1.);
#999 = LINE('',#1000,#1001);
#1000 = CARTESIAN_POINT('',(1.738E+03,100.,1.828E+03));
#1001 = VECTOR('',#1002,1.);
#1002 = DIRECTION('',(-1.,-0.,-0.));
#1003 = PCURVE('',#881,#1004);
#1004 = DEFINITIONAL_REPRESENTATION('',(#1005),#1009);
#1005 = LINE('',#1006,#1007);
#1006 = CARTESIAN_POINT('',(0.,30.));
#1007 = VECTOR('',#1008,1.);
#1008 = DIRECTION('',(-1.,0.));
#1009 = ( GEOMETRIC_REPRESENTATION_CONTEXT(2) 
PARAMETRIC_REPRESENTATION_CONTEXT() REPRESENTATION_CONTEXT('2D SPACE',''
  ) );
#1010 = PCURVE('',#855,#1011);
#1011 = DEFINITIONAL_REPRESENTATION('',(#1012),#1016);
#1012 = LINE('',#1013,#1014);
#1013 = CARTESIAN_POINT('',(-1.494E+03,-0.));
#1014 = VECTOR('',#1015,1.);
#1015 = DIRECTION('',(-0.,1.));
#1016 = ( GEOMETRIC_REPRESENTATION_CONTEXT(2) 
PARAMETRIC_REPRESENTATION_CONTEXT() REPRESENTATION_CONTEXT('2D SPACE',''
  ) );
#1017 = FACE_BOUND('',#1018,.F.);
#1018 = EDGE_LOOP('',(#1019,#1049,#1077,#1105));
#1019 = ORIENTED_EDGE('',*,*,#1020,.T.);
#1020 = EDGE_CURVE('',#1021,#1023,#1025,.T.);
#1021 = VERTEX_POINT('',#1022);
#1022 = CARTESIAN_POINT('',(1.71E+03,72.,1.828E+03));
#1023 = VERTEX_POINT('',#1024);
#1024 = CARTESIAN_POINT('',(1.736E+03,72.,1.828E+03));
#1025 = SURFACE_CURVE('',#1026,(#1030,#1037),.PCURVE_S1.);
#1026 = LINE('',#1027,#1028);
#1027 = CARTESIAN_POINT('',(1.737E+03,72.,1.828E+03));
#1028 = VECTOR('',#1029,1.);
#1029 = DIRECTION('',(1.,-0.,0.));
#1030 = PCURVE('',#881,#1031);
#1031 = DEFINITIONAL_REPRESENTATION('',(#1032),#1036);
#1032 = LINE('',#1033,#1034);
#1033 = CARTESIAN_POINT('',(-1.,2.));
#1034 = VECTOR('',#1035,1.);
#1035 = DIRECTION('',(1.,-0.));
#1036 = ( GEOMETRIC_REPRESENTATION_CONTEXT(2) 
PARAMETRIC_REPRESENTATION_CONTEXT() REPRESENTATION_CONTEXT('2D SPACE',''
  ) );
#1037 = PCURVE('',#1038,#1043);
#1038 = PLANE('',#1039);
#1039 = AXIS2_PLACEMENT_3D('',#1040,#1041,#1042);
#1040 = CARTESIAN_POINT('',(1.736E+03,72.,333.));
#1041 = DIRECTION('',(-0.,1.,-0.));
#1042 = DIRECTION('',(0.,0.,-1.));
#1043 = DEFINITIONAL_REPRESENTATION('',(#1044),#1048);
#1044 = LINE('',#1045,#1046);
#1045 = CARTESIAN_POINT('',(-1.495E+03,-1.));
#1046 = VECTOR('',#1047,1.);
#1047 = DIRECTION('',(-0.,-1.));
#1048 = ( GEOMETRIC_REPRESENTATION_CONTEXT(2) 
PARAMETRIC_REPRESENTATION_CONTEXT() REPRESENTATION_CONTEXT('2D SPACE',''
  ) );
#1049 = ORIENTED_EDGE('',*,*,#1050,.T.);
#1050 = EDGE_CURVE('',#1023,#1051,#1053,.T.);
#1051 = VERTEX_POINT('',#1052);
#1052 = CARTESIAN_POINT('',(1.736E+03,98.,1.828E+03));
#1053 = SURFACE_CURVE('',#1054,(#1058,#1065),.PCURVE_S1.);
#1054 = LINE('',#1055,#1056);
#1055 = CARTESIAN_POINT('',(1.736E+03,71.,1.828E+03));
#1056 = VECTOR('',#1057,1.);
#1057 = DIRECTION('',(-0.,1.,-0.));
#1058 = PCURVE('',#881,#1059);
#1059 = DEFINITIONAL_REPRESENTATION('',(#1060),#1064);
#1060 = LINE('',#1061,#1062);
#1061 = CARTESIAN_POINT('',(-2.,1.));
#1062 = VECTOR('',#1063,1.);
#1063 = DIRECTION('',(-0.,1.));
#1064 = ( GEOMETRIC_REPRESENTATION_CONTEXT(2) 
PARAMETRIC_REPRESENTATION_CONTEXT() REPRESENTATION_CONTEXT('2D SPACE',''
  ) );
#1065 = PCURVE('',#1066,#1071);
#1066 = PLANE('',#1067);
#1067 = AXIS2_PLACEMENT_3D('',#1068,#1069,#1070);
#1068 = CARTESIAN_POINT('',(1.736E+03,72.,333.));
#1069 = DIRECTION('',(-1.,-0.,-0.));
#1070 = DIRECTION('',(0.,0.,-1.));
#1071 = DEFINITIONAL_REPRESENTATION('',(#1072),#1076);
#1072 = LINE('',#1073,#1074);
#1073 = CARTESIAN_POINT('',(-1.495E+03,1.));
#1074 = VECTOR('',#1075,1.);
#1075 = DIRECTION('',(-0.,-1.));
#1076 = ( GEOMETRIC_REPRESENTATION_CONTEXT(2) 
PARAMETRIC_REPRESENTATION_CONTEXT() REPRESENTATION_CONTEXT('2D SPACE',''
  ) );
#1077 = ORIENTED_EDGE('',*,*,#1078,.F.);
#1078 = EDGE_CURVE('',#1079,#1051,#1081,.T.);
#1079 = VERTEX_POINT('',#1080);
#1080 = CARTESIAN_POINT('',(1.71E+03,98.,1.828E+03));
#1081 = SURFACE_CURVE('',#1082,(#1086,#1093),.PCURVE_S1.);
#1082 = LINE('',#1083,#1084);
#1083 = CARTESIAN_POINT('',(1.737E+03,98.,1.828E+03));
#1084 = VECTOR('',#1085,1.);
#1085 = DIRECTION('',(1.,-0.,0.));
#1086 = PCURVE('',#881,#1087);
#1087 = DEFINITIONAL_REPRESENTATION('',(#1088),#1092);
#1088 = LINE('',#1089,#1090);
#1089 = CARTESIAN_POINT('',(-1.,28.));
#1090 = VECTOR('',#1091,1.);
#1091 = DIRECTION('',(1.,-0.));
#1092 = ( GEOMETRIC_REPRESENTATION_CONTEXT(2) 
PARAMETRIC_REPRESENTATION_CONTEXT() REPRESENTATION_CONTEXT('2D SPACE',''
  ) );
#1093 = PCURVE('',#1094,#1099);
#1094 = PLANE('',#1095);
#1095 = AXIS2_PLACEMENT_3D('',#1096,#1097,#1098);
#1096 = CARTESIAN_POINT('',(1.736E+03,98.,333.));
#1097 = DIRECTION('',(-0.,1.,-0.));
#1098 = DIRECTION('',(0.,0.,-1.));
#1099 = DEFINITIONAL_REPRESENTATION('',(#1100),#1104);
#1100 = LINE('',#1101,#1102);
#1101 = CARTESIAN_POINT('',(-1.495E+03,-1.));
#1102 = VECTOR('',#1103,1.);
#1103 = DIRECTION('',(-0.,-1.));
#1104 = ( GEOMETRIC_REPRESENTATION_CONTEXT(2) 
PARAMETRIC_REPRESENTATION_CONTEXT() REPRESENTATION_CONTEXT('2D SPACE',''
  ) );
#1105 = ORIENTED_EDGE('',*,*,#1106,.F.);
#1106 = EDGE_CURVE('',#1021,#1079,#1107,.T.);
#1107 = SURFACE_CURVE('',#1108,(#1112,#1119),.PCURVE_S1.);
#1108 = LINE('',#1109,#1110);
#1109 = CARTESIAN_POINT('',(1.71E+03,71.,1.828E+03));
#1110 = VECTOR('',#1111,1.);
#1111 = DIRECTION('',(-0.,1.,-0.));
#1112 = PCURVE('',#881,#1113);
#1113 = DEFINITIONAL_REPRESENTATION('',(#1114),#1118);
#1114 = LINE('',#1115,#1116);
#1115 = CARTESIAN_POINT('',(-28.,1.));
#1116 = VECTOR('',#1117,1.);
#1117 = DIRECTION('',(-0.,1.));
#1118 = ( GEOMETRIC_REPRESENTATION_CONTEXT(2) 
PARAMETRIC_REPRESENTATION_CONTEXT() REPRESENTATION_CONTEXT('2D SPACE',''
  ) );
#1119 = PCURVE('',#1120,#1125);
#1120 = PLANE('',#1121);
#1121 = AXIS2_PLACEMENT_3D('',#1122,#1123,#1124);
#1122 = CARTESIAN_POINT('',(1.71E+03,72.,333.));
#1123 = DIRECTION('',(-1.,-0.,-0.));
#1124 = DIRECTION('',(0.,0.,-1.));
#1125 = DEFINITIONAL_REPRESENTATION('',(#1126),#1130);
#1126 = LINE('',#1127,#1128);
#1127 = CARTESIAN_POINT('',(-1.495E+03,1.));
#1128 = VECTOR('',#1129,1.);
#1129 = DIRECTION('',(-0.,-1.));
#1130 = ( GEOMETRIC_REPRESENTATION_CONTEXT(2) 
PARAMETRIC_REPRESENTATION_CONTEXT() REPRESENTATION_CONTEXT('2D SPACE',''
  ) );
#1131 = ADVANCED_FACE('',(#1132),#855,.T.);
#1132 = FACE_BOUND('',#1133,.F.);
#1133 = EDGE_LOOP('',(#1134,#1157,#1158,#1159));
#1134 = ORIENTED_EDGE('',*,*,#1135,.F.);
#1135 = EDGE_CURVE('',#812,#1136,#1138,.T.);
#1136 = VERTEX_POINT('',#1137);
#1137 = CARTESIAN_POINT('',(1.708E+03,100.,334.));
#1138 = SURFACE_CURVE('',#1139,(#1143,#1150),.PCURVE_S1.);
#1139 = LINE('',#1140,#1141);
#1140 = CARTESIAN_POINT('',(1.738E+03,100.,334.));
#1141 = VECTOR('',#1142,1.);
#1142 = DIRECTION('',(-1.,-0.,-0.));
#1143 = PCURVE('',#855,#1144);
#1144 = DEFINITIONAL_REPRESENTATION('',(#1145),#1149);
#1145 = LINE('',#1146,#1147);
#1146 = CARTESIAN_POINT('',(-0.,-0.));
#1147 = VECTOR('',#1148,1.);
#1148 = DIRECTION('',(-0.,1.));
#1149 = ( GEOMETRIC_REPRESENTATION_CONTEXT(2) 
PARAMETRIC_REPRESENTATION_CONTEXT() REPRESENTATION_CONTEXT('2D SPACE',''
  ) );
#1150 = PCURVE('',#827,#1151);
#1151 = DEFINITIONAL_REPRESENTATION('',(#1152),#1156);
#1152 = LINE('',#1153,#1154);
#1153 = CARTESIAN_POINT('',(0.,30.));
#1154 = VECTOR('',#1155,1.);
#1155 = DIRECTION('',(-1.,0.));
#1156 = ( GEOMETRIC_REPRESENTATION_CONTEXT(2) 
PARAMETRIC_REPRESENTATION_CONTEXT() REPRESENTATION_CONTEXT('2D SPACE',''
  ) );
#1157 = ORIENTED_EDGE('',*,*,#839,.T.);
#1158 = ORIENTED_EDGE('',*,*,#997,.T.);
#1159 = ORIENTED_EDGE('',*,*,#1160,.F.);
#1160 = EDGE_CURVE('',#1136,#975,#1161,.T.);
#1161 = SURFACE_CURVE('',#1162,(#1166,#1173),.PCURVE_S1.);
#1162 = LINE('',#1163,#1164);
#1163 = CARTESIAN_POINT('',(1.708E+03,100.,334.));
#1164 = VECTOR('',#1165,1.);
#1165 = DIRECTION('',(-0.,-0.,1.));
#1166 = PCURVE('',#855,#1167);
#1167 = DEFINITIONAL_REPRESENTATION('',(#1168),#1172);
#1168 = LINE('',#1169,#1170);
#1169 = CARTESIAN_POINT('',(-0.,30.));
#1170 = VECTOR('',#1171,1.);
#1171 = DIRECTION('',(-1.,0.));
#1172 = ( GEOMETRIC_REPRESENTATION_CONTEXT(2) 
PARAMETRIC_REPRESENTATION_CONTEXT() REPRESENTATION_CONTEXT('2D SPACE',''
  ) );
#1173 = PCURVE('',#957,#1174);
#1174 = DEFINITIONAL_REPRESENTATION('',(#1175),#1179);
#1175 = LINE('',#1176,#1177);
#1176 = CARTESIAN_POINT('',(-0.,-30.));
#1177 = VECTOR('',#1178,1.);
#1178 = DIRECTION('',(-1.,-0.));
#1179 = ( GEOMETRIC_REPRESENTATION_CONTEXT(2) 
PARAMETRIC_REPRESENTATION_CONTEXT() REPRESENTATION_CONTEXT('2D SPACE',''
  ) );
#1180 = ADVANCED_FACE('',(#1181,#1207),#827,.F.);
#1181 = FACE_BOUND('',#1182,.T.);
#1182 = EDGE_LOOP('',(#1183,#1184,#1185,#1206));
#1183 = ORIENTED_EDGE('',*,*,#811,.F.);
#1184 = ORIENTED_EDGE('',*,*,#896,.T.);
#1185 = ORIENTED_EDGE('',*,*,#1186,.T.);
#1186 = EDGE_CURVE('',#897,#1136,#1187,.T.);
#1187 = SURFACE_CURVE('',#1188,(#1192,#1199),.PCURVE_S1.);
#1188 = LINE('',#1189,#1190);
#1189 = CARTESIAN_POINT('',(1.708E+03,70.,334.));
#1190 = VECTOR('',#1191,1.);
#1191 = DIRECTION('',(-0.,1.,-0.));
#1192 = PCURVE('',#827,#1193);
#1193 = DEFINITIONAL_REPRESENTATION('',(#1194),#1198);
#1194 = LINE('',#1195,#1196);
#1195 = CARTESIAN_POINT('',(-30.,0.));
#1196 = VECTOR('',#1197,1.);
#1197 = DIRECTION('',(-0.,1.));
#1198 = ( GEOMETRIC_REPRESENTATION_CONTEXT(2) 
PARAMETRIC_REPRESENTATION_CONTEXT() REPRESENTATION_CONTEXT('2D SPACE',''
  ) );
#1199 = PCURVE('',#957,#1200);
#1200 = DEFINITIONAL_REPRESENTATION('',(#1201),#1205);
#1201 = LINE('',#1202,#1203);
#1202 = CARTESIAN_POINT('',(-0.,-0.));
#1203 = VECTOR('',#1204,1.);
#1204 = DIRECTION('',(-0.,-1.));
#1205 = ( GEOMETRIC_REPRESENTATION_CONTEXT(2) 
PARAMETRIC_REPRESENTATION_CONTEXT() REPRESENTATION_CONTEXT('2D SPACE',''
  ) );
#1206 = ORIENTED_EDGE('',*,*,#1135,.F.);
#1207 = FACE_BOUND('',#1208,.T.);
#1208 = EDGE_LOOP('',(#1209,#1234,#1257,#1280));
#1209 = ORIENTED_EDGE('',*,*,#1210,.T.);
#1210 = EDGE_CURVE('',#1211,#1213,#1215,.T.);
#1211 = VERTEX_POINT('',#1212);
#1212 = CARTESIAN_POINT('',(1.71E+03,72.,334.));
#1213 = VERTEX_POINT('',#1214);
#1214 = CARTESIAN_POINT('',(1.736E+03,72.,334.));
#1215 = SURFACE_CURVE('',#1216,(#1220,#1227),.PCURVE_S1.);
#1216 = LINE('',#1217,#1218);
#1217 = CARTESIAN_POINT('',(1.737E+03,72.,334.));
#1218 = VECTOR('',#1219,1.);
#1219 = DIRECTION('',(1.,-0.,0.));
#1220 = PCURVE('',#827,#1221);
#1221 = DEFINITIONAL_REPRESENTATION('',(#1222),#1226);
#1222 = LINE('',#1223,#1224);
#1223 = CARTESIAN_POINT('',(-1.,2.));
#1224 = VECTOR('',#1225,1.);
#1225 = DIRECTION('',(1.,-0.));
#1226 = ( GEOMETRIC_REPRESENTATION_CONTEXT(2) 
PARAMETRIC_REPRESENTATION_CONTEXT() REPRESENTATION_CONTEXT('2D SPACE',''
  ) );
#1227 = PCURVE('',#1038,#1228);
#1228 = DEFINITIONAL_REPRESENTATION('',(#1229),#1233);
#1229 = LINE('',#1230,#1231);
#1230 = CARTESIAN_POINT('',(-1.,-1.));
#1231 = VECTOR('',#1232,1.);
#1232 = DIRECTION('',(-0.,-1.));
#1233 = ( GEOMETRIC_REPRESENTATION_CONTEXT(2) 
PARAMETRIC_REPRESENTATION_CONTEXT() REPRESENTATION_CONTEXT('2D SPACE',''
  ) );
#1234 = ORIENTED_EDGE('',*,*,#1235,.T.);
#1235 = EDGE_CURVE('',#1213,#1236,#1238,.T.);
#1236 = VERTEX_POINT('',#1237);
#1237 = CARTESIAN_POINT('',(1.736E+03,98.,334.));
#1238 = SURFACE_CURVE('',#1239,(#1243,#1250),.PCURVE_S1.);
#1239 = LINE('',#1240,#1241);
#1240 = CARTESIAN_POINT('',(1.736E+03,71.,334.));
#1241 = VECTOR('',#1242,1.);
#1242 = DIRECTION('',(-0.,1.,-0.));
#1243 = PCURVE('',#827,#1244);
#1244 = DEFINITIONAL_REPRESENTATION('',(#1245),#1249);
#1245 = LINE('',#1246,#1247);
#1246 = CARTESIAN_POINT('',(-2.,1.));
#1247 = VECTOR('',#1248,1.);
#1248 = DIRECTION('',(-0.,1.));
#1249 = ( GEOMETRIC_REPRESENTATION_CONTEXT(2) 
PARAMETRIC_REPRESENTATION_CONTEXT() REPRESENTATION_CONTEXT('2D SPACE',''
  ) );
#1250 = PCURVE('',#1066,#1251);
#1251 = DEFINITIONAL_REPRESENTATION('',(#1252),#1256);
#1252 = LINE('',#1253,#1254);
#1253 = CARTESIAN_POINT('',(-1.,1.));
#1254 = VECTOR('',#1255,1.);
#1255 = DIRECTION('',(-0.,-1.));
#1256 = ( GEOMETRIC_REPRESENTATION_CONTEXT(2) 
PARAMETRIC_REPRESENTATION_CONTEXT() REPRESENTATION_CONTEXT('2D SPACE',''
  ) );
#1257 = ORIENTED_EDGE('',*,*,#1258,.F.);
#1258 = EDGE_CURVE('',#1259,#1236,#1261,.T.);
#1259 = VERTEX_POINT('',#1260);
#1260 = CARTESIAN_POINT('',(1.71E+03,98.,334.));
#1261 = SURFACE_CURVE('',#1262,(#1266,#1273),.PCURVE_S1.);
#1262 = LINE('',#1263,#1264);
#1263 = CARTESIAN_POINT('',(1.737E+03,98.,334.));
#1264 = VECTOR('',#1265,1.);
#1265 = DIRECTION('',(1.,-0.,0.));
#1266 = PCURVE('',#827,#1267);
#1267 = DEFINITIONAL_REPRESENTATION('',(#1268),#1272);
#1268 = LINE('',#1269,#1270);
#1269 = CARTESIAN_POINT('',(-1.,28.));
#1270 = VECTOR('',#1271,1.);
#1271 = DIRECTION('',(1.,-0.));
#1272 = ( GEOMETRIC_REPRESENTATION_CONTEXT(2) 
PARAMETRIC_REPRESENTATION_CONTEXT() REPRESENTATION_CONTEXT('2D SPACE',''
  ) );
#1273 = PCURVE('',#1094,#1274);
#1274 = DEFINITIONAL_REPRESENTATION('',(#1275),#1279);
#1275 = LINE('',#1276,#1277);
#1276 = CARTESIAN_POINT('',(-1.,-1.));
#1277 = VECTOR('',#1278,1.);
#1278 = DIRECTION('',(-0.,-1.));
#1279 = ( GEOMETRIC_REPRESENTATION_CONTEXT(2) 
PARAMETRIC_REPRESENTATION_CONTEXT() REPRESENTATION_CONTEXT('2D SPACE',''
  ) );
#1280 = ORIENTED_EDGE('',*,*,#1281,.F.);
#1281 = EDGE_CURVE('',#1211,#1259,#1282,.T.);
#1282 = SURFACE_CURVE('',#1283,(#1287,#1294),.PCURVE_S1.);
#1283 = LINE('',#1284,#1285);
#1284 = CARTESIAN_POINT('',(1.71E+03,71.,334.));
#1285 = VECTOR('',#1286,1.);
#1286 = DIRECTION('',(-0.,1.,-0.));
#1287 = PCURVE('',#827,#1288);
#1288 = DEFINITIONAL_REPRESENTATION('',(#1289),#1293);
#1289 = LINE('',#1290,#1291);
#1290 = CARTESIAN_POINT('',(-28.,1.));
#1291 = VECTOR('',#1292,1.);
#1292 = DIRECTION('',(-0.,1.));
#1293 = ( GEOMETRIC_REPRESENTATION_CONTEXT(2) 
PARAMETRIC_REPRESENTATION_CONTEXT() REPRESENTATION_CONTEXT('2D SPACE',''
  ) );
#1294 = PCURVE('',#1120,#1295);
#1295 = DEFINITIONAL_REPRESENTATION('',(#1296),#1300);
#1296 = LINE('',#1297,#1298);
#1297 = CARTESIAN_POINT('',(-1.,1.));
#1298 = VECTOR('',#1299,1.);
#1299 = DIRECTION('',(-0.,-1.));
#1300 = ( GEOMETRIC_REPRESENTATION_CONTEXT(2) 
PARAMETRIC_REPRESENTATION_CONTEXT() REPRESENTATION_CONTEXT('2D SPACE',''
  ) );
#1301 = ADVANCED_FACE('',(#1302),#957,.T.);
#1302 = FACE_BOUND('',#1303,.F.);
#1303 = EDGE_LOOP('',(#1304,#1305,#1306,#1307));
#1304 = ORIENTED_EDGE('',*,*,#943,.F.);
#1305 = ORIENTED_EDGE('',*,*,#1186,.T.);
#1306 = ORIENTED_EDGE('',*,*,#1160,.T.);
#1307 = ORIENTED_EDGE('',*,*,#974,.F.);
#1308 = ADVANCED_FACE('',(#1309),#1038,.T.);
#1309 = FACE_BOUND('',#1310,.F.);
#1310 = EDGE_LOOP('',(#1311,#1332,#1333,#1354));
#1311 = ORIENTED_EDGE('',*,*,#1312,.F.);
#1312 = EDGE_CURVE('',#1211,#1021,#1313,.T.);
#1313 = SURFACE_CURVE('',#1314,(#1318,#1325),.PCURVE_S1.);
#1314 = LINE('',#1315,#1316);
#1315 = CARTESIAN_POINT('',(1.71E+03,72.,333.));
#1316 = VECTOR('',#1317,1.);
#1317 = DIRECTION('',(-0.,-0.,1.));
#1318 = PCURVE('',#1038,#1319);
#1319 = DEFINITIONAL_REPRESENTATION('',(#1320),#1324);
#1320 = LINE('',#1321,#1322);
#1321 = CARTESIAN_POINT('',(-0.,26.));
#1322 = VECTOR('',#1323,1.);
#1323 = DIRECTION('',(-1.,0.));
#1324 = ( GEOMETRIC_REPRESENTATION_CONTEXT(2) 
PARAMETRIC_REPRESENTATION_CONTEXT() REPRESENTATION_CONTEXT('2D SPACE',''
  ) );
#1325 = PCURVE('',#1120,#1326);
#1326 = DEFINITIONAL_REPRESENTATION('',(#1327),#1331);
#1327 = LINE('',#1328,#1329);
#1328 = CARTESIAN_POINT('',(-0.,-0.));
#1329 = VECTOR('',#1330,1.);
#1330 = DIRECTION('',(-1.,-0.));
#1331 = ( GEOMETRIC_REPRESENTATION_CONTEXT(2) 
PARAMETRIC_REPRESENTATION_CONTEXT() REPRESENTATION_CONTEXT('2D SPACE',''
  ) );
#1332 = ORIENTED_EDGE('',*,*,#1210,.T.);
#1333 = ORIENTED_EDGE('',*,*,#1334,.T.);
#1334 = EDGE_CURVE('',#1213,#1023,#1335,.T.);
#1335 = SURFACE_CURVE('',#1336,(#1340,#1347),.PCURVE_S1.);
#1336 = LINE('',#1337,#1338);
#1337 = CARTESIAN_POINT('',(1.736E+03,72.,333.));
#1338 = VECTOR('',#1339,1.);
#1339 = DIRECTION('',(-0.,-0.,1.));
#1340 = PCURVE('',#1038,#1341);
#1341 = DEFINITIONAL_REPRESENTATION('',(#1342),#1346);
#1342 = LINE('',#1343,#1344);
#1343 = CARTESIAN_POINT('',(-0.,-0.));
#1344 = VECTOR('',#1345,1.);
#1345 = DIRECTION('',(-1.,0.));
#1346 = ( GEOMETRIC_REPRESENTATION_CONTEXT(2) 
PARAMETRIC_REPRESENTATION_CONTEXT() REPRESENTATION_CONTEXT('2D SPACE',''
  ) );
#1347 = PCURVE('',#1066,#1348);
#1348 = DEFINITIONAL_REPRESENTATION('',(#1349),#1353);
#1349 = LINE('',#1350,#1351);
#1350 = CARTESIAN_POINT('',(-0.,-0.));
#1351 = VECTOR('',#1352,1.);
#1352 = DIRECTION('',(-1.,-0.));
#1353 = ( GEOMETRIC_REPRESENTATION_CONTEXT(2) 
PARAMETRIC_REPRESENTATION_CONTEXT() REPRESENTATION_CONTEXT('2D SPACE',''
  ) );
#1354 = ORIENTED_EDGE('',*,*,#1020,.F.);
#1355 = ADVANCED_FACE('',(#1356),#1120,.F.);
#1356 = FACE_BOUND('',#1357,.T.);
#1357 = EDGE_LOOP('',(#1358,#1359,#1360,#1381));
#1358 = ORIENTED_EDGE('',*,*,#1312,.F.);
#1359 = ORIENTED_EDGE('',*,*,#1281,.T.);
#1360 = ORIENTED_EDGE('',*,*,#1361,.T.);
#1361 = EDGE_CURVE('',#1259,#1079,#1362,.T.);
#1362 = SURFACE_CURVE('',#1363,(#1367,#1374),.PCURVE_S1.);
#1363 = LINE('',#1364,#1365);
#1364 = CARTESIAN_POINT('',(1.71E+03,98.,333.));
#1365 = VECTOR('',#1366,1.);
#1366 = DIRECTION('',(-0.,-0.,1.));
#1367 = PCURVE('',#1120,#1368);
#1368 = DEFINITIONAL_REPRESENTATION('',(#1369),#1373);
#1369 = LINE('',#1370,#1371);
#1370 = CARTESIAN_POINT('',(-0.,-26.));
#1371 = VECTOR('',#1372,1.);
#1372 = DIRECTION('',(-1.,-0.));
#1373 = ( GEOMETRIC_REPRESENTATION_CONTEXT(2) 
PARAMETRIC_REPRESENTATION_CONTEXT() REPRESENTATION_CONTEXT('2D SPACE',''
  ) );
#1374 = PCURVE('',#1094,#1375);
#1375 = DEFINITIONAL_REPRESENTATION('',(#1376),#1380);
#1376 = LINE('',#1377,#1378);
#1377 = CARTESIAN_POINT('',(-0.,26.));
#1378 = VECTOR('',#1379,1.);
#1379 = DIRECTION('',(-1.,0.));
#1380 = ( GEOMETRIC_REPRESENTATION_CONTEXT(2) 
PARAMETRIC_REPRESENTATION_CONTEXT() REPRESENTATION_CONTEXT('2D SPACE',''
  ) );
#1381 = ORIENTED_EDGE('',*,*,#1106,.F.);
#1382 = ADVANCED_FACE('',(#1383),#1094,.F.);
#1383 = FACE_BOUND('',#1384,.T.);
#1384 = EDGE_LOOP('',(#1385,#1386,#1387,#1408));
#1385 = ORIENTED_EDGE('',*,*,#1361,.F.);
#1386 = ORIENTED_EDGE('',*,*,#1258,.T.);
#1387 = ORIENTED_EDGE('',*,*,#1388,.T.);
#1388 = EDGE_CURVE('',#1236,#1051,#1389,.T.);
#1389 = SURFACE_CURVE('',#1390,(#1394,#1401),.PCURVE_S1.);
#1390 = LINE('',#1391,#1392);
#1391 = CARTESIAN_POINT('',(1.736E+03,98.,333.));
#1392 = VECTOR('',#1393,1.);
#1393 = DIRECTION('',(-0.,-0.,1.));
#1394 = PCURVE('',#1094,#1395);
#1395 = DEFINITIONAL_REPRESENTATION('',(#1396),#1400);
#1396 = LINE('',#1397,#1398);
#1397 = CARTESIAN_POINT('',(-0.,-0.));
#1398 = VECTOR('',#1399,1.);
#1399 = DIRECTION('',(-1.,0.));
#1400 = ( GEOMETRIC_REPRESENTATION_CONTEXT(2) 
PARAMETRIC_REPRESENTATION_CONTEXT() REPRESENTATION_CONTEXT('2D SPACE',''
  ) );
#1401 = PCURVE('',#1066,#1402);
#1402 = DEFINITIONAL_REPRESENTATION('',(#1403),#1407);
#1403 = LINE('',#1404,#1405);
#1404 = CARTESIAN_POINT('',(-0.,-26.));
#1405 = VECTOR('',#1406,1.);
#1406 = DIRECTION('',(-1.,-0.));
#1407 = ( GEOMETRIC_REPRESENTATION_CONTEXT(2) 
PARAMETRIC_REPRESENTATION_CONTEXT() REPRESENTATION_CONTEXT('2D SPACE',''
  ) );
#1408 = ORIENTED_EDGE('',*,*,#1078,.F.);
#1409 = ADVANCED_FACE('',(#1410),#1066,.T.);
#1410 = FACE_BOUND('',#1411,.F.);
#1411 = EDGE_LOOP('',(#1412,#1413,#1414,#1415));
#1412 = ORIENTED_EDGE('',*,*,#1334,.F.);
#1413 = ORIENTED_EDGE('',*,*,#1235,.T.);
#1414 = ORIENTED_EDGE('',*,*,#1388,.T.);
#1415 = ORIENTED_EDGE('',*,*,#1050,.F.);
#1416 = ( GEOMETRIC_REPRESENTATION_CONTEXT(3) 
GLOBAL_UNCERTAINTY_ASSIGNED_CONTEXT((#1420)) 
GLOBAL_UNIT_ASSIGNED_CONTEXT((#1417,#1418,#1419)) REPRESENTATION_CONTEXT
('Context #1','3D Context with UNIT and UNCERTAINTY') );
#1417 = ( LENGTH_UNIT() NAMED_UNIT(*) SI_UNIT(.MILLI.,.METRE.) );
#1418 = ( NAMED_UNIT(*) PLANE_ANGLE_UNIT() SI_UNIT($,.RADIAN.) );
#1419 = ( NAMED_UNIT(*) SI_UNIT($,.STERADIAN.) SOLID_ANGLE_UNIT() );
#1420 = UNCERTAINTY_MEASURE_WITH_UNIT(LENGTH_MEASURE(1.E-07),#1417,
  'distance_accuracy_value','confusion accuracy');
#1421 = CONTEXT_DEPENDENT_SHAPE_REPRESENTATION(#1422,#1424);
#1422 = ( REPRESENTATION_RELATIONSHIP('','',#769,#10) 
REPRESENTATION_RELATIONSHIP_WITH_TRANSFORMATION(#1423) 
SHAPE_REPRESENTATION_RELATIONSHIP() );
#1423 = ITEM_DEFINED_TRANSFORMATION('','',#11,#19);
#1424 = PRODUCT_DEFINITION_SHAPE('Placement','Placement of an item',
  #1425);
#1425 = NEXT_ASSEMBLY_USAGE_OCCURRENCE('318','','',#5,#764,$);
#1426 = PRODUCT_RELATED_PRODUCT_CATEGORY('part',$,(#766));
#1427 = SHAPE_DEFINITION_REPRESENTATION(#1428,#1434);
#1428 = PRODUCT_DEFINITION_SHAPE('','',#1429);
#1429 = PRODUCT_DEFINITION('design','',#1430,#1433);
#1430 = PRODUCT_DEFINITION_FORMATION('','',#1431);
#1431 = PRODUCT('Open CASCADE STEP translator 7.9 12.3',
  'Open CASCADE STEP translator 7.9 12.3','',(#1432));
#1432 = PRODUCT_CONTEXT('',#2,'mechanical');
#1433 = PRODUCT_DEFINITION_CONTEXT('part definition',#2,'design');
#1434 = ADVANCED_BREP_SHAPE_REPRESENTATION('',(#11,#1435),#2081);
#1435 = MANIFOLD_SOLID_BREP('',#1436);
#1436 = CLOSED_SHELL('',(#1437,#1557,#1633,#1796,#1845,#1966,#1973,#2020
    ,#2047,#2074));
#1437 = ADVANCED_FACE('',(#1438),#1452,.F.);
#1438 = FACE_BOUND('',#1439,.T.);
#1439 = EDGE_LOOP('',(#1440,#1475,#1503,#1531));
#1440 = ORIENTED_EDGE('',*,*,#1441,.F.);
#1441 = EDGE_CURVE('',#1442,#1444,#1446,.T.);
#1442 = VERTEX_POINT('',#1443);
#1443 = CARTESIAN_POINT('',(2.158E+03,1.E+03,334.));
#1444 = VERTEX_POINT('',#1445);
#1445 = CARTESIAN_POINT('',(2.158E+03,1.E+03,1.828E+03));
#1446 = SURFACE_CURVE('',#1447,(#1451,#1463),.PCURVE_S1.);
#1447 = LINE('',#1448,#1449);
#1448 = CARTESIAN_POINT('',(2.158E+03,1.E+03,334.));
#1449 = VECTOR('',#1450,1.);
#1450 = DIRECTION('',(-0.,-0.,1.));
#1451 = PCURVE('',#1452,#1457);
#1452 = PLANE('',#1453);
#1453 = AXIS2_PLACEMENT_3D('',#1454,#1455,#1456);
#1454 = CARTESIAN_POINT('',(2.158E+03,1.E+03,334.));
#1455 = DIRECTION('',(-1.,-0.,-0.));
#1456 = DIRECTION('',(0.,0.,-1.));
#1457 = DEFINITIONAL_REPRESENTATION('',(#1458),#1462);
#1458 = LINE('',#1459,#1460);
#1459 = CARTESIAN_POINT('',(-0.,-0.));
#1460 = VECTOR('',#1461,1.);
#1461 = DIRECTION('',(-1.,-0.));
#1462 = ( GEOMETRIC_REPRESENTATION_CONTEXT(2) 
PARAMETRIC_REPRESENTATION_CONTEXT() REPRESENTATION_CONTEXT('2D SPACE',''
  ) );
#1463 = PCURVE('',#1464,#1469);
#1464 = PLANE('',#1465);
#1465 = AXIS2_PLACEMENT_3D('',#1466,#1467,#1468);
#1466 = CARTESIAN_POINT('',(2.158E+03,1.E+03,334.));
#1467 = DIRECTION('',(-0.,1.,-0.));
#1468 = DIRECTION('',(0.,0.,-1.));
#1469 = DEFINITIONAL_REPRESENTATION('',(#1470),#1474);
#1470 = LINE('',#1471,#1472);
#1471 = CARTESIAN_POINT('',(-0.,-0.));
#1472 = VECTOR('',#1473,1.);
#1473 = DIRECTION('',(-1.,0.));
#1474 = ( GEOMETRIC_REPRESENTATION_CONTEXT(2) 
PARAMETRIC_REPRESENTATION_CONTEXT() REPRESENTATION_CONTEXT('2D SPACE',''
  ) );
#1475 = ORIENTED_EDGE('',*,*,#1476,.T.);
#1476 = EDGE_CURVE('',#1442,#1477,#1479,.T.);
#1477 = VERTEX_POINT('',#1478);
#1478 = CARTESIAN_POINT('',(2.158E+03,1.03E+03,334.));
#1479 = SURFACE_CURVE('',#1480,(#1484,#1491),.PCURVE_S1.);
#1480 = LINE('',#1481,#1482);
#1481 = CARTESIAN_POINT('',(2.158E+03,1.E+03,334.));
#1482 = VECTOR('',#1483,1.);
#1483 = DIRECTION('',(-0.,1.,-0.));
#1484 = PCURVE('',#1452,#1485);
#1485 = DEFINITIONAL_REPRESENTATION('',(#1486),#1490);
#1486 = LINE('',#1487,#1488);
#1487 = CARTESIAN_POINT('',(-0.,-0.));
#1488 = VECTOR('',#1489,1.);
#1489 = DIRECTION('',(-0.,-1.));
#1490 = ( GEOMETRIC_REPRESENTATION_CONTEXT(2) 
PARAMETRIC_REPRESENTATION_CONTEXT() REPRESENTATION_CONTEXT('2D SPACE',''
  ) );
#1491 = PCURVE('',#1492,#1497);
#1492 = PLANE('',#1493);
#1493 = AXIS2_PLACEMENT_3D('',#1494,#1495,#1496);
#1494 = CARTESIAN_POINT('',(2.158E+03,1.E+03,334.));
#1495 = DIRECTION('',(-0.,-0.,1.));
#1496 = DIRECTION('',(1.,0.,0.));
#1497 = DEFINITIONAL_REPRESENTATION('',(#1498),#1502);
#1498 = LINE('',#1499,#1500);
#1499 = CARTESIAN_POINT('',(0.,-0.));
#1500 = VECTOR('',#1501,1.);
#1501 = DIRECTION('',(-0.,1.));
#1502 = ( GEOMETRIC_REPRESENTATION_CONTEXT(2) 
PARAMETRIC_REPRESENTATION_CONTEXT() REPRESENTATION_CONTEXT('2D SPACE',''
  ) );
#1503 = ORIENTED_EDGE('',*,*,#1504,.T.);
#1504 = EDGE_CURVE('',#1477,#1505,#1507,.T.);
#1505 = VERTEX_POINT('',#1506);
#1506 = CARTESIAN_POINT('',(2.158E+03,1.03E+03,1.828E+03));
#1507 = SURFACE_CURVE('',#1508,(#1512,#1519),.PCURVE_S1.);
#1508 = LINE('',#1509,#1510);
#1509 = CARTESIAN_POINT('',(2.158E+03,1.03E+03,334.));
#1510 = VECTOR('',#1511,1.);
#1511 = DIRECTION('',(-0.,-0.,1.));
#1512 = PCURVE('',#1452,#1513);
#1513 = DEFINITIONAL_REPRESENTATION('',(#1514),#1518);
#1514 = LINE('',#1515,#1516);
#1515 = CARTESIAN_POINT('',(-0.,-30.));
#1516 = VECTOR('',#1517,1.);
#1517 = DIRECTION('',(-1.,-0.));
#1518 = ( GEOMETRIC_REPRESENTATION_CONTEXT(2) 
PARAMETRIC_REPRESENTATION_CONTEXT() REPRESENTATION_CONTEXT('2D SPACE',''
  ) );
#1519 = PCURVE('',#1520,#1525);
#1520 = PLANE('',#1521);
#1521 = AXIS2_PLACEMENT_3D('',#1522,#1523,#1524);
#1522 = CARTESIAN_POINT('',(2.158E+03,1.03E+03,334.));
#1523 = DIRECTION('',(-0.,1.,-0.));
#1524 = DIRECTION('',(0.,0.,-1.));
#1525 = DEFINITIONAL_REPRESENTATION('',(#1526),#1530);
#1526 = LINE('',#1527,#1528);
#1527 = CARTESIAN_POINT('',(-0.,-0.));
#1528 = VECTOR('',#1529,1.);
#1529 = DIRECTION('',(-1.,0.));
#1530 = ( GEOMETRIC_REPRESENTATION_CONTEXT(2) 
PARAMETRIC_REPRESENTATION_CONTEXT() REPRESENTATION_CONTEXT('2D SPACE',''
  ) );
#1531 = ORIENTED_EDGE('',*,*,#1532,.F.);
#1532 = EDGE_CURVE('',#1444,#1505,#1533,.T.);
#1533 = SURFACE_CURVE('',#1534,(#1538,#1545),.PCURVE_S1.);
#1534 = LINE('',#1535,#1536);
#1535 = CARTESIAN_POINT('',(2.158E+03,1.E+03,1.828E+03));
#1536 = VECTOR('',#1537,1.);
#1537 = DIRECTION('',(-0.,1.,-0.));
#1538 = PCURVE('',#1452,#1539);
#1539 = DEFINITIONAL_REPRESENTATION('',(#1540),#1544);
#1540 = LINE('',#1541,#1542);
#1541 = CARTESIAN_POINT('',(-1.494E+03,-0.));
#1542 = VECTOR('',#1543,1.);
#1543 = DIRECTION('',(-0.,-1.));
#1544 = ( GEOMETRIC_REPRESENTATION_CONTEXT(2) 
PARAMETRIC_REPRESENTATION_CONTEXT() REPRESENTATION_CONTEXT('2D SPACE',''
  ) );
#1545 = PCURVE('',#1546,#1551);
#1546 = PLANE('',#1547);
#1547 = AXIS2_PLACEMENT_3D('',#1548,#1549,#1550);
#1548 = CARTESIAN_POINT('',(2.158E+03,1.E+03,1.828E+03));
#1549 = DIRECTION('',(-0.,-0.,1.));
#1550 = DIRECTION('',(1.,0.,0.));
#1551 = DEFINITIONAL_REPRESENTATION('',(#1552),#1556);
#1552 = LINE('',#1553,#1554);
#1553 = CARTESIAN_POINT('',(0.,-0.));
#1554 = VECTOR('',#1555,1.);
#1555 = DIRECTION('',(-0.,1.));
#1556 = ( GEOMETRIC_REPRESENTATION_CONTEXT(2) 
PARAMETRIC_REPRESENTATION_CONTEXT() REPRESENTATION_CONTEXT('2D SPACE',''
  ) );
#1557 = ADVANCED_FACE('',(#1558),#1464,.F.);
#1558 = FACE_BOUND('',#1559,.T.);
#1559 = EDGE_LOOP('',(#1560,#1583,#1584,#1607));
#1560 = ORIENTED_EDGE('',*,*,#1561,.F.);
#1561 = EDGE_CURVE('',#1442,#1562,#1564,.T.);
#1562 = VERTEX_POINT('',#1563);
#1563 = CARTESIAN_POINT('',(2.128E+03,1.E+03,334.));
#1564 = SURFACE_CURVE('',#1565,(#1569,#1576),.PCURVE_S1.);
#1565 = LINE('',#1566,#1567);
#1566 = CARTESIAN_POINT('',(2.158E+03,1.E+03,334.));
#1567 = VECTOR('',#1568,1.);
#1568 = DIRECTION('',(-1.,-0.,-0.));
#1569 = PCURVE('',#1464,#1570);
#1570 = DEFINITIONAL_REPRESENTATION('',(#1571),#1575);
#1571 = LINE('',#1572,#1573);
#1572 = CARTESIAN_POINT('',(-0.,-0.));
#1573 = VECTOR('',#1574,1.);
#1574 = DIRECTION('',(-0.,1.));
#1575 = ( GEOMETRIC_REPRESENTATION_CONTEXT(2) 
PARAMETRIC_REPRESENTATION_CONTEXT() REPRESENTATION_CONTEXT('2D SPACE',''
  ) );
#1576 = PCURVE('',#1492,#1577);
#1577 = DEFINITIONAL_REPRESENTATION('',(#1578),#1582);
#1578 = LINE('',#1579,#1580);
#1579 = CARTESIAN_POINT('',(0.,-0.));
#1580 = VECTOR('',#1581,1.);
#1581 = DIRECTION('',(-1.,0.));
#1582 = ( GEOMETRIC_REPRESENTATION_CONTEXT(2) 
PARAMETRIC_REPRESENTATION_CONTEXT() REPRESENTATION_CONTEXT('2D SPACE',''
  ) );
#1583 = ORIENTED_EDGE('',*,*,#1441,.T.);
#1584 = ORIENTED_EDGE('',*,*,#1585,.T.);
#1585 = EDGE_CURVE('',#1444,#1586,#1588,.T.);
#1586 = VERTEX_POINT('',#1587);
#1587 = CARTESIAN_POINT('',(2.128E+03,1.E+03,1.828E+03));
#1588 = SURFACE_CURVE('',#1589,(#1593,#1600),.PCURVE_S1.);
#1589 = LINE('',#1590,#1591);
#1590 = CARTESIAN_POINT('',(2.158E+03,1.E+03,1.828E+03));
#1591 = VECTOR('',#1592,1.);
#1592 = DIRECTION('',(-1.,-0.,-0.));
#1593 = PCURVE('',#1464,#1594);
#1594 = DEFINITIONAL_REPRESENTATION('',(#1595),#1599);
#1595 = LINE('',#1596,#1597);
#1596 = CARTESIAN_POINT('',(-1.494E+03,-0.));
#1597 = VECTOR('',#1598,1.);
#1598 = DIRECTION('',(-0.,1.));
#1599 = ( GEOMETRIC_REPRESENTATION_CONTEXT(2) 
PARAMETRIC_REPRESENTATION_CONTEXT() REPRESENTATION_CONTEXT('2D SPACE',''
  ) );
#1600 = PCURVE('',#1546,#1601);
#1601 = DEFINITIONAL_REPRESENTATION('',(#1602),#1606);
#1602 = LINE('',#1603,#1604);
#1603 = CARTESIAN_POINT('',(0.,-0.));
#1604 = VECTOR('',#1605,1.);
#1605 = DIRECTION('',(-1.,0.));
#1606 = ( GEOMETRIC_REPRESENTATION_CONTEXT(2) 
PARAMETRIC_REPRESENTATION_CONTEXT() REPRESENTATION_CONTEXT('2D SPACE',''
  ) );
#1607 = ORIENTED_EDGE('',*,*,#1608,.F.);
#1608 = EDGE_CURVE('',#1562,#1586,#1609,.T.);
#1609 = SURFACE_CURVE('',#1610,(#1614,#1621),.PCURVE_S1.);
#1610 = LINE('',#1611,#1612);
#1611 = CARTESIAN_POINT('',(2.128E+03,1.E+03,334.));
#1612 = VECTOR('',#1613,1.);
#1613 = DIRECTION('',(-0.,-0.,1.));
#1614 = PCURVE('',#1464,#1615);
#1615 = DEFINITIONAL_REPRESENTATION('',(#1616),#1620);
#1616 = LINE('',#1617,#1618);
#1617 = CARTESIAN_POINT('',(-0.,30.));
#1618 = VECTOR('',#1619,1.);
#1619 = DIRECTION('',(-1.,0.));
#1620 = ( GEOMETRIC_REPRESENTATION_CONTEXT(2) 
PARAMETRIC_REPRESENTATION_CONTEXT() REPRESENTATION_CONTEXT('2D SPACE',''
  ) );
#1621 = PCURVE('',#1622,#1627);
#1622 = PLANE('',#1623);
#1623 = AXIS2_PLACEMENT_3D('',#1624,#1625,#1626);
#1624 = CARTESIAN_POINT('',(2.128E+03,1.E+03,334.));
#1625 = DIRECTION('',(-1.,-0.,-0.));
#1626 = DIRECTION('',(0.,0.,-1.));
#1627 = DEFINITIONAL_REPRESENTATION('',(#1628),#1632);
#1628 = LINE('',#1629,#1630);
#1629 = CARTESIAN_POINT('',(-0.,-0.));
#1630 = VECTOR('',#1631,1.);
#1631 = DIRECTION('',(-1.,-0.));
#1632 = ( GEOMETRIC_REPRESENTATION_CONTEXT(2) 
PARAMETRIC_REPRESENTATION_CONTEXT() REPRESENTATION_CONTEXT('2D SPACE',''
  ) );
#1633 = ADVANCED_FACE('',(#1634,#1682),#1546,.T.);
#1634 = FACE_BOUND('',#1635,.F.);
#1635 = EDGE_LOOP('',(#1636,#1637,#1638,#1661));
#1636 = ORIENTED_EDGE('',*,*,#1532,.F.);
#1637 = ORIENTED_EDGE('',*,*,#1585,.T.);
#1638 = ORIENTED_EDGE('',*,*,#1639,.T.);
#1639 = EDGE_CURVE('',#1586,#1640,#1642,.T.);
#1640 = VERTEX_POINT('',#1641);
#1641 = CARTESIAN_POINT('',(2.128E+03,1.03E+03,1.828E+03));
#1642 = SURFACE_CURVE('',#1643,(#1647,#1654),.PCURVE_S1.);
#1643 = LINE('',#1644,#1645);
#1644 = CARTESIAN_POINT('',(2.128E+03,1.E+03,1.828E+03));
#1645 = VECTOR('',#1646,1.);
#1646 = DIRECTION('',(-0.,1.,-0.));
#1647 = PCURVE('',#1546,#1648);
#1648 = DEFINITIONAL_REPRESENTATION('',(#1649),#1653);
#1649 = LINE('',#1650,#1651);
#1650 = CARTESIAN_POINT('',(-30.,0.));
#1651 = VECTOR('',#1652,1.);
#1652 = DIRECTION('',(-0.,1.));
#1653 = ( GEOMETRIC_REPRESENTATION_CONTEXT(2) 
PARAMETRIC_REPRESENTATION_CONTEXT() REPRESENTATION_CONTEXT('2D SPACE',''
  ) );
#1654 = PCURVE('',#1622,#1655);
#1655 = DEFINITIONAL_REPRESENTATION('',(#1656),#1660);
#1656 = LINE('',#1657,#1658);
#1657 = CARTESIAN_POINT('',(-1.494E+03,-0.));
#1658 = VECTOR('',#1659,1.);
#1659 = DIRECTION('',(-0.,-1.));
#1660 = ( GEOMETRIC_REPRESENTATION_CONTEXT(2) 
PARAMETRIC_REPRESENTATION_CONTEXT() REPRESENTATION_CONTEXT('2D SPACE',''
  ) );
#1661 = ORIENTED_EDGE('',*,*,#1662,.F.);
#1662 = EDGE_CURVE('',#1505,#1640,#1663,.T.);
#1663 = SURFACE_CURVE('',#1664,(#1668,#1675),.PCURVE_S1.);
#1664 = LINE('',#1665,#1666);
#1665 = CARTESIAN_POINT('',(2.158E+03,1.03E+03,1.828E+03));
#1666 = VECTOR('',#1667,1.);
#1667 = DIRECTION('',(-1.,-0.,-0.));
#1668 = PCURVE('',#1546,#1669);
#1669 = DEFINITIONAL_REPRESENTATION('',(#1670),#1674);
#1670 = LINE('',#1671,#1672);
#1671 = CARTESIAN_POINT('',(0.,30.));
#1672 = VECTOR('',#1673,1.);
#1673 = DIRECTION('',(-1.,0.));
#1674 = ( GEOMETRIC_REPRESENTATION_CONTEXT(2) 
PARAMETRIC_REPRESENTATION_CONTEXT() REPRESENTATION_CONTEXT('2D SPACE',''
  ) );
#1675 = PCURVE('',#1520,#1676);
#1676 = DEFINITIONAL_REPRESENTATION('',(#1677),#1681);
#1677 = LINE('',#1678,#1679);
#1678 = CARTESIAN_POINT('',(-1.494E+03,-0.));
#1679 = VECTOR('',#1680,1.);
#1680 = DIRECTION('',(-0.,1.));
#1681 = ( GEOMETRIC_REPRESENTATION_CONTEXT(2) 
PARAMETRIC_REPRESENTATION_CONTEXT() REPRESENTATION_CONTEXT('2D SPACE',''
  ) );
#1682 = FACE_BOUND('',#1683,.F.);
#1683 = EDGE_LOOP('',(#1684,#1714,#1742,#1770));
#1684 = ORIENTED_EDGE('',*,*,#1685,.T.);
#1685 = EDGE_CURVE('',#1686,#1688,#1690,.T.);
#1686 = VERTEX_POINT('',#1687);
#1687 = CARTESIAN_POINT('',(2.13E+03,1.002E+03,1.828E+03));
#1688 = VERTEX_POINT('',#1689);
#1689 = CARTESIAN_POINT('',(2.156E+03,1.002E+03,1.828E+03));
#1690 = SURFACE_CURVE('',#1691,(#1695,#1702),.PCURVE_S1.);
#1691 = LINE('',#1692,#1693);
#1692 = CARTESIAN_POINT('',(2.157E+03,1.002E+03,1.828E+03));
#1693 = VECTOR('',#1694,1.);
#1694 = DIRECTION('',(1.,-0.,0.));
#1695 = PCURVE('',#1546,#1696);
#1696 = DEFINITIONAL_REPRESENTATION('',(#1697),#1701);
#1697 = LINE('',#1698,#1699);
#1698 = CARTESIAN_POINT('',(-1.,2.));
#1699 = VECTOR('',#1700,1.);
#1700 = DIRECTION('',(1.,-0.));
#1701 = ( GEOMETRIC_REPRESENTATION_CONTEXT(2) 
PARAMETRIC_REPRESENTATION_CONTEXT() REPRESENTATION_CONTEXT('2D SPACE',''
  ) );
#1702 = PCURVE('',#1703,#1708);
#1703 = PLANE('',#1704);
#1704 = AXIS2_PLACEMENT_3D('',#1705,#1706,#1707);
#1705 = CARTESIAN_POINT('',(2.156E+03,1.002E+03,333.));
#1706 = DIRECTION('',(-0.,1.,-0.));
#1707 = DIRECTION('',(0.,0.,-1.));
#1708 = DEFINITIONAL_REPRESENTATION('',(#1709),#1713);
#1709 = LINE('',#1710,#1711);
#1710 = CARTESIAN_POINT('',(-1.495E+03,-1.));
#1711 = VECTOR('',#1712,1.);
#1712 = DIRECTION('',(-0.,-1.));
#1713 = ( GEOMETRIC_REPRESENTATION_CONTEXT(2) 
PARAMETRIC_REPRESENTATION_CONTEXT() REPRESENTATION_CONTEXT('2D SPACE',''
  ) );
#1714 = ORIENTED_EDGE('',*,*,#1715,.T.);
#1715 = EDGE_CURVE('',#1688,#1716,#1718,.T.);
#1716 = VERTEX_POINT('',#1717);
#1717 = CARTESIAN_POINT('',(2.156E+03,1.028E+03,1.828E+03));
#1718 = SURFACE_CURVE('',#1719,(#1723,#1730),.PCURVE_S1.);
#1719 = LINE('',#1720,#1721);
#1720 = CARTESIAN_POINT('',(2.156E+03,1.001E+03,1.828E+03));
#1721 = VECTOR('',#1722,1.);
#1722 = DIRECTION('',(-0.,1.,-0.));
#1723 = PCURVE('',#1546,#1724);
#1724 = DEFINITIONAL_REPRESENTATION('',(#1725),#1729);
#1725 = LINE('',#1726,#1727);
#1726 = CARTESIAN_POINT('',(-2.,1.));
#1727 = VECTOR('',#1728,1.);
#1728 = DIRECTION('',(-0.,1.));
#1729 = ( GEOMETRIC_REPRESENTATION_CONTEXT(2) 
PARAMETRIC_REPRESENTATION_CONTEXT() REPRESENTATION_CONTEXT('2D SPACE',''
  ) );
#1730 = PCURVE('',#1731,#1736);
#1731 = PLANE('',#1732);
#1732 = AXIS2_PLACEMENT_3D('',#1733,#1734,#1735);
#1733 = CARTESIAN_POINT('',(2.156E+03,1.002E+03,333.));
#1734 = DIRECTION('',(-1.,-0.,-0.));
#1735 = DIRECTION('',(0.,0.,-1.));
#1736 = DEFINITIONAL_REPRESENTATION('',(#1737),#1741);
#1737 = LINE('',#1738,#1739);
#1738 = CARTESIAN_POINT('',(-1.495E+03,1.));
#1739 = VECTOR('',#1740,1.);
#1740 = DIRECTION('',(-0.,-1.));
#1741 = ( GEOMETRIC_REPRESENTATION_CONTEXT(2) 
PARAMETRIC_REPRESENTATION_CONTEXT() REPRESENTATION_CONTEXT('2D SPACE',''
  ) );
#1742 = ORIENTED_EDGE('',*,*,#1743,.F.);
#1743 = EDGE_CURVE('',#1744,#1716,#1746,.T.);
#1744 = VERTEX_POINT('',#1745);
#1745 = CARTESIAN_POINT('',(2.13E+03,1.028E+03,1.828E+03));
#1746 = SURFACE_CURVE('',#1747,(#1751,#1758),.PCURVE_S1.);
#1747 = LINE('',#1748,#1749);
#1748 = CARTESIAN_POINT('',(2.157E+03,1.028E+03,1.828E+03));
#1749 = VECTOR('',#1750,1.);
#1750 = DIRECTION('',(1.,-0.,0.));
#1751 = PCURVE('',#1546,#1752);
#1752 = DEFINITIONAL_REPRESENTATION('',(#1753),#1757);
#1753 = LINE('',#1754,#1755);
#1754 = CARTESIAN_POINT('',(-1.,28.));
#1755 = VECTOR('',#1756,1.);
#1756 = DIRECTION('',(1.,-0.));
#1757 = ( GEOMETRIC_REPRESENTATION_CONTEXT(2) 
PARAMETRIC_REPRESENTATION_CONTEXT() REPRESENTATION_CONTEXT('2D SPACE',''
  ) );
#1758 = PCURVE('',#1759,#1764);
#1759 = PLANE('',#1760);
#1760 = AXIS2_PLACEMENT_3D('',#1761,#1762,#1763);
#1761 = CARTESIAN_POINT('',(2.156E+03,1.028E+03,333.));
#1762 = DIRECTION('',(-0.,1.,-0.));
#1763 = DIRECTION('',(0.,0.,-1.));
#1764 = DEFINITIONAL_REPRESENTATION('',(#1765),#1769);
#1765 = LINE('',#1766,#1767);
#1766 = CARTESIAN_POINT('',(-1.495E+03,-1.));
#1767 = VECTOR('',#1768,1.);
#1768 = DIRECTION('',(-0.,-1.));
#1769 = ( GEOMETRIC_REPRESENTATION_CONTEXT(2) 
PARAMETRIC_REPRESENTATION_CONTEXT() REPRESENTATION_CONTEXT('2D SPACE',''
  ) );
#1770 = ORIENTED_EDGE('',*,*,#1771,.F.);
#1771 = EDGE_CURVE('',#1686,#1744,#1772,.T.);
#1772 = SURFACE_CURVE('',#1773,(#1777,#1784),.PCURVE_S1.);
#1773 = LINE('',#1774,#1775);
#1774 = CARTESIAN_POINT('',(2.13E+03,1.001E+03,1.828E+03));
#1775 = VECTOR('',#1776,1.);
#1776 = DIRECTION('',(-0.,1.,-0.));
#1777 = PCURVE('',#1546,#1778);
#1778 = DEFINITIONAL_REPRESENTATION('',(#1779),#1783);
#1779 = LINE('',#1780,#1781);
#1780 = CARTESIAN_POINT('',(-28.,1.));
#1781 = VECTOR('',#1782,1.);
#1782 = DIRECTION('',(-0.,1.));
#1783 = ( GEOMETRIC_REPRESENTATION_CONTEXT(2) 
PARAMETRIC_REPRESENTATION_CONTEXT() REPRESENTATION_CONTEXT('2D SPACE',''
  ) );
#1784 = PCURVE('',#1785,#1790);
#1785 = PLANE('',#1786);
#1786 = AXIS2_PLACEMENT_3D('',#1787,#1788,#1789);
#1787 = CARTESIAN_POINT('',(2.13E+03,1.002E+03,333.));
#1788 = DIRECTION('',(-1.,-0.,-0.));
#1789 = DIRECTION('',(0.,0.,-1.));
#1790 = DEFINITIONAL_REPRESENTATION('',(#1791),#1795);
#1791 = LINE('',#1792,#1793);
#1792 = CARTESIAN_POINT('',(-1.495E+03,1.));
#1793 = VECTOR('',#1794,1.);
#1794 = DIRECTION('',(-0.,-1.));
#1795 = ( GEOMETRIC_REPRESENTATION_CONTEXT(2) 
PARAMETRIC_REPRESENTATION_CONTEXT() REPRESENTATION_CONTEXT('2D SPACE',''
  ) );
#1796 = ADVANCED_FACE('',(#1797),#1520,.T.);
#1797 = FACE_BOUND('',#1798,.F.);
#1798 = EDGE_LOOP('',(#1799,#1822,#1823,#1824));
#1799 = ORIENTED_EDGE('',*,*,#1800,.F.);
#1800 = EDGE_CURVE('',#1477,#1801,#1803,.T.);
#1801 = VERTEX_POINT('',#1802);
#1802 = CARTESIAN_POINT('',(2.128E+03,1.03E+03,334.));
#1803 = SURFACE_CURVE('',#1804,(#1808,#1815),.PCURVE_S1.);
#1804 = LINE('',#1805,#1806);
#1805 = CARTESIAN_POINT('',(2.158E+03,1.03E+03,334.));
#1806 = VECTOR('',#1807,1.);
#1807 = DIRECTION('',(-1.,-0.,-0.));
#1808 = PCURVE('',#1520,#1809);
#1809 = DEFINITIONAL_REPRESENTATION('',(#1810),#1814);
#1810 = LINE('',#1811,#1812);
#1811 = CARTESIAN_POINT('',(-0.,-0.));
#1812 = VECTOR('',#1813,1.);
#1813 = DIRECTION('',(-0.,1.));
#1814 = ( GEOMETRIC_REPRESENTATION_CONTEXT(2) 
PARAMETRIC_REPRESENTATION_CONTEXT() REPRESENTATION_CONTEXT('2D SPACE',''
  ) );
#1815 = PCURVE('',#1492,#1816);
#1816 = DEFINITIONAL_REPRESENTATION('',(#1817),#1821);
#1817 = LINE('',#1818,#1819);
#1818 = CARTESIAN_POINT('',(0.,30.));
#1819 = VECTOR('',#1820,1.);
#1820 = DIRECTION('',(-1.,0.));
#1821 = ( GEOMETRIC_REPRESENTATION_CONTEXT(2) 
PARAMETRIC_REPRESENTATION_CONTEXT() REPRESENTATION_CONTEXT('2D SPACE',''
  ) );
#1822 = ORIENTED_EDGE('',*,*,#1504,.T.);
#1823 = ORIENTED_EDGE('',*,*,#1662,.T.);
#1824 = ORIENTED_EDGE('',*,*,#1825,.F.);
#1825 = EDGE_CURVE('',#1801,#1640,#1826,.T.);
#1826 = SURFACE_CURVE('',#1827,(#1831,#1838),.PCURVE_S1.);
#1827 = LINE('',#1828,#1829);
#1828 = CARTESIAN_POINT('',(2.128E+03,1.03E+03,334.));
#1829 = VECTOR('',#1830,1.);
#1830 = DIRECTION('',(-0.,-0.,1.));
#1831 = PCURVE('',#1520,#1832);
#1832 = DEFINITIONAL_REPRESENTATION('',(#1833),#1837);
#1833 = LINE('',#1834,#1835);
#1834 = CARTESIAN_POINT('',(-0.,30.));
#1835 = VECTOR('',#1836,1.);
#1836 = DIRECTION('',(-1.,0.));
#1837 = ( GEOMETRIC_REPRESENTATION_CONTEXT(2) 
PARAMETRIC_REPRESENTATION_CONTEXT() REPRESENTATION_CONTEXT('2D SPACE',''
  ) );
#1838 = PCURVE('',#1622,#1839);
#1839 = DEFINITIONAL_REPRESENTATION('',(#1840),#1844);
#1840 = LINE('',#1841,#1842);
#1841 = CARTESIAN_POINT('',(-0.,-30.));
#1842 = VECTOR('',#1843,1.);
#1843 = DIRECTION('',(-1.,-0.));
#1844 = ( GEOMETRIC_REPRESENTATION_CONTEXT(2) 
PARAMETRIC_REPRESENTATION_CONTEXT() REPRESENTATION_CONTEXT('2D SPACE',''
  ) );
#1845 = ADVANCED_FACE('',(#1846,#1872),#1492,.F.);
#1846 = FACE_BOUND('',#1847,.T.);
#1847 = EDGE_LOOP('',(#1848,#1849,#1850,#1871));
#1848 = ORIENTED_EDGE('',*,*,#1476,.F.);
#1849 = ORIENTED_EDGE('',*,*,#1561,.T.);
#1850 = ORIENTED_EDGE('',*,*,#1851,.T.);
#1851 = EDGE_CURVE('',#1562,#1801,#1852,.T.);
#1852 = SURFACE_CURVE('',#1853,(#1857,#1864),.PCURVE_S1.);
#1853 = LINE('',#1854,#1855);
#1854 = CARTESIAN_POINT('',(2.128E+03,1.E+03,334.));
#1855 = VECTOR('',#1856,1.);
#1856 = DIRECTION('',(-0.,1.,-0.));
#1857 = PCURVE('',#1492,#1858);
#1858 = DEFINITIONAL_REPRESENTATION('',(#1859),#1863);
#1859 = LINE('',#1860,#1861);
#1860 = CARTESIAN_POINT('',(-30.,0.));
#1861 = VECTOR('',#1862,1.);
#1862 = DIRECTION('',(-0.,1.));
#1863 = ( GEOMETRIC_REPRESENTATION_CONTEXT(2) 
PARAMETRIC_REPRESENTATION_CONTEXT() REPRESENTATION_CONTEXT('2D SPACE',''
  ) );
#1864 = PCURVE('',#1622,#1865);
#1865 = DEFINITIONAL_REPRESENTATION('',(#1866),#1870);
#1866 = LINE('',#1867,#1868);
#1867 = CARTESIAN_POINT('',(-0.,-0.));
#1868 = VECTOR('',#1869,1.);
#1869 = DIRECTION('',(-0.,-1.));
#1870 = ( GEOMETRIC_REPRESENTATION_CONTEXT(2) 
PARAMETRIC_REPRESENTATION_CONTEXT() REPRESENTATION_CONTEXT('2D SPACE',''
  ) );
#1871 = ORIENTED_EDGE('',*,*,#1800,.F.);
#1872 = FACE_BOUND('',#1873,.T.);
#1873 = EDGE_LOOP('',(#1874,#1899,#1922,#1945));
#1874 = ORIENTED_EDGE('',*,*,#1875,.T.);
#1875 = EDGE_CURVE('',#1876,#1878,#1880,.T.);
#1876 = VERTEX_POINT('',#1877);
#1877 = CARTESIAN_POINT('',(2.13E+03,1.002E+03,334.));
#1878 = VERTEX_POINT('',#1879);
#1879 = CARTESIAN_POINT('',(2.156E+03,1.002E+03,334.));
#1880 = SURFACE_CURVE('',#1881,(#1885,#1892),.PCURVE_S1.);
#1881 = LINE('',#1882,#1883);
#1882 = CARTESIAN_POINT('',(2.157E+03,1.002E+03,334.));
#1883 = VECTOR('',#1884,1.);
#1884 = DIRECTION('',(1.,-0.,0.));
#1885 = PCURVE('',#1492,#1886);
#1886 = DEFINITIONAL_REPRESENTATION('',(#1887),#1891);
#1887 = LINE('',#1888,#1889);
#1888 = CARTESIAN_POINT('',(-1.,2.));
#1889 = VECTOR('',#1890,1.);
#1890 = DIRECTION('',(1.,-0.));
#1891 = ( GEOMETRIC_REPRESENTATION_CONTEXT(2) 
PARAMETRIC_REPRESENTATION_CONTEXT() REPRESENTATION_CONTEXT('2D SPACE',''
  ) );
#1892 = PCURVE('',#1703,#1893);
#1893 = DEFINITIONAL_REPRESENTATION('',(#1894),#1898);
#1894 = LINE('',#1895,#1896);
#1895 = CARTESIAN_POINT('',(-1.,-1.));
#1896 = VECTOR('',#1897,1.);
#1897 = DIRECTION('',(-0.,-1.));
#1898 = ( GEOMETRIC_REPRESENTATION_CONTEXT(2) 
PARAMETRIC_REPRESENTATION_CONTEXT() REPRESENTATION_CONTEXT('2D SPACE',''
  ) );
#1899 = ORIENTED_EDGE('',*,*,#1900,.T.);
#1900 = EDGE_CURVE('',#1878,#1901,#1903,.T.);
#1901 = VERTEX_POINT('',#1902);
#1902 = CARTESIAN_POINT('',(2.156E+03,1.028E+03,334.));
#1903 = SURFACE_CURVE('',#1904,(#1908,#1915),.PCURVE_S1.);
#1904 = LINE('',#1905,#1906);
#1905 = CARTESIAN_POINT('',(2.156E+03,1.001E+03,334.));
#1906 = VECTOR('',#1907,1.);
#1907 = DIRECTION('',(-0.,1.,-0.));
#1908 = PCURVE('',#1492,#1909);
#1909 = DEFINITIONAL_REPRESENTATION('',(#1910),#1914);
#1910 = LINE('',#1911,#1912);
#1911 = CARTESIAN_POINT('',(-2.,1.));
#1912 = VECTOR('',#1913,1.);
#1913 = DIRECTION('',(-0.,1.));
#1914 = ( GEOMETRIC_REPRESENTATION_CONTEXT(2) 
PARAMETRIC_REPRESENTATION_CONTEXT() REPRESENTATION_CONTEXT('2D SPACE',''
  ) );
#1915 = PCURVE('',#1731,#1916);
#1916 = DEFINITIONAL_REPRESENTATION('',(#1917),#1921);
#1917 = LINE('',#1918,#1919);
#1918 = CARTESIAN_POINT('',(-1.,1.));
#1919 = VECTOR('',#1920,1.);
#1920 = DIRECTION('',(-0.,-1.));
#1921 = ( GEOMETRIC_REPRESENTATION_CONTEXT(2) 
PARAMETRIC_REPRESENTATION_CONTEXT() REPRESENTATION_CONTEXT('2D SPACE',''
  ) );
#1922 = ORIENTED_EDGE('',*,*,#1923,.F.);
#1923 = EDGE_CURVE('',#1924,#1901,#1926,.T.);
#1924 = VERTEX_POINT('',#1925);
#1925 = CARTESIAN_POINT('',(2.13E+03,1.028E+03,334.));
#1926 = SURFACE_CURVE('',#1927,(#1931,#1938),.PCURVE_S1.);
#1927 = LINE('',#1928,#1929);
#1928 = CARTESIAN_POINT('',(2.157E+03,1.028E+03,334.));
#1929 = VECTOR('',#1930,1.);
#1930 = DIRECTION('',(1.,-0.,0.));
#1931 = PCURVE('',#1492,#1932);
#1932 = DEFINITIONAL_REPRESENTATION('',(#1933),#1937);
#1933 = LINE('',#1934,#1935);
#1934 = CARTESIAN_POINT('',(-1.,28.));
#1935 = VECTOR('',#1936,1.);
#1936 = DIRECTION('',(1.,-0.));
#1937 = ( GEOMETRIC_REPRESENTATION_CONTEXT(2) 
PARAMETRIC_REPRESENTATION_CONTEXT() REPRESENTATION_CONTEXT('2D SPACE',''
  ) );
#1938 = PCURVE('',#1759,#1939);
#1939 = DEFINITIONAL_REPRESENTATION('',(#1940),#1944);
#1940 = LINE('',#1941,#1942);
#1941 = CARTESIAN_POINT('',(-1.,-1.));
#1942 = VECTOR('',#1943,1.);
#1943 = DIRECTION('',(-0.,-1.));
#1944 = ( GEOMETRIC_REPRESENTATION_CONTEXT(2) 
PARAMETRIC_REPRESENTATION_CONTEXT() REPRESENTATION_CONTEXT('2D SPACE',''
  ) );
#1945 = ORIENTED_EDGE('',*,*,#1946,.F.);
#1946 = EDGE_CURVE('',#1876,#1924,#1947,.T.);
#1947 = SURFACE_CURVE('',#1948,(#1952,#1959),.PCURVE_S1.);
#1948 = LINE('',#1949,#1950);
#1949 = CARTESIAN_POINT('',(2.13E+03,1.001E+03,334.));
#1950 = VECTOR('',#1951,1.);
#1951 = DIRECTION('',(-0.,1.,-0.));
#1952 = PCURVE('',#1492,#1953);
#1953 = DEFINITIONAL_REPRESENTATION('',(#1954),#1958);
#1954 = LINE('',#1955,#1956);
#1955 = CARTESIAN_POINT('',(-28.,1.));
#1956 = VECTOR('',#1957,1.);
#1957 = DIRECTION('',(-0.,1.));
#1958 = ( GEOMETRIC_REPRESENTATION_CONTEXT(2) 
PARAMETRIC_REPRESENTATION_CONTEXT() REPRESENTATION_CONTEXT('2D SPACE',''
  ) );
#1959 = PCURVE('',#1785,#1960);
#1960 = DEFINITIONAL_REPRESENTATION('',(#1961),#1965);
#1961 = LINE('',#1962,#1963);
#1962 = CARTESIAN_POINT('',(-1.,1.));
#1963 = VECTOR('',#1964,1.);
#1964 = DIRECTION('',(-0.,-1.));
#1965 = ( GEOMETRIC_REPRESENTATION_CONTEXT(2) 
PARAMETRIC_REPRESENTATION_CONTEXT() REPRESENTATION_CONTEXT('2D SPACE',''
  ) );
#1966 = ADVANCED_FACE('',(#1967),#1622,.T.);
#1967 = FACE_BOUND('',#1968,.F.);
#1968 = EDGE_LOOP('',(#1969,#1970,#1971,#1972));
#1969 = ORIENTED_EDGE('',*,*,#1608,.F.);
#1970 = ORIENTED_EDGE('',*,*,#1851,.T.);
#1971 = ORIENTED_EDGE('',*,*,#1825,.T.);
#1972 = ORIENTED_EDGE('',*,*,#1639,.F.);
#1973 = ADVANCED_FACE('',(#1974),#1703,.T.);
#1974 = FACE_BOUND('',#1975,.F.);
#1975 = EDGE_LOOP('',(#1976,#1997,#1998,#2019));
#1976 = ORIENTED_EDGE('',*,*,#1977,.F.);
#1977 = EDGE_CURVE('',#1876,#1686,#1978,.T.);
#1978 = SURFACE_CURVE('',#1979,(#1983,#1990),.PCURVE_S1.);
#1979 = LINE('',#1980,#1981);
#1980 = CARTESIAN_POINT('',(2.13E+03,1.002E+03,333.));
#1981 = VECTOR('',#1982,1.);
#1982 = DIRECTION('',(-0.,-0.,1.));
#1983 = PCURVE('',#1703,#1984);
#1984 = DEFINITIONAL_REPRESENTATION('',(#1985),#1989);
#1985 = LINE('',#1986,#1987);
#1986 = CARTESIAN_POINT('',(-0.,26.));
#1987 = VECTOR('',#1988,1.);
#1988 = DIRECTION('',(-1.,0.));
#1989 = ( GEOMETRIC_REPRESENTATION_CONTEXT(2) 
PARAMETRIC_REPRESENTATION_CONTEXT() REPRESENTATION_CONTEXT('2D SPACE',''
  ) );
#1990 = PCURVE('',#1785,#1991);
#1991 = DEFINITIONAL_REPRESENTATION('',(#1992),#1996);
#1992 = LINE('',#1993,#1994);
#1993 = CARTESIAN_POINT('',(-0.,-0.));
#1994 = VECTOR('',#1995,1.);
#1995 = DIRECTION('',(-1.,-0.));
#1996 = ( GEOMETRIC_REPRESENTATION_CONTEXT(2) 
PARAMETRIC_REPRESENTATION_CONTEXT() REPRESENTATION_CONTEXT('2D SPACE',''
  ) );
#1997 = ORIENTED_EDGE('',*,*,#1875,.T.);
#1998 = ORIENTED_EDGE('',*,*,#1999,.T.);
#1999 = EDGE_CURVE('',#1878,#1688,#2000,.T.);
#2000 = SURFACE_CURVE('',#2001,(#2005,#2012),.PCURVE_S1.);
#2001 = LINE('',#2002,#2003);
#2002 = CARTESIAN_POINT('',(2.156E+03,1.002E+03,333.));
#2003 = VECTOR('',#2004,1.);
#2004 = DIRECTION('',(-0.,-0.,1.));
#2005 = PCURVE('',#1703,#2006);
#2006 = DEFINITIONAL_REPRESENTATION('',(#2007),#2011);
#2007 = LINE('',#2008,#2009);
#2008 = CARTESIAN_POINT('',(-0.,-0.));
#2009 = VECTOR('',#2010,1.);
#2010 = DIRECTION('',(-1.,0.));
#2011 = ( GEOMETRIC_REPRESENTATION_CONTEXT(2) 
PARAMETRIC_REPRESENTATION_CONTEXT() REPRESENTATION_CONTEXT('2D SPACE',''
  ) );
#2012 = PCURVE('',#1731,#2013);
#2013 = DEFINITIONAL_REPRESENTATION('',(#2014),#2018);
#2014 = LINE('',#2015,#2016);
#2015 = CARTESIAN_POINT('',(-0.,-0.));
#2016 = VECTOR('',#2017,1.);
#2017 = DIRECTION('',(-1.,-0.));
#2018 = ( GEOMETRIC_REPRESENTATION_CONTEXT(2) 
PARAMETRIC_REPRESENTATION_CONTEXT() REPRESENTATION_CONTEXT('2D SPACE',''
  ) );
#2019 = ORIENTED_EDGE('',*,*,#1685,.F.);
#2020 = ADVANCED_FACE('',(#2021),#1785,.F.);
#2021 = FACE_BOUND('',#2022,.T.);
#2022 = EDGE_LOOP('',(#2023,#2024,#2025,#2046));
#2023 = ORIENTED_EDGE('',*,*,#1977,.F.);
#2024 = ORIENTED_EDGE('',*,*,#1946,.T.);
#2025 = ORIENTED_EDGE('',*,*,#2026,.T.);
#2026 = EDGE_CURVE('',#1924,#1744,#2027,.T.);
#2027 = SURFACE_CURVE('',#2028,(#2032,#2039),.PCURVE_S1.);
#2028 = LINE('',#2029,#2030);
#2029 = CARTESIAN_POINT('',(2.13E+03,1.028E+03,333.));
#2030 = VECTOR('',#2031,1.);
#2031 = DIRECTION('',(-0.,-0.,1.));
#2032 = PCURVE('',#1785,#2033);
#2033 = DEFINITIONAL_REPRESENTATION('',(#2034),#2038);
#2034 = LINE('',#2035,#2036);
#2035 = CARTESIAN_POINT('',(-0.,-26.));
#2036 = VECTOR('',#2037,1.);
#2037 = DIRECTION('',(-1.,-0.));
#2038 = ( GEOMETRIC_REPRESENTATION_CONTEXT(2) 
PARAMETRIC_REPRESENTATION_CONTEXT() REPRESENTATION_CONTEXT('2D SPACE',''
  ) );
#2039 = PCURVE('',#1759,#2040);
#2040 = DEFINITIONAL_REPRESENTATION('',(#2041),#2045);
#2041 = LINE('',#2042,#2043);
#2042 = CARTESIAN_POINT('',(-0.,26.));
#2043 = VECTOR('',#2044,1.);
#2044 = DIRECTION('',(-1.,0.));
#2045 = ( GEOMETRIC_REPRESENTATION_CONTEXT(2) 
PARAMETRIC_REPRESENTATION_CONTEXT() REPRESENTATION_CONTEXT('2D SPACE',''
  ) );
#2046 = ORIENTED_EDGE('',*,*,#1771,.F.);
#2047 = ADVANCED_FACE('',(#2048),#1759,.F.);
#2048 = FACE_BOUND('',#2049,.T.);
#2049 = EDGE_LOOP('',(#2050,#2051,#2052,#2073));
#2050 = ORIENTED_EDGE('',*,*,#2026,.F.);
#2051 = ORIENTED_EDGE('',*,*,#1923,.T.);
#2052 = ORIENTED_EDGE('',*,*,#2053,.T.);
#2053 = EDGE_CURVE('',#1901,#1716,#2054,.T.);
#2054 = SURFACE_CURVE('',#2055,(#2059,#2066),.PCURVE_S1.);
#2055 = LINE('',#2056,#2057);
#2056 = CARTESIAN_POINT('',(2.156E+03,1.028E+03,333.));
#2057 = VECTOR('',#2058,1.);
#2058 = DIRECTION('',(-0.,-0.,1.));
#2059 = PCURVE('',#1759,#2060);
#2060 = DEFINITIONAL_REPRESENTATION('',(#2061),#2065);
#2061 = LINE('',#2062,#2063);
#2062 = CARTESIAN_POINT('',(-0.,-0.));
#2063 = VECTOR('',#2064,1.);
#2064 = DIRECTION('',(-1.,0.));
#2065 = ( GEOMETRIC_REPRESENTATION_CONTEXT(2) 
PARAMETRIC_REPRESENTATION_CONTEXT() REPRESENTATION_CONTEXT('2D SPACE',''
  ) );
#2066 = PCURVE('',#1731,#2067);
#2067 = DEFINITIONAL_REPRESENTATION('',(#2068),#2072);
#2068 = LINE('',#2069,#2070);
#2069 = CARTESIAN_POINT('',(-0.,-26.));
#2070 = VECTOR('',#2071,1.);
#2071 = DIRECTION('',(-1.,-0.));
#2072 = ( GEOMETRIC_REPRESENTATION_CONTEXT(2) 
PARAMETRIC_REPRESENTATION_CONTEXT() REPRESENTATION_CONTEXT('2D SPACE',''
  ) );
#2073 = ORIENTED_EDGE('',*,*,#1743,.F.);
#2074 = ADVANCED_FACE('',(#2075),#1731,.T.);
#2075 = FACE_BOUND('',#2076,.F.);
#2076 = EDGE_LOOP('',(#2077,#2078,#2079,#2080));
#2077 = ORIENTED_EDGE('',*,*,#1999,.F.);
#2078 = ORIENTED_EDGE('',*,*,#1900,.T.);
#2079 = ORIENTED_EDGE('',*,*,#2053,.T.);
#2080 = ORIENTED_EDGE('',*,*,#1715,.F.);
#2081 = ( GEOMETRIC_REPRESENTATION_CONTEXT(3) 
GLOBAL_UNCERTAINTY_ASSIGNED_CONTEXT((#2085)) 
GLOBAL_UNIT_ASSIGNED_CONTEXT((#2082,#2083,#2084)) REPRESENTATION_CONTEXT
('Context #1','3D Context with UNIT and UNCERTAINTY') );
#2082 = ( LENGTH_UNIT() NAMED_UNIT(*) SI_UNIT(.MILLI.,.METRE.) );
#2083 = ( NAMED_UNIT(*) PLANE_ANGLE_UNIT() SI_UNIT($,.RADIAN.) );
#2084 = ( NAMED_UNIT(*) SI_UNIT($,.STERADIAN.) SOLID_ANGLE_UNIT() );
#2085 = UNCERTAINTY_MEASURE_WITH_UNIT(LENGTH_MEASURE(1.E-07),#2082,
  'distance_accuracy_value','confusion accuracy');
#2086 = CONTEXT_DEPENDENT_SHAPE_REPRESENTATION(#2087,#2089);
#2087 = ( REPRESENTATION_RELATIONSHIP('','',#1434,#10) 
REPRESENTATION_RELATIONSHIP_WITH_TRANSFORMATION(#2088) 
SHAPE_REPRESENTATION_RELATIONSHIP() );
#2088 = ITEM_DEFINED_TRANSFORMATION('','',#11,#23);
#2089 = PRODUCT_DEFINITION_SHAPE('Placement','Placement of an item',
  #2090);
#2090 = NEXT_ASSEMBLY_USAGE_OCCURRENCE('319','','',#5,#1429,$);
#2091 = PRODUCT_RELATED_PRODUCT_CATEGORY('part',$,(#1431));
#2092 = SHAPE_DEFINITION_REPRESENTATION(#2093,#2099);
#2093 = PRODUCT_DEFINITION_SHAPE('','',#2094);
#2094 = PRODUCT_DEFINITION('design','',#2095,#2098);
#2095 = PRODUCT_DEFINITION_FORMATION('','',#2096);
#2096 = PRODUCT('Open CASCADE STEP translator 7.9 12.4',
  'Open CASCADE STEP translator 7.9 12.4','',(#2097));
#2097 = PRODUCT_CONTEXT('',#2,'mechanical');
#2098 = PRODUCT_DEFINITION_CONTEXT('part definition',#2,'design');
#2099 = ADVANCED_BREP_SHAPE_REPRESENTATION('',(#11,#2100),#2746);
#2100 = MANIFOLD_SOLID_BREP('',#2101);
#2101 = CLOSED_SHELL('',(#2102,#2222,#2298,#2461,#2510,#2631,#2638,#2685
    ,#2712,#2739));
#2102 = ADVANCED_FACE('',(#2103),#2117,.F.);
#2103 = FACE_BOUND('',#2104,.T.);
#2104 = EDGE_LOOP('',(#2105,#2140,#2168,#2196));
#2105 = ORIENTED_EDGE('',*,*,#2106,.F.);
#2106 = EDGE_CURVE('',#2107,#2109,#2111,.T.);
#2107 = VERTEX_POINT('',#2108);
#2108 = CARTESIAN_POINT('',(1.738E+03,1.E+03,334.));
#2109 = VERTEX_POINT('',#2110);
#2110 = CARTESIAN_POINT('',(1.738E+03,1.E+03,1.828E+03));
#2111 = SURFACE_CURVE('',#2112,(#2116,#2128),.PCURVE_S1.);
#2112 = LINE('',#2113,#2114);
#2113 = CARTESIAN_POINT('',(1.738E+03,1.E+03,334.));
#2114 = VECTOR('',#2115,1.);
#2115 = DIRECTION('',(-0.,-0.,1.));
#2116 = PCURVE('',#2117,#2122);
#2117 = PLANE('',#2118);
#2118 = AXIS2_PLACEMENT_3D('',#2119,#2120,#2121);
#2119 = CARTESIAN_POINT('',(1.738E+03,1.E+03,334.));
#2120 = DIRECTION('',(-1.,-0.,-0.));
#2121 = DIRECTION('',(0.,0.,-1.));
#2122 = DEFINITIONAL_REPRESENTATION('',(#2123),#2127);
#2123 = LINE('',#2124,#2125);
#2124 = CARTESIAN_POINT('',(-0.,-0.));
#2125 = VECTOR('',#2126,1.);
#2126 = DIRECTION('',(-1.,-0.));
#2127 = ( GEOMETRIC_REPRESENTATION_CONTEXT(2) 
PARAMETRIC_REPRESENTATION_CONTEXT() REPRESENTATION_CONTEXT('2D SPACE',''
  ) );
#2128 = PCURVE('',#2129,#2134);
#2129 = PLANE('',#2130);
#2130 = AXIS2_PLACEMENT_3D('',#2131,#2132,#2133);
#2131 = CARTESIAN_POINT('',(1.738E+03,1.E+03,334.));
#2132 = DIRECTION('',(-0.,1.,-0.));
#2133 = DIRECTION('',(0.,0.,-1.));
#2134 = DEFINITIONAL_REPRESENTATION('',(#2135),#2139);
#2135 = LINE('',#2136,#2137);
#2136 = CARTESIAN_POINT('',(-0.,-0.));
#2137 = VECTOR('',#2138,1.);
#2138 = DIRECTION('',(-1.,0.));
#2139 = ( GEOMETRIC_REPRESENTATION_CONTEXT(2) 
PARAMETRIC_REPRESENTATION_CONTEXT() REPRESENTATION_CONTEXT('2D SPACE',''
  ) );
#2140 = ORIENTED_EDGE('',*,*,#2141,.T.);
#2141 = EDGE_CURVE('',#2107,#2142,#2144,.T.);
#2142 = VERTEX_POINT('',#2143);
#2143 = CARTESIAN_POINT('',(1.738E+03,1.03E+03,334.));
#2144 = SURFACE_CURVE('',#2145,(#2149,#2156),.PCURVE_S1.);
#2145 = LINE('',#2146,#2147);
#2146 = CARTESIAN_POINT('',(1.738E+03,1.E+03,334.));
#2147 = VECTOR('',#2148,1.);
#2148 = DIRECTION('',(-0.,1.,-0.));
#2149 = PCURVE('',#2117,#2150);
#2150 = DEFINITIONAL_REPRESENTATION('',(#2151),#2155);
#2151 = LINE('',#2152,#2153);
#2152 = CARTESIAN_POINT('',(-0.,-0.));
#2153 = VECTOR('',#2154,1.);
#2154 = DIRECTION('',(-0.,-1.));
#2155 = ( GEOMETRIC_REPRESENTATION_CONTEXT(2) 
PARAMETRIC_REPRESENTATION_CONTEXT() REPRESENTATION_CONTEXT('2D SPACE',''
  ) );
#2156 = PCURVE('',#2157,#2162);
#2157 = PLANE('',#2158);
#2158 = AXIS2_PLACEMENT_3D('',#2159,#2160,#2161);
#2159 = CARTESIAN_POINT('',(1.738E+03,1.E+03,334.));
#2160 = DIRECTION('',(-0.,-0.,1.));
#2161 = DIRECTION('',(1.,0.,0.));
#2162 = DEFINITIONAL_REPRESENTATION('',(#2163),#2167);
#2163 = LINE('',#2164,#2165);
#2164 = CARTESIAN_POINT('',(0.,-0.));
#2165 = VECTOR('',#2166,1.);
#2166 = DIRECTION('',(-0.,1.));
#2167 = ( GEOMETRIC_REPRESENTATION_CONTEXT(2) 
PARAMETRIC_REPRESENTATION_CONTEXT() REPRESENTATION_CONTEXT('2D SPACE',''
  ) );
#2168 = ORIENTED_EDGE('',*,*,#2169,.T.);
#2169 = EDGE_CURVE('',#2142,#2170,#2172,.T.);
#2170 = VERTEX_POINT('',#2171);
#2171 = CARTESIAN_POINT('',(1.738E+03,1.03E+03,1.828E+03));
#2172 = SURFACE_CURVE('',#2173,(#2177,#2184),.PCURVE_S1.);
#2173 = LINE('',#2174,#2175);
#2174 = CARTESIAN_POINT('',(1.738E+03,1.03E+03,334.));
#2175 = VECTOR('',#2176,1.);
#2176 = DIRECTION('',(-0.,-0.,1.));
#2177 = PCURVE('',#2117,#2178);
#2178 = DEFINITIONAL_REPRESENTATION('',(#2179),#2183);
#2179 = LINE('',#2180,#2181);
#2180 = CARTESIAN_POINT('',(-0.,-30.));
#2181 = VECTOR('',#2182,1.);
#2182 = DIRECTION('',(-1.,-0.));
#2183 = ( GEOMETRIC_REPRESENTATION_CONTEXT(2) 
PARAMETRIC_REPRESENTATION_CONTEXT() REPRESENTATION_CONTEXT('2D SPACE',''
  ) );
#2184 = PCURVE('',#2185,#2190);
#2185 = PLANE('',#2186);
#2186 = AXIS2_PLACEMENT_3D('',#2187,#2188,#2189);
#2187 = CARTESIAN_POINT('',(1.738E+03,1.03E+03,334.));
#2188 = DIRECTION('',(-0.,1.,-0.));
#2189 = DIRECTION('',(0.,0.,-1.));
#2190 = DEFINITIONAL_REPRESENTATION('',(#2191),#2195);
#2191 = LINE('',#2192,#2193);
#2192 = CARTESIAN_POINT('',(-0.,-0.));
#2193 = VECTOR('',#2194,1.);
#2194 = DIRECTION('',(-1.,0.));
#2195 = ( GEOMETRIC_REPRESENTATION_CONTEXT(2) 
PARAMETRIC_REPRESENTATION_CONTEXT() REPRESENTATION_CONTEXT('2D SPACE',''
  ) );
#2196 = ORIENTED_EDGE('',*,*,#2197,.F.);
#2197 = EDGE_CURVE('',#2109,#2170,#2198,.T.);
#2198 = SURFACE_CURVE('',#2199,(#2203,#2210),.PCURVE_S1.);
#2199 = LINE('',#2200,#2201);
#2200 = CARTESIAN_POINT('',(1.738E+03,1.E+03,1.828E+03));
#2201 = VECTOR('',#2202,1.);
#2202 = DIRECTION('',(-0.,1.,-0.));
#2203 = PCURVE('',#2117,#2204);
#2204 = DEFINITIONAL_REPRESENTATION('',(#2205),#2209);
#2205 = LINE('',#2206,#2207);
#2206 = CARTESIAN_POINT('',(-1.494E+03,-0.));
#2207 = VECTOR('',#2208,1.);
#2208 = DIRECTION('',(-0.,-1.));
#2209 = ( GEOMETRIC_REPRESENTATION_CONTEXT(2) 
PARAMETRIC_REPRESENTATION_CONTEXT() REPRESENTATION_CONTEXT('2D SPACE',''
  ) );
#2210 = PCURVE('',#2211,#2216);
#2211 = PLANE('',#2212);
#2212 = AXIS2_PLACEMENT_3D('',#2213,#2214,#2215);
#2213 = CARTESIAN_POINT('',(1.738E+03,1.E+03,1.828E+03));
#2214 = DIRECTION('',(-0.,-0.,1.));
#2215 = DIRECTION('',(1.,0.,0.));
#2216 = DEFINITIONAL_REPRESENTATION('',(#2217),#2221);
#2217 = LINE('',#2218,#2219);
#2218 = CARTESIAN_POINT('',(0.,-0.));
#2219 = VECTOR('',#2220,1.);
#2220 = DIRECTION('',(-0.,1.));
#2221 = ( GEOMETRIC_REPRESENTATION_CONTEXT(2) 
PARAMETRIC_REPRESENTATION_CONTEXT() REPRESENTATION_CONTEXT('2D SPACE',''
  ) );
#2222 = ADVANCED_FACE('',(#2223),#2129,.F.);
#2223 = FACE_BOUND('',#2224,.T.);
#2224 = EDGE_LOOP('',(#2225,#2248,#2249,#2272));
#2225 = ORIENTED_EDGE('',*,*,#2226,.F.);
#2226 = EDGE_CURVE('',#2107,#2227,#2229,.T.);
#2227 = VERTEX_POINT('',#2228);
#2228 = CARTESIAN_POINT('',(1.708E+03,1.E+03,334.));
#2229 = SURFACE_CURVE('',#2230,(#2234,#2241),.PCURVE_S1.);
#2230 = LINE('',#2231,#2232);
#2231 = CARTESIAN_POINT('',(1.738E+03,1.E+03,334.));
#2232 = VECTOR('',#2233,1.);
#2233 = DIRECTION('',(-1.,-0.,-0.));
#2234 = PCURVE('',#2129,#2235);
#2235 = DEFINITIONAL_REPRESENTATION('',(#2236),#2240);
#2236 = LINE('',#2237,#2238);
#2237 = CARTESIAN_POINT('',(-0.,-0.));
#2238 = VECTOR('',#2239,1.);
#2239 = DIRECTION('',(-0.,1.));
#2240 = ( GEOMETRIC_REPRESENTATION_CONTEXT(2) 
PARAMETRIC_REPRESENTATION_CONTEXT() REPRESENTATION_CONTEXT('2D SPACE',''
  ) );
#2241 = PCURVE('',#2157,#2242);
#2242 = DEFINITIONAL_REPRESENTATION('',(#2243),#2247);
#2243 = LINE('',#2244,#2245);
#2244 = CARTESIAN_POINT('',(0.,-0.));
#2245 = VECTOR('',#2246,1.);
#2246 = DIRECTION('',(-1.,0.));
#2247 = ( GEOMETRIC_REPRESENTATION_CONTEXT(2) 
PARAMETRIC_REPRESENTATION_CONTEXT() REPRESENTATION_CONTEXT('2D SPACE',''
  ) );
#2248 = ORIENTED_EDGE('',*,*,#2106,.T.);
#2249 = ORIENTED_EDGE('',*,*,#2250,.T.);
#2250 = EDGE_CURVE('',#2109,#2251,#2253,.T.);
#2251 = VERTEX_POINT('',#2252);
#2252 = CARTESIAN_POINT('',(1.708E+03,1.E+03,1.828E+03));
#2253 = SURFACE_CURVE('',#2254,(#2258,#2265),.PCURVE_S1.);
#2254 = LINE('',#2255,#2256);
#2255 = CARTESIAN_POINT('',(1.738E+03,1.E+03,1.828E+03));
#2256 = VECTOR('',#2257,1.);
#2257 = DIRECTION('',(-1.,-0.,-0.));
#2258 = PCURVE('',#2129,#2259);
#2259 = DEFINITIONAL_REPRESENTATION('',(#2260),#2264);
#2260 = LINE('',#2261,#2262);
#2261 = CARTESIAN_POINT('',(-1.494E+03,-0.));
#2262 = VECTOR('',#2263,1.);
#2263 = DIRECTION('',(-0.,1.));
#2264 = ( GEOMETRIC_REPRESENTATION_CONTEXT(2) 
PARAMETRIC_REPRESENTATION_CONTEXT() REPRESENTATION_CONTEXT('2D SPACE',''
  ) );
#2265 = PCURVE('',#2211,#2266);
#2266 = DEFINITIONAL_REPRESENTATION('',(#2267),#2271);
#2267 = LINE('',#2268,#2269);
#2268 = CARTESIAN_POINT('',(0.,-0.));
#2269 = VECTOR('',#2270,1.);
#2270 = DIRECTION('',(-1.,0.));
#2271 = ( GEOMETRIC_REPRESENTATION_CONTEXT(2) 
PARAMETRIC_REPRESENTATION_CONTEXT() REPRESENTATION_CONTEXT('2D SPACE',''
  ) );
#2272 = ORIENTED_EDGE('',*,*,#2273,.F.);
#2273 = EDGE_CURVE('',#2227,#2251,#2274,.T.);
#2274 = SURFACE_CURVE('',#2275,(#2279,#2286),.PCURVE_S1.);
#2275 = LINE('',#2276,#2277);
#2276 = CARTESIAN_POINT('',(1.708E+03,1.E+03,334.));
#2277 = VECTOR('',#2278,1.);
#2278 = DIRECTION('',(-0.,-0.,1.));
#2279 = PCURVE('',#2129,#2280);
#2280 = DEFINITIONAL_REPRESENTATION('',(#2281),#2285);
#2281 = LINE('',#2282,#2283);
#2282 = CARTESIAN_POINT('',(-0.,30.));
#2283 = VECTOR('',#2284,1.);
#2284 = DIRECTION('',(-1.,0.));
#2285 = ( GEOMETRIC_REPRESENTATION_CONTEXT(2) 
PARAMETRIC_REPRESENTATION_CONTEXT() REPRESENTATION_CONTEXT('2D SPACE',''
  ) );
#2286 = PCURVE('',#2287,#2292);
#2287 = PLANE('',#2288);
#2288 = AXIS2_PLACEMENT_3D('',#2289,#2290,#2291);
#2289 = CARTESIAN_POINT('',(1.708E+03,1.E+03,334.));
#2290 = DIRECTION('',(-1.,-0.,-0.));
#2291 = DIRECTION('',(0.,0.,-1.));
#2292 = DEFINITIONAL_REPRESENTATION('',(#2293),#2297);
#2293 = LINE('',#2294,#2295);
#2294 = CARTESIAN_POINT('',(-0.,-0.));
#2295 = VECTOR('',#2296,1.);
#2296 = DIRECTION('',(-1.,-0.));
#2297 = ( GEOMETRIC_REPRESENTATION_CONTEXT(2) 
PARAMETRIC_REPRESENTATION_CONTEXT() REPRESENTATION_CONTEXT('2D SPACE',''
  ) );
#2298 = ADVANCED_FACE('',(#2299,#2347),#2211,.T.);
#2299 = FACE_BOUND('',#2300,.F.);
#2300 = EDGE_LOOP('',(#2301,#2302,#2303,#2326));
#2301 = ORIENTED_EDGE('',*,*,#2197,.F.);
#2302 = ORIENTED_EDGE('',*,*,#2250,.T.);
#2303 = ORIENTED_EDGE('',*,*,#2304,.T.);
#2304 = EDGE_CURVE('',#2251,#2305,#2307,.T.);
#2305 = VERTEX_POINT('',#2306);
#2306 = CARTESIAN_POINT('',(1.708E+03,1.03E+03,1.828E+03));
#2307 = SURFACE_CURVE('',#2308,(#2312,#2319),.PCURVE_S1.);
#2308 = LINE('',#2309,#2310);
#2309 = CARTESIAN_POINT('',(1.708E+03,1.E+03,1.828E+03));
#2310 = VECTOR('',#2311,1.);
#2311 = DIRECTION('',(-0.,1.,-0.));
#2312 = PCURVE('',#2211,#2313);
#2313 = DEFINITIONAL_REPRESENTATION('',(#2314),#2318);
#2314 = LINE('',#2315,#2316);
#2315 = CARTESIAN_POINT('',(-30.,0.));
#2316 = VECTOR('',#2317,1.);
#2317 = DIRECTION('',(-0.,1.));
#2318 = ( GEOMETRIC_REPRESENTATION_CONTEXT(2) 
PARAMETRIC_REPRESENTATION_CONTEXT() REPRESENTATION_CONTEXT('2D SPACE',''
  ) );
#2319 = PCURVE('',#2287,#2320);
#2320 = DEFINITIONAL_REPRESENTATION('',(#2321),#2325);
#2321 = LINE('',#2322,#2323);
#2322 = CARTESIAN_POINT('',(-1.494E+03,-0.));
#2323 = VECTOR('',#2324,1.);
#2324 = DIRECTION('',(-0.,-1.));
#2325 = ( GEOMETRIC_REPRESENTATION_CONTEXT(2) 
PARAMETRIC_REPRESENTATION_CONTEXT() REPRESENTATION_CONTEXT('2D SPACE',''
  ) );
#2326 = ORIENTED_EDGE('',*,*,#2327,.F.);
#2327 = EDGE_CURVE('',#2170,#2305,#2328,.T.);
#2328 = SURFACE_CURVE('',#2329,(#2333,#2340),.PCURVE_S1.);
#2329 = LINE('',#2330,#2331);
#2330 = CARTESIAN_POINT('',(1.738E+03,1.03E+03,1.828E+03));
#2331 = VECTOR('',#2332,1.);
#2332 = DIRECTION('',(-1.,-0.,-0.));
#2333 = PCURVE('',#2211,#2334);
#2334 = DEFINITIONAL_REPRESENTATION('',(#2335),#2339);
#2335 = LINE('',#2336,#2337);
#2336 = CARTESIAN_POINT('',(0.,30.));
#2337 = VECTOR('',#2338,1.);
#2338 = DIRECTION('',(-1.,0.));
#2339 = ( GEOMETRIC_REPRESENTATION_CONTEXT(2) 
PARAMETRIC_REPRESENTATION_CONTEXT() REPRESENTATION_CONTEXT('2D SPACE',''
  ) );
#2340 = PCURVE('',#2185,#2341);
#2341 = DEFINITIONAL_REPRESENTATION('',(#2342),#2346);
#2342 = LINE('',#2343,#2344);
#2343 = CARTESIAN_POINT('',(-1.494E+03,-0.));
#2344 = VECTOR('',#2345,1.);
#2345 = DIRECTION('',(-0.,1.));
#2346 = ( GEOMETRIC_REPRESENTATION_CONTEXT(2) 
PARAMETRIC_REPRESENTATION_CONTEXT() REPRESENTATION_CONTEXT('2D SPACE',''
  ) );
#2347 = FACE_BOUND('',#2348,.F.);
#2348 = EDGE_LOOP('',(#2349,#2379,#2407,#2435));
#2349 = ORIENTED_EDGE('',*,*,#2350,.T.);
#2350 = EDGE_CURVE('',#2351,#2353,#2355,.T.);
#2351 = VERTEX_POINT('',#2352);
#2352 = CARTESIAN_POINT('',(1.71E+03,1.002E+03,1.828E+03));
#2353 = VERTEX_POINT('',#2354);
#2354 = CARTESIAN_POINT('',(1.736E+03,1.002E+03,1.828E+03));
#2355 = SURFACE_CURVE('',#2356,(#2360,#2367),.PCURVE_S1.);
#2356 = LINE('',#2357,#2358);
#2357 = CARTESIAN_POINT('',(1.737E+03,1.002E+03,1.828E+03));
#2358 = VECTOR('',#2359,1.);
#2359 = DIRECTION('',(1.,-0.,0.));
#2360 = PCURVE('',#2211,#2361);
#2361 = DEFINITIONAL_REPRESENTATION('',(#2362),#2366);
#2362 = LINE('',#2363,#2364);
#2363 = CARTESIAN_POINT('',(-1.,2.));
#2364 = VECTOR('',#2365,1.);
#2365 = DIRECTION('',(1.,-0.));
#2366 = ( GEOMETRIC_REPRESENTATION_CONTEXT(2) 
PARAMETRIC_REPRESENTATION_CONTEXT() REPRESENTATION_CONTEXT('2D SPACE',''
  ) );
#2367 = PCURVE('',#2368,#2373);
#2368 = PLANE('',#2369);
#2369 = AXIS2_PLACEMENT_3D('',#2370,#2371,#2372);
#2370 = CARTESIAN_POINT('',(1.736E+03,1.002E+03,333.));
#2371 = DIRECTION('',(-0.,1.,-0.));
#2372 = DIRECTION('',(0.,0.,-1.));
#2373 = DEFINITIONAL_REPRESENTATION('',(#2374),#2378);
#2374 = LINE('',#2375,#2376);
#2375 = CARTESIAN_POINT('',(-1.495E+03,-1.));
#2376 = VECTOR('',#2377,1.);
#2377 = DIRECTION('',(-0.,-1.));
#2378 = ( GEOMETRIC_REPRESENTATION_CONTEXT(2) 
PARAMETRIC_REPRESENTATION_CONTEXT() REPRESENTATION_CONTEXT('2D SPACE',''
  ) );
#2379 = ORIENTED_EDGE('',*,*,#2380,.T.);
#2380 = EDGE_CURVE('',#2353,#2381,#2383,.T.);
#2381 = VERTEX_POINT('',#2382);
#2382 = CARTESIAN_POINT('',(1.736E+03,1.028E+03,1.828E+03));
#2383 = SURFACE_CURVE('',#2384,(#2388,#2395),.PCURVE_S1.);
#2384 = LINE('',#2385,#2386);
#2385 = CARTESIAN_POINT('',(1.736E+03,1.001E+03,1.828E+03));
#2386 = VECTOR('',#2387,1.);
#2387 = DIRECTION('',(-0.,1.,-0.));
#2388 = PCURVE('',#2211,#2389);
#2389 = DEFINITIONAL_REPRESENTATION('',(#2390),#2394);
#2390 = LINE('',#2391,#2392);
#2391 = CARTESIAN_POINT('',(-2.,1.));
#2392 = VECTOR('',#2393,1.);
#2393 = DIRECTION('',(-0.,1.));
#2394 = ( GEOMETRIC_REPRESENTATION_CONTEXT(2) 
PARAMETRIC_REPRESENTATION_CONTEXT() REPRESENTATION_CONTEXT('2D SPACE',''
  ) );
#2395 = PCURVE('',#2396,#2401);
#2396 = PLANE('',#2397);
#2397 = AXIS2_PLACEMENT_3D('',#2398,#2399,#2400);
#2398 = CARTESIAN_POINT('',(1.736E+03,1.002E+03,333.));
#2399 = DIRECTION('',(-1.,-0.,-0.));
#2400 = DIRECTION('',(0.,0.,-1.));
#2401 = DEFINITIONAL_REPRESENTATION('',(#2402),#2406);
#2402 = LINE('',#2403,#2404);
#2403 = CARTESIAN_POINT('',(-1.495E+03,1.));
#2404 = VECTOR('',#2405,1.);
#2405 = DIRECTION('',(-0.,-1.));
#2406 = ( GEOMETRIC_REPRESENTATION_CONTEXT(2) 
PARAMETRIC_REPRESENTATION_CONTEXT() REPRESENTATION_CONTEXT('2D SPACE',''
  ) );
#2407 = ORIENTED_EDGE('',*,*,#2408,.F.);
#2408 = EDGE_CURVE('',#2409,#2381,#2411,.T.);
#2409 = VERTEX_POINT('',#2410);
#2410 = CARTESIAN_POINT('',(1.71E+03,1.028E+03,1.828E+03));
#2411 = SURFACE_CURVE('',#2412,(#2416,#2423),.PCURVE_S1.);
#2412 = LINE('',#2413,#2414);
#2413 = CARTESIAN_POINT('',(1.737E+03,1.028E+03,1.828E+03));
#2414 = VECTOR('',#2415,1.);
#2415 = DIRECTION('',(1.,-0.,0.));
#2416 = PCURVE('',#2211,#2417);
#2417 = DEFINITIONAL_REPRESENTATION('',(#2418),#2422);
#2418 = LINE('',#2419,#2420);
#2419 = CARTESIAN_POINT('',(-1.,28.));
#2420 = VECTOR('',#2421,1.);
#2421 = DIRECTION('',(1.,-0.));
#2422 = ( GEOMETRIC_REPRESENTATION_CONTEXT(2) 
PARAMETRIC_REPRESENTATION_CONTEXT() REPRESENTATION_CONTEXT('2D SPACE',''
  ) );
#2423 = PCURVE('',#2424,#2429);
#2424 = PLANE('',#2425);
#2425 = AXIS2_PLACEMENT_3D('',#2426,#2427,#2428);
#2426 = CARTESIAN_POINT('',(1.736E+03,1.028E+03,333.));
#2427 = DIRECTION('',(-0.,1.,-0.));
#2428 = DIRECTION('',(0.,0.,-1.));
#2429 = DEFINITIONAL_REPRESENTATION('',(#2430),#2434);
#2430 = LINE('',#2431,#2432);
#2431 = CARTESIAN_POINT('',(-1.495E+03,-1.));
#2432 = VECTOR('',#2433,1.);
#2433 = DIRECTION('',(-0.,-1.));
#2434 = ( GEOMETRIC_REPRESENTATION_CONTEXT(2) 
PARAMETRIC_REPRESENTATION_CONTEXT() REPRESENTATION_CONTEXT('2D SPACE',''
  ) );
#2435 = ORIENTED_EDGE('',*,*,#2436,.F.);
#2436 = EDGE_CURVE('',#2351,#2409,#2437,.T.);
#2437 = SURFACE_CURVE('',#2438,(#2442,#2449),.PCURVE_S1.);
#2438 = LINE('',#2439,#2440);
#2439 = CARTESIAN_POINT('',(1.71E+03,1.001E+03,1.828E+03));
#2440 = VECTOR('',#2441,1.);
#2441 = DIRECTION('',(-0.,1.,-0.));
#2442 = PCURVE('',#2211,#2443);
#2443 = DEFINITIONAL_REPRESENTATION('',(#2444),#2448);
#2444 = LINE('',#2445,#2446);
#2445 = CARTESIAN_POINT('',(-28.,1.));
#2446 = VECTOR('',#2447,1.);
#2447 = DIRECTION('',(-0.,1.));
#2448 = ( GEOMETRIC_REPRESENTATION_CONTEXT(2) 
PARAMETRIC_REPRESENTATION_CONTEXT() REPRESENTATION_CONTEXT('2D SPACE',''
  ) );
#2449 = PCURVE('',#2450,#2455);
#2450 = PLANE('',#2451);
#2451 = AXIS2_PLACEMENT_3D('',#2452,#2453,#2454);
#2452 = CARTESIAN_POINT('',(1.71E+03,1.002E+03,333.));
#2453 = DIRECTION('',(-1.,-0.,-0.));
#2454 = DIRECTION('',(0.,0.,-1.));
#2455 = DEFINITIONAL_REPRESENTATION('',(#2456),#2460);
#2456 = LINE('',#2457,#2458);
#2457 = CARTESIAN_POINT('',(-1.495E+03,1.));
#2458 = VECTOR('',#2459,1.);
#2459 = DIRECTION('',(-0.,-1.));
#2460 = ( GEOMETRIC_REPRESENTATION_CONTEXT(2) 
PARAMETRIC_REPRESENTATION_CONTEXT() REPRESENTATION_CONTEXT('2D SPACE',''
  ) );
#2461 = ADVANCED_FACE('',(#2462),#2185,.T.);
#2462 = FACE_BOUND('',#2463,.F.);
#2463 = EDGE_LOOP('',(#2464,#2487,#2488,#2489));
#2464 = ORIENTED_EDGE('',*,*,#2465,.F.);
#2465 = EDGE_CURVE('',#2142,#2466,#2468,.T.);
#2466 = VERTEX_POINT('',#2467);
#2467 = CARTESIAN_POINT('',(1.708E+03,1.03E+03,334.));
#2468 = SURFACE_CURVE('',#2469,(#2473,#2480),.PCURVE_S1.);
#2469 = LINE('',#2470,#2471);
#2470 = CARTESIAN_POINT('',(1.738E+03,1.03E+03,334.));
#2471 = VECTOR('',#2472,1.);
#2472 = DIRECTION('',(-1.,-0.,-0.));
#2473 = PCURVE('',#2185,#2474);
#2474 = DEFINITIONAL_REPRESENTATION('',(#2475),#2479);
#2475 = LINE('',#2476,#2477);
#2476 = CARTESIAN_POINT('',(-0.,-0.));
#2477 = VECTOR('',#2478,1.);
#2478 = DIRECTION('',(-0.,1.));
#2479 = ( GEOMETRIC_REPRESENTATION_CONTEXT(2) 
PARAMETRIC_REPRESENTATION_CONTEXT() REPRESENTATION_CONTEXT('2D SPACE',''
  ) );
#2480 = PCURVE('',#2157,#2481);
#2481 = DEFINITIONAL_REPRESENTATION('',(#2482),#2486);
#2482 = LINE('',#2483,#2484);
#2483 = CARTESIAN_POINT('',(0.,30.));
#2484 = VECTOR('',#2485,1.);
#2485 = DIRECTION('',(-1.,0.));
#2486 = ( GEOMETRIC_REPRESENTATION_CONTEXT(2) 
PARAMETRIC_REPRESENTATION_CONTEXT() REPRESENTATION_CONTEXT('2D SPACE',''
  ) );
#2487 = ORIENTED_EDGE('',*,*,#2169,.T.);
#2488 = ORIENTED_EDGE('',*,*,#2327,.T.);
#2489 = ORIENTED_EDGE('',*,*,#2490,.F.);
#2490 = EDGE_CURVE('',#2466,#2305,#2491,.T.);
#2491 = SURFACE_CURVE('',#2492,(#2496,#2503),.PCURVE_S1.);
#2492 = LINE('',#2493,#2494);
#2493 = CARTESIAN_POINT('',(1.708E+03,1.03E+03,334.));
#2494 = VECTOR('',#2495,1.);
#2495 = DIRECTION('',(-0.,-0.,1.));
#2496 = PCURVE('',#2185,#2497);
#2497 = DEFINITIONAL_REPRESENTATION('',(#2498),#2502);
#2498 = LINE('',#2499,#2500);
#2499 = CARTESIAN_POINT('',(-0.,30.));
#2500 = VECTOR('',#2501,1.);
#2501 = DIRECTION('',(-1.,0.));
#2502 = ( GEOMETRIC_REPRESENTATION_CONTEXT(2) 
PARAMETRIC_REPRESENTATION_CONTEXT() REPRESENTATION_CONTEXT('2D SPACE',''
  ) );
#2503 = PCURVE('',#2287,#2504);
#2504 = DEFINITIONAL_REPRESENTATION('',(#2505),#2509);
#2505 = LINE('',#2506,#2507);
#2506 = CARTESIAN_POINT('',(-0.,-30.));
#2507 = VECTOR('',#2508,1.);
#2508 = DIRECTION('',(-1.,-0.));
#2509 = ( GEOMETRIC_REPRESENTATION_CONTEXT(2) 
PARAMETRIC_REPRESENTATION_CONTEXT() REPRESENTATION_CONTEXT('2D SPACE',''
  ) );
#2510 = ADVANCED_FACE('',(#2511,#2537),#2157,.F.);
#2511 = FACE_BOUND('',#2512,.T.);
#2512 = EDGE_LOOP('',(#2513,#2514,#2515,#2536));
#2513 = ORIENTED_EDGE('',*,*,#2141,.F.);
#2514 = ORIENTED_EDGE('',*,*,#2226,.T.);
#2515 = ORIENTED_EDGE('',*,*,#2516,.T.);
#2516 = EDGE_CURVE('',#2227,#2466,#2517,.T.);
#2517 = SURFACE_CURVE('',#2518,(#2522,#2529),.PCURVE_S1.);
#2518 = LINE('',#2519,#2520);
#2519 = CARTESIAN_POINT('',(1.708E+03,1.E+03,334.));
#2520 = VECTOR('',#2521,1.);
#2521 = DIRECTION('',(-0.,1.,-0.));
#2522 = PCURVE('',#2157,#2523);
#2523 = DEFINITIONAL_REPRESENTATION('',(#2524),#2528);
#2524 = LINE('',#2525,#2526);
#2525 = CARTESIAN_POINT('',(-30.,0.));
#2526 = VECTOR('',#2527,1.);
#2527 = DIRECTION('',(-0.,1.));
#2528 = ( GEOMETRIC_REPRESENTATION_CONTEXT(2) 
PARAMETRIC_REPRESENTATION_CONTEXT() REPRESENTATION_CONTEXT('2D SPACE',''
  ) );
#2529 = PCURVE('',#2287,#2530);
#2530 = DEFINITIONAL_REPRESENTATION('',(#2531),#2535);
#2531 = LINE('',#2532,#2533);
#2532 = CARTESIAN_POINT('',(-0.,-0.));
#2533 = VECTOR('',#2534,1.);
#2534 = DIRECTION('',(-0.,-1.));
#2535 = ( GEOMETRIC_REPRESENTATION_CONTEXT(2) 
PARAMETRIC_REPRESENTATION_CONTEXT() REPRESENTATION_CONTEXT('2D SPACE',''
  ) );
#2536 = ORIENTED_EDGE('',*,*,#2465,.F.);
#2537 = FACE_BOUND('',#2538,.T.);
#2538 = EDGE_LOOP('',(#2539,#2564,#2587,#2610));
#2539 = ORIENTED_EDGE('',*,*,#2540,.T.);
#2540 = EDGE_CURVE('',#2541,#2543,#2545,.T.);
#2541 = VERTEX_POINT('',#2542);
#2542 = CARTESIAN_POINT('',(1.71E+03,1.002E+03,334.));
#2543 = VERTEX_POINT('',#2544);
#2544 = CARTESIAN_POINT('',(1.736E+03,1.002E+03,334.));
#2545 = SURFACE_CURVE('',#2546,(#2550,#2557),.PCURVE_S1.);
#2546 = LINE('',#2547,#2548);
#2547 = CARTESIAN_POINT('',(1.737E+03,1.002E+03,334.));
#2548 = VECTOR('',#2549,1.);
#2549 = DIRECTION('',(1.,-0.,0.));
#2550 = PCURVE('',#2157,#2551);
#2551 = DEFINITIONAL_REPRESENTATION('',(#2552),#2556);
#2552 = LINE('',#2553,#2554);
#2553 = CARTESIAN_POINT('',(-1.,2.));
#2554 = VECTOR('',#2555,1.);
#2555 = DIRECTION('',(1.,-0.));
#2556 = ( GEOMETRIC_REPRESENTATION_CONTEXT(2) 
PARAMETRIC_REPRESENTATION_CONTEXT() REPRESENTATION_CONTEXT('2D SPACE',''
  ) );
#2557 = PCURVE('',#2368,#2558);
#2558 = DEFINITIONAL_REPRESENTATION('',(#2559),#2563);
#2559 = LINE('',#2560,#2561);
#2560 = CARTESIAN_POINT('',(-1.,-1.));
#2561 = VECTOR('',#2562,1.);
#2562 = DIRECTION('',(-0.,-1.));
#2563 = ( GEOMETRIC_REPRESENTATION_CONTEXT(2) 
PARAMETRIC_REPRESENTATION_CONTEXT() REPRESENTATION_CONTEXT('2D SPACE',''
  ) );
#2564 = ORIENTED_EDGE('',*,*,#2565,.T.);
#2565 = EDGE_CURVE('',#2543,#2566,#2568,.T.);
#2566 = VERTEX_POINT('',#2567);
#2567 = CARTESIAN_POINT('',(1.736E+03,1.028E+03,334.));
#2568 = SURFACE_CURVE('',#2569,(#2573,#2580),.PCURVE_S1.);
#2569 = LINE('',#2570,#2571);
#2570 = CARTESIAN_POINT('',(1.736E+03,1.001E+03,334.));
#2571 = VECTOR('',#2572,1.);
#2572 = DIRECTION('',(-0.,1.,-0.));
#2573 = PCURVE('',#2157,#2574);
#2574 = DEFINITIONAL_REPRESENTATION('',(#2575),#2579);
#2575 = LINE('',#2576,#2577);
#2576 = CARTESIAN_POINT('',(-2.,1.));
#2577 = VECTOR('',#2578,1.);
#2578 = DIRECTION('',(-0.,1.));
#2579 = ( GEOMETRIC_REPRESENTATION_CONTEXT(2) 
PARAMETRIC_REPRESENTATION_CONTEXT() REPRESENTATION_CONTEXT('2D SPACE',''
  ) );
#2580 = PCURVE('',#2396,#2581);
#2581 = DEFINITIONAL_REPRESENTATION('',(#2582),#2586);
#2582 = LINE('',#2583,#2584);
#2583 = CARTESIAN_POINT('',(-1.,1.));
#2584 = VECTOR('',#2585,1.);
#2585 = DIRECTION('',(-0.,-1.));
#2586 = ( GEOMETRIC_REPRESENTATION_CONTEXT(2) 
PARAMETRIC_REPRESENTATION_CONTEXT() REPRESENTATION_CONTEXT('2D SPACE',''
  ) );
#2587 = ORIENTED_EDGE('',*,*,#2588,.F.);
#2588 = EDGE_CURVE('',#2589,#2566,#2591,.T.);
#2589 = VERTEX_POINT('',#2590);
#2590 = CARTESIAN_POINT('',(1.71E+03,1.028E+03,334.));
#2591 = SURFACE_CURVE('',#2592,(#2596,#2603),.PCURVE_S1.);
#2592 = LINE('',#2593,#2594);
#2593 = CARTESIAN_POINT('',(1.737E+03,1.028E+03,334.));
#2594 = VECTOR('',#2595,1.);
#2595 = DIRECTION('',(1.,-0.,0.));
#2596 = PCURVE('',#2157,#2597);
#2597 = DEFINITIONAL_REPRESENTATION('',(#2598),#2602);
#2598 = LINE('',#2599,#2600);
#2599 = CARTESIAN_POINT('',(-1.,28.));
#2600 = VECTOR('',#2601,1.);
#2601 = DIRECTION('',(1.,-0.));
#2602 = ( GEOMETRIC_REPRESENTATION_CONTEXT(2) 
PARAMETRIC_REPRESENTATION_CONTEXT() REPRESENTATION_CONTEXT('2D SPACE',''
  ) );
#2603 = PCURVE('',#2424,#2604);
#2604 = DEFINITIONAL_REPRESENTATION('',(#2605),#2609);
#2605 = LINE('',#2606,#2607);
#2606 = CARTESIAN_POINT('',(-1.,-1.));
#2607 = VECTOR('',#2608,1.);
#2608 = DIRECTION('',(-0.,-1.));
#2609 = ( GEOMETRIC_REPRESENTATION_CONTEXT(2) 
PARAMETRIC_REPRESENTATION_CONTEXT() REPRESENTATION_CONTEXT('2D SPACE',''
  ) );
#2610 = ORIENTED_EDGE('',*,*,#2611,.F.);
#2611 = EDGE_CURVE('',#2541,#2589,#2612,.T.);
#2612 = SURFACE_CURVE('',#2613,(#2617,#2624),.PCURVE_S1.);
#2613 = LINE('',#2614,#2615);
#2614 = CARTESIAN_POINT('',(1.71E+03,1.001E+03,334.));
#2615 = VECTOR('',#2616,1.);
#2616 = DIRECTION('',(-0.,1.,-0.));
#2617 = PCURVE('',#2157,#2618);
#2618 = DEFINITIONAL_REPRESENTATION('',(#2619),#2623);
#2619 = LINE('',#2620,#2621);
#2620 = CARTESIAN_POINT('',(-28.,1.));
#2621 = VECTOR('',#2622,1.);
#2622 = DIRECTION('',(-0.,1.));
#2623 = ( GEOMETRIC_REPRESENTATION_CONTEXT(2) 
PARAMETRIC_REPRESENTATION_CONTEXT() REPRESENTATION_CONTEXT('2D SPACE',''
  ) );
#2624 = PCURVE('',#2450,#2625);
#2625 = DEFINITIONAL_REPRESENTATION('',(#2626),#2630);
#2626 = LINE('',#2627,#2628);
#2627 = CARTESIAN_POINT('',(-1.,1.));
#2628 = VECTOR('',#2629,1.);
#2629 = DIRECTION('',(-0.,-1.));
#2630 = ( GEOMETRIC_REPRESENTATION_CONTEXT(2) 
PARAMETRIC_REPRESENTATION_CONTEXT() REPRESENTATION_CONTEXT('2D SPACE',''
  ) );
#2631 = ADVANCED_FACE('',(#2632),#2287,.T.);
#2632 = FACE_BOUND('',#2633,.F.);
#2633 = EDGE_LOOP('',(#2634,#2635,#2636,#2637));
#2634 = ORIENTED_EDGE('',*,*,#2273,.F.);
#2635 = ORIENTED_EDGE('',*,*,#2516,.T.);
#2636 = ORIENTED_EDGE('',*,*,#2490,.T.);
#2637 = ORIENTED_EDGE('',*,*,#2304,.F.);
#2638 = ADVANCED_FACE('',(#2639),#2368,.T.);
#2639 = FACE_BOUND('',#2640,.F.);
#2640 = EDGE_LOOP('',(#2641,#2662,#2663,#2684));
#2641 = ORIENTED_EDGE('',*,*,#2642,.F.);
#2642 = EDGE_CURVE('',#2541,#2351,#2643,.T.);
#2643 = SURFACE_CURVE('',#2644,(#2648,#2655),.PCURVE_S1.);
#2644 = LINE('',#2645,#2646);
#2645 = CARTESIAN_POINT('',(1.71E+03,1.002E+03,333.));
#2646 = VECTOR('',#2647,1.);
#2647 = DIRECTION('',(-0.,-0.,1.));
#2648 = PCURVE('',#2368,#2649);
#2649 = DEFINITIONAL_REPRESENTATION('',(#2650),#2654);
#2650 = LINE('',#2651,#2652);
#2651 = CARTESIAN_POINT('',(-0.,26.));
#2652 = VECTOR('',#2653,1.);
#2653 = DIRECTION('',(-1.,0.));
#2654 = ( GEOMETRIC_REPRESENTATION_CONTEXT(2) 
PARAMETRIC_REPRESENTATION_CONTEXT() REPRESENTATION_CONTEXT('2D SPACE',''
  ) );
#2655 = PCURVE('',#2450,#2656);
#2656 = DEFINITIONAL_REPRESENTATION('',(#2657),#2661);
#2657 = LINE('',#2658,#2659);
#2658 = CARTESIAN_POINT('',(-0.,-0.));
#2659 = VECTOR('',#2660,1.);
#2660 = DIRECTION('',(-1.,-0.));
#2661 = ( GEOMETRIC_REPRESENTATION_CONTEXT(2) 
PARAMETRIC_REPRESENTATION_CONTEXT() REPRESENTATION_CONTEXT('2D SPACE',''
  ) );
#2662 = ORIENTED_EDGE('',*,*,#2540,.T.);
#2663 = ORIENTED_EDGE('',*,*,#2664,.T.);
#2664 = EDGE_CURVE('',#2543,#2353,#2665,.T.);
#2665 = SURFACE_CURVE('',#2666,(#2670,#2677),.PCURVE_S1.);
#2666 = LINE('',#2667,#2668);
#2667 = CARTESIAN_POINT('',(1.736E+03,1.002E+03,333.));
#2668 = VECTOR('',#2669,1.);
#2669 = DIRECTION('',(-0.,-0.,1.));
#2670 = PCURVE('',#2368,#2671);
#2671 = DEFINITIONAL_REPRESENTATION('',(#2672),#2676);
#2672 = LINE('',#2673,#2674);
#2673 = CARTESIAN_POINT('',(-0.,-0.));
#2674 = VECTOR('',#2675,1.);
#2675 = DIRECTION('',(-1.,0.));
#2676 = ( GEOMETRIC_REPRESENTATION_CONTEXT(2) 
PARAMETRIC_REPRESENTATION_CONTEXT() REPRESENTATION_CONTEXT('2D SPACE',''
  ) );
#2677 = PCURVE('',#2396,#2678);
#2678 = DEFINITIONAL_REPRESENTATION('',(#2679),#2683);
#2679 = LINE('',#2680,#2681);
#2680 = CARTESIAN_POINT('',(-0.,-0.));
#2681 = VECTOR('',#2682,1.);
#2682 = DIRECTION('',(-1.,-0.));
#2683 = ( GEOMETRIC_REPRESENTATION_CONTEXT(2) 
PARAMETRIC_REPRESENTATION_CONTEXT() REPRESENTATION_CONTEXT('2D SPACE',''
  ) );
#2684 = ORIENTED_EDGE('',*,*,#2350,.F.);
#2685 = ADVANCED_FACE('',(#2686),#2450,.F.);
#2686 = FACE_BOUND('',#2687,.T.);
#2687 = EDGE_LOOP('',(#2688,#2689,#2690,#2711));
#2688 = ORIENTED_EDGE('',*,*,#2642,.F.);
#2689 = ORIENTED_EDGE('',*,*,#2611,.T.);
#2690 = ORIENTED_EDGE('',*,*,#2691,.T.);
#2691 = EDGE_CURVE('',#2589,#2409,#2692,.T.);
#2692 = SURFACE_CURVE('',#2693,(#2697,#2704),.PCURVE_S1.);
#2693 = LINE('',#2694,#2695);
#2694 = CARTESIAN_POINT('',(1.71E+03,1.028E+03,333.));
#2695 = VECTOR('',#2696,1.);
#2696 = DIRECTION('',(-0.,-0.,1.));
#2697 = PCURVE('',#2450,#2698);
#2698 = DEFINITIONAL_REPRESENTATION('',(#2699),#2703);
#2699 = LINE('',#2700,#2701);
#2700 = CARTESIAN_POINT('',(-0.,-26.));
#2701 = VECTOR('',#2702,1.);
#2702 = DIRECTION('',(-1.,-0.));
#2703 = ( GEOMETRIC_REPRESENTATION_CONTEXT(2) 
PARAMETRIC_REPRESENTATION_CONTEXT() REPRESENTATION_CONTEXT('2D SPACE',''
  ) );
#2704 = PCURVE('',#2424,#2705);
#2705 = DEFINITIONAL_REPRESENTATION('',(#2706),#2710);
#2706 = LINE('',#2707,#2708);
#2707 = CARTESIAN_POINT('',(-0.,26.));
#2708 = VECTOR('',#2709,1.);
#2709 = DIRECTION('',(-1.,0.));
#2710 = ( GEOMETRIC_REPRESENTATION_CONTEXT(2) 
PARAMETRIC_REPRESENTATION_CONTEXT() REPRESENTATION_CONTEXT('2D SPACE',''
  ) );
#2711 = ORIENTED_EDGE('',*,*,#2436,.F.);
#2712 = ADVANCED_FACE('',(#2713),#2424,.F.);
#2713 = FACE_BOUND('',#2714,.T.);
#2714 = EDGE_LOOP('',(#2715,#2716,#2717,#2738));
#2715 = ORIENTED_EDGE('',*,*,#2691,.F.);
#2716 = ORIENTED_EDGE('',*,*,#2588,.T.);
#2717 = ORIENTED_EDGE('',*,*,#2718,.T.);
#2718 = EDGE_CURVE('',#2566,#2381,#2719,.T.);
#2719 = SURFACE_CURVE('',#2720,(#2724,#2731),.PCURVE_S1.);
#2720 = LINE('',#2721,#2722);
#2721 = CARTESIAN_POINT('',(1.736E+03,1.028E+03,333.));
#2722 = VECTOR('',#2723,1.);
#2723 = DIRECTION('',(-0.,-0.,1.));
#2724 = PCURVE('',#2424,#2725);
#2725 = DEFINITIONAL_REPRESENTATION('',(#2726),#2730);
#2726 = LINE('',#2727,#2728);
#2727 = CARTESIAN_POINT('',(-0.,-0.));
#2728 = VECTOR('',#2729,1.);
#2729 = DIRECTION('',(-1.,0.));
#2730 = ( GEOMETRIC_REPRESENTATION_CONTEXT(2) 
PARAMETRIC_REPRESENTATION_CONTEXT() REPRESENTATION_CONTEXT('2D SPACE',''
  ) );
#2731 = PCURVE('',#2396,#2732);
#2732 = DEFINITIONAL_REPRESENTATION('',(#2733),#2737);
#2733 = LINE('',#2734,#2735);
#2734 = CARTESIAN_POINT('',(-0.,-26.));
#2735 = VECTOR('',#2736,1.);
#2736 = DIRECTION('',(-1.,-0.));
#2737 = ( GEOMETRIC_REPRESENTATION_CONTEXT(2) 
PARAMETRIC_REPRESENTATION_CONTEXT() REPRESENTATION_CONTEXT('2D SPACE',''
  ) );
#2738 = ORIENTED_EDGE('',*,*,#2408,.F.);
#2739 = ADVANCED_FACE('',(#2740),#2396,.T.);
#2740 = FACE_BOUND('',#2741,.F.);
#2741 = EDGE_LOOP('',(#2742,#2743,#2744,#2745));
#2742 = ORIENTED_EDGE('',*,*,#2664,.F.);
#2743 = ORIENTED_EDGE('',*,*,#2565,.T.);
#2744 = ORIENTED_EDGE('',*,*,#2718,.T.);
#2745 = ORIENTED_EDGE('',*,*,#2380,.F.);
#2746 = ( GEOMETRIC_REPRESENTATION_CONTEXT(3) 
GLOBAL_UNCERTAINTY_ASSIGNED_CONTEXT((#2750)) 
GLOBAL_UNIT_ASSIGNED_CONTEXT((#2747,#2748,#2749)) REPRESENTATION_CONTEXT
('Context #1','3D Context with UNIT and UNCERTAINTY') );
#2747 = ( LENGTH_UNIT() NAMED_UNIT(*) SI_UNIT(.MILLI.,.METRE.) );
#2748 = ( NAMED_UNIT(*) PLANE_ANGLE_UNIT() SI_UNIT($,.RADIAN.) );
#2749 = ( NAMED_UNIT(*) SI_UNIT($,.STERADIAN.) SOLID_ANGLE_UNIT() );
#2750 = UNCERTAINTY_MEASURE_WITH_UNIT(LENGTH_MEASURE(1.E-07),#2747,
  'distance_accuracy_value','confusion accuracy');
#2751 = CONTEXT_DEPENDENT_SHAPE_REPRESENTATION(#2752,#2754);
#2752 = ( REPRESENTATION_RELATIONSHIP('','',#2099,#10) 
REPRESENTATION_RELATIONSHIP_WITH_TRANSFORMATION(#2753) 
SHAPE_REPRESENTATION_RELATIONSHIP() );
#2753 = ITEM_DEFINED_TRANSFORMATION('','',#11,#27);
#2754 = PRODUCT_DEFINITION_SHAPE('Placement','Placement of an item',
  #2755);
#2755 = NEXT_ASSEMBLY_USAGE_OCCURRENCE('320','','',#5,#2094,$);
#2756 = PRODUCT_RELATED_PRODUCT_CATEGORY('part',$,(#2096));
#2757 = SHAPE_DEFINITION_REPRESENTATION(#2758,#2764);
#2758 = PRODUCT_DEFINITION_SHAPE('','',#2759);
#2759 = PRODUCT_DEFINITION('design','',#2760,#2763);
#2760 = PRODUCT_DEFINITION_FORMATION('','',#2761);
#2761 = PRODUCT('Open CASCADE STEP translator 7.9 12.5',
  'Open CASCADE STEP translator 7.9 12.5','',(#2762));
#2762 = PRODUCT_CONTEXT('',#2,'mechanical');
#2763 = PRODUCT_DEFINITION_CONTEXT('part definition',#2,'design');
#2764 = ADVANCED_BREP_SHAPE_REPRESENTATION('',(#11,#2765),#3411);
#2765 = MANIFOLD_SOLID_BREP('',#2766);
#2766 = CLOSED_SHELL('',(#2767,#2887,#3077,#3126,#3269,#3296,#3303,#3350
    ,#3377,#3404));
#2767 = ADVANCED_FACE('',(#2768),#2782,.F.);
#2768 = FACE_BOUND('',#2769,.T.);
#2769 = EDGE_LOOP('',(#2770,#2805,#2833,#2861));
#2770 = ORIENTED_EDGE('',*,*,#2771,.F.);
#2771 = EDGE_CURVE('',#2772,#2774,#2776,.T.);
#2772 = VERTEX_POINT('',#2773);
#2773 = CARTESIAN_POINT('',(2.158E+03,100.,668.));
#2774 = VERTEX_POINT('',#2775);
#2775 = CARTESIAN_POINT('',(2.158E+03,100.,698.));
#2776 = SURFACE_CURVE('',#2777,(#2781,#2793),.PCURVE_S1.);
#2777 = LINE('',#2778,#2779);
#2778 = CARTESIAN_POINT('',(2.158E+03,100.,668.));
#2779 = VECTOR('',#2780,1.);
#2780 = DIRECTION('',(-0.,-0.,1.));
#2781 = PCURVE('',#2782,#2787);
#2782 = PLANE('',#2783);
#2783 = AXIS2_PLACEMENT_3D('',#2784,#2785,#2786);
#2784 = CARTESIAN_POINT('',(2.158E+03,100.,668.));
#2785 = DIRECTION('',(-1.,-0.,-0.));
#2786 = DIRECTION('',(0.,0.,-1.));
#2787 = DEFINITIONAL_REPRESENTATION('',(#2788),#2792);
#2788 = LINE('',#2789,#2790);
#2789 = CARTESIAN_POINT('',(-0.,-0.));
#2790 = VECTOR('',#2791,1.);
#2791 = DIRECTION('',(-1.,-0.));
#2792 = ( GEOMETRIC_REPRESENTATION_CONTEXT(2) 
PARAMETRIC_REPRESENTATION_CONTEXT() REPRESENTATION_CONTEXT('2D SPACE',''
  ) );
#2793 = PCURVE('',#2794,#2799);
#2794 = PLANE('',#2795);
#2795 = AXIS2_PLACEMENT_3D('',#2796,#2797,#2798);
#2796 = CARTESIAN_POINT('',(2.158E+03,100.,668.));
#2797 = DIRECTION('',(-0.,1.,-0.));
#2798 = DIRECTION('',(0.,0.,-1.));
#2799 = DEFINITIONAL_REPRESENTATION('',(#2800),#2804);
#2800 = LINE('',#2801,#2802);
#2801 = CARTESIAN_POINT('',(-0.,-0.));
#2802 = VECTOR('',#2803,1.);
#2803 = DIRECTION('',(-1.,0.));
#2804 = ( GEOMETRIC_REPRESENTATION_CONTEXT(2) 
PARAMETRIC_REPRESENTATION_CONTEXT() REPRESENTATION_CONTEXT('2D SPACE',''
  ) );
#2805 = ORIENTED_EDGE('',*,*,#2806,.T.);
#2806 = EDGE_CURVE('',#2772,#2807,#2809,.T.);
#2807 = VERTEX_POINT('',#2808);
#2808 = CARTESIAN_POINT('',(2.158E+03,1.E+03,668.));
#2809 = SURFACE_CURVE('',#2810,(#2814,#2821),.PCURVE_S1.);
#2810 = LINE('',#2811,#2812);
#2811 = CARTESIAN_POINT('',(2.158E+03,100.,668.));
#2812 = VECTOR('',#2813,1.);
#2813 = DIRECTION('',(-0.,1.,-0.));
#2814 = PCURVE('',#2782,#2815);
#2815 = DEFINITIONAL_REPRESENTATION('',(#2816),#2820);
#2816 = LINE('',#2817,#2818);
#2817 = CARTESIAN_POINT('',(-0.,-0.));
#2818 = VECTOR('',#2819,1.);
#2819 = DIRECTION('',(-0.,-1.));
#2820 = ( GEOMETRIC_REPRESENTATION_CONTEXT(2) 
PARAMETRIC_REPRESENTATION_CONTEXT() REPRESENTATION_CONTEXT('2D SPACE',''
  ) );
#2821 = PCURVE('',#2822,#2827);
#2822 = PLANE('',#2823);
#2823 = AXIS2_PLACEMENT_3D('',#2824,#2825,#2826);
#2824 = CARTESIAN_POINT('',(2.158E+03,100.,668.));
#2825 = DIRECTION('',(-0.,-0.,1.));
#2826 = DIRECTION('',(1.,0.,0.));
#2827 = DEFINITIONAL_REPRESENTATION('',(#2828),#2832);
#2828 = LINE('',#2829,#2830);
#2829 = CARTESIAN_POINT('',(0.,-0.));
#2830 = VECTOR('',#2831,1.);
#2831 = DIRECTION('',(-0.,1.));
#2832 = ( GEOMETRIC_REPRESENTATION_CONTEXT(2) 
PARAMETRIC_REPRESENTATION_CONTEXT() REPRESENTATION_CONTEXT('2D SPACE',''
  ) );
#2833 = ORIENTED_EDGE('',*,*,#2834,.T.);
#2834 = EDGE_CURVE('',#2807,#2835,#2837,.T.);
#2835 = VERTEX_POINT('',#2836);
#2836 = CARTESIAN_POINT('',(2.158E+03,1.E+03,698.));
#2837 = SURFACE_CURVE('',#2838,(#2842,#2849),.PCURVE_S1.);
#2838 = LINE('',#2839,#2840);
#2839 = CARTESIAN_POINT('',(2.158E+03,1.E+03,668.));
#2840 = VECTOR('',#2841,1.);
#2841 = DIRECTION('',(-0.,-0.,1.));
#2842 = PCURVE('',#2782,#2843);
#2843 = DEFINITIONAL_REPRESENTATION('',(#2844),#2848);
#2844 = LINE('',#2845,#2846);
#2845 = CARTESIAN_POINT('',(-0.,-900.));
#2846 = VECTOR('',#2847,1.);
#2847 = DIRECTION('',(-1.,-0.));
#2848 = ( GEOMETRIC_REPRESENTATION_CONTEXT(2) 
PARAMETRIC_REPRESENTATION_CONTEXT() REPRESENTATION_CONTEXT('2D SPACE',''
  ) );
#2849 = PCURVE('',#2850,#2855);
#2850 = PLANE('',#2851);
#2851 = AXIS2_PLACEMENT_3D('',#2852,#2853,#2854);
#2852 = CARTESIAN_POINT('',(2.158E+03,1.E+03,668.));
#2853 = DIRECTION('',(-0.,1.,-0.));
#2854 = DIRECTION('',(0.,0.,-1.));
#2855 = DEFINITIONAL_REPRESENTATION('',(#2856),#2860);
#2856 = LINE('',#2857,#2858);
#2857 = CARTESIAN_POINT('',(-0.,-0.));
#2858 = VECTOR('',#2859,1.);
#2859 = DIRECTION('',(-1.,0.));
#2860 = ( GEOMETRIC_REPRESENTATION_CONTEXT(2) 
PARAMETRIC_REPRESENTATION_CONTEXT() REPRESENTATION_CONTEXT('2D SPACE',''
  ) );
#2861 = ORIENTED_EDGE('',*,*,#2862,.F.);
#2862 = EDGE_CURVE('',#2774,#2835,#2863,.T.);
#2863 = SURFACE_CURVE('',#2864,(#2868,#2875),.PCURVE_S1.);
#2864 = LINE('',#2865,#2866);
#2865 = CARTESIAN_POINT('',(2.158E+03,100.,698.));
#2866 = VECTOR('',#2867,1.);
#2867 = DIRECTION('',(-0.,1.,-0.));
#2868 = PCURVE('',#2782,#2869);
#2869 = DEFINITIONAL_REPRESENTATION('',(#2870),#2874);
#2870 = LINE('',#2871,#2872);
#2871 = CARTESIAN_POINT('',(-30.,-0.));
#2872 = VECTOR('',#2873,1.);
#2873 = DIRECTION('',(-0.,-1.));
#2874 = ( GEOMETRIC_REPRESENTATION_CONTEXT(2) 
PARAMETRIC_REPRESENTATION_CONTEXT() REPRESENTATION_CONTEXT('2D SPACE',''
  ) );
#2875 = PCURVE('',#2876,#2881);
#2876 = PLANE('',#2877);
#2877 = AXIS2_PLACEMENT_3D('',#2878,#2879,#2880);
#2878 = CARTESIAN_POINT('',(2.158E+03,100.,698.));
#2879 = DIRECTION('',(-0.,-0.,1.));
#2880 = DIRECTION('',(1.,0.,0.));
#2881 = DEFINITIONAL_REPRESENTATION('',(#2882),#2886);
#2882 = LINE('',#2883,#2884);
#2883 = CARTESIAN_POINT('',(0.,-0.));
#2884 = VECTOR('',#2885,1.);
#2885 = DIRECTION('',(-0.,1.));
#2886 = ( GEOMETRIC_REPRESENTATION_CONTEXT(2) 
PARAMETRIC_REPRESENTATION_CONTEXT() REPRESENTATION_CONTEXT('2D SPACE',''
  ) );
#2887 = ADVANCED_FACE('',(#2888,#2963),#2794,.F.);
#2888 = FACE_BOUND('',#2889,.T.);
#2889 = EDGE_LOOP('',(#2890,#2913,#2914,#2937));
#2890 = ORIENTED_EDGE('',*,*,#2891,.F.);
#2891 = EDGE_CURVE('',#2772,#2892,#2894,.T.);
#2892 = VERTEX_POINT('',#2893);
#2893 = CARTESIAN_POINT('',(2.128E+03,100.,668.));
#2894 = SURFACE_CURVE('',#2895,(#2899,#2906),.PCURVE_S1.);
#2895 = LINE('',#2896,#2897);
#2896 = CARTESIAN_POINT('',(2.158E+03,100.,668.));
#2897 = VECTOR('',#2898,1.);
#2898 = DIRECTION('',(-1.,-0.,-0.));
#2899 = PCURVE('',#2794,#2900);
#2900 = DEFINITIONAL_REPRESENTATION('',(#2901),#2905);
#2901 = LINE('',#2902,#2903);
#2902 = CARTESIAN_POINT('',(-0.,-0.));
#2903 = VECTOR('',#2904,1.);
#2904 = DIRECTION('',(-0.,1.));
#2905 = ( GEOMETRIC_REPRESENTATION_CONTEXT(2) 
PARAMETRIC_REPRESENTATION_CONTEXT() REPRESENTATION_CONTEXT('2D SPACE',''
  ) );
#2906 = PCURVE('',#2822,#2907);
#2907 = DEFINITIONAL_REPRESENTATION('',(#2908),#2912);
#2908 = LINE('',#2909,#2910);
#2909 = CARTESIAN_POINT('',(0.,-0.));
#2910 = VECTOR('',#2911,1.);
#2911 = DIRECTION('',(-1.,0.));
#2912 = ( GEOMETRIC_REPRESENTATION_CONTEXT(2) 
PARAMETRIC_REPRESENTATION_CONTEXT() REPRESENTATION_CONTEXT('2D SPACE',''
  ) );
#2913 = ORIENTED_EDGE('',*,*,#2771,.T.);
#2914 = ORIENTED_EDGE('',*,*,#2915,.T.);
#2915 = EDGE_CURVE('',#2774,#2916,#2918,.T.);
#2916 = VERTEX_POINT('',#2917);
#2917 = CARTESIAN_POINT('',(2.128E+03,100.,698.));
#2918 = SURFACE_CURVE('',#2919,(#2923,#2930),.PCURVE_S1.);
#2919 = LINE('',#2920,#2921);
#2920 = CARTESIAN_POINT('',(2.158E+03,100.,698.));
#2921 = VECTOR('',#2922,1.);
#2922 = DIRECTION('',(-1.,-0.,-0.));
#2923 = PCURVE('',#2794,#2924);
#2924 = DEFINITIONAL_REPRESENTATION('',(#2925),#2929);
#2925 = LINE('',#2926,#2927);
#2926 = CARTESIAN_POINT('',(-30.,-0.));
#2927 = VECTOR('',#2928,1.);
#2928 = DIRECTION('',(-0.,1.));
#2929 = ( GEOMETRIC_REPRESENTATION_CONTEXT(2) 
PARAMETRIC_REPRESENTATION_CONTEXT() REPRESENTATION_CONTEXT('2D SPACE',''
  ) );
#2930 = PCURVE('',#2876,#2931);
#2931 = DEFINITIONAL_REPRESENTATION('',(#2932),#2936);
#2932 = LINE('',#2933,#2934);
#2933 = CARTESIAN_POINT('',(0.,-0.));
#2934 = VECTOR('',#2935,1.);
#2935 = DIRECTION('',(-1.,0.));
#2936 = ( GEOMETRIC_REPRESENTATION_CONTEXT(2) 
PARAMETRIC_REPRESENTATION_CONTEXT() REPRESENTATION_CONTEXT('2D SPACE',''
  ) );
#2937 = ORIENTED_EDGE('',*,*,#2938,.F.);
#2938 = EDGE_CURVE('',#2892,#2916,#2939,.T.);
#2939 = SURFACE_CURVE('',#2940,(#2944,#2951),.PCURVE_S1.);
#2940 = LINE('',#2941,#2942);
#2941 = CARTESIAN_POINT('',(2.128E+03,100.,668.));
#2942 = VECTOR('',#2943,1.);
#2943 = DIRECTION('',(-0.,-0.,1.));
#2944 = PCURVE('',#2794,#2945);
#2945 = DEFINITIONAL_REPRESENTATION('',(#2946),#2950);
#2946 = LINE('',#2947,#2948);
#2947 = CARTESIAN_POINT('',(-0.,30.));
#2948 = VECTOR('',#2949,1.);
#2949 = DIRECTION('',(-1.,0.));
#2950 = ( GEOMETRIC_REPRESENTATION_CONTEXT(2) 
PARAMETRIC_REPRESENTATION_CONTEXT() REPRESENTATION_CONTEXT('2D SPACE',''
  ) );
#2951 = PCURVE('',#2952,#2957);
#2952 = PLANE('',#2953);
#2953 = AXIS2_PLACEMENT_3D('',#2954,#2955,#2956);
#2954 = CARTESIAN_POINT('',(2.128E+03,100.,668.));
#2955 = DIRECTION('',(-1.,-0.,-0.));
#2956 = DIRECTION('',(0.,0.,-1.));
#2957 = DEFINITIONAL_REPRESENTATION('',(#2958),#2962);
#2958 = LINE('',#2959,#2960);
#2959 = CARTESIAN_POINT('',(-0.,-0.));
#2960 = VECTOR('',#2961,1.);
#2961 = DIRECTION('',(-1.,-0.));
#2962 = ( GEOMETRIC_REPRESENTATION_CONTEXT(2) 
PARAMETRIC_REPRESENTATION_CONTEXT() REPRESENTATION_CONTEXT('2D SPACE',''
  ) );
#2963 = FACE_BOUND('',#2964,.T.);
#2964 = EDGE_LOOP('',(#2965,#2995,#3023,#3051));
#2965 = ORIENTED_EDGE('',*,*,#2966,.F.);
#2966 = EDGE_CURVE('',#2967,#2969,#2971,.T.);
#2967 = VERTEX_POINT('',#2968);
#2968 = CARTESIAN_POINT('',(2.156E+03,100.,696.));
#2969 = VERTEX_POINT('',#2970);
#2970 = CARTESIAN_POINT('',(2.13E+03,100.,696.));
#2971 = SURFACE_CURVE('',#2972,(#2976,#2983),.PCURVE_S1.);
#2972 = LINE('',#2973,#2974);
#2973 = CARTESIAN_POINT('',(2.157E+03,100.,696.));
#2974 = VECTOR('',#2975,1.);
#2975 = DIRECTION('',(-1.,-0.,-0.));
#2976 = PCURVE('',#2794,#2977);
#2977 = DEFINITIONAL_REPRESENTATION('',(#2978),#2982);
#2978 = LINE('',#2979,#2980);
#2979 = CARTESIAN_POINT('',(-28.,1.));
#2980 = VECTOR('',#2981,1.);
#2981 = DIRECTION('',(-0.,1.));
#2982 = ( GEOMETRIC_REPRESENTATION_CONTEXT(2) 
PARAMETRIC_REPRESENTATION_CONTEXT() REPRESENTATION_CONTEXT('2D SPACE',''
  ) );
#2983 = PCURVE('',#2984,#2989);
#2984 = PLANE('',#2985);
#2985 = AXIS2_PLACEMENT_3D('',#2986,#2987,#2988);
#2986 = CARTESIAN_POINT('',(2.156E+03,99.,696.));
#2987 = DIRECTION('',(-0.,-0.,1.));
#2988 = DIRECTION('',(1.,0.,0.));
#2989 = DEFINITIONAL_REPRESENTATION('',(#2990),#2994);
#2990 = LINE('',#2991,#2992);
#2991 = CARTESIAN_POINT('',(1.,1.));
#2992 = VECTOR('',#2993,1.);
#2993 = DIRECTION('',(-1.,0.));
#2994 = ( GEOMETRIC_REPRESENTATION_CONTEXT(2) 
PARAMETRIC_REPRESENTATION_CONTEXT() REPRESENTATION_CONTEXT('2D SPACE',''
  ) );
#2995 = ORIENTED_EDGE('',*,*,#2996,.T.);
#2996 = EDGE_CURVE('',#2967,#2997,#2999,.T.);
#2997 = VERTEX_POINT('',#2998);
#2998 = CARTESIAN_POINT('',(2.156E+03,100.,670.));
#2999 = SURFACE_CURVE('',#3000,(#3004,#3011),.PCURVE_S1.);
#3000 = LINE('',#3001,#3002);
#3001 = CARTESIAN_POINT('',(2.156E+03,100.,669.));
#3002 = VECTOR('',#3003,1.);
#3003 = DIRECTION('',(-0.,0.,-1.));
#3004 = PCURVE('',#2794,#3005);
#3005 = DEFINITIONAL_REPRESENTATION('',(#3006),#3010);
#3006 = LINE('',#3007,#3008);
#3007 = CARTESIAN_POINT('',(-1.,2.));
#3008 = VECTOR('',#3009,1.);
#3009 = DIRECTION('',(1.,-0.));
#3010 = ( GEOMETRIC_REPRESENTATION_CONTEXT(2) 
PARAMETRIC_REPRESENTATION_CONTEXT() REPRESENTATION_CONTEXT('2D SPACE',''
  ) );
#3011 = PCURVE('',#3012,#3017);
#3012 = PLANE('',#3013);
#3013 = AXIS2_PLACEMENT_3D('',#3014,#3015,#3016);
#3014 = CARTESIAN_POINT('',(2.156E+03,99.,670.));
#3015 = DIRECTION('',(-1.,-0.,-0.));
#3016 = DIRECTION('',(0.,0.,-1.));
#3017 = DEFINITIONAL_REPRESENTATION('',(#3018),#3022);
#3018 = LINE('',#3019,#3020);
#3019 = CARTESIAN_POINT('',(1.,-1.));
#3020 = VECTOR('',#3021,1.);
#3021 = DIRECTION('',(1.,-0.));
#3022 = ( GEOMETRIC_REPRESENTATION_CONTEXT(2) 
PARAMETRIC_REPRESENTATION_CONTEXT() REPRESENTATION_CONTEXT('2D SPACE',''
  ) );
#3023 = ORIENTED_EDGE('',*,*,#3024,.T.);
#3024 = EDGE_CURVE('',#2997,#3025,#3027,.T.);
#3025 = VERTEX_POINT('',#3026);
#3026 = CARTESIAN_POINT('',(2.13E+03,100.,670.));
#3027 = SURFACE_CURVE('',#3028,(#3032,#3039),.PCURVE_S1.);
#3028 = LINE('',#3029,#3030);
#3029 = CARTESIAN_POINT('',(2.157E+03,100.,670.));
#3030 = VECTOR('',#3031,1.);
#3031 = DIRECTION('',(-1.,-0.,-0.));
#3032 = PCURVE('',#2794,#3033);
#3033 = DEFINITIONAL_REPRESENTATION('',(#3034),#3038);
#3034 = LINE('',#3035,#3036);
#3035 = CARTESIAN_POINT('',(-2.,1.));
#3036 = VECTOR('',#3037,1.);
#3037 = DIRECTION('',(-0.,1.));
#3038 = ( GEOMETRIC_REPRESENTATION_CONTEXT(2) 
PARAMETRIC_REPRESENTATION_CONTEXT() REPRESENTATION_CONTEXT('2D SPACE',''
  ) );
#3039 = PCURVE('',#3040,#3045);
#3040 = PLANE('',#3041);
#3041 = AXIS2_PLACEMENT_3D('',#3042,#3043,#3044);
#3042 = CARTESIAN_POINT('',(2.156E+03,99.,670.));
#3043 = DIRECTION('',(-0.,-0.,1.));
#3044 = DIRECTION('',(1.,0.,0.));
#3045 = DEFINITIONAL_REPRESENTATION('',(#3046),#3050);
#3046 = LINE('',#3047,#3048);
#3047 = CARTESIAN_POINT('',(1.,1.));
#3048 = VECTOR('',#3049,1.);
#3049 = DIRECTION('',(-1.,0.));
#3050 = ( GEOMETRIC_REPRESENTATION_CONTEXT(2) 
PARAMETRIC_REPRESENTATION_CONTEXT() REPRESENTATION_CONTEXT('2D SPACE',''
  ) );
#3051 = ORIENTED_EDGE('',*,*,#3052,.F.);
#3052 = EDGE_CURVE('',#2969,#3025,#3053,.T.);
#3053 = SURFACE_CURVE('',#3054,(#3058,#3065),.PCURVE_S1.);
#3054 = LINE('',#3055,#3056);
#3055 = CARTESIAN_POINT('',(2.13E+03,100.,669.));
#3056 = VECTOR('',#3057,1.);
#3057 = DIRECTION('',(-0.,0.,-1.));
#3058 = PCURVE('',#2794,#3059);
#3059 = DEFINITIONAL_REPRESENTATION('',(#3060),#3064);
#3060 = LINE('',#3061,#3062);
#3061 = CARTESIAN_POINT('',(-1.,28.));
#3062 = VECTOR('',#3063,1.);
#3063 = DIRECTION('',(1.,-0.));
#3064 = ( GEOMETRIC_REPRESENTATION_CONTEXT(2) 
PARAMETRIC_REPRESENTATION_CONTEXT() REPRESENTATION_CONTEXT('2D SPACE',''
  ) );
#3065 = PCURVE('',#3066,#3071);
#3066 = PLANE('',#3067);
#3067 = AXIS2_PLACEMENT_3D('',#3068,#3069,#3070);
#3068 = CARTESIAN_POINT('',(2.13E+03,99.,670.));
#3069 = DIRECTION('',(-1.,-0.,-0.));
#3070 = DIRECTION('',(0.,0.,-1.));
#3071 = DEFINITIONAL_REPRESENTATION('',(#3072),#3076);
#3072 = LINE('',#3073,#3074);
#3073 = CARTESIAN_POINT('',(1.,-1.));
#3074 = VECTOR('',#3075,1.);
#3075 = DIRECTION('',(1.,-0.));
#3076 = ( GEOMETRIC_REPRESENTATION_CONTEXT(2) 
PARAMETRIC_REPRESENTATION_CONTEXT() REPRESENTATION_CONTEXT('2D SPACE',''
  ) );
#3077 = ADVANCED_FACE('',(#3078),#2876,.T.);
#3078 = FACE_BOUND('',#3079,.F.);
#3079 = EDGE_LOOP('',(#3080,#3081,#3082,#3105));
#3080 = ORIENTED_EDGE('',*,*,#2862,.F.);
#3081 = ORIENTED_EDGE('',*,*,#2915,.T.);
#3082 = ORIENTED_EDGE('',*,*,#3083,.T.);
#3083 = EDGE_CURVE('',#2916,#3084,#3086,.T.);
#3084 = VERTEX_POINT('',#3085);
#3085 = CARTESIAN_POINT('',(2.128E+03,1.E+03,698.));
#3086 = SURFACE_CURVE('',#3087,(#3091,#3098),.PCURVE_S1.);
#3087 = LINE('',#3088,#3089);
#3088 = CARTESIAN_POINT('',(2.128E+03,100.,698.));
#3089 = VECTOR('',#3090,1.);
#3090 = DIRECTION('',(-0.,1.,-0.));
#3091 = PCURVE('',#2876,#3092);
#3092 = DEFINITIONAL_REPRESENTATION('',(#3093),#3097);
#3093 = LINE('',#3094,#3095);
#3094 = CARTESIAN_POINT('',(-30.,0.));
#3095 = VECTOR('',#3096,1.);
#3096 = DIRECTION('',(-0.,1.));
#3097 = ( GEOMETRIC_REPRESENTATION_CONTEXT(2) 
PARAMETRIC_REPRESENTATION_CONTEXT() REPRESENTATION_CONTEXT('2D SPACE',''
  ) );
#3098 = PCURVE('',#2952,#3099);
#3099 = DEFINITIONAL_REPRESENTATION('',(#3100),#3104);
#3100 = LINE('',#3101,#3102);
#3101 = CARTESIAN_POINT('',(-30.,-0.));
#3102 = VECTOR('',#3103,1.);
#3103 = DIRECTION('',(-0.,-1.));
#3104 = ( GEOMETRIC_REPRESENTATION_CONTEXT(2) 
PARAMETRIC_REPRESENTATION_CONTEXT() REPRESENTATION_CONTEXT('2D SPACE',''
  ) );
#3105 = ORIENTED_EDGE('',*,*,#3106,.F.);
#3106 = EDGE_CURVE('',#2835,#3084,#3107,.T.);
#3107 = SURFACE_CURVE('',#3108,(#3112,#3119),.PCURVE_S1.);
#3108 = LINE('',#3109,#3110);
#3109 = CARTESIAN_POINT('',(2.158E+03,1.E+03,698.));
#3110 = VECTOR('',#3111,1.);
#3111 = DIRECTION('',(-1.,-0.,-0.));
#3112 = PCURVE('',#2876,#3113);
#3113 = DEFINITIONAL_REPRESENTATION('',(#3114),#3118);
#3114 = LINE('',#3115,#3116);
#3115 = CARTESIAN_POINT('',(0.,900.));
#3116 = VECTOR('',#3117,1.);
#3117 = DIRECTION('',(-1.,0.));
#3118 = ( GEOMETRIC_REPRESENTATION_CONTEXT(2) 
PARAMETRIC_REPRESENTATION_CONTEXT() REPRESENTATION_CONTEXT('2D SPACE',''
  ) );
#3119 = PCURVE('',#2850,#3120);
#3120 = DEFINITIONAL_REPRESENTATION('',(#3121),#3125);
#3121 = LINE('',#3122,#3123);
#3122 = CARTESIAN_POINT('',(-30.,-0.));
#3123 = VECTOR('',#3124,1.);
#3124 = DIRECTION('',(-0.,1.));
#3125 = ( GEOMETRIC_REPRESENTATION_CONTEXT(2) 
PARAMETRIC_REPRESENTATION_CONTEXT() REPRESENTATION_CONTEXT('2D SPACE',''
  ) );
#3126 = ADVANCED_FACE('',(#3127,#3175),#2850,.T.);
#3127 = FACE_BOUND('',#3128,.F.);
#3128 = EDGE_LOOP('',(#3129,#3152,#3153,#3154));
#3129 = ORIENTED_EDGE('',*,*,#3130,.F.);
#3130 = EDGE_CURVE('',#2807,#3131,#3133,.T.);
#3131 = VERTEX_POINT('',#3132);
#3132 = CARTESIAN_POINT('',(2.128E+03,1.E+03,668.));
#3133 = SURFACE_CURVE('',#3134,(#3138,#3145),.PCURVE_S1.);
#3134 = LINE('',#3135,#3136);
#3135 = CARTESIAN_POINT('',(2.158E+03,1.E+03,668.));
#3136 = VECTOR('',#3137,1.);
#3137 = DIRECTION('',(-1.,-0.,-0.));
#3138 = PCURVE('',#2850,#3139);
#3139 = DEFINITIONAL_REPRESENTATION('',(#3140),#3144);
#3140 = LINE('',#3141,#3142);
#3141 = CARTESIAN_POINT('',(-0.,-0.));
#3142 = VECTOR('',#3143,1.);
#3143 = DIRECTION('',(-0.,1.));
#3144 = ( GEOMETRIC_REPRESENTATION_CONTEXT(2) 
PARAMETRIC_REPRESENTATION_CONTEXT() REPRESENTATION_CONTEXT('2D SPACE',''
  ) );
#3145 = PCURVE('',#2822,#3146);
#3146 = DEFINITIONAL_REPRESENTATION('',(#3147),#3151);
#3147 = LINE('',#3148,#3149);
#3148 = CARTESIAN_POINT('',(0.,900.));
#3149 = VECTOR('',#3150,1.);
#3150 = DIRECTION('',(-1.,0.));
#3151 = ( GEOMETRIC_REPRESENTATION_CONTEXT(2) 
PARAMETRIC_REPRESENTATION_CONTEXT() REPRESENTATION_CONTEXT('2D SPACE',''
  ) );
#3152 = ORIENTED_EDGE('',*,*,#2834,.T.);
#3153 = ORIENTED_EDGE('',*,*,#3106,.T.);
#3154 = ORIENTED_EDGE('',*,*,#3155,.F.);
#3155 = EDGE_CURVE('',#3131,#3084,#3156,.T.);
#3156 = SURFACE_CURVE('',#3157,(#3161,#3168),.PCURVE_S1.);
#3157 = LINE('',#3158,#3159);
#3158 = CARTESIAN_POINT('',(2.128E+03,1.E+03,668.));
#3159 = VECTOR('',#3160,1.);
#3160 = DIRECTION('',(-0.,-0.,1.));
#3161 = PCURVE('',#2850,#3162);
#3162 = DEFINITIONAL_REPRESENTATION('',(#3163),#3167);
#3163 = LINE('',#3164,#3165);
#3164 = CARTESIAN_POINT('',(-0.,30.));
#3165 = VECTOR('',#3166,1.);
#3166 = DIRECTION('',(-1.,0.));
#3167 = ( GEOMETRIC_REPRESENTATION_CONTEXT(2) 
PARAMETRIC_REPRESENTATION_CONTEXT() REPRESENTATION_CONTEXT('2D SPACE',''
  ) );
#3168 = PCURVE('',#2952,#3169);
#3169 = DEFINITIONAL_REPRESENTATION('',(#3170),#3174);
#3170 = LINE('',#3171,#3172);
#3171 = CARTESIAN_POINT('',(-0.,-900.));
#3172 = VECTOR('',#3173,1.);
#3173 = DIRECTION('',(-1.,-0.));
#3174 = ( GEOMETRIC_REPRESENTATION_CONTEXT(2) 
PARAMETRIC_REPRESENTATION_CONTEXT() REPRESENTATION_CONTEXT('2D SPACE',''
  ) );
#3175 = FACE_BOUND('',#3176,.F.);
#3176 = EDGE_LOOP('',(#3177,#3202,#3225,#3248));
#3177 = ORIENTED_EDGE('',*,*,#3178,.F.);
#3178 = EDGE_CURVE('',#3179,#3181,#3183,.T.);
#3179 = VERTEX_POINT('',#3180);
#3180 = CARTESIAN_POINT('',(2.156E+03,1.E+03,696.));
#3181 = VERTEX_POINT('',#3182);
#3182 = CARTESIAN_POINT('',(2.13E+03,1.E+03,696.));
#3183 = SURFACE_CURVE('',#3184,(#3188,#3195),.PCURVE_S1.);
#3184 = LINE('',#3185,#3186);
#3185 = CARTESIAN_POINT('',(2.157E+03,1.E+03,696.));
#3186 = VECTOR('',#3187,1.);
#3187 = DIRECTION('',(-1.,-0.,-0.));
#3188 = PCURVE('',#2850,#3189);
#3189 = DEFINITIONAL_REPRESENTATION('',(#3190),#3194);
#3190 = LINE('',#3191,#3192);
#3191 = CARTESIAN_POINT('',(-28.,1.));
#3192 = VECTOR('',#3193,1.);
#3193 = DIRECTION('',(-0.,1.));
#3194 = ( GEOMETRIC_REPRESENTATION_CONTEXT(2) 
PARAMETRIC_REPRESENTATION_CONTEXT() REPRESENTATION_CONTEXT('2D SPACE',''
  ) );
#3195 = PCURVE('',#2984,#3196);
#3196 = DEFINITIONAL_REPRESENTATION('',(#3197),#3201);
#3197 = LINE('',#3198,#3199);
#3198 = CARTESIAN_POINT('',(1.,901.));
#3199 = VECTOR('',#3200,1.);
#3200 = DIRECTION('',(-1.,0.));
#3201 = ( GEOMETRIC_REPRESENTATION_CONTEXT(2) 
PARAMETRIC_REPRESENTATION_CONTEXT() REPRESENTATION_CONTEXT('2D SPACE',''
  ) );
#3202 = ORIENTED_EDGE('',*,*,#3203,.T.);
#3203 = EDGE_CURVE('',#3179,#3204,#3206,.T.);
#3204 = VERTEX_POINT('',#3205);
#3205 = CARTESIAN_POINT('',(2.156E+03,1.E+03,670.));
#3206 = SURFACE_CURVE('',#3207,(#3211,#3218),.PCURVE_S1.);
#3207 = LINE('',#3208,#3209);
#3208 = CARTESIAN_POINT('',(2.156E+03,1.E+03,669.));
#3209 = VECTOR('',#3210,1.);
#3210 = DIRECTION('',(-0.,0.,-1.));
#3211 = PCURVE('',#2850,#3212);
#3212 = DEFINITIONAL_REPRESENTATION('',(#3213),#3217);
#3213 = LINE('',#3214,#3215);
#3214 = CARTESIAN_POINT('',(-1.,2.));
#3215 = VECTOR('',#3216,1.);
#3216 = DIRECTION('',(1.,-0.));
#3217 = ( GEOMETRIC_REPRESENTATION_CONTEXT(2) 
PARAMETRIC_REPRESENTATION_CONTEXT() REPRESENTATION_CONTEXT('2D SPACE',''
  ) );
#3218 = PCURVE('',#3012,#3219);
#3219 = DEFINITIONAL_REPRESENTATION('',(#3220),#3224);
#3220 = LINE('',#3221,#3222);
#3221 = CARTESIAN_POINT('',(1.,-901.));
#3222 = VECTOR('',#3223,1.);
#3223 = DIRECTION('',(1.,-0.));
#3224 = ( GEOMETRIC_REPRESENTATION_CONTEXT(2) 
PARAMETRIC_REPRESENTATION_CONTEXT() REPRESENTATION_CONTEXT('2D SPACE',''
  ) );
#3225 = ORIENTED_EDGE('',*,*,#3226,.T.);
#3226 = EDGE_CURVE('',#3204,#3227,#3229,.T.);
#3227 = VERTEX_POINT('',#3228);
#3228 = CARTESIAN_POINT('',(2.13E+03,1.E+03,670.));
#3229 = SURFACE_CURVE('',#3230,(#3234,#3241),.PCURVE_S1.);
#3230 = LINE('',#3231,#3232);
#3231 = CARTESIAN_POINT('',(2.157E+03,1.E+03,670.));
#3232 = VECTOR('',#3233,1.);
#3233 = DIRECTION('',(-1.,-0.,-0.));
#3234 = PCURVE('',#2850,#3235);
#3235 = DEFINITIONAL_REPRESENTATION('',(#3236),#3240);
#3236 = LINE('',#3237,#3238);
#3237 = CARTESIAN_POINT('',(-2.,1.));
#3238 = VECTOR('',#3239,1.);
#3239 = DIRECTION('',(-0.,1.));
#3240 = ( GEOMETRIC_REPRESENTATION_CONTEXT(2) 
PARAMETRIC_REPRESENTATION_CONTEXT() REPRESENTATION_CONTEXT('2D SPACE',''
  ) );
#3241 = PCURVE('',#3040,#3242);
#3242 = DEFINITIONAL_REPRESENTATION('',(#3243),#3247);
#3243 = LINE('',#3244,#3245);
#3244 = CARTESIAN_POINT('',(1.,901.));
#3245 = VECTOR('',#3246,1.);
#3246 = DIRECTION('',(-1.,0.));
#3247 = ( GEOMETRIC_REPRESENTATION_CONTEXT(2) 
PARAMETRIC_REPRESENTATION_CONTEXT() REPRESENTATION_CONTEXT('2D SPACE',''
  ) );
#3248 = ORIENTED_EDGE('',*,*,#3249,.F.);
#3249 = EDGE_CURVE('',#3181,#3227,#3250,.T.);
#3250 = SURFACE_CURVE('',#3251,(#3255,#3262),.PCURVE_S1.);
#3251 = LINE('',#3252,#3253);
#3252 = CARTESIAN_POINT('',(2.13E+03,1.E+03,669.));
#3253 = VECTOR('',#3254,1.);
#3254 = DIRECTION('',(-0.,0.,-1.));
#3255 = PCURVE('',#2850,#3256);
#3256 = DEFINITIONAL_REPRESENTATION('',(#3257),#3261);
#3257 = LINE('',#3258,#3259);
#3258 = CARTESIAN_POINT('',(-1.,28.));
#3259 = VECTOR('',#3260,1.);
#3260 = DIRECTION('',(1.,-0.));
#3261 = ( GEOMETRIC_REPRESENTATION_CONTEXT(2) 
PARAMETRIC_REPRESENTATION_CONTEXT() REPRESENTATION_CONTEXT('2D SPACE',''
  ) );
#3262 = PCURVE('',#3066,#3263);
#3263 = DEFINITIONAL_REPRESENTATION('',(#3264),#3268);
#3264 = LINE('',#3265,#3266);
#3265 = CARTESIAN_POINT('',(1.,-901.));
#3266 = VECTOR('',#3267,1.);
#3267 = DIRECTION('',(1.,-0.));
#3268 = ( GEOMETRIC_REPRESENTATION_CONTEXT(2) 
PARAMETRIC_REPRESENTATION_CONTEXT() REPRESENTATION_CONTEXT('2D SPACE',''
  ) );
#3269 = ADVANCED_FACE('',(#3270),#2822,.F.);
#3270 = FACE_BOUND('',#3271,.T.);
#3271 = EDGE_LOOP('',(#3272,#3273,#3274,#3295));
#3272 = ORIENTED_EDGE('',*,*,#2806,.F.);
#3273 = ORIENTED_EDGE('',*,*,#2891,.T.);
#3274 = ORIENTED_EDGE('',*,*,#3275,.T.);
#3275 = EDGE_CURVE('',#2892,#3131,#3276,.T.);
#3276 = SURFACE_CURVE('',#3277,(#3281,#3288),.PCURVE_S1.);
#3277 = LINE('',#3278,#3279);
#3278 = CARTESIAN_POINT('',(2.128E+03,100.,668.));
#3279 = VECTOR('',#3280,1.);
#3280 = DIRECTION('',(-0.,1.,-0.));
#3281 = PCURVE('',#2822,#3282);
#3282 = DEFINITIONAL_REPRESENTATION('',(#3283),#3287);
#3283 = LINE('',#3284,#3285);
#3284 = CARTESIAN_POINT('',(-30.,0.));
#3285 = VECTOR('',#3286,1.);
#3286 = DIRECTION('',(-0.,1.));
#3287 = ( GEOMETRIC_REPRESENTATION_CONTEXT(2) 
PARAMETRIC_REPRESENTATION_CONTEXT() REPRESENTATION_CONTEXT('2D SPACE',''
  ) );
#3288 = PCURVE('',#2952,#3289);
#3289 = DEFINITIONAL_REPRESENTATION('',(#3290),#3294);
#3290 = LINE('',#3291,#3292);
#3291 = CARTESIAN_POINT('',(-0.,-0.));
#3292 = VECTOR('',#3293,1.);
#3293 = DIRECTION('',(-0.,-1.));
#3294 = ( GEOMETRIC_REPRESENTATION_CONTEXT(2) 
PARAMETRIC_REPRESENTATION_CONTEXT() REPRESENTATION_CONTEXT('2D SPACE',''
  ) );
#3295 = ORIENTED_EDGE('',*,*,#3130,.F.);
#3296 = ADVANCED_FACE('',(#3297),#2952,.T.);
#3297 = FACE_BOUND('',#3298,.F.);
#3298 = EDGE_LOOP('',(#3299,#3300,#3301,#3302));
#3299 = ORIENTED_EDGE('',*,*,#2938,.F.);
#3300 = ORIENTED_EDGE('',*,*,#3275,.T.);
#3301 = ORIENTED_EDGE('',*,*,#3155,.T.);
#3302 = ORIENTED_EDGE('',*,*,#3083,.F.);
#3303 = ADVANCED_FACE('',(#3304),#2984,.F.);
#3304 = FACE_BOUND('',#3305,.T.);
#3305 = EDGE_LOOP('',(#3306,#3327,#3328,#3349));
#3306 = ORIENTED_EDGE('',*,*,#3307,.F.);
#3307 = EDGE_CURVE('',#2967,#3179,#3308,.T.);
#3308 = SURFACE_CURVE('',#3309,(#3313,#3320),.PCURVE_S1.);
#3309 = LINE('',#3310,#3311);
#3310 = CARTESIAN_POINT('',(2.156E+03,99.,696.));
#3311 = VECTOR('',#3312,1.);
#3312 = DIRECTION('',(-0.,1.,-0.));
#3313 = PCURVE('',#2984,#3314);
#3314 = DEFINITIONAL_REPRESENTATION('',(#3315),#3319);
#3315 = LINE('',#3316,#3317);
#3316 = CARTESIAN_POINT('',(0.,-0.));
#3317 = VECTOR('',#3318,1.);
#3318 = DIRECTION('',(-0.,1.));
#3319 = ( GEOMETRIC_REPRESENTATION_CONTEXT(2) 
PARAMETRIC_REPRESENTATION_CONTEXT() REPRESENTATION_CONTEXT('2D SPACE',''
  ) );
#3320 = PCURVE('',#3012,#3321);
#3321 = DEFINITIONAL_REPRESENTATION('',(#3322),#3326);
#3322 = LINE('',#3323,#3324);
#3323 = CARTESIAN_POINT('',(-26.,-0.));
#3324 = VECTOR('',#3325,1.);
#3325 = DIRECTION('',(-0.,-1.));
#3326 = ( GEOMETRIC_REPRESENTATION_CONTEXT(2) 
PARAMETRIC_REPRESENTATION_CONTEXT() REPRESENTATION_CONTEXT('2D SPACE',''
  ) );
#3327 = ORIENTED_EDGE('',*,*,#2966,.T.);
#3328 = ORIENTED_EDGE('',*,*,#3329,.T.);
#3329 = EDGE_CURVE('',#2969,#3181,#3330,.T.);
#3330 = SURFACE_CURVE('',#3331,(#3335,#3342),.PCURVE_S1.);
#3331 = LINE('',#3332,#3333);
#3332 = CARTESIAN_POINT('',(2.13E+03,99.,696.));
#3333 = VECTOR('',#3334,1.);
#3334 = DIRECTION('',(-0.,1.,-0.));
#3335 = PCURVE('',#2984,#3336);
#3336 = DEFINITIONAL_REPRESENTATION('',(#3337),#3341);
#3337 = LINE('',#3338,#3339);
#3338 = CARTESIAN_POINT('',(-26.,0.));
#3339 = VECTOR('',#3340,1.);
#3340 = DIRECTION('',(-0.,1.));
#3341 = ( GEOMETRIC_REPRESENTATION_CONTEXT(2) 
PARAMETRIC_REPRESENTATION_CONTEXT() REPRESENTATION_CONTEXT('2D SPACE',''
  ) );
#3342 = PCURVE('',#3066,#3343);
#3343 = DEFINITIONAL_REPRESENTATION('',(#3344),#3348);
#3344 = LINE('',#3345,#3346);
#3345 = CARTESIAN_POINT('',(-26.,-0.));
#3346 = VECTOR('',#3347,1.);
#3347 = DIRECTION('',(-0.,-1.));
#3348 = ( GEOMETRIC_REPRESENTATION_CONTEXT(2) 
PARAMETRIC_REPRESENTATION_CONTEXT() REPRESENTATION_CONTEXT('2D SPACE',''
  ) );
#3349 = ORIENTED_EDGE('',*,*,#3178,.F.);
#3350 = ADVANCED_FACE('',(#3351),#3066,.F.);
#3351 = FACE_BOUND('',#3352,.T.);
#3352 = EDGE_LOOP('',(#3353,#3354,#3355,#3376));
#3353 = ORIENTED_EDGE('',*,*,#3329,.F.);
#3354 = ORIENTED_EDGE('',*,*,#3052,.T.);
#3355 = ORIENTED_EDGE('',*,*,#3356,.T.);
#3356 = EDGE_CURVE('',#3025,#3227,#3357,.T.);
#3357 = SURFACE_CURVE('',#3358,(#3362,#3369),.PCURVE_S1.);
#3358 = LINE('',#3359,#3360);
#3359 = CARTESIAN_POINT('',(2.13E+03,99.,670.));
#3360 = VECTOR('',#3361,1.);
#3361 = DIRECTION('',(-0.,1.,-0.));
#3362 = PCURVE('',#3066,#3363);
#3363 = DEFINITIONAL_REPRESENTATION('',(#3364),#3368);
#3364 = LINE('',#3365,#3366);
#3365 = CARTESIAN_POINT('',(-0.,-0.));
#3366 = VECTOR('',#3367,1.);
#3367 = DIRECTION('',(-0.,-1.));
#3368 = ( GEOMETRIC_REPRESENTATION_CONTEXT(2) 
PARAMETRIC_REPRESENTATION_CONTEXT() REPRESENTATION_CONTEXT('2D SPACE',''
  ) );
#3369 = PCURVE('',#3040,#3370);
#3370 = DEFINITIONAL_REPRESENTATION('',(#3371),#3375);
#3371 = LINE('',#3372,#3373);
#3372 = CARTESIAN_POINT('',(-26.,0.));
#3373 = VECTOR('',#3374,1.);
#3374 = DIRECTION('',(-0.,1.));
#3375 = ( GEOMETRIC_REPRESENTATION_CONTEXT(2) 
PARAMETRIC_REPRESENTATION_CONTEXT() REPRESENTATION_CONTEXT('2D SPACE',''
  ) );
#3376 = ORIENTED_EDGE('',*,*,#3249,.F.);
#3377 = ADVANCED_FACE('',(#3378),#3040,.T.);
#3378 = FACE_BOUND('',#3379,.F.);
#3379 = EDGE_LOOP('',(#3380,#3401,#3402,#3403));
#3380 = ORIENTED_EDGE('',*,*,#3381,.F.);
#3381 = EDGE_CURVE('',#2997,#3204,#3382,.T.);
#3382 = SURFACE_CURVE('',#3383,(#3387,#3394),.PCURVE_S1.);
#3383 = LINE('',#3384,#3385);
#3384 = CARTESIAN_POINT('',(2.156E+03,99.,670.));
#3385 = VECTOR('',#3386,1.);
#3386 = DIRECTION('',(-0.,1.,-0.));
#3387 = PCURVE('',#3040,#3388);
#3388 = DEFINITIONAL_REPRESENTATION('',(#3389),#3393);
#3389 = LINE('',#3390,#3391);
#3390 = CARTESIAN_POINT('',(0.,-0.));
#3391 = VECTOR('',#3392,1.);
#3392 = DIRECTION('',(-0.,1.));
#3393 = ( GEOMETRIC_REPRESENTATION_CONTEXT(2) 
PARAMETRIC_REPRESENTATION_CONTEXT() REPRESENTATION_CONTEXT('2D SPACE',''
  ) );
#3394 = PCURVE('',#3012,#3395);
#3395 = DEFINITIONAL_REPRESENTATION('',(#3396),#3400);
#3396 = LINE('',#3397,#3398);
#3397 = CARTESIAN_POINT('',(-0.,-0.));
#3398 = VECTOR('',#3399,1.);
#3399 = DIRECTION('',(-0.,-1.));
#3400 = ( GEOMETRIC_REPRESENTATION_CONTEXT(2) 
PARAMETRIC_REPRESENTATION_CONTEXT() REPRESENTATION_CONTEXT('2D SPACE',''
  ) );
#3401 = ORIENTED_EDGE('',*,*,#3024,.T.);
#3402 = ORIENTED_EDGE('',*,*,#3356,.T.);
#3403 = ORIENTED_EDGE('',*,*,#3226,.F.);
#3404 = ADVANCED_FACE('',(#3405),#3012,.T.);
#3405 = FACE_BOUND('',#3406,.F.);
#3406 = EDGE_LOOP('',(#3407,#3408,#3409,#3410));
#3407 = ORIENTED_EDGE('',*,*,#3307,.F.);
#3408 = ORIENTED_EDGE('',*,*,#2996,.T.);
#3409 = ORIENTED_EDGE('',*,*,#3381,.T.);
#3410 = ORIENTED_EDGE('',*,*,#3203,.F.);
#3411 = ( GEOMETRIC_REPRESENTATION_CONTEXT(3) 
GLOBAL_UNCERTAINTY_ASSIGNED_CONTEXT((#3415)) 
GLOBAL_UNIT_ASSIGNED_CONTEXT((#3412,#3413,#3414)) REPRESENTATION_CONTEXT
('Context #1','3D Context with UNIT and UNCERTAINTY') );
#3412 = ( LENGTH_UNIT() NAMED_UNIT(*) SI_UNIT(.MILLI.,.METRE.) );
#3413 = ( NAMED_UNIT(*) PLANE_ANGLE_UNIT() SI_UNIT($,.RADIAN.) );
#3414 = ( NAMED_UNIT(*) SI_UNIT($,.STERADIAN.) SOLID_ANGLE_UNIT() );
#3415 = UNCERTAINTY_MEASURE_WITH_UNIT(LENGTH_MEASURE(1.E-07),#3412,
  'distance_accuracy_value','confusion accuracy');
#3416 = CONTEXT_DEPENDENT_SHAPE_REPRESENTATION(#3417,#3419);
#3417 = ( REPRESENTATION_RELATIONSHIP('','',#2764,#10) 
REPRESENTATION_RELATIONSHIP_WITH_TRANSFORMATION(#3418) 
SHAPE_REPRESENTATION_RELATIONSHIP() );
#3418 = ITEM_DEFINED_TRANSFORMATION('','',#11,#31);
#3419 = PRODUCT_DEFINITION_SHAPE('Placement','Placement of an item',
  #3420);
#3420 = NEXT_ASSEMBLY_USAGE_OCCURRENCE('321','','',#5,#2759,$);
#3421 = PRODUCT_RELATED_PRODUCT_CATEGORY('part',$,(#2761));
#3422 = SHAPE_DEFINITION_REPRESENTATION(#3423,#3429);
#3423 = PRODUCT_DEFINITION_SHAPE('','',#3424);
#3424 = PRODUCT_DEFINITION('design','',#3425,#3428);
#3425 = PRODUCT_DEFINITION_FORMATION('','',#3426);
#3426 = PRODUCT('Open CASCADE STEP translator 7.9 12.6',
  'Open CASCADE STEP translator 7.9 12.6','',(#3427));
#3427 = PRODUCT_CONTEXT('',#2,'mechanical');
#3428 = PRODUCT_DEFINITION_CONTEXT('part definition',#2,'design');
#3429 = ADVANCED_BREP_SHAPE_REPRESENTATION('',(#11,#3430),#4076);
#3430 = MANIFOLD_SOLID_BREP('',#3431);
#3431 = CLOSED_SHELL('',(#3432,#3552,#3742,#3791,#3934,#3961,#3968,#4015
    ,#4042,#4069));
#3432 = ADVANCED_FACE('',(#3433),#3447,.F.);
#3433 = FACE_BOUND('',#3434,.T.);
#3434 = EDGE_LOOP('',(#3435,#3470,#3498,#3526));
#3435 = ORIENTED_EDGE('',*,*,#3436,.F.);
#3436 = EDGE_CURVE('',#3437,#3439,#3441,.T.);
#3437 = VERTEX_POINT('',#3438);
#3438 = CARTESIAN_POINT('',(1.738E+03,100.,668.));
#3439 = VERTEX_POINT('',#3440);
#3440 = CARTESIAN_POINT('',(1.738E+03,100.,698.));
#3441 = SURFACE_CURVE('',#3442,(#3446,#3458),.PCURVE_S1.);
#3442 = LINE('',#3443,#3444);
#3443 = CARTESIAN_POINT('',(1.738E+03,100.,668.));
#3444 = VECTOR('',#3445,1.);
#3445 = DIRECTION('',(-0.,-0.,1.));
#3446 = PCURVE('',#3447,#3452);
#3447 = PLANE('',#3448);
#3448 = AXIS2_PLACEMENT_3D('',#3449,#3450,#3451);
#3449 = CARTESIAN_POINT('',(1.738E+03,100.,668.));
#3450 = DIRECTION('',(-1.,-0.,-0.));
#3451 = DIRECTION('',(0.,0.,-1.));
#3452 = DEFINITIONAL_REPRESENTATION('',(#3453),#3457);
#3453 = LINE('',#3454,#3455);
#3454 = CARTESIAN_POINT('',(-0.,-0.));
#3455 = VECTOR('',#3456,1.);
#3456 = DIRECTION('',(-1.,-0.));
#3457 = ( GEOMETRIC_REPRESENTATION_CONTEXT(2) 
PARAMETRIC_REPRESENTATION_CONTEXT() REPRESENTATION_CONTEXT('2D SPACE',''
  ) );
#3458 = PCURVE('',#3459,#3464);
#3459 = PLANE('',#3460);
#3460 = AXIS2_PLACEMENT_3D('',#3461,#3462,#3463);
#3461 = CARTESIAN_POINT('',(1.738E+03,100.,668.));
#3462 = DIRECTION('',(-0.,1.,-0.));
#3463 = DIRECTION('',(0.,0.,-1.));
#3464 = DEFINITIONAL_REPRESENTATION('',(#3465),#3469);
#3465 = LINE('',#3466,#3467);
#3466 = CARTESIAN_POINT('',(-0.,-0.));
#3467 = VECTOR('',#3468,1.);
#3468 = DIRECTION('',(-1.,0.));
#3469 = ( GEOMETRIC_REPRESENTATION_CONTEXT(2) 
PARAMETRIC_REPRESENTATION_CONTEXT() REPRESENTATION_CONTEXT('2D SPACE',''
  ) );
#3470 = ORIENTED_EDGE('',*,*,#3471,.T.);
#3471 = EDGE_CURVE('',#3437,#3472,#3474,.T.);
#3472 = VERTEX_POINT('',#3473);
#3473 = CARTESIAN_POINT('',(1.738E+03,1.E+03,668.));
#3474 = SURFACE_CURVE('',#3475,(#3479,#3486),.PCURVE_S1.);
#3475 = LINE('',#3476,#3477);
#3476 = CARTESIAN_POINT('',(1.738E+03,100.,668.));
#3477 = VECTOR('',#3478,1.);
#3478 = DIRECTION('',(-0.,1.,-0.));
#3479 = PCURVE('',#3447,#3480);
#3480 = DEFINITIONAL_REPRESENTATION('',(#3481),#3485);
#3481 = LINE('',#3482,#3483);
#3482 = CARTESIAN_POINT('',(-0.,-0.));
#3483 = VECTOR('',#3484,1.);
#3484 = DIRECTION('',(-0.,-1.));
#3485 = ( GEOMETRIC_REPRESENTATION_CONTEXT(2) 
PARAMETRIC_REPRESENTATION_CONTEXT() REPRESENTATION_CONTEXT('2D SPACE',''
  ) );
#3486 = PCURVE('',#3487,#3492);
#3487 = PLANE('',#3488);
#3488 = AXIS2_PLACEMENT_3D('',#3489,#3490,#3491);
#3489 = CARTESIAN_POINT('',(1.738E+03,100.,668.));
#3490 = DIRECTION('',(-0.,-0.,1.));
#3491 = DIRECTION('',(1.,0.,0.));
#3492 = DEFINITIONAL_REPRESENTATION('',(#3493),#3497);
#3493 = LINE('',#3494,#3495);
#3494 = CARTESIAN_POINT('',(0.,-0.));
#3495 = VECTOR('',#3496,1.);
#3496 = DIRECTION('',(-0.,1.));
#3497 = ( GEOMETRIC_REPRESENTATION_CONTEXT(2) 
PARAMETRIC_REPRESENTATION_CONTEXT() REPRESENTATION_CONTEXT('2D SPACE',''
  ) );
#3498 = ORIENTED_EDGE('',*,*,#3499,.T.);
#3499 = EDGE_CURVE('',#3472,#3500,#3502,.T.);
#3500 = VERTEX_POINT('',#3501);
#3501 = CARTESIAN_POINT('',(1.738E+03,1.E+03,698.));
#3502 = SURFACE_CURVE('',#3503,(#3507,#3514),.PCURVE_S1.);
#3503 = LINE('',#3504,#3505);
#3504 = CARTESIAN_POINT('',(1.738E+03,1.E+03,668.));
#3505 = VECTOR('',#3506,1.);
#3506 = DIRECTION('',(-0.,-0.,1.));
#3507 = PCURVE('',#3447,#3508);
#3508 = DEFINITIONAL_REPRESENTATION('',(#3509),#3513);
#3509 = LINE('',#3510,#3511);
#3510 = CARTESIAN_POINT('',(-0.,-900.));
#3511 = VECTOR('',#3512,1.);
#3512 = DIRECTION('',(-1.,-0.));
#3513 = ( GEOMETRIC_REPRESENTATION_CONTEXT(2) 
PARAMETRIC_REPRESENTATION_CONTEXT() REPRESENTATION_CONTEXT('2D SPACE',''
  ) );
#3514 = PCURVE('',#3515,#3520);
#3515 = PLANE('',#3516);
#3516 = AXIS2_PLACEMENT_3D('',#3517,#3518,#3519);
#3517 = CARTESIAN_POINT('',(1.738E+03,1.E+03,668.));
#3518 = DIRECTION('',(-0.,1.,-0.));
#3519 = DIRECTION('',(0.,0.,-1.));
#3520 = DEFINITIONAL_REPRESENTATION('',(#3521),#3525);
#3521 = LINE('',#3522,#3523);
#3522 = CARTESIAN_POINT('',(-0.,-0.));
#3523 = VECTOR('',#3524,1.);
#3524 = DIRECTION('',(-1.,0.));
#3525 = ( GEOMETRIC_REPRESENTATION_CONTEXT(2) 
PARAMETRIC_REPRESENTATION_CONTEXT() REPRESENTATION_CONTEXT('2D SPACE',''
  ) );
#3526 = ORIENTED_EDGE('',*,*,#3527,.F.);
#3527 = EDGE_CURVE('',#3439,#3500,#3528,.T.);
#3528 = SURFACE_CURVE('',#3529,(#3533,#3540),.PCURVE_S1.);
#3529 = LINE('',#3530,#3531);
#3530 = CARTESIAN_POINT('',(1.738E+03,100.,698.));
#3531 = VECTOR('',#3532,1.);
#3532 = DIRECTION('',(-0.,1.,-0.));
#3533 = PCURVE('',#3447,#3534);
#3534 = DEFINITIONAL_REPRESENTATION('',(#3535),#3539);
#3535 = LINE('',#3536,#3537);
#3536 = CARTESIAN_POINT('',(-30.,-0.));
#3537 = VECTOR('',#3538,1.);
#3538 = DIRECTION('',(-0.,-1.));
#3539 = ( GEOMETRIC_REPRESENTATION_CONTEXT(2) 
PARAMETRIC_REPRESENTATION_CONTEXT() REPRESENTATION_CONTEXT('2D SPACE',''
  ) );
#3540 = PCURVE('',#3541,#3546);
#3541 = PLANE('',#3542);
#3542 = AXIS2_PLACEMENT_3D('',#3543,#3544,#3545);
#3543 = CARTESIAN_POINT('',(1.738E+03,100.,698.));
#3544 = DIRECTION('',(-0.,-0.,1.));
#3545 = DIRECTION('',(1.,0.,0.));
#3546 = DEFINITIONAL_REPRESENTATION('',(#3547),#3551);
#3547 = LINE('',#3548,#3549);
#3548 = CARTESIAN_POINT('',(0.,-0.));
#3549 = VECTOR('',#3550,1.);
#3550 = DIRECTION('',(-0.,1.));
#3551 = ( GEOMETRIC_REPRESENTATION_CONTEXT(2) 
PARAMETRIC_REPRESENTATION_CONTEXT() REPRESENTATION_CONTEXT('2D SPACE',''
  ) );
#3552 = ADVANCED_FACE('',(#3553,#3628),#3459,.F.);
#3553 = FACE_BOUND('',#3554,.T.);
#3554 = EDGE_LOOP('',(#3555,#3578,#3579,#3602));
#3555 = ORIENTED_EDGE('',*,*,#3556,.F.);
#3556 = EDGE_CURVE('',#3437,#3557,#3559,.T.);
#3557 = VERTEX_POINT('',#3558);
#3558 = CARTESIAN_POINT('',(1.708E+03,100.,668.));
#3559 = SURFACE_CURVE('',#3560,(#3564,#3571),.PCURVE_S1.);
#3560 = LINE('',#3561,#3562);
#3561 = CARTESIAN_POINT('',(1.738E+03,100.,668.));
#3562 = VECTOR('',#3563,1.);
#3563 = DIRECTION('',(-1.,-0.,-0.));
#3564 = PCURVE('',#3459,#3565);
#3565 = DEFINITIONAL_REPRESENTATION('',(#3566),#3570);
#3566 = LINE('',#3567,#3568);
#3567 = CARTESIAN_POINT('',(-0.,-0.));
#3568 = VECTOR('',#3569,1.);
#3569 = DIRECTION('',(-0.,1.));
#3570 = ( GEOMETRIC_REPRESENTATION_CONTEXT(2) 
PARAMETRIC_REPRESENTATION_CONTEXT() REPRESENTATION_CONTEXT('2D SPACE',''
  ) );
#3571 = PCURVE('',#3487,#3572);
#3572 = DEFINITIONAL_REPRESENTATION('',(#3573),#3577);
#3573 = LINE('',#3574,#3575);
#3574 = CARTESIAN_POINT('',(0.,-0.));
#3575 = VECTOR('',#3576,1.);
#3576 = DIRECTION('',(-1.,0.));
#3577 = ( GEOMETRIC_REPRESENTATION_CONTEXT(2) 
PARAMETRIC_REPRESENTATION_CONTEXT() REPRESENTATION_CONTEXT('2D SPACE',''
  ) );
#3578 = ORIENTED_EDGE('',*,*,#3436,.T.);
#3579 = ORIENTED_EDGE('',*,*,#3580,.T.);
#3580 = EDGE_CURVE('',#3439,#3581,#3583,.T.);
#3581 = VERTEX_POINT('',#3582);
#3582 = CARTESIAN_POINT('',(1.708E+03,100.,698.));
#3583 = SURFACE_CURVE('',#3584,(#3588,#3595),.PCURVE_S1.);
#3584 = LINE('',#3585,#3586);
#3585 = CARTESIAN_POINT('',(1.738E+03,100.,698.));
#3586 = VECTOR('',#3587,1.);
#3587 = DIRECTION('',(-1.,-0.,-0.));
#3588 = PCURVE('',#3459,#3589);
#3589 = DEFINITIONAL_REPRESENTATION('',(#3590),#3594);
#3590 = LINE('',#3591,#3592);
#3591 = CARTESIAN_POINT('',(-30.,-0.));
#3592 = VECTOR('',#3593,1.);
#3593 = DIRECTION('',(-0.,1.));
#3594 = ( GEOMETRIC_REPRESENTATION_CONTEXT(2) 
PARAMETRIC_REPRESENTATION_CONTEXT() REPRESENTATION_CONTEXT('2D SPACE',''
  ) );
#3595 = PCURVE('',#3541,#3596);
#3596 = DEFINITIONAL_REPRESENTATION('',(#3597),#3601);
#3597 = LINE('',#3598,#3599);
#3598 = CARTESIAN_POINT('',(0.,-0.));
#3599 = VECTOR('',#3600,1.);
#3600 = DIRECTION('',(-1.,0.));
#3601 = ( GEOMETRIC_REPRESENTATION_CONTEXT(2) 
PARAMETRIC_REPRESENTATION_CONTEXT() REPRESENTATION_CONTEXT('2D SPACE',''
  ) );
#3602 = ORIENTED_EDGE('',*,*,#3603,.F.);
#3603 = EDGE_CURVE('',#3557,#3581,#3604,.T.);
#3604 = SURFACE_CURVE('',#3605,(#3609,#3616),.PCURVE_S1.);
#3605 = LINE('',#3606,#3607);
#3606 = CARTESIAN_POINT('',(1.708E+03,100.,668.));
#3607 = VECTOR('',#3608,1.);
#3608 = DIRECTION('',(-0.,-0.,1.));
#3609 = PCURVE('',#3459,#3610);
#3610 = DEFINITIONAL_REPRESENTATION('',(#3611),#3615);
#3611 = LINE('',#3612,#3613);
#3612 = CARTESIAN_POINT('',(-0.,30.));
#3613 = VECTOR('',#3614,1.);
#3614 = DIRECTION('',(-1.,0.));
#3615 = ( GEOMETRIC_REPRESENTATION_CONTEXT(2) 
PARAMETRIC_REPRESENTATION_CONTEXT() REPRESENTATION_CONTEXT('2D SPACE',''
  ) );
#3616 = PCURVE('',#3617,#3622);
#3617 = PLANE('',#3618);
#3618 = AXIS2_PLACEMENT_3D('',#3619,#3620,#3621);
#3619 = CARTESIAN_POINT('',(1.708E+03,100.,668.));
#3620 = DIRECTION('',(-1.,-0.,-0.));
#3621 = DIRECTION('',(0.,0.,-1.));
#3622 = DEFINITIONAL_REPRESENTATION('',(#3623),#3627);
#3623 = LINE('',#3624,#3625);
#3624 = CARTESIAN_POINT('',(-0.,-0.));
#3625 = VECTOR('',#3626,1.);
#3626 = DIRECTION('',(-1.,-0.));
#3627 = ( GEOMETRIC_REPRESENTATION_CONTEXT(2) 
PARAMETRIC_REPRESENTATION_CONTEXT() REPRESENTATION_CONTEXT('2D SPACE',''
  ) );
#3628 = FACE_BOUND('',#3629,.T.);
#3629 = EDGE_LOOP('',(#3630,#3660,#3688,#3716));
#3630 = ORIENTED_EDGE('',*,*,#3631,.F.);
#3631 = EDGE_CURVE('',#3632,#3634,#3636,.T.);
#3632 = VERTEX_POINT('',#3633);
#3633 = CARTESIAN_POINT('',(1.736E+03,100.,696.));
#3634 = VERTEX_POINT('',#3635);
#3635 = CARTESIAN_POINT('',(1.71E+03,100.,696.));
#3636 = SURFACE_CURVE('',#3637,(#3641,#3648),.PCURVE_S1.);
#3637 = LINE('',#3638,#3639);
#3638 = CARTESIAN_POINT('',(1.737E+03,100.,696.));
#3639 = VECTOR('',#3640,1.);
#3640 = DIRECTION('',(-1.,-0.,-0.));
#3641 = PCURVE('',#3459,#3642);
#3642 = DEFINITIONAL_REPRESENTATION('',(#3643),#3647);
#3643 = LINE('',#3644,#3645);
#3644 = CARTESIAN_POINT('',(-28.,1.));
#3645 = VECTOR('',#3646,1.);
#3646 = DIRECTION('',(-0.,1.));
#3647 = ( GEOMETRIC_REPRESENTATION_CONTEXT(2) 
PARAMETRIC_REPRESENTATION_CONTEXT() REPRESENTATION_CONTEXT('2D SPACE',''
  ) );
#3648 = PCURVE('',#3649,#3654);
#3649 = PLANE('',#3650);
#3650 = AXIS2_PLACEMENT_3D('',#3651,#3652,#3653);
#3651 = CARTESIAN_POINT('',(1.736E+03,99.,696.));
#3652 = DIRECTION('',(-0.,-0.,1.));
#3653 = DIRECTION('',(1.,0.,0.));
#3654 = DEFINITIONAL_REPRESENTATION('',(#3655),#3659);
#3655 = LINE('',#3656,#3657);
#3656 = CARTESIAN_POINT('',(1.,1.));
#3657 = VECTOR('',#3658,1.);
#3658 = DIRECTION('',(-1.,0.));
#3659 = ( GEOMETRIC_REPRESENTATION_CONTEXT(2) 
PARAMETRIC_REPRESENTATION_CONTEXT() REPRESENTATION_CONTEXT('2D SPACE',''
  ) );
#3660 = ORIENTED_EDGE('',*,*,#3661,.T.);
#3661 = EDGE_CURVE('',#3632,#3662,#3664,.T.);
#3662 = VERTEX_POINT('',#3663);
#3663 = CARTESIAN_POINT('',(1.736E+03,100.,670.));
#3664 = SURFACE_CURVE('',#3665,(#3669,#3676),.PCURVE_S1.);
#3665 = LINE('',#3666,#3667);
#3666 = CARTESIAN_POINT('',(1.736E+03,100.,669.));
#3667 = VECTOR('',#3668,1.);
#3668 = DIRECTION('',(-0.,0.,-1.));
#3669 = PCURVE('',#3459,#3670);
#3670 = DEFINITIONAL_REPRESENTATION('',(#3671),#3675);
#3671 = LINE('',#3672,#3673);
#3672 = CARTESIAN_POINT('',(-1.,2.));
#3673 = VECTOR('',#3674,1.);
#3674 = DIRECTION('',(1.,-0.));
#3675 = ( GEOMETRIC_REPRESENTATION_CONTEXT(2) 
PARAMETRIC_REPRESENTATION_CONTEXT() REPRESENTATION_CONTEXT('2D SPACE',''
  ) );
#3676 = PCURVE('',#3677,#3682);
#3677 = PLANE('',#3678);
#3678 = AXIS2_PLACEMENT_3D('',#3679,#3680,#3681);
#3679 = CARTESIAN_POINT('',(1.736E+03,99.,670.));
#3680 = DIRECTION('',(-1.,-0.,-0.));
#3681 = DIRECTION('',(0.,0.,-1.));
#3682 = DEFINITIONAL_REPRESENTATION('',(#3683),#3687);
#3683 = LINE('',#3684,#3685);
#3684 = CARTESIAN_POINT('',(1.,-1.));
#3685 = VECTOR('',#3686,1.);
#3686 = DIRECTION('',(1.,-0.));
#3687 = ( GEOMETRIC_REPRESENTATION_CONTEXT(2) 
PARAMETRIC_REPRESENTATION_CONTEXT() REPRESENTATION_CONTEXT('2D SPACE',''
  ) );
#3688 = ORIENTED_EDGE('',*,*,#3689,.T.);
#3689 = EDGE_CURVE('',#3662,#3690,#3692,.T.);
#3690 = VERTEX_POINT('',#3691);
#3691 = CARTESIAN_POINT('',(1.71E+03,100.,670.));
#3692 = SURFACE_CURVE('',#3693,(#3697,#3704),.PCURVE_S1.);
#3693 = LINE('',#3694,#3695);
#3694 = CARTESIAN_POINT('',(1.737E+03,100.,670.));
#3695 = VECTOR('',#3696,1.);
#3696 = DIRECTION('',(-1.,-0.,-0.));
#3697 = PCURVE('',#3459,#3698);
#3698 = DEFINITIONAL_REPRESENTATION('',(#3699),#3703);
#3699 = LINE('',#3700,#3701);
#3700 = CARTESIAN_POINT('',(-2.,1.));
#3701 = VECTOR('',#3702,1.);
#3702 = DIRECTION('',(-0.,1.));
#3703 = ( GEOMETRIC_REPRESENTATION_CONTEXT(2) 
PARAMETRIC_REPRESENTATION_CONTEXT() REPRESENTATION_CONTEXT('2D SPACE',''
  ) );
#3704 = PCURVE('',#3705,#3710);
#3705 = PLANE('',#3706);
#3706 = AXIS2_PLACEMENT_3D('',#3707,#3708,#3709);
#3707 = CARTESIAN_POINT('',(1.736E+03,99.,670.));
#3708 = DIRECTION('',(-0.,-0.,1.));
#3709 = DIRECTION('',(1.,0.,0.));
#3710 = DEFINITIONAL_REPRESENTATION('',(#3711),#3715);
#3711 = LINE('',#3712,#3713);
#3712 = CARTESIAN_POINT('',(1.,1.));
#3713 = VECTOR('',#3714,1.);
#3714 = DIRECTION('',(-1.,0.));
#3715 = ( GEOMETRIC_REPRESENTATION_CONTEXT(2) 
PARAMETRIC_REPRESENTATION_CONTEXT() REPRESENTATION_CONTEXT('2D SPACE',''
  ) );
#3716 = ORIENTED_EDGE('',*,*,#3717,.F.);
#3717 = EDGE_CURVE('',#3634,#3690,#3718,.T.);
#3718 = SURFACE_CURVE('',#3719,(#3723,#3730),.PCURVE_S1.);
#3719 = LINE('',#3720,#3721);
#3720 = CARTESIAN_POINT('',(1.71E+03,100.,669.));
#3721 = VECTOR('',#3722,1.);
#3722 = DIRECTION('',(-0.,0.,-1.));
#3723 = PCURVE('',#3459,#3724);
#3724 = DEFINITIONAL_REPRESENTATION('',(#3725),#3729);
#3725 = LINE('',#3726,#3727);
#3726 = CARTESIAN_POINT('',(-1.,28.));
#3727 = VECTOR('',#3728,1.);
#3728 = DIRECTION('',(1.,-0.));
#3729 = ( GEOMETRIC_REPRESENTATION_CONTEXT(2) 
PARAMETRIC_REPRESENTATION_CONTEXT() REPRESENTATION_CONTEXT('2D SPACE',''
  ) );
#3730 = PCURVE('',#3731,#3736);
#3731 = PLANE('',#3732);
#3732 = AXIS2_PLACEMENT_3D('',#3733,#3734,#3735);
#3733 = CARTESIAN_POINT('',(1.71E+03,99.,670.));
#3734 = DIRECTION('',(-1.,-0.,-0.));
#3735 = DIRECTION('',(0.,0.,-1.));
#3736 = DEFINITIONAL_REPRESENTATION('',(#3737),#3741);
#3737 = LINE('',#3738,#3739);
#3738 = CARTESIAN_POINT('',(1.,-1.));
#3739 = VECTOR('',#3740,1.);
#3740 = DIRECTION('',(1.,-0.));
#3741 = ( GEOMETRIC_REPRESENTATION_CONTEXT(2) 
PARAMETRIC_REPRESENTATION_CONTEXT() REPRESENTATION_CONTEXT('2D SPACE',''
  ) );
#3742 = ADVANCED_FACE('',(#3743),#3541,.T.);
#3743 = FACE_BOUND('',#3744,.F.);
#3744 = EDGE_LOOP('',(#3745,#3746,#3747,#3770));
#3745 = ORIENTED_EDGE('',*,*,#3527,.F.);
#3746 = ORIENTED_EDGE('',*,*,#3580,.T.);
#3747 = ORIENTED_EDGE('',*,*,#3748,.T.);
#3748 = EDGE_CURVE('',#3581,#3749,#3751,.T.);
#3749 = VERTEX_POINT('',#3750);
#3750 = CARTESIAN_POINT('',(1.708E+03,1.E+03,698.));
#3751 = SURFACE_CURVE('',#3752,(#3756,#3763),.PCURVE_S1.);
#3752 = LINE('',#3753,#3754);
#3753 = CARTESIAN_POINT('',(1.708E+03,100.,698.));
#3754 = VECTOR('',#3755,1.);
#3755 = DIRECTION('',(-0.,1.,-0.));
#3756 = PCURVE('',#3541,#3757);
#3757 = DEFINITIONAL_REPRESENTATION('',(#3758),#3762);
#3758 = LINE('',#3759,#3760);
#3759 = CARTESIAN_POINT('',(-30.,0.));
#3760 = VECTOR('',#3761,1.);
#3761 = DIRECTION('',(-0.,1.));
#3762 = ( GEOMETRIC_REPRESENTATION_CONTEXT(2) 
PARAMETRIC_REPRESENTATION_CONTEXT() REPRESENTATION_CONTEXT('2D SPACE',''
  ) );
#3763 = PCURVE('',#3617,#3764);
#3764 = DEFINITIONAL_REPRESENTATION('',(#3765),#3769);
#3765 = LINE('',#3766,#3767);
#3766 = CARTESIAN_POINT('',(-30.,-0.));
#3767 = VECTOR('',#3768,1.);
#3768 = DIRECTION('',(-0.,-1.));
#3769 = ( GEOMETRIC_REPRESENTATION_CONTEXT(2) 
PARAMETRIC_REPRESENTATION_CONTEXT() REPRESENTATION_CONTEXT('2D SPACE',''
  ) );
#3770 = ORIENTED_EDGE('',*,*,#3771,.F.);
#3771 = EDGE_CURVE('',#3500,#3749,#3772,.T.);
#3772 = SURFACE_CURVE('',#3773,(#3777,#3784),.PCURVE_S1.);
#3773 = LINE('',#3774,#3775);
#3774 = CARTESIAN_POINT('',(1.738E+03,1.E+03,698.));
#3775 = VECTOR('',#3776,1.);
#3776 = DIRECTION('',(-1.,-0.,-0.));
#3777 = PCURVE('',#3541,#3778);
#3778 = DEFINITIONAL_REPRESENTATION('',(#3779),#3783);
#3779 = LINE('',#3780,#3781);
#3780 = CARTESIAN_POINT('',(0.,900.));
#3781 = VECTOR('',#3782,1.);
#3782 = DIRECTION('',(-1.,0.));
#3783 = ( GEOMETRIC_REPRESENTATION_CONTEXT(2) 
PARAMETRIC_REPRESENTATION_CONTEXT() REPRESENTATION_CONTEXT('2D SPACE',''
  ) );
#3784 = PCURVE('',#3515,#3785);
#3785 = DEFINITIONAL_REPRESENTATION('',(#3786),#3790);
#3786 = LINE('',#3787,#3788);
#3787 = CARTESIAN_POINT('',(-30.,-0.));
#3788 = VECTOR('',#3789,1.);
#3789 = DIRECTION('',(-0.,1.));
#3790 = ( GEOMETRIC_REPRESENTATION_CONTEXT(2) 
PARAMETRIC_REPRESENTATION_CONTEXT() REPRESENTATION_CONTEXT('2D SPACE',''
  ) );
#3791 = ADVANCED_FACE('',(#3792,#3840),#3515,.T.);
#3792 = FACE_BOUND('',#3793,.F.);
#3793 = EDGE_LOOP('',(#3794,#3817,#3818,#3819));
#3794 = ORIENTED_EDGE('',*,*,#3795,.F.);
#3795 = EDGE_CURVE('',#3472,#3796,#3798,.T.);
#3796 = VERTEX_POINT('',#3797);
#3797 = CARTESIAN_POINT('',(1.708E+03,1.E+03,668.));
#3798 = SURFACE_CURVE('',#3799,(#3803,#3810),.PCURVE_S1.);
#3799 = LINE('',#3800,#3801);
#3800 = CARTESIAN_POINT('',(1.738E+03,1.E+03,668.));
#3801 = VECTOR('',#3802,1.);
#3802 = DIRECTION('',(-1.,-0.,-0.));
#3803 = PCURVE('',#3515,#3804);
#3804 = DEFINITIONAL_REPRESENTATION('',(#3805),#3809);
#3805 = LINE('',#3806,#3807);
#3806 = CARTESIAN_POINT('',(-0.,-0.));
#3807 = VECTOR('',#3808,1.);
#3808 = DIRECTION('',(-0.,1.));
#3809 = ( GEOMETRIC_REPRESENTATION_CONTEXT(2) 
PARAMETRIC_REPRESENTATION_CONTEXT() REPRESENTATION_CONTEXT('2D SPACE',''
  ) );
#3810 = PCURVE('',#3487,#3811);
#3811 = DEFINITIONAL_REPRESENTATION('',(#3812),#3816);
#3812 = LINE('',#3813,#3814);
#3813 = CARTESIAN_POINT('',(0.,900.));
#3814 = VECTOR('',#3815,1.);
#3815 = DIRECTION('',(-1.,0.));
#3816 = ( GEOMETRIC_REPRESENTATION_CONTEXT(2) 
PARAMETRIC_REPRESENTATION_CONTEXT() REPRESENTATION_CONTEXT('2D SPACE',''
  ) );
#3817 = ORIENTED_EDGE('',*,*,#3499,.T.);
#3818 = ORIENTED_EDGE('',*,*,#3771,.T.);
#3819 = ORIENTED_EDGE('',*,*,#3820,.F.);
#3820 = EDGE_CURVE('',#3796,#3749,#3821,.T.);
#3821 = SURFACE_CURVE('',#3822,(#3826,#3833),.PCURVE_S1.);
#3822 = LINE('',#3823,#3824);
#3823 = CARTESIAN_POINT('',(1.708E+03,1.E+03,668.));
#3824 = VECTOR('',#3825,1.);
#3825 = DIRECTION('',(-0.,-0.,1.));
#3826 = PCURVE('',#3515,#3827);
#3827 = DEFINITIONAL_REPRESENTATION('',(#3828),#3832);
#3828 = LINE('',#3829,#3830);
#3829 = CARTESIAN_POINT('',(-0.,30.));
#3830 = VECTOR('',#3831,1.);
#3831 = DIRECTION('',(-1.,0.));
#3832 = ( GEOMETRIC_REPRESENTATION_CONTEXT(2) 
PARAMETRIC_REPRESENTATION_CONTEXT() REPRESENTATION_CONTEXT('2D SPACE',''
  ) );
#3833 = PCURVE('',#3617,#3834);
#3834 = DEFINITIONAL_REPRESENTATION('',(#3835),#3839);
#3835 = LINE('',#3836,#3837);
#3836 = CARTESIAN_POINT('',(-0.,-900.));
#3837 = VECTOR('',#3838,1.);
#3838 = DIRECTION('',(-1.,-0.));
#3839 = ( GEOMETRIC_REPRESENTATION_CONTEXT(2) 
PARAMETRIC_REPRESENTATION_CONTEXT() REPRESENTATION_CONTEXT('2D SPACE',''
  ) );
#3840 = FACE_BOUND('',#3841,.F.);
#3841 = EDGE_LOOP('',(#3842,#3867,#3890,#3913));
#3842 = ORIENTED_EDGE('',*,*,#3843,.F.);
#3843 = EDGE_CURVE('',#3844,#3846,#3848,.T.);
#3844 = VERTEX_POINT('',#3845);
#3845 = CARTESIAN_POINT('',(1.736E+03,1.E+03,696.));
#3846 = VERTEX_POINT('',#3847);
#3847 = CARTESIAN_POINT('',(1.71E+03,1.E+03,696.));
#3848 = SURFACE_CURVE('',#3849,(#3853,#3860),.PCURVE_S1.);
#3849 = LINE('',#3850,#3851);
#3850 = CARTESIAN_POINT('',(1.737E+03,1.E+03,696.));
#3851 = VECTOR('',#3852,1.);
#3852 = DIRECTION('',(-1.,-0.,-0.));
#3853 = PCURVE('',#3515,#3854);
#3854 = DEFINITIONAL_REPRESENTATION('',(#3855),#3859);
#3855 = LINE('',#3856,#3857);
#3856 = CARTESIAN_POINT('',(-28.,1.));
#3857 = VECTOR('',#3858,1.);
#3858 = DIRECTION('',(-0.,1.));
#3859 = ( GEOMETRIC_REPRESENTATION_CONTEXT(2) 
PARAMETRIC_REPRESENTATION_CONTEXT() REPRESENTATION_CONTEXT('2D SPACE',''
  ) );
#3860 = PCURVE('',#3649,#3861);
#3861 = DEFINITIONAL_REPRESENTATION('',(#3862),#3866);
#3862 = LINE('',#3863,#3864);
#3863 = CARTESIAN_POINT('',(1.,901.));
#3864 = VECTOR('',#3865,1.);
#3865 = DIRECTION('',(-1.,0.));
#3866 = ( GEOMETRIC_REPRESENTATION_CONTEXT(2) 
PARAMETRIC_REPRESENTATION_CONTEXT() REPRESENTATION_CONTEXT('2D SPACE',''
  ) );
#3867 = ORIENTED_EDGE('',*,*,#3868,.T.);
#3868 = EDGE_CURVE('',#3844,#3869,#3871,.T.);
#3869 = VERTEX_POINT('',#3870);
#3870 = CARTESIAN_POINT('',(1.736E+03,1.E+03,670.));
#3871 = SURFACE_CURVE('',#3872,(#3876,#3883),.PCURVE_S1.);
#3872 = LINE('',#3873,#3874);
#3873 = CARTESIAN_POINT('',(1.736E+03,1.E+03,669.));
#3874 = VECTOR('',#3875,1.);
#3875 = DIRECTION('',(-0.,0.,-1.));
#3876 = PCURVE('',#3515,#3877);
#3877 = DEFINITIONAL_REPRESENTATION('',(#3878),#3882);
#3878 = LINE('',#3879,#3880);
#3879 = CARTESIAN_POINT('',(-1.,2.));
#3880 = VECTOR('',#3881,1.);
#3881 = DIRECTION('',(1.,-0.));
#3882 = ( GEOMETRIC_REPRESENTATION_CONTEXT(2) 
PARAMETRIC_REPRESENTATION_CONTEXT() REPRESENTATION_CONTEXT('2D SPACE',''
  ) );
#3883 = PCURVE('',#3677,#3884);
#3884 = DEFINITIONAL_REPRESENTATION('',(#3885),#3889);
#3885 = LINE('',#3886,#3887);
#3886 = CARTESIAN_POINT('',(1.,-901.));
#3887 = VECTOR('',#3888,1.);
#3888 = DIRECTION('',(1.,-0.));
#3889 = ( GEOMETRIC_REPRESENTATION_CONTEXT(2) 
PARAMETRIC_REPRESENTATION_CONTEXT() REPRESENTATION_CONTEXT('2D SPACE',''
  ) );
#3890 = ORIENTED_EDGE('',*,*,#3891,.T.);
#3891 = EDGE_CURVE('',#3869,#3892,#3894,.T.);
#3892 = VERTEX_POINT('',#3893);
#3893 = CARTESIAN_POINT('',(1.71E+03,1.E+03,670.));
#3894 = SURFACE_CURVE('',#3895,(#3899,#3906),.PCURVE_S1.);
#3895 = LINE('',#3896,#3897);
#3896 = CARTESIAN_POINT('',(1.737E+03,1.E+03,670.));
#3897 = VECTOR('',#3898,1.);
#3898 = DIRECTION('',(-1.,-0.,-0.));
#3899 = PCURVE('',#3515,#3900);
#3900 = DEFINITIONAL_REPRESENTATION('',(#3901),#3905);
#3901 = LINE('',#3902,#3903);
#3902 = CARTESIAN_POINT('',(-2.,1.));
#3903 = VECTOR('',#3904,1.);
#3904 = DIRECTION('',(-0.,1.));
#3905 = ( GEOMETRIC_REPRESENTATION_CONTEXT(2) 
PARAMETRIC_REPRESENTATION_CONTEXT() REPRESENTATION_CONTEXT('2D SPACE',''
  ) );
#3906 = PCURVE('',#3705,#3907);
#3907 = DEFINITIONAL_REPRESENTATION('',(#3908),#3912);
#3908 = LINE('',#3909,#3910);
#3909 = CARTESIAN_POINT('',(1.,901.));
#3910 = VECTOR('',#3911,1.);
#3911 = DIRECTION('',(-1.,0.));
#3912 = ( GEOMETRIC_REPRESENTATION_CONTEXT(2) 
PARAMETRIC_REPRESENTATION_CONTEXT() REPRESENTATION_CONTEXT('2D SPACE',''
  ) );
#3913 = ORIENTED_EDGE('',*,*,#3914,.F.);
#3914 = EDGE_CURVE('',#3846,#3892,#3915,.T.);
#3915 = SURFACE_CURVE('',#3916,(#3920,#3927),.PCURVE_S1.);
#3916 = LINE('',#3917,#3918);
#3917 = CARTESIAN_POINT('',(1.71E+03,1.E+03,669.));
#3918 = VECTOR('',#3919,1.);
#3919 = DIRECTION('',(-0.,0.,-1.));
#3920 = PCURVE('',#3515,#3921);
#3921 = DEFINITIONAL_REPRESENTATION('',(#3922),#3926);
#3922 = LINE('',#3923,#3924);
#3923 = CARTESIAN_POINT('',(-1.,28.));
#3924 = VECTOR('',#3925,1.);
#3925 = DIRECTION('',(1.,-0.));
#3926 = ( GEOMETRIC_REPRESENTATION_CONTEXT(2) 
PARAMETRIC_REPRESENTATION_CONTEXT() REPRESENTATION_CONTEXT('2D SPACE',''
  ) );
#3927 = PCURVE('',#3731,#3928);
#3928 = DEFINITIONAL_REPRESENTATION('',(#3929),#3933);
#3929 = LINE('',#3930,#3931);
#3930 = CARTESIAN_POINT('',(1.,-901.));
#3931 = VECTOR('',#3932,1.);
#3932 = DIRECTION('',(1.,-0.));
#3933 = ( GEOMETRIC_REPRESENTATION_CONTEXT(2) 
PARAMETRIC_REPRESENTATION_CONTEXT() REPRESENTATION_CONTEXT('2D SPACE',''
  ) );
#3934 = ADVANCED_FACE('',(#3935),#3487,.F.);
#3935 = FACE_BOUND('',#3936,.T.);
#3936 = EDGE_LOOP('',(#3937,#3938,#3939,#3960));
#3937 = ORIENTED_EDGE('',*,*,#3471,.F.);
#3938 = ORIENTED_EDGE('',*,*,#3556,.T.);
#3939 = ORIENTED_EDGE('',*,*,#3940,.T.);
#3940 = EDGE_CURVE('',#3557,#3796,#3941,.T.);
#3941 = SURFACE_CURVE('',#3942,(#3946,#3953),.PCURVE_S1.);
#3942 = LINE('',#3943,#3944);
#3943 = CARTESIAN_POINT('',(1.708E+03,100.,668.));
#3944 = VECTOR('',#3945,1.);
#3945 = DIRECTION('',(-0.,1.,-0.));
#3946 = PCURVE('',#3487,#3947);
#3947 = DEFINITIONAL_REPRESENTATION('',(#3948),#3952);
#3948 = LINE('',#3949,#3950);
#3949 = CARTESIAN_POINT('',(-30.,0.));
#3950 = VECTOR('',#3951,1.);
#3951 = DIRECTION('',(-0.,1.));
#3952 = ( GEOMETRIC_REPRESENTATION_CONTEXT(2) 
PARAMETRIC_REPRESENTATION_CONTEXT() REPRESENTATION_CONTEXT('2D SPACE',''
  ) );
#3953 = PCURVE('',#3617,#3954);
#3954 = DEFINITIONAL_REPRESENTATION('',(#3955),#3959);
#3955 = LINE('',#3956,#3957);
#3956 = CARTESIAN_POINT('',(-0.,-0.));
#3957 = VECTOR('',#3958,1.);
#3958 = DIRECTION('',(-0.,-1.));
#3959 = ( GEOMETRIC_REPRESENTATION_CONTEXT(2) 
PARAMETRIC_REPRESENTATION_CONTEXT() REPRESENTATION_CONTEXT('2D SPACE',''
  ) );
#3960 = ORIENTED_EDGE('',*,*,#3795,.F.);
#3961 = ADVANCED_FACE('',(#3962),#3617,.T.);
#3962 = FACE_BOUND('',#3963,.F.);
#3963 = EDGE_LOOP('',(#3964,#3965,#3966,#3967));
#3964 = ORIENTED_EDGE('',*,*,#3603,.F.);
#3965 = ORIENTED_EDGE('',*,*,#3940,.T.);
#3966 = ORIENTED_EDGE('',*,*,#3820,.T.);
#3967 = ORIENTED_EDGE('',*,*,#3748,.F.);
#3968 = ADVANCED_FACE('',(#3969),#3649,.F.);
#3969 = FACE_BOUND('',#3970,.T.);
#3970 = EDGE_LOOP('',(#3971,#3992,#3993,#4014));
#3971 = ORIENTED_EDGE('',*,*,#3972,.F.);
#3972 = EDGE_CURVE('',#3632,#3844,#3973,.T.);
#3973 = SURFACE_CURVE('',#3974,(#3978,#3985),.PCURVE_S1.);
#3974 = LINE('',#3975,#3976);
#3975 = CARTESIAN_POINT('',(1.736E+03,99.,696.));
#3976 = VECTOR('',#3977,1.);
#3977 = DIRECTION('',(-0.,1.,-0.));
#3978 = PCURVE('',#3649,#3979);
#3979 = DEFINITIONAL_REPRESENTATION('',(#3980),#3984);
#3980 = LINE('',#3981,#3982);
#3981 = CARTESIAN_POINT('',(0.,-0.));
#3982 = VECTOR('',#3983,1.);
#3983 = DIRECTION('',(-0.,1.));
#3984 = ( GEOMETRIC_REPRESENTATION_CONTEXT(2) 
PARAMETRIC_REPRESENTATION_CONTEXT() REPRESENTATION_CONTEXT('2D SPACE',''
  ) );
#3985 = PCURVE('',#3677,#3986);
#3986 = DEFINITIONAL_REPRESENTATION('',(#3987),#3991);
#3987 = LINE('',#3988,#3989);
#3988 = CARTESIAN_POINT('',(-26.,-0.));
#3989 = VECTOR('',#3990,1.);
#3990 = DIRECTION('',(-0.,-1.));
#3991 = ( GEOMETRIC_REPRESENTATION_CONTEXT(2) 
PARAMETRIC_REPRESENTATION_CONTEXT() REPRESENTATION_CONTEXT('2D SPACE',''
  ) );
#3992 = ORIENTED_EDGE('',*,*,#3631,.T.);
#3993 = ORIENTED_EDGE('',*,*,#3994,.T.);
#3994 = EDGE_CURVE('',#3634,#3846,#3995,.T.);
#3995 = SURFACE_CURVE('',#3996,(#4000,#4007),.PCURVE_S1.);
#3996 = LINE('',#3997,#3998);
#3997 = CARTESIAN_POINT('',(1.71E+03,99.,696.));
#3998 = VECTOR('',#3999,1.);
#3999 = DIRECTION('',(-0.,1.,-0.));
#4000 = PCURVE('',#3649,#4001);
#4001 = DEFINITIONAL_REPRESENTATION('',(#4002),#4006);
#4002 = LINE('',#4003,#4004);
#4003 = CARTESIAN_POINT('',(-26.,0.));
#4004 = VECTOR('',#4005,1.);
#4005 = DIRECTION('',(-0.,1.));
#4006 = ( GEOMETRIC_REPRESENTATION_CONTEXT(2) 
PARAMETRIC_REPRESENTATION_CONTEXT() REPRESENTATION_CONTEXT('2D SPACE',''
  ) );
#4007 = PCURVE('',#3731,#4008);
#4008 = DEFINITIONAL_REPRESENTATION('',(#4009),#4013);
#4009 = LINE('',#4010,#4011);
#4010 = CARTESIAN_POINT('',(-26.,-0.));
#4011 = VECTOR('',#4012,1.);
#4012 = DIRECTION('',(-0.,-1.));
#4013 = ( GEOMETRIC_REPRESENTATION_CONTEXT(2) 
PARAMETRIC_REPRESENTATION_CONTEXT() REPRESENTATION_CONTEXT('2D SPACE',''
  ) );
#4014 = ORIENTED_EDGE('',*,*,#3843,.F.);
#4015 = ADVANCED_FACE('',(#4016),#3731,.F.);
#4016 = FACE_BOUND('',#4017,.T.);
#4017 = EDGE_LOOP('',(#4018,#4019,#4020,#4041));
#4018 = ORIENTED_EDGE('',*,*,#3994,.F.);
#4019 = ORIENTED_EDGE('',*,*,#3717,.T.);
#4020 = ORIENTED_EDGE('',*,*,#4021,.T.);
#4021 = EDGE_CURVE('',#3690,#3892,#4022,.T.);
#4022 = SURFACE_CURVE('',#4023,(#4027,#4034),.PCURVE_S1.);
#4023 = LINE('',#4024,#4025);
#4024 = CARTESIAN_POINT('',(1.71E+03,99.,670.));
#4025 = VECTOR('',#4026,1.);
#4026 = DIRECTION('',(-0.,1.,-0.));
#4027 = PCURVE('',#3731,#4028);
#4028 = DEFINITIONAL_REPRESENTATION('',(#4029),#4033);
#4029 = LINE('',#4030,#4031);
#4030 = CARTESIAN_POINT('',(-0.,-0.));
#4031 = VECTOR('',#4032,1.);
#4032 = DIRECTION('',(-0.,-1.));
#4033 = ( GEOMETRIC_REPRESENTATION_CONTEXT(2) 
PARAMETRIC_REPRESENTATION_CONTEXT() REPRESENTATION_CONTEXT('2D SPACE',''
  ) );
#4034 = PCURVE('',#3705,#4035);
#4035 = DEFINITIONAL_REPRESENTATION('',(#4036),#4040);
#4036 = LINE('',#4037,#4038);
#4037 = CARTESIAN_POINT('',(-26.,0.));
#4038 = VECTOR('',#4039,1.);
#4039 = DIRECTION('',(-0.,1.));
#4040 = ( GEOMETRIC_REPRESENTATION_CONTEXT(2) 
PARAMETRIC_REPRESENTATION_CONTEXT() REPRESENTATION_CONTEXT('2D SPACE',''
  ) );
#4041 = ORIENTED_EDGE('',*,*,#3914,.F.);
#4042 = ADVANCED_FACE('',(#4043),#3705,.T.);
#4043 = FACE_BOUND('',#4044,.F.);
#4044 = EDGE_LOOP('',(#4045,#4066,#4067,#4068));
#4045 = ORIENTED_EDGE('',*,*,#4046,.F.);
#4046 = EDGE_CURVE('',#3662,#3869,#4047,.T.);
#4047 = SURFACE_CURVE('',#4048,(#4052,#4059),.PCURVE_S1.);
#4048 = LINE('',#4049,#4050);
#4049 = CARTESIAN_POINT('',(1.736E+03,99.,670.));
#4050 = VECTOR('',#4051,1.);
#4051 = DIRECTION('',(-0.,1.,-0.));
#4052 = PCURVE('',#3705,#4053);
#4053 = DEFINITIONAL_REPRESENTATION('',(#4054),#4058);
#4054 = LINE('',#4055,#4056);
#4055 = CARTESIAN_POINT('',(0.,-0.));
#4056 = VECTOR('',#4057,1.);
#4057 = DIRECTION('',(-0.,1.));
#4058 = ( GEOMETRIC_REPRESENTATION_CONTEXT(2) 
PARAMETRIC_REPRESENTATION_CONTEXT() REPRESENTATION_CONTEXT('2D SPACE',''
  ) );
#4059 = PCURVE('',#3677,#4060);
#4060 = DEFINITIONAL_REPRESENTATION('',(#4061),#4065);
#4061 = LINE('',#4062,#4063);
#4062 = CARTESIAN_POINT('',(-0.,-0.));
#4063 = VECTOR('',#4064,1.);
#4064 = DIRECTION('',(-0.,-1.));
#4065 = ( GEOMETRIC_REPRESENTATION_CONTEXT(2) 
PARAMETRIC_REPRESENTATION_CONTEXT() REPRESENTATION_CONTEXT('2D SPACE',''
  ) );
#4066 = ORIENTED_EDGE('',*,*,#3689,.T.);
#4067 = ORIENTED_EDGE('',*,*,#4021,.T.);
#4068 = ORIENTED_EDGE('',*,*,#3891,.F.);
#4069 = ADVANCED_FACE('',(#4070),#3677,.T.);
#4070 = FACE_BOUND('',#4071,.F.);
#4071 = EDGE_LOOP('',(#4072,#4073,#4074,#4075));
#4072 = ORIENTED_EDGE('',*,*,#3972,.F.);
#4073 = ORIENTED_EDGE('',*,*,#3661,.T.);
#4074 = ORIENTED_EDGE('',*,*,#4046,.T.);
#4075 = ORIENTED_EDGE('',*,*,#3868,.F.);
#4076 = ( GEOMETRIC_REPRESENTATION_CONTEXT(3) 
GLOBAL_UNCERTAINTY_ASSIGNED_CONTEXT((#4080)) 
GLOBAL_UNIT_ASSIGNED_CONTEXT((#4077,#4078,#4079)) REPRESENTATION_CONTEXT
('Context #1','3D Context with UNIT and UNCERTAINTY') );
#4077 = ( LENGTH_UNIT() NAMED_UNIT(*) SI_UNIT(.MILLI.,.METRE.) );
#4078 = ( NAMED_UNIT(*) PLANE_ANGLE_UNIT() SI_UNIT($,.RADIAN.) );
#4079 = ( NAMED_UNIT(*) SI_UNIT($,.STERADIAN.) SOLID_ANGLE_UNIT() );
#4080 = UNCERTAINTY_MEASURE_WITH_UNIT(LENGTH_MEASURE(1.E-07),#4077,
  'distance_accuracy_value','confusion accuracy');
#4081 = CONTEXT_DEPENDENT_SHAPE_REPRESENTATION(#4082,#4084);
#4082 = ( REPRESENTATION_RELATIONSHIP('','',#3429,#10) 
REPRESENTATION_RELATIONSHIP_WITH_TRANSFORMATION(#4083) 
SHAPE_REPRESENTATION_RELATIONSHIP() );
#4083 = ITEM_DEFINED_TRANSFORMATION('','',#11,#35);
#4084 = PRODUCT_DEFINITION_SHAPE('Placement','Placement of an item',
  #4085);
#4085 = NEXT_ASSEMBLY_USAGE_OCCURRENCE('322','','',#5,#3424,$);
#4086 = PRODUCT_RELATED_PRODUCT_CATEGORY('part',$,(#3426));
#4087 = SHAPE_DEFINITION_REPRESENTATION(#4088,#4094);
#4088 = PRODUCT_DEFINITION_SHAPE('','',#4089);
#4089 = PRODUCT_DEFINITION('design','',#4090,#4093);
#4090 = PRODUCT_DEFINITION_FORMATION('','',#4091);
#4091 = PRODUCT('Open CASCADE STEP translator 7.9 12.7',
  'Open CASCADE STEP translator 7.9 12.7','',(#4092));
#4092 = PRODUCT_CONTEXT('',#2,'mechanical');
#4093 = PRODUCT_DEFINITION_CONTEXT('part definition',#2,'design');
#4094 = ADVANCED_BREP_SHAPE_REPRESENTATION('',(#11,#4095),#4741);
#4095 = MANIFOLD_SOLID_BREP('',#4096);
#4096 = CLOSED_SHELL('',(#4097,#4331,#4407,#4456,#4505,#4532,#4603,#4652
    ,#4701,#4728));
#4097 = ADVANCED_FACE('',(#4098,#4217),#4112,.F.);
#4098 = FACE_BOUND('',#4099,.T.);
#4099 = EDGE_LOOP('',(#4100,#4135,#4163,#4191));
#4100 = ORIENTED_EDGE('',*,*,#4101,.F.);
#4101 = EDGE_CURVE('',#4102,#4104,#4106,.T.);
#4102 = VERTEX_POINT('',#4103);
#4103 = CARTESIAN_POINT('',(2.128E+03,70.,668.));
#4104 = VERTEX_POINT('',#4105);
#4105 = CARTESIAN_POINT('',(2.128E+03,70.,698.));
#4106 = SURFACE_CURVE('',#4107,(#4111,#4123),.PCURVE_S1.);
#4107 = LINE('',#4108,#4109);
#4108 = CARTESIAN_POINT('',(2.128E+03,70.,668.));
#4109 = VECTOR('',#4110,1.);
#4110 = DIRECTION('',(-0.,-0.,1.));
#4111 = PCURVE('',#4112,#4117);
#4112 = PLANE('',#4113);
#4113 = AXIS2_PLACEMENT_3D('',#4114,#4115,#4116);
#4114 = CARTESIAN_POINT('',(2.128E+03,70.,668.));
#4115 = DIRECTION('',(-1.,-0.,-0.));
#4116 = DIRECTION('',(0.,0.,-1.));
#4117 = DEFINITIONAL_REPRESENTATION('',(#4118),#4122);
#4118 = LINE('',#4119,#4120);
#4119 = CARTESIAN_POINT('',(-0.,-0.));
#4120 = VECTOR('',#4121,1.);
#4121 = DIRECTION('',(-1.,-0.));
#4122 = ( GEOMETRIC_REPRESENTATION_CONTEXT(2) 
PARAMETRIC_REPRESENTATION_CONTEXT() REPRESENTATION_CONTEXT('2D SPACE',''
  ) );
#4123 = PCURVE('',#4124,#4129);
#4124 = PLANE('',#4125);
#4125 = AXIS2_PLACEMENT_3D('',#4126,#4127,#4128);
#4126 = CARTESIAN_POINT('',(2.128E+03,70.,668.));
#4127 = DIRECTION('',(-0.,1.,-0.));
#4128 = DIRECTION('',(0.,0.,-1.));
#4129 = DEFINITIONAL_REPRESENTATION('',(#4130),#4134);
#4130 = LINE('',#4131,#4132);
#4131 = CARTESIAN_POINT('',(-0.,-0.));
#4132 = VECTOR('',#4133,1.);
#4133 = DIRECTION('',(-1.,0.));
#4134 = ( GEOMETRIC_REPRESENTATION_CONTEXT(2) 
PARAMETRIC_REPRESENTATION_CONTEXT() REPRESENTATION_CONTEXT('2D SPACE',''
  ) );
#4135 = ORIENTED_EDGE('',*,*,#4136,.T.);
#4136 = EDGE_CURVE('',#4102,#4137,#4139,.T.);
#4137 = VERTEX_POINT('',#4138);
#4138 = CARTESIAN_POINT('',(2.128E+03,100.,668.));
#4139 = SURFACE_CURVE('',#4140,(#4144,#4151),.PCURVE_S1.);
#4140 = LINE('',#4141,#4142);
#4141 = CARTESIAN_POINT('',(2.128E+03,70.,668.));
#4142 = VECTOR('',#4143,1.);
#4143 = DIRECTION('',(-0.,1.,-0.));
#4144 = PCURVE('',#4112,#4145);
#4145 = DEFINITIONAL_REPRESENTATION('',(#4146),#4150);
#4146 = LINE('',#4147,#4148);
#4147 = CARTESIAN_POINT('',(-0.,-0.));
#4148 = VECTOR('',#4149,1.);
#4149 = DIRECTION('',(-0.,-1.));
#4150 = ( GEOMETRIC_REPRESENTATION_CONTEXT(2) 
PARAMETRIC_REPRESENTATION_CONTEXT() REPRESENTATION_CONTEXT('2D SPACE',''
  ) );
#4151 = PCURVE('',#4152,#4157);
#4152 = PLANE('',#4153);
#4153 = AXIS2_PLACEMENT_3D('',#4154,#4155,#4156);
#4154 = CARTESIAN_POINT('',(2.128E+03,70.,668.));
#4155 = DIRECTION('',(-0.,-0.,1.));
#4156 = DIRECTION('',(1.,0.,0.));
#4157 = DEFINITIONAL_REPRESENTATION('',(#4158),#4162);
#4158 = LINE('',#4159,#4160);
#4159 = CARTESIAN_POINT('',(0.,-0.));
#4160 = VECTOR('',#4161,1.);
#4161 = DIRECTION('',(-0.,1.));
#4162 = ( GEOMETRIC_REPRESENTATION_CONTEXT(2) 
PARAMETRIC_REPRESENTATION_CONTEXT() REPRESENTATION_CONTEXT('2D SPACE',''
  ) );
#4163 = ORIENTED_EDGE('',*,*,#4164,.T.);
#4164 = EDGE_CURVE('',#4137,#4165,#4167,.T.);
#4165 = VERTEX_POINT('',#4166);
#4166 = CARTESIAN_POINT('',(2.128E+03,100.,698.));
#4167 = SURFACE_CURVE('',#4168,(#4172,#4179),.PCURVE_S1.);
#4168 = LINE('',#4169,#4170);
#4169 = CARTESIAN_POINT('',(2.128E+03,100.,668.));
#4170 = VECTOR('',#4171,1.);
#4171 = DIRECTION('',(-0.,-0.,1.));
#4172 = PCURVE('',#4112,#4173);
#4173 = DEFINITIONAL_REPRESENTATION('',(#4174),#4178);
#4174 = LINE('',#4175,#4176);
#4175 = CARTESIAN_POINT('',(-0.,-30.));
#4176 = VECTOR('',#4177,1.);
#4177 = DIRECTION('',(-1.,-0.));
#4178 = ( GEOMETRIC_REPRESENTATION_CONTEXT(2) 
PARAMETRIC_REPRESENTATION_CONTEXT() REPRESENTATION_CONTEXT('2D SPACE',''
  ) );
#4179 = PCURVE('',#4180,#4185);
#4180 = PLANE('',#4181);
#4181 = AXIS2_PLACEMENT_3D('',#4182,#4183,#4184);
#4182 = CARTESIAN_POINT('',(2.128E+03,100.,668.));
#4183 = DIRECTION('',(-0.,1.,-0.));
#4184 = DIRECTION('',(0.,0.,-1.));
#4185 = DEFINITIONAL_REPRESENTATION('',(#4186),#4190);
#4186 = LINE('',#4187,#4188);
#4187 = CARTESIAN_POINT('',(-0.,-0.));
#4188 = VECTOR('',#4189,1.);
#4189 = DIRECTION('',(-1.,0.));
#4190 = ( GEOMETRIC_REPRESENTATION_CONTEXT(2) 
PARAMETRIC_REPRESENTATION_CONTEXT() REPRESENTATION_CONTEXT('2D SPACE',''
  ) );
#4191 = ORIENTED_EDGE('',*,*,#4192,.F.);
#4192 = EDGE_CURVE('',#4104,#4165,#4193,.T.);
#4193 = SURFACE_CURVE('',#4194,(#4198,#4205),.PCURVE_S1.);
#4194 = LINE('',#4195,#4196);
#4195 = CARTESIAN_POINT('',(2.128E+03,70.,698.));
#4196 = VECTOR('',#4197,1.);
#4197 = DIRECTION('',(-0.,1.,-0.));
#4198 = PCURVE('',#4112,#4199);
#4199 = DEFINITIONAL_REPRESENTATION('',(#4200),#4204);
#4200 = LINE('',#4201,#4202);
#4201 = CARTESIAN_POINT('',(-30.,-0.));
#4202 = VECTOR('',#4203,1.);
#4203 = DIRECTION('',(-0.,-1.));
#4204 = ( GEOMETRIC_REPRESENTATION_CONTEXT(2) 
PARAMETRIC_REPRESENTATION_CONTEXT() REPRESENTATION_CONTEXT('2D SPACE',''
  ) );
#4205 = PCURVE('',#4206,#4211);
#4206 = PLANE('',#4207);
#4207 = AXIS2_PLACEMENT_3D('',#4208,#4209,#4210);
#4208 = CARTESIAN_POINT('',(2.128E+03,70.,698.));
#4209 = DIRECTION('',(-0.,-0.,1.));
#4210 = DIRECTION('',(1.,0.,0.));
#4211 = DEFINITIONAL_REPRESENTATION('',(#4212),#4216);
#4212 = LINE('',#4213,#4214);
#4213 = CARTESIAN_POINT('',(0.,-0.));
#4214 = VECTOR('',#4215,1.);
#4215 = DIRECTION('',(-0.,1.));
#4216 = ( GEOMETRIC_REPRESENTATION_CONTEXT(2) 
PARAMETRIC_REPRESENTATION_CONTEXT() REPRESENTATION_CONTEXT('2D SPACE',''
  ) );
#4217 = FACE_BOUND('',#4218,.T.);
#4218 = EDGE_LOOP('',(#4219,#4249,#4277,#4305));
#4219 = ORIENTED_EDGE('',*,*,#4220,.T.);
#4220 = EDGE_CURVE('',#4221,#4223,#4225,.T.);
#4221 = VERTEX_POINT('',#4222);
#4222 = CARTESIAN_POINT('',(2.128E+03,98.,670.));
#4223 = VERTEX_POINT('',#4224);
#4224 = CARTESIAN_POINT('',(2.128E+03,72.,670.));
#4225 = SURFACE_CURVE('',#4226,(#4230,#4237),.PCURVE_S1.);
#4226 = LINE('',#4227,#4228);
#4227 = CARTESIAN_POINT('',(2.128E+03,71.,670.));
#4228 = VECTOR('',#4229,1.);
#4229 = DIRECTION('',(-0.,-1.,-0.));
#4230 = PCURVE('',#4112,#4231);
#4231 = DEFINITIONAL_REPRESENTATION('',(#4232),#4236);
#4232 = LINE('',#4233,#4234);
#4233 = CARTESIAN_POINT('',(-2.,-1.));
#4234 = VECTOR('',#4235,1.);
#4235 = DIRECTION('',(-0.,1.));
#4236 = ( GEOMETRIC_REPRESENTATION_CONTEXT(2) 
PARAMETRIC_REPRESENTATION_CONTEXT() REPRESENTATION_CONTEXT('2D SPACE',''
  ) );
#4237 = PCURVE('',#4238,#4243);
#4238 = PLANE('',#4239);
#4239 = AXIS2_PLACEMENT_3D('',#4240,#4241,#4242);
#4240 = CARTESIAN_POINT('',(2.129E+03,72.,670.));
#4241 = DIRECTION('',(-0.,-0.,1.));
#4242 = DIRECTION('',(1.,0.,0.));
#4243 = DEFINITIONAL_REPRESENTATION('',(#4244),#4248);
#4244 = LINE('',#4245,#4246);
#4245 = CARTESIAN_POINT('',(-1.,-1.));
#4246 = VECTOR('',#4247,1.);
#4247 = DIRECTION('',(-0.,-1.));
#4248 = ( GEOMETRIC_REPRESENTATION_CONTEXT(2) 
PARAMETRIC_REPRESENTATION_CONTEXT() REPRESENTATION_CONTEXT('2D SPACE',''
  ) );
#4249 = ORIENTED_EDGE('',*,*,#4250,.T.);
#4250 = EDGE_CURVE('',#4223,#4251,#4253,.T.);
#4251 = VERTEX_POINT('',#4252);
#4252 = CARTESIAN_POINT('',(2.128E+03,72.,696.));
#4253 = SURFACE_CURVE('',#4254,(#4258,#4265),.PCURVE_S1.);
#4254 = LINE('',#4255,#4256);
#4255 = CARTESIAN_POINT('',(2.128E+03,72.,669.));
#4256 = VECTOR('',#4257,1.);
#4257 = DIRECTION('',(-0.,-0.,1.));
#4258 = PCURVE('',#4112,#4259);
#4259 = DEFINITIONAL_REPRESENTATION('',(#4260),#4264);
#4260 = LINE('',#4261,#4262);
#4261 = CARTESIAN_POINT('',(-1.,-2.));
#4262 = VECTOR('',#4263,1.);
#4263 = DIRECTION('',(-1.,-0.));
#4264 = ( GEOMETRIC_REPRESENTATION_CONTEXT(2) 
PARAMETRIC_REPRESENTATION_CONTEXT() REPRESENTATION_CONTEXT('2D SPACE',''
  ) );
#4265 = PCURVE('',#4266,#4271);
#4266 = PLANE('',#4267);
#4267 = AXIS2_PLACEMENT_3D('',#4268,#4269,#4270);
#4268 = CARTESIAN_POINT('',(2.129E+03,72.,670.));
#4269 = DIRECTION('',(-0.,1.,-0.));
#4270 = DIRECTION('',(0.,0.,-1.));
#4271 = DEFINITIONAL_REPRESENTATION('',(#4272),#4276);
#4272 = LINE('',#4273,#4274);
#4273 = CARTESIAN_POINT('',(1.,1.));
#4274 = VECTOR('',#4275,1.);
#4275 = DIRECTION('',(-1.,0.));
#4276 = ( GEOMETRIC_REPRESENTATION_CONTEXT(2) 
PARAMETRIC_REPRESENTATION_CONTEXT() REPRESENTATION_CONTEXT('2D SPACE',''
  ) );
#4277 = ORIENTED_EDGE('',*,*,#4278,.F.);
#4278 = EDGE_CURVE('',#4279,#4251,#4281,.T.);
#4279 = VERTEX_POINT('',#4280);
#4280 = CARTESIAN_POINT('',(2.128E+03,98.,696.));
#4281 = SURFACE_CURVE('',#4282,(#4286,#4293),.PCURVE_S1.);
#4282 = LINE('',#4283,#4284);
#4283 = CARTESIAN_POINT('',(2.128E+03,71.,696.));
#4284 = VECTOR('',#4285,1.);
#4285 = DIRECTION('',(-0.,-1.,-0.));
#4286 = PCURVE('',#4112,#4287);
#4287 = DEFINITIONAL_REPRESENTATION('',(#4288),#4292);
#4288 = LINE('',#4289,#4290);
#4289 = CARTESIAN_POINT('',(-28.,-1.));
#4290 = VECTOR('',#4291,1.);
#4291 = DIRECTION('',(-0.,1.));
#4292 = ( GEOMETRIC_REPRESENTATION_CONTEXT(2) 
PARAMETRIC_REPRESENTATION_CONTEXT() REPRESENTATION_CONTEXT('2D SPACE',''
  ) );
#4293 = PCURVE('',#4294,#4299);
#4294 = PLANE('',#4295);
#4295 = AXIS2_PLACEMENT_3D('',#4296,#4297,#4298);
#4296 = CARTESIAN_POINT('',(2.129E+03,72.,696.));
#4297 = DIRECTION('',(-0.,-0.,1.));
#4298 = DIRECTION('',(1.,0.,0.));
#4299 = DEFINITIONAL_REPRESENTATION('',(#4300),#4304);
#4300 = LINE('',#4301,#4302);
#4301 = CARTESIAN_POINT('',(-1.,-1.));
#4302 = VECTOR('',#4303,1.);
#4303 = DIRECTION('',(-0.,-1.));
#4304 = ( GEOMETRIC_REPRESENTATION_CONTEXT(2) 
PARAMETRIC_REPRESENTATION_CONTEXT() REPRESENTATION_CONTEXT('2D SPACE',''
  ) );
#4305 = ORIENTED_EDGE('',*,*,#4306,.F.);
#4306 = EDGE_CURVE('',#4221,#4279,#4307,.T.);
#4307 = SURFACE_CURVE('',#4308,(#4312,#4319),.PCURVE_S1.);
#4308 = LINE('',#4309,#4310);
#4309 = CARTESIAN_POINT('',(2.128E+03,98.,669.));
#4310 = VECTOR('',#4311,1.);
#4311 = DIRECTION('',(-0.,-0.,1.));
#4312 = PCURVE('',#4112,#4313);
#4313 = DEFINITIONAL_REPRESENTATION('',(#4314),#4318);
#4314 = LINE('',#4315,#4316);
#4315 = CARTESIAN_POINT('',(-1.,-28.));
#4316 = VECTOR('',#4317,1.);
#4317 = DIRECTION('',(-1.,-0.));
#4318 = ( GEOMETRIC_REPRESENTATION_CONTEXT(2) 
PARAMETRIC_REPRESENTATION_CONTEXT() REPRESENTATION_CONTEXT('2D SPACE',''
  ) );
#4319 = PCURVE('',#4320,#4325);
#4320 = PLANE('',#4321);
#4321 = AXIS2_PLACEMENT_3D('',#4322,#4323,#4324);
#4322 = CARTESIAN_POINT('',(2.129E+03,98.,670.));
#4323 = DIRECTION('',(-0.,1.,-0.));
#4324 = DIRECTION('',(0.,0.,-1.));
#4325 = DEFINITIONAL_REPRESENTATION('',(#4326),#4330);
#4326 = LINE('',#4327,#4328);
#4327 = CARTESIAN_POINT('',(1.,1.));
#4328 = VECTOR('',#4329,1.);
#4329 = DIRECTION('',(-1.,0.));
#4330 = ( GEOMETRIC_REPRESENTATION_CONTEXT(2) 
PARAMETRIC_REPRESENTATION_CONTEXT() REPRESENTATION_CONTEXT('2D SPACE',''
  ) );
#4331 = ADVANCED_FACE('',(#4332),#4124,.F.);
#4332 = FACE_BOUND('',#4333,.T.);
#4333 = EDGE_LOOP('',(#4334,#4357,#4358,#4381));
#4334 = ORIENTED_EDGE('',*,*,#4335,.F.);
#4335 = EDGE_CURVE('',#4102,#4336,#4338,.T.);
#4336 = VERTEX_POINT('',#4337);
#4337 = CARTESIAN_POINT('',(1.738E+03,70.,668.));
#4338 = SURFACE_CURVE('',#4339,(#4343,#4350),.PCURVE_S1.);
#4339 = LINE('',#4340,#4341);
#4340 = CARTESIAN_POINT('',(2.128E+03,70.,668.));
#4341 = VECTOR('',#4342,1.);
#4342 = DIRECTION('',(-1.,-0.,-0.));
#4343 = PCURVE('',#4124,#4344);
#4344 = DEFINITIONAL_REPRESENTATION('',(#4345),#4349);
#4345 = LINE('',#4346,#4347);
#4346 = CARTESIAN_POINT('',(-0.,-0.));
#4347 = VECTOR('',#4348,1.);
#4348 = DIRECTION('',(-0.,1.));
#4349 = ( GEOMETRIC_REPRESENTATION_CONTEXT(2) 
PARAMETRIC_REPRESENTATION_CONTEXT() REPRESENTATION_CONTEXT('2D SPACE',''
  ) );
#4350 = PCURVE('',#4152,#4351);
#4351 = DEFINITIONAL_REPRESENTATION('',(#4352),#4356);
#4352 = LINE('',#4353,#4354);
#4353 = CARTESIAN_POINT('',(0.,-0.));
#4354 = VECTOR('',#4355,1.);
#4355 = DIRECTION('',(-1.,0.));
#4356 = ( GEOMETRIC_REPRESENTATION_CONTEXT(2) 
PARAMETRIC_REPRESENTATION_CONTEXT() REPRESENTATION_CONTEXT('2D SPACE',''
  ) );
#4357 = ORIENTED_EDGE('',*,*,#4101,.T.);
#4358 = ORIENTED_EDGE('',*,*,#4359,.T.);
#4359 = EDGE_CURVE('',#4104,#4360,#4362,.T.);
#4360 = VERTEX_POINT('',#4361);
#4361 = CARTESIAN_POINT('',(1.738E+03,70.,698.));
#4362 = SURFACE_CURVE('',#4363,(#4367,#4374),.PCURVE_S1.);
#4363 = LINE('',#4364,#4365);
#4364 = CARTESIAN_POINT('',(2.128E+03,70.,698.));
#4365 = VECTOR('',#4366,1.);
#4366 = DIRECTION('',(-1.,-0.,-0.));
#4367 = PCURVE('',#4124,#4368);
#4368 = DEFINITIONAL_REPRESENTATION('',(#4369),#4373);
#4369 = LINE('',#4370,#4371);
#4370 = CARTESIAN_POINT('',(-30.,-0.));
#4371 = VECTOR('',#4372,1.);
#4372 = DIRECTION('',(-0.,1.));
#4373 = ( GEOMETRIC_REPRESENTATION_CONTEXT(2) 
PARAMETRIC_REPRESENTATION_CONTEXT() REPRESENTATION_CONTEXT('2D SPACE',''
  ) );
#4374 = PCURVE('',#4206,#4375);
#4375 = DEFINITIONAL_REPRESENTATION('',(#4376),#4380);
#4376 = LINE('',#4377,#4378);
#4377 = CARTESIAN_POINT('',(0.,-0.));
#4378 = VECTOR('',#4379,1.);
#4379 = DIRECTION('',(-1.,0.));
#4380 = ( GEOMETRIC_REPRESENTATION_CONTEXT(2) 
PARAMETRIC_REPRESENTATION_CONTEXT() REPRESENTATION_CONTEXT('2D SPACE',''
  ) );
#4381 = ORIENTED_EDGE('',*,*,#4382,.F.);
#4382 = EDGE_CURVE('',#4336,#4360,#4383,.T.);
#4383 = SURFACE_CURVE('',#4384,(#4388,#4395),.PCURVE_S1.);
#4384 = LINE('',#4385,#4386);
#4385 = CARTESIAN_POINT('',(1.738E+03,70.,668.));
#4386 = VECTOR('',#4387,1.);
#4387 = DIRECTION('',(-0.,-0.,1.));
#4388 = PCURVE('',#4124,#4389);
#4389 = DEFINITIONAL_REPRESENTATION('',(#4390),#4394);
#4390 = LINE('',#4391,#4392);
#4391 = CARTESIAN_POINT('',(-0.,390.));
#4392 = VECTOR('',#4393,1.);
#4393 = DIRECTION('',(-1.,0.));
#4394 = ( GEOMETRIC_REPRESENTATION_CONTEXT(2) 
PARAMETRIC_REPRESENTATION_CONTEXT() REPRESENTATION_CONTEXT('2D SPACE',''
  ) );
#4395 = PCURVE('',#4396,#4401);
#4396 = PLANE('',#4397);
#4397 = AXIS2_PLACEMENT_3D('',#4398,#4399,#4400);
#4398 = CARTESIAN_POINT('',(1.738E+03,70.,668.));
#4399 = DIRECTION('',(-1.,-0.,-0.));
#4400 = DIRECTION('',(0.,0.,-1.));
#4401 = DEFINITIONAL_REPRESENTATION('',(#4402),#4406);
#4402 = LINE('',#4403,#4404);
#4403 = CARTESIAN_POINT('',(-0.,-0.));
#4404 = VECTOR('',#4405,1.);
#4405 = DIRECTION('',(-1.,-0.));
#4406 = ( GEOMETRIC_REPRESENTATION_CONTEXT(2) 
PARAMETRIC_REPRESENTATION_CONTEXT() REPRESENTATION_CONTEXT('2D SPACE',''
  ) );
#4407 = ADVANCED_FACE('',(#4408),#4206,.T.);
#4408 = FACE_BOUND('',#4409,.F.);
#4409 = EDGE_LOOP('',(#4410,#4411,#4412,#4435));
#4410 = ORIENTED_EDGE('',*,*,#4192,.F.);
#4411 = ORIENTED_EDGE('',*,*,#4359,.T.);
#4412 = ORIENTED_EDGE('',*,*,#4413,.T.);
#4413 = EDGE_CURVE('',#4360,#4414,#4416,.T.);
#4414 = VERTEX_POINT('',#4415);
#4415 = CARTESIAN_POINT('',(1.738E+03,100.,698.));
#4416 = SURFACE_CURVE('',#4417,(#4421,#4428),.PCURVE_S1.);
#4417 = LINE('',#4418,#4419);
#4418 = CARTESIAN_POINT('',(1.738E+03,70.,698.));
#4419 = VECTOR('',#4420,1.);
#4420 = DIRECTION('',(-0.,1.,-0.));
#4421 = PCURVE('',#4206,#4422);
#4422 = DEFINITIONAL_REPRESENTATION('',(#4423),#4427);
#4423 = LINE('',#4424,#4425);
#4424 = CARTESIAN_POINT('',(-390.,0.));
#4425 = VECTOR('',#4426,1.);
#4426 = DIRECTION('',(-0.,1.));
#4427 = ( GEOMETRIC_REPRESENTATION_CONTEXT(2) 
PARAMETRIC_REPRESENTATION_CONTEXT() REPRESENTATION_CONTEXT('2D SPACE',''
  ) );
#4428 = PCURVE('',#4396,#4429);
#4429 = DEFINITIONAL_REPRESENTATION('',(#4430),#4434);
#4430 = LINE('',#4431,#4432);
#4431 = CARTESIAN_POINT('',(-30.,-0.));
#4432 = VECTOR('',#4433,1.);
#4433 = DIRECTION('',(-0.,-1.));
#4434 = ( GEOMETRIC_REPRESENTATION_CONTEXT(2) 
PARAMETRIC_REPRESENTATION_CONTEXT() REPRESENTATION_CONTEXT('2D SPACE',''
  ) );
#4435 = ORIENTED_EDGE('',*,*,#4436,.F.);
#4436 = EDGE_CURVE('',#4165,#4414,#4437,.T.);
#4437 = SURFACE_CURVE('',#4438,(#4442,#4449),.PCURVE_S1.);
#4438 = LINE('',#4439,#4440);
#4439 = CARTESIAN_POINT('',(2.128E+03,100.,698.));
#4440 = VECTOR('',#4441,1.);
#4441 = DIRECTION('',(-1.,-0.,-0.));
#4442 = PCURVE('',#4206,#4443);
#4443 = DEFINITIONAL_REPRESENTATION('',(#4444),#4448);
#4444 = LINE('',#4445,#4446);
#4445 = CARTESIAN_POINT('',(0.,30.));
#4446 = VECTOR('',#4447,1.);
#4447 = DIRECTION('',(-1.,0.));
#4448 = ( GEOMETRIC_REPRESENTATION_CONTEXT(2) 
PARAMETRIC_REPRESENTATION_CONTEXT() REPRESENTATION_CONTEXT('2D SPACE',''
  ) );
#4449 = PCURVE('',#4180,#4450);
#4450 = DEFINITIONAL_REPRESENTATION('',(#4451),#4455);
#4451 = LINE('',#4452,#4453);
#4452 = CARTESIAN_POINT('',(-30.,-0.));
#4453 = VECTOR('',#4454,1.);
#4454 = DIRECTION('',(-0.,1.));
#4455 = ( GEOMETRIC_REPRESENTATION_CONTEXT(2) 
PARAMETRIC_REPRESENTATION_CONTEXT() REPRESENTATION_CONTEXT('2D SPACE',''
  ) );
#4456 = ADVANCED_FACE('',(#4457),#4152,.F.);
#4457 = FACE_BOUND('',#4458,.T.);
#4458 = EDGE_LOOP('',(#4459,#4460,#4461,#4484));
#4459 = ORIENTED_EDGE('',*,*,#4136,.F.);
#4460 = ORIENTED_EDGE('',*,*,#4335,.T.);
#4461 = ORIENTED_EDGE('',*,*,#4462,.T.);
#4462 = EDGE_CURVE('',#4336,#4463,#4465,.T.);
#4463 = VERTEX_POINT('',#4464);
#4464 = CARTESIAN_POINT('',(1.738E+03,100.,668.));
#4465 = SURFACE_CURVE('',#4466,(#4470,#4477),.PCURVE_S1.);
#4466 = LINE('',#4467,#4468);
#4467 = CARTESIAN_POINT('',(1.738E+03,70.,668.));
#4468 = VECTOR('',#4469,1.);
#4469 = DIRECTION('',(-0.,1.,-0.));
#4470 = PCURVE('',#4152,#4471);
#4471 = DEFINITIONAL_REPRESENTATION('',(#4472),#4476);
#4472 = LINE('',#4473,#4474);
#4473 = CARTESIAN_POINT('',(-390.,0.));
#4474 = VECTOR('',#4475,1.);
#4475 = DIRECTION('',(-0.,1.));
#4476 = ( GEOMETRIC_REPRESENTATION_CONTEXT(2) 
PARAMETRIC_REPRESENTATION_CONTEXT() REPRESENTATION_CONTEXT('2D SPACE',''
  ) );
#4477 = PCURVE('',#4396,#4478);
#4478 = DEFINITIONAL_REPRESENTATION('',(#4479),#4483);
#4479 = LINE('',#4480,#4481);
#4480 = CARTESIAN_POINT('',(-0.,-0.));
#4481 = VECTOR('',#4482,1.);
#4482 = DIRECTION('',(-0.,-1.));
#4483 = ( GEOMETRIC_REPRESENTATION_CONTEXT(2) 
PARAMETRIC_REPRESENTATION_CONTEXT() REPRESENTATION_CONTEXT('2D SPACE',''
  ) );
#4484 = ORIENTED_EDGE('',*,*,#4485,.F.);
#4485 = EDGE_CURVE('',#4137,#4463,#4486,.T.);
#4486 = SURFACE_CURVE('',#4487,(#4491,#4498),.PCURVE_S1.);
#4487 = LINE('',#4488,#4489);
#4488 = CARTESIAN_POINT('',(2.128E+03,100.,668.));
#4489 = VECTOR('',#4490,1.);
#4490 = DIRECTION('',(-1.,-0.,-0.));
#4491 = PCURVE('',#4152,#4492);
#4492 = DEFINITIONAL_REPRESENTATION('',(#4493),#4497);
#4493 = LINE('',#4494,#4495);
#4494 = CARTESIAN_POINT('',(0.,30.));
#4495 = VECTOR('',#4496,1.);
#4496 = DIRECTION('',(-1.,0.));
#4497 = ( GEOMETRIC_REPRESENTATION_CONTEXT(2) 
PARAMETRIC_REPRESENTATION_CONTEXT() REPRESENTATION_CONTEXT('2D SPACE',''
  ) );
#4498 = PCURVE('',#4180,#4499);
#4499 = DEFINITIONAL_REPRESENTATION('',(#4500),#4504);
#4500 = LINE('',#4501,#4502);
#4501 = CARTESIAN_POINT('',(-0.,-0.));
#4502 = VECTOR('',#4503,1.);
#4503 = DIRECTION('',(-0.,1.));
#4504 = ( GEOMETRIC_REPRESENTATION_CONTEXT(2) 
PARAMETRIC_REPRESENTATION_CONTEXT() REPRESENTATION_CONTEXT('2D SPACE',''
  ) );
#4505 = ADVANCED_FACE('',(#4506),#4180,.T.);
#4506 = FACE_BOUND('',#4507,.F.);
#4507 = EDGE_LOOP('',(#4508,#4509,#4510,#4511));
#4508 = ORIENTED_EDGE('',*,*,#4485,.F.);
#4509 = ORIENTED_EDGE('',*,*,#4164,.T.);
#4510 = ORIENTED_EDGE('',*,*,#4436,.T.);
#4511 = ORIENTED_EDGE('',*,*,#4512,.F.);
#4512 = EDGE_CURVE('',#4463,#4414,#4513,.T.);
#4513 = SURFACE_CURVE('',#4514,(#4518,#4525),.PCURVE_S1.);
#4514 = LINE('',#4515,#4516);
#4515 = CARTESIAN_POINT('',(1.738E+03,100.,668.));
#4516 = VECTOR('',#4517,1.);
#4517 = DIRECTION('',(-0.,-0.,1.));
#4518 = PCURVE('',#4180,#4519);
#4519 = DEFINITIONAL_REPRESENTATION('',(#4520),#4524);
#4520 = LINE('',#4521,#4522);
#4521 = CARTESIAN_POINT('',(-0.,390.));
#4522 = VECTOR('',#4523,1.);
#4523 = DIRECTION('',(-1.,0.));
#4524 = ( GEOMETRIC_REPRESENTATION_CONTEXT(2) 
PARAMETRIC_REPRESENTATION_CONTEXT() REPRESENTATION_CONTEXT('2D SPACE',''
  ) );
#4525 = PCURVE('',#4396,#4526);
#4526 = DEFINITIONAL_REPRESENTATION('',(#4527),#4531);
#4527 = LINE('',#4528,#4529);
#4528 = CARTESIAN_POINT('',(-0.,-30.));
#4529 = VECTOR('',#4530,1.);
#4530 = DIRECTION('',(-1.,-0.));
#4531 = ( GEOMETRIC_REPRESENTATION_CONTEXT(2) 
PARAMETRIC_REPRESENTATION_CONTEXT() REPRESENTATION_CONTEXT('2D SPACE',''
  ) );
#4532 = ADVANCED_FACE('',(#4533),#4238,.T.);
#4533 = FACE_BOUND('',#4534,.F.);
#4534 = EDGE_LOOP('',(#4535,#4558,#4559,#4582));
#4535 = ORIENTED_EDGE('',*,*,#4536,.F.);
#4536 = EDGE_CURVE('',#4221,#4537,#4539,.T.);
#4537 = VERTEX_POINT('',#4538);
#4538 = CARTESIAN_POINT('',(1.738E+03,98.,670.));
#4539 = SURFACE_CURVE('',#4540,(#4544,#4551),.PCURVE_S1.);
#4540 = LINE('',#4541,#4542);
#4541 = CARTESIAN_POINT('',(2.129E+03,98.,670.));
#4542 = VECTOR('',#4543,1.);
#4543 = DIRECTION('',(-1.,-0.,-0.));
#4544 = PCURVE('',#4238,#4545);
#4545 = DEFINITIONAL_REPRESENTATION('',(#4546),#4550);
#4546 = LINE('',#4547,#4548);
#4547 = CARTESIAN_POINT('',(0.,26.));
#4548 = VECTOR('',#4549,1.);
#4549 = DIRECTION('',(-1.,0.));
#4550 = ( GEOMETRIC_REPRESENTATION_CONTEXT(2) 
PARAMETRIC_REPRESENTATION_CONTEXT() REPRESENTATION_CONTEXT('2D SPACE',''
  ) );
#4551 = PCURVE('',#4320,#4552);
#4552 = DEFINITIONAL_REPRESENTATION('',(#4553),#4557);
#4553 = LINE('',#4554,#4555);
#4554 = CARTESIAN_POINT('',(-0.,-0.));
#4555 = VECTOR('',#4556,1.);
#4556 = DIRECTION('',(-0.,1.));
#4557 = ( GEOMETRIC_REPRESENTATION_CONTEXT(2) 
PARAMETRIC_REPRESENTATION_CONTEXT() REPRESENTATION_CONTEXT('2D SPACE',''
  ) );
#4558 = ORIENTED_EDGE('',*,*,#4220,.T.);
#4559 = ORIENTED_EDGE('',*,*,#4560,.T.);
#4560 = EDGE_CURVE('',#4223,#4561,#4563,.T.);
#4561 = VERTEX_POINT('',#4562);
#4562 = CARTESIAN_POINT('',(1.738E+03,72.,670.));
#4563 = SURFACE_CURVE('',#4564,(#4568,#4575),.PCURVE_S1.);
#4564 = LINE('',#4565,#4566);
#4565 = CARTESIAN_POINT('',(2.129E+03,72.,670.));
#4566 = VECTOR('',#4567,1.);
#4567 = DIRECTION('',(-1.,-0.,-0.));
#4568 = PCURVE('',#4238,#4569);
#4569 = DEFINITIONAL_REPRESENTATION('',(#4570),#4574);
#4570 = LINE('',#4571,#4572);
#4571 = CARTESIAN_POINT('',(0.,-0.));
#4572 = VECTOR('',#4573,1.);
#4573 = DIRECTION('',(-1.,0.));
#4574 = ( GEOMETRIC_REPRESENTATION_CONTEXT(2) 
PARAMETRIC_REPRESENTATION_CONTEXT() REPRESENTATION_CONTEXT('2D SPACE',''
  ) );
#4575 = PCURVE('',#4266,#4576);
#4576 = DEFINITIONAL_REPRESENTATION('',(#4577),#4581);
#4577 = LINE('',#4578,#4579);
#4578 = CARTESIAN_POINT('',(-0.,-0.));
#4579 = VECTOR('',#4580,1.);
#4580 = DIRECTION('',(-0.,1.));
#4581 = ( GEOMETRIC_REPRESENTATION_CONTEXT(2) 
PARAMETRIC_REPRESENTATION_CONTEXT() REPRESENTATION_CONTEXT('2D SPACE',''
  ) );
#4582 = ORIENTED_EDGE('',*,*,#4583,.F.);
#4583 = EDGE_CURVE('',#4537,#4561,#4584,.T.);
#4584 = SURFACE_CURVE('',#4585,(#4589,#4596),.PCURVE_S1.);
#4585 = LINE('',#4586,#4587);
#4586 = CARTESIAN_POINT('',(1.738E+03,71.,670.));
#4587 = VECTOR('',#4588,1.);
#4588 = DIRECTION('',(-0.,-1.,-0.));
#4589 = PCURVE('',#4238,#4590);
#4590 = DEFINITIONAL_REPRESENTATION('',(#4591),#4595);
#4591 = LINE('',#4592,#4593);
#4592 = CARTESIAN_POINT('',(-391.,-1.));
#4593 = VECTOR('',#4594,1.);
#4594 = DIRECTION('',(-0.,-1.));
#4595 = ( GEOMETRIC_REPRESENTATION_CONTEXT(2) 
PARAMETRIC_REPRESENTATION_CONTEXT() REPRESENTATION_CONTEXT('2D SPACE',''
  ) );
#4596 = PCURVE('',#4396,#4597);
#4597 = DEFINITIONAL_REPRESENTATION('',(#4598),#4602);
#4598 = LINE('',#4599,#4600);
#4599 = CARTESIAN_POINT('',(-2.,-1.));
#4600 = VECTOR('',#4601,1.);
#4601 = DIRECTION('',(-0.,1.));
#4602 = ( GEOMETRIC_REPRESENTATION_CONTEXT(2) 
PARAMETRIC_REPRESENTATION_CONTEXT() REPRESENTATION_CONTEXT('2D SPACE',''
  ) );
#4603 = ADVANCED_FACE('',(#4604),#4320,.F.);
#4604 = FACE_BOUND('',#4605,.T.);
#4605 = EDGE_LOOP('',(#4606,#4607,#4608,#4631));
#4606 = ORIENTED_EDGE('',*,*,#4536,.F.);
#4607 = ORIENTED_EDGE('',*,*,#4306,.T.);
#4608 = ORIENTED_EDGE('',*,*,#4609,.T.);
#4609 = EDGE_CURVE('',#4279,#4610,#4612,.T.);
#4610 = VERTEX_POINT('',#4611);
#4611 = CARTESIAN_POINT('',(1.738E+03,98.,696.));
#4612 = SURFACE_CURVE('',#4613,(#4617,#4624),.PCURVE_S1.);
#4613 = LINE('',#4614,#4615);
#4614 = CARTESIAN_POINT('',(2.129E+03,98.,696.));
#4615 = VECTOR('',#4616,1.);
#4616 = DIRECTION('',(-1.,-0.,-0.));
#4617 = PCURVE('',#4320,#4618);
#4618 = DEFINITIONAL_REPRESENTATION('',(#4619),#4623);
#4619 = LINE('',#4620,#4621);
#4620 = CARTESIAN_POINT('',(-26.,-0.));
#4621 = VECTOR('',#4622,1.);
#4622 = DIRECTION('',(-0.,1.));
#4623 = ( GEOMETRIC_REPRESENTATION_CONTEXT(2) 
PARAMETRIC_REPRESENTATION_CONTEXT() REPRESENTATION_CONTEXT('2D SPACE',''
  ) );
#4624 = PCURVE('',#4294,#4625);
#4625 = DEFINITIONAL_REPRESENTATION('',(#4626),#4630);
#4626 = LINE('',#4627,#4628);
#4627 = CARTESIAN_POINT('',(0.,26.));
#4628 = VECTOR('',#4629,1.);
#4629 = DIRECTION('',(-1.,0.));
#4630 = ( GEOMETRIC_REPRESENTATION_CONTEXT(2) 
PARAMETRIC_REPRESENTATION_CONTEXT() REPRESENTATION_CONTEXT('2D SPACE',''
  ) );
#4631 = ORIENTED_EDGE('',*,*,#4632,.F.);
#4632 = EDGE_CURVE('',#4537,#4610,#4633,.T.);
#4633 = SURFACE_CURVE('',#4634,(#4638,#4645),.PCURVE_S1.);
#4634 = LINE('',#4635,#4636);
#4635 = CARTESIAN_POINT('',(1.738E+03,98.,669.));
#4636 = VECTOR('',#4637,1.);
#4637 = DIRECTION('',(-0.,-0.,1.));
#4638 = PCURVE('',#4320,#4639);
#4639 = DEFINITIONAL_REPRESENTATION('',(#4640),#4644);
#4640 = LINE('',#4641,#4642);
#4641 = CARTESIAN_POINT('',(1.,391.));
#4642 = VECTOR('',#4643,1.);
#4643 = DIRECTION('',(-1.,0.));
#4644 = ( GEOMETRIC_REPRESENTATION_CONTEXT(2) 
PARAMETRIC_REPRESENTATION_CONTEXT() REPRESENTATION_CONTEXT('2D SPACE',''
  ) );
#4645 = PCURVE('',#4396,#4646);
#4646 = DEFINITIONAL_REPRESENTATION('',(#4647),#4651);
#4647 = LINE('',#4648,#4649);
#4648 = CARTESIAN_POINT('',(-1.,-28.));
#4649 = VECTOR('',#4650,1.);
#4650 = DIRECTION('',(-1.,-0.));
#4651 = ( GEOMETRIC_REPRESENTATION_CONTEXT(2) 
PARAMETRIC_REPRESENTATION_CONTEXT() REPRESENTATION_CONTEXT('2D SPACE',''
  ) );
#4652 = ADVANCED_FACE('',(#4653),#4294,.F.);
#4653 = FACE_BOUND('',#4654,.T.);
#4654 = EDGE_LOOP('',(#4655,#4656,#4657,#4680));
#4655 = ORIENTED_EDGE('',*,*,#4609,.F.);
#4656 = ORIENTED_EDGE('',*,*,#4278,.T.);
#4657 = ORIENTED_EDGE('',*,*,#4658,.T.);
#4658 = EDGE_CURVE('',#4251,#4659,#4661,.T.);
#4659 = VERTEX_POINT('',#4660);
#4660 = CARTESIAN_POINT('',(1.738E+03,72.,696.));
#4661 = SURFACE_CURVE('',#4662,(#4666,#4673),.PCURVE_S1.);
#4662 = LINE('',#4663,#4664);
#4663 = CARTESIAN_POINT('',(2.129E+03,72.,696.));
#4664 = VECTOR('',#4665,1.);
#4665 = DIRECTION('',(-1.,-0.,-0.));
#4666 = PCURVE('',#4294,#4667);
#4667 = DEFINITIONAL_REPRESENTATION('',(#4668),#4672);
#4668 = LINE('',#4669,#4670);
#4669 = CARTESIAN_POINT('',(0.,-0.));
#4670 = VECTOR('',#4671,1.);
#4671 = DIRECTION('',(-1.,0.));
#4672 = ( GEOMETRIC_REPRESENTATION_CONTEXT(2) 
PARAMETRIC_REPRESENTATION_CONTEXT() REPRESENTATION_CONTEXT('2D SPACE',''
  ) );
#4673 = PCURVE('',#4266,#4674);
#4674 = DEFINITIONAL_REPRESENTATION('',(#4675),#4679);
#4675 = LINE('',#4676,#4677);
#4676 = CARTESIAN_POINT('',(-26.,-0.));
#4677 = VECTOR('',#4678,1.);
#4678 = DIRECTION('',(-0.,1.));
#4679 = ( GEOMETRIC_REPRESENTATION_CONTEXT(2) 
PARAMETRIC_REPRESENTATION_CONTEXT() REPRESENTATION_CONTEXT('2D SPACE',''
  ) );
#4680 = ORIENTED_EDGE('',*,*,#4681,.F.);
#4681 = EDGE_CURVE('',#4610,#4659,#4682,.T.);
#4682 = SURFACE_CURVE('',#4683,(#4687,#4694),.PCURVE_S1.);
#4683 = LINE('',#4684,#4685);
#4684 = CARTESIAN_POINT('',(1.738E+03,71.,696.));
#4685 = VECTOR('',#4686,1.);
#4686 = DIRECTION('',(-0.,-1.,-0.));
#4687 = PCURVE('',#4294,#4688);
#4688 = DEFINITIONAL_REPRESENTATION('',(#4689),#4693);
#4689 = LINE('',#4690,#4691);
#4690 = CARTESIAN_POINT('',(-391.,-1.));
#4691 = VECTOR('',#4692,1.);
#4692 = DIRECTION('',(-0.,-1.));
#4693 = ( GEOMETRIC_REPRESENTATION_CONTEXT(2) 
PARAMETRIC_REPRESENTATION_CONTEXT() REPRESENTATION_CONTEXT('2D SPACE',''
  ) );
#4694 = PCURVE('',#4396,#4695);
#4695 = DEFINITIONAL_REPRESENTATION('',(#4696),#4700);
#4696 = LINE('',#4697,#4698);
#4697 = CARTESIAN_POINT('',(-28.,-1.));
#4698 = VECTOR('',#4699,1.);
#4699 = DIRECTION('',(-0.,1.));
#4700 = ( GEOMETRIC_REPRESENTATION_CONTEXT(2) 
PARAMETRIC_REPRESENTATION_CONTEXT() REPRESENTATION_CONTEXT('2D SPACE',''
  ) );
#4701 = ADVANCED_FACE('',(#4702),#4266,.T.);
#4702 = FACE_BOUND('',#4703,.F.);
#4703 = EDGE_LOOP('',(#4704,#4705,#4706,#4707));
#4704 = ORIENTED_EDGE('',*,*,#4560,.F.);
#4705 = ORIENTED_EDGE('',*,*,#4250,.T.);
#4706 = ORIENTED_EDGE('',*,*,#4658,.T.);
#4707 = ORIENTED_EDGE('',*,*,#4708,.F.);
#4708 = EDGE_CURVE('',#4561,#4659,#4709,.T.);
#4709 = SURFACE_CURVE('',#4710,(#4714,#4721),.PCURVE_S1.);
#4710 = LINE('',#4711,#4712);
#4711 = CARTESIAN_POINT('',(1.738E+03,72.,669.));
#4712 = VECTOR('',#4713,1.);
#4713 = DIRECTION('',(-0.,-0.,1.));
#4714 = PCURVE('',#4266,#4715);
#4715 = DEFINITIONAL_REPRESENTATION('',(#4716),#4720);
#4716 = LINE('',#4717,#4718);
#4717 = CARTESIAN_POINT('',(1.,391.));
#4718 = VECTOR('',#4719,1.);
#4719 = DIRECTION('',(-1.,0.));
#4720 = ( GEOMETRIC_REPRESENTATION_CONTEXT(2) 
PARAMETRIC_REPRESENTATION_CONTEXT() REPRESENTATION_CONTEXT('2D SPACE',''
  ) );
#4721 = PCURVE('',#4396,#4722);
#4722 = DEFINITIONAL_REPRESENTATION('',(#4723),#4727);
#4723 = LINE('',#4724,#4725);
#4724 = CARTESIAN_POINT('',(-1.,-2.));
#4725 = VECTOR('',#4726,1.);
#4726 = DIRECTION('',(-1.,-0.));
#4727 = ( GEOMETRIC_REPRESENTATION_CONTEXT(2) 
PARAMETRIC_REPRESENTATION_CONTEXT() REPRESENTATION_CONTEXT('2D SPACE',''
  ) );
#4728 = ADVANCED_FACE('',(#4729,#4735),#4396,.T.);
#4729 = FACE_BOUND('',#4730,.F.);
#4730 = EDGE_LOOP('',(#4731,#4732,#4733,#4734));
#4731 = ORIENTED_EDGE('',*,*,#4382,.F.);
#4732 = ORIENTED_EDGE('',*,*,#4462,.T.);
#4733 = ORIENTED_EDGE('',*,*,#4512,.T.);
#4734 = ORIENTED_EDGE('',*,*,#4413,.F.);
#4735 = FACE_BOUND('',#4736,.F.);
#4736 = EDGE_LOOP('',(#4737,#4738,#4739,#4740));
#4737 = ORIENTED_EDGE('',*,*,#4583,.T.);
#4738 = ORIENTED_EDGE('',*,*,#4708,.T.);
#4739 = ORIENTED_EDGE('',*,*,#4681,.F.);
#4740 = ORIENTED_EDGE('',*,*,#4632,.F.);
#4741 = ( GEOMETRIC_REPRESENTATION_CONTEXT(3) 
GLOBAL_UNCERTAINTY_ASSIGNED_CONTEXT((#4745)) 
GLOBAL_UNIT_ASSIGNED_CONTEXT((#4742,#4743,#4744)) REPRESENTATION_CONTEXT
('Context #1','3D Context with UNIT and UNCERTAINTY') );
#4742 = ( LENGTH_UNIT() NAMED_UNIT(*) SI_UNIT(.MILLI.,.METRE.) );
#4743 = ( NAMED_UNIT(*) PLANE_ANGLE_UNIT() SI_UNIT($,.RADIAN.) );
#4744 = ( NAMED_UNIT(*) SI_UNIT($,.STERADIAN.) SOLID_ANGLE_UNIT() );
#4745 = UNCERTAINTY_MEASURE_WITH_UNIT(LENGTH_MEASURE(1.E-07),#4742,
  'distance_accuracy_value','confusion accuracy');
#4746 = CONTEXT_DEPENDENT_SHAPE_REPRESENTATION(#4747,#4749);
#4747 = ( REPRESENTATION_RELATIONSHIP('','',#4094,#10) 
REPRESENTATION_RELATIONSHIP_WITH_TRANSFORMATION(#4748) 
SHAPE_REPRESENTATION_RELATIONSHIP() );
#4748 = ITEM_DEFINED_TRANSFORMATION('','',#11,#39);
#4749 = PRODUCT_DEFINITION_SHAPE('Placement','Placement of an item',
  #4750);
#4750 = NEXT_ASSEMBLY_USAGE_OCCURRENCE('323','','',#5,#4089,$);
#4751 = PRODUCT_RELATED_PRODUCT_CATEGORY('part',$,(#4091));
#4752 = SHAPE_DEFINITION_REPRESENTATION(#4753,#4759);
#4753 = PRODUCT_DEFINITION_SHAPE('','',#4754);
#4754 = PRODUCT_DEFINITION('design','',#4755,#4758);
#4755 = PRODUCT_DEFINITION_FORMATION('','',#4756);
#4756 = PRODUCT('Open CASCADE STEP translator 7.9 12.8',
  'Open CASCADE STEP translator 7.9 12.8','',(#4757));
#4757 = PRODUCT_CONTEXT('',#2,'mechanical');
#4758 = PRODUCT_DEFINITION_CONTEXT('part definition',#2,'design');
#4759 = ADVANCED_BREP_SHAPE_REPRESENTATION('',(#11,#4760),#5406);
#4760 = MANIFOLD_SOLID_BREP('',#4761);
#4761 = CLOSED_SHELL('',(#4762,#4996,#5072,#5121,#5170,#5197,#5268,#5317
    ,#5366,#5393));
#4762 = ADVANCED_FACE('',(#4763,#4882),#4777,.F.);
#4763 = FACE_BOUND('',#4764,.T.);
#4764 = EDGE_LOOP('',(#4765,#4800,#4828,#4856));
#4765 = ORIENTED_EDGE('',*,*,#4766,.F.);
#4766 = EDGE_CURVE('',#4767,#4769,#4771,.T.);
#4767 = VERTEX_POINT('',#4768);
#4768 = CARTESIAN_POINT('',(2.128E+03,1.E+03,668.));
#4769 = VERTEX_POINT('',#4770);
#4770 = CARTESIAN_POINT('',(2.128E+03,1.E+03,698.));
#4771 = SURFACE_CURVE('',#4772,(#4776,#4788),.PCURVE_S1.);
#4772 = LINE('',#4773,#4774);
#4773 = CARTESIAN_POINT('',(2.128E+03,1.E+03,668.));
#4774 = VECTOR('',#4775,1.);
#4775 = DIRECTION('',(-0.,-0.,1.));
#4776 = PCURVE('',#4777,#4782);
#4777 = PLANE('',#4778);
#4778 = AXIS2_PLACEMENT_3D('',#4779,#4780,#4781);
#4779 = CARTESIAN_POINT('',(2.128E+03,1.E+03,668.));
#4780 = DIRECTION('',(-1.,-0.,-0.));
#4781 = DIRECTION('',(0.,0.,-1.));
#4782 = DEFINITIONAL_REPRESENTATION('',(#4783),#4787);
#4783 = LINE('',#4784,#4785);
#4784 = CARTESIAN_POINT('',(-0.,-0.));
#4785 = VECTOR('',#4786,1.);
#4786 = DIRECTION('',(-1.,-0.));
#4787 = ( GEOMETRIC_REPRESENTATION_CONTEXT(2) 
PARAMETRIC_REPRESENTATION_CONTEXT() REPRESENTATION_CONTEXT('2D SPACE',''
  ) );
#4788 = PCURVE('',#4789,#4794);
#4789 = PLANE('',#4790);
#4790 = AXIS2_PLACEMENT_3D('',#4791,#4792,#4793);
#4791 = CARTESIAN_POINT('',(2.128E+03,1.E+03,668.));
#4792 = DIRECTION('',(-0.,1.,-0.));
#4793 = DIRECTION('',(0.,0.,-1.));
#4794 = DEFINITIONAL_REPRESENTATION('',(#4795),#4799);
#4795 = LINE('',#4796,#4797);
#4796 = CARTESIAN_POINT('',(-0.,-0.));
#4797 = VECTOR('',#4798,1.);
#4798 = DIRECTION('',(-1.,0.));
#4799 = ( GEOMETRIC_REPRESENTATION_CONTEXT(2) 
PARAMETRIC_REPRESENTATION_CONTEXT() REPRESENTATION_CONTEXT('2D SPACE',''
  ) );
#4800 = ORIENTED_EDGE('',*,*,#4801,.T.);
#4801 = EDGE_CURVE('',#4767,#4802,#4804,.T.);
#4802 = VERTEX_POINT('',#4803);
#4803 = CARTESIAN_POINT('',(2.128E+03,1.03E+03,668.));
#4804 = SURFACE_CURVE('',#4805,(#4809,#4816),.PCURVE_S1.);
#4805 = LINE('',#4806,#4807);
#4806 = CARTESIAN_POINT('',(2.128E+03,1.E+03,668.));
#4807 = VECTOR('',#4808,1.);
#4808 = DIRECTION('',(-0.,1.,-0.));
#4809 = PCURVE('',#4777,#4810);
#4810 = DEFINITIONAL_REPRESENTATION('',(#4811),#4815);
#4811 = LINE('',#4812,#4813);
#4812 = CARTESIAN_POINT('',(-0.,-0.));
#4813 = VECTOR('',#4814,1.);
#4814 = DIRECTION('',(-0.,-1.));
#4815 = ( GEOMETRIC_REPRESENTATION_CONTEXT(2) 
PARAMETRIC_REPRESENTATION_CONTEXT() REPRESENTATION_CONTEXT('2D SPACE',''
  ) );
#4816 = PCURVE('',#4817,#4822);
#4817 = PLANE('',#4818);
#4818 = AXIS2_PLACEMENT_3D('',#4819,#4820,#4821);
#4819 = CARTESIAN_POINT('',(2.128E+03,1.E+03,668.));
#4820 = DIRECTION('',(-0.,-0.,1.));
#4821 = DIRECTION('',(1.,0.,0.));
#4822 = DEFINITIONAL_REPRESENTATION('',(#4823),#4827);
#4823 = LINE('',#4824,#4825);
#4824 = CARTESIAN_POINT('',(0.,-0.));
#4825 = VECTOR('',#4826,1.);
#4826 = DIRECTION('',(-0.,1.));
#4827 = ( GEOMETRIC_REPRESENTATION_CONTEXT(2) 
PARAMETRIC_REPRESENTATION_CONTEXT() REPRESENTATION_CONTEXT('2D SPACE',''
  ) );
#4828 = ORIENTED_EDGE('',*,*,#4829,.T.);
#4829 = EDGE_CURVE('',#4802,#4830,#4832,.T.);
#4830 = VERTEX_POINT('',#4831);
#4831 = CARTESIAN_POINT('',(2.128E+03,1.03E+03,698.));
#4832 = SURFACE_CURVE('',#4833,(#4837,#4844),.PCURVE_S1.);
#4833 = LINE('',#4834,#4835);
#4834 = CARTESIAN_POINT('',(2.128E+03,1.03E+03,668.));
#4835 = VECTOR('',#4836,1.);
#4836 = DIRECTION('',(-0.,-0.,1.));
#4837 = PCURVE('',#4777,#4838);
#4838 = DEFINITIONAL_REPRESENTATION('',(#4839),#4843);
#4839 = LINE('',#4840,#4841);
#4840 = CARTESIAN_POINT('',(-0.,-30.));
#4841 = VECTOR('',#4842,1.);
#4842 = DIRECTION('',(-1.,-0.));
#4843 = ( GEOMETRIC_REPRESENTATION_CONTEXT(2) 
PARAMETRIC_REPRESENTATION_CONTEXT() REPRESENTATION_CONTEXT('2D SPACE',''
  ) );
#4844 = PCURVE('',#4845,#4850);
#4845 = PLANE('',#4846);
#4846 = AXIS2_PLACEMENT_3D('',#4847,#4848,#4849);
#4847 = CARTESIAN_POINT('',(2.128E+03,1.03E+03,668.));
#4848 = DIRECTION('',(-0.,1.,-0.));
#4849 = DIRECTION('',(0.,0.,-1.));
#4850 = DEFINITIONAL_REPRESENTATION('',(#4851),#4855);
#4851 = LINE('',#4852,#4853);
#4852 = CARTESIAN_POINT('',(-0.,-0.));
#4853 = VECTOR('',#4854,1.);
#4854 = DIRECTION('',(-1.,0.));
#4855 = ( GEOMETRIC_REPRESENTATION_CONTEXT(2) 
PARAMETRIC_REPRESENTATION_CONTEXT() REPRESENTATION_CONTEXT('2D SPACE',''
  ) );
#4856 = ORIENTED_EDGE('',*,*,#4857,.F.);
#4857 = EDGE_CURVE('',#4769,#4830,#4858,.T.);
#4858 = SURFACE_CURVE('',#4859,(#4863,#4870),.PCURVE_S1.);
#4859 = LINE('',#4860,#4861);
#4860 = CARTESIAN_POINT('',(2.128E+03,1.E+03,698.));
#4861 = VECTOR('',#4862,1.);
#4862 = DIRECTION('',(-0.,1.,-0.));
#4863 = PCURVE('',#4777,#4864);
#4864 = DEFINITIONAL_REPRESENTATION('',(#4865),#4869);
#4865 = LINE('',#4866,#4867);
#4866 = CARTESIAN_POINT('',(-30.,-0.));
#4867 = VECTOR('',#4868,1.);
#4868 = DIRECTION('',(-0.,-1.));
#4869 = ( GEOMETRIC_REPRESENTATION_CONTEXT(2) 
PARAMETRIC_REPRESENTATION_CONTEXT() REPRESENTATION_CONTEXT('2D SPACE',''
  ) );
#4870 = PCURVE('',#4871,#4876);
#4871 = PLANE('',#4872);
#4872 = AXIS2_PLACEMENT_3D('',#4873,#4874,#4875);
#4873 = CARTESIAN_POINT('',(2.128E+03,1.E+03,698.));
#4874 = DIRECTION('',(-0.,-0.,1.));
#4875 = DIRECTION('',(1.,0.,0.));
#4876 = DEFINITIONAL_REPRESENTATION('',(#4877),#4881);
#4877 = LINE('',#4878,#4879);
#4878 = CARTESIAN_POINT('',(0.,-0.));
#4879 = VECTOR('',#4880,1.);
#4880 = DIRECTION('',(-0.,1.));
#4881 = ( GEOMETRIC_REPRESENTATION_CONTEXT(2) 
PARAMETRIC_REPRESENTATION_CONTEXT() REPRESENTATION_CONTEXT('2D SPACE',''
  ) );
#4882 = FACE_BOUND('',#4883,.T.);
#4883 = EDGE_LOOP('',(#4884,#4914,#4942,#4970));
#4884 = ORIENTED_EDGE('',*,*,#4885,.T.);
#4885 = EDGE_CURVE('',#4886,#4888,#4890,.T.);
#4886 = VERTEX_POINT('',#4887);
#4887 = CARTESIAN_POINT('',(2.128E+03,1.028E+03,670.));
#4888 = VERTEX_POINT('',#4889);
#4889 = CARTESIAN_POINT('',(2.128E+03,1.002E+03,670.));
#4890 = SURFACE_CURVE('',#4891,(#4895,#4902),.PCURVE_S1.);
#4891 = LINE('',#4892,#4893);
#4892 = CARTESIAN_POINT('',(2.128E+03,1.001E+03,670.));
#4893 = VECTOR('',#4894,1.);
#4894 = DIRECTION('',(-0.,-1.,-0.));
#4895 = PCURVE('',#4777,#4896);
#4896 = DEFINITIONAL_REPRESENTATION('',(#4897),#4901);
#4897 = LINE('',#4898,#4899);
#4898 = CARTESIAN_POINT('',(-2.,-1.));
#4899 = VECTOR('',#4900,1.);
#4900 = DIRECTION('',(-0.,1.));
#4901 = ( GEOMETRIC_REPRESENTATION_CONTEXT(2) 
PARAMETRIC_REPRESENTATION_CONTEXT() REPRESENTATION_CONTEXT('2D SPACE',''
  ) );
#4902 = PCURVE('',#4903,#4908);
#4903 = PLANE('',#4904);
#4904 = AXIS2_PLACEMENT_3D('',#4905,#4906,#4907);
#4905 = CARTESIAN_POINT('',(2.129E+03,1.002E+03,670.));
#4906 = DIRECTION('',(-0.,-0.,1.));
#4907 = DIRECTION('',(1.,0.,0.));
#4908 = DEFINITIONAL_REPRESENTATION('',(#4909),#4913);
#4909 = LINE('',#4910,#4911);
#4910 = CARTESIAN_POINT('',(-1.,-1.));
#4911 = VECTOR('',#4912,1.);
#4912 = DIRECTION('',(-0.,-1.));
#4913 = ( GEOMETRIC_REPRESENTATION_CONTEXT(2) 
PARAMETRIC_REPRESENTATION_CONTEXT() REPRESENTATION_CONTEXT('2D SPACE',''
  ) );
#4914 = ORIENTED_EDGE('',*,*,#4915,.T.);
#4915 = EDGE_CURVE('',#4888,#4916,#4918,.T.);
#4916 = VERTEX_POINT('',#4917);
#4917 = CARTESIAN_POINT('',(2.128E+03,1.002E+03,696.));
#4918 = SURFACE_CURVE('',#4919,(#4923,#4930),.PCURVE_S1.);
#4919 = LINE('',#4920,#4921);
#4920 = CARTESIAN_POINT('',(2.128E+03,1.002E+03,669.));
#4921 = VECTOR('',#4922,1.);
#4922 = DIRECTION('',(-0.,-0.,1.));
#4923 = PCURVE('',#4777,#4924);
#4924 = DEFINITIONAL_REPRESENTATION('',(#4925),#4929);
#4925 = LINE('',#4926,#4927);
#4926 = CARTESIAN_POINT('',(-1.,-2.));
#4927 = VECTOR('',#4928,1.);
#4928 = DIRECTION('',(-1.,-0.));
#4929 = ( GEOMETRIC_REPRESENTATION_CONTEXT(2) 
PARAMETRIC_REPRESENTATION_CONTEXT() REPRESENTATION_CONTEXT('2D SPACE',''
  ) );
#4930 = PCURVE('',#4931,#4936);
#4931 = PLANE('',#4932);
#4932 = AXIS2_PLACEMENT_3D('',#4933,#4934,#4935);
#4933 = CARTESIAN_POINT('',(2.129E+03,1.002E+03,670.));
#4934 = DIRECTION('',(-0.,1.,-0.));
#4935 = DIRECTION('',(0.,0.,-1.));
#4936 = DEFINITIONAL_REPRESENTATION('',(#4937),#4941);
#4937 = LINE('',#4938,#4939);
#4938 = CARTESIAN_POINT('',(1.,1.));
#4939 = VECTOR('',#4940,1.);
#4940 = DIRECTION('',(-1.,0.));
#4941 = ( GEOMETRIC_REPRESENTATION_CONTEXT(2) 
PARAMETRIC_REPRESENTATION_CONTEXT() REPRESENTATION_CONTEXT('2D SPACE',''
  ) );
#4942 = ORIENTED_EDGE('',*,*,#4943,.F.);
#4943 = EDGE_CURVE('',#4944,#4916,#4946,.T.);
#4944 = VERTEX_POINT('',#4945);
#4945 = CARTESIAN_POINT('',(2.128E+03,1.028E+03,696.));
#4946 = SURFACE_CURVE('',#4947,(#4951,#4958),.PCURVE_S1.);
#4947 = LINE('',#4948,#4949);
#4948 = CARTESIAN_POINT('',(2.128E+03,1.001E+03,696.));
#4949 = VECTOR('',#4950,1.);
#4950 = DIRECTION('',(-0.,-1.,-0.));
#4951 = PCURVE('',#4777,#4952);
#4952 = DEFINITIONAL_REPRESENTATION('',(#4953),#4957);
#4953 = LINE('',#4954,#4955);
#4954 = CARTESIAN_POINT('',(-28.,-1.));
#4955 = VECTOR('',#4956,1.);
#4956 = DIRECTION('',(-0.,1.));
#4957 = ( GEOMETRIC_REPRESENTATION_CONTEXT(2) 
PARAMETRIC_REPRESENTATION_CONTEXT() REPRESENTATION_CONTEXT('2D SPACE',''
  ) );
#4958 = PCURVE('',#4959,#4964);
#4959 = PLANE('',#4960);
#4960 = AXIS2_PLACEMENT_3D('',#4961,#4962,#4963);
#4961 = CARTESIAN_POINT('',(2.129E+03,1.002E+03,696.));
#4962 = DIRECTION('',(-0.,-0.,1.));
#4963 = DIRECTION('',(1.,0.,0.));
#4964 = DEFINITIONAL_REPRESENTATION('',(#4965),#4969);
#4965 = LINE('',#4966,#4967);
#4966 = CARTESIAN_POINT('',(-1.,-1.));
#4967 = VECTOR('',#4968,1.);
#4968 = DIRECTION('',(-0.,-1.));
#4969 = ( GEOMETRIC_REPRESENTATION_CONTEXT(2) 
PARAMETRIC_REPRESENTATION_CONTEXT() REPRESENTATION_CONTEXT('2D SPACE',''
  ) );
#4970 = ORIENTED_EDGE('',*,*,#4971,.F.);
#4971 = EDGE_CURVE('',#4886,#4944,#4972,.T.);
#4972 = SURFACE_CURVE('',#4973,(#4977,#4984),.PCURVE_S1.);
#4973 = LINE('',#4974,#4975);
#4974 = CARTESIAN_POINT('',(2.128E+03,1.028E+03,669.));
#4975 = VECTOR('',#4976,1.);
#4976 = DIRECTION('',(-0.,-0.,1.));
#4977 = PCURVE('',#4777,#4978);
#4978 = DEFINITIONAL_REPRESENTATION('',(#4979),#4983);
#4979 = LINE('',#4980,#4981);
#4980 = CARTESIAN_POINT('',(-1.,-28.));
#4981 = VECTOR('',#4982,1.);
#4982 = DIRECTION('',(-1.,-0.));
#4983 = ( GEOMETRIC_REPRESENTATION_CONTEXT(2) 
PARAMETRIC_REPRESENTATION_CONTEXT() REPRESENTATION_CONTEXT('2D SPACE',''
  ) );
#4984 = PCURVE('',#4985,#4990);
#4985 = PLANE('',#4986);
#4986 = AXIS2_PLACEMENT_3D('',#4987,#4988,#4989);
#4987 = CARTESIAN_POINT('',(2.129E+03,1.028E+03,670.));
#4988 = DIRECTION('',(-0.,1.,-0.));
#4989 = DIRECTION('',(0.,0.,-1.));
#4990 = DEFINITIONAL_REPRESENTATION('',(#4991),#4995);
#4991 = LINE('',#4992,#4993);
#4992 = CARTESIAN_POINT('',(1.,1.));
#4993 = VECTOR('',#4994,1.);
#4994 = DIRECTION('',(-1.,0.));
#4995 = ( GEOMETRIC_REPRESENTATION_CONTEXT(2) 
PARAMETRIC_REPRESENTATION_CONTEXT() REPRESENTATION_CONTEXT('2D SPACE',''
  ) );
#4996 = ADVANCED_FACE('',(#4997),#4789,.F.);
#4997 = FACE_BOUND('',#4998,.T.);
#4998 = EDGE_LOOP('',(#4999,#5022,#5023,#5046));
#4999 = ORIENTED_EDGE('',*,*,#5000,.F.);
#5000 = EDGE_CURVE('',#4767,#5001,#5003,.T.);
#5001 = VERTEX_POINT('',#5002);
#5002 = CARTESIAN_POINT('',(1.738E+03,1.E+03,668.));
#5003 = SURFACE_CURVE('',#5004,(#5008,#5015),.PCURVE_S1.);
#5004 = LINE('',#5005,#5006);
#5005 = CARTESIAN_POINT('',(2.128E+03,1.E+03,668.));
#5006 = VECTOR('',#5007,1.);
#5007 = DIRECTION('',(-1.,-0.,-0.));
#5008 = PCURVE('',#4789,#5009);
#5009 = DEFINITIONAL_REPRESENTATION('',(#5010),#5014);
#5010 = LINE('',#5011,#5012);
#5011 = CARTESIAN_POINT('',(-0.,-0.));
#5012 = VECTOR('',#5013,1.);
#5013 = DIRECTION('',(-0.,1.));
#5014 = ( GEOMETRIC_REPRESENTATION_CONTEXT(2) 
PARAMETRIC_REPRESENTATION_CONTEXT() REPRESENTATION_CONTEXT('2D SPACE',''
  ) );
#5015 = PCURVE('',#4817,#5016);
#5016 = DEFINITIONAL_REPRESENTATION('',(#5017),#5021);
#5017 = LINE('',#5018,#5019);
#5018 = CARTESIAN_POINT('',(0.,-0.));
#5019 = VECTOR('',#5020,1.);
#5020 = DIRECTION('',(-1.,0.));
#5021 = ( GEOMETRIC_REPRESENTATION_CONTEXT(2) 
PARAMETRIC_REPRESENTATION_CONTEXT() REPRESENTATION_CONTEXT('2D SPACE',''
  ) );
#5022 = ORIENTED_EDGE('',*,*,#4766,.T.);
#5023 = ORIENTED_EDGE('',*,*,#5024,.T.);
#5024 = EDGE_CURVE('',#4769,#5025,#5027,.T.);
#5025 = VERTEX_POINT('',#5026);
#5026 = CARTESIAN_POINT('',(1.738E+03,1.E+03,698.));
#5027 = SURFACE_CURVE('',#5028,(#5032,#5039),.PCURVE_S1.);
#5028 = LINE('',#5029,#5030);
#5029 = CARTESIAN_POINT('',(2.128E+03,1.E+03,698.));
#5030 = VECTOR('',#5031,1.);
#5031 = DIRECTION('',(-1.,-0.,-0.));
#5032 = PCURVE('',#4789,#5033);
#5033 = DEFINITIONAL_REPRESENTATION('',(#5034),#5038);
#5034 = LINE('',#5035,#5036);
#5035 = CARTESIAN_POINT('',(-30.,-0.));
#5036 = VECTOR('',#5037,1.);
#5037 = DIRECTION('',(-0.,1.));
#5038 = ( GEOMETRIC_REPRESENTATION_CONTEXT(2) 
PARAMETRIC_REPRESENTATION_CONTEXT() REPRESENTATION_CONTEXT('2D SPACE',''
  ) );
#5039 = PCURVE('',#4871,#5040);
#5040 = DEFINITIONAL_REPRESENTATION('',(#5041),#5045);
#5041 = LINE('',#5042,#5043);
#5042 = CARTESIAN_POINT('',(0.,-0.));
#5043 = VECTOR('',#5044,1.);
#5044 = DIRECTION('',(-1.,0.));
#5045 = ( GEOMETRIC_REPRESENTATION_CONTEXT(2) 
PARAMETRIC_REPRESENTATION_CONTEXT() REPRESENTATION_CONTEXT('2D SPACE',''
  ) );
#5046 = ORIENTED_EDGE('',*,*,#5047,.F.);
#5047 = EDGE_CURVE('',#5001,#5025,#5048,.T.);
#5048 = SURFACE_CURVE('',#5049,(#5053,#5060),.PCURVE_S1.);
#5049 = LINE('',#5050,#5051);
#5050 = CARTESIAN_POINT('',(1.738E+03,1.E+03,668.));
#5051 = VECTOR('',#5052,1.);
#5052 = DIRECTION('',(-0.,-0.,1.));
#5053 = PCURVE('',#4789,#5054);
#5054 = DEFINITIONAL_REPRESENTATION('',(#5055),#5059);
#5055 = LINE('',#5056,#5057);
#5056 = CARTESIAN_POINT('',(-0.,390.));
#5057 = VECTOR('',#5058,1.);
#5058 = DIRECTION('',(-1.,0.));
#5059 = ( GEOMETRIC_REPRESENTATION_CONTEXT(2) 
PARAMETRIC_REPRESENTATION_CONTEXT() REPRESENTATION_CONTEXT('2D SPACE',''
  ) );
#5060 = PCURVE('',#5061,#5066);
#5061 = PLANE('',#5062);
#5062 = AXIS2_PLACEMENT_3D('',#5063,#5064,#5065);
#5063 = CARTESIAN_POINT('',(1.738E+03,1.E+03,668.));
#5064 = DIRECTION('',(-1.,-0.,-0.));
#5065 = DIRECTION('',(0.,0.,-1.));
#5066 = DEFINITIONAL_REPRESENTATION('',(#5067),#5071);
#5067 = LINE('',#5068,#5069);
#5068 = CARTESIAN_POINT('',(-0.,-0.));
#5069 = VECTOR('',#5070,1.);
#5070 = DIRECTION('',(-1.,-0.));
#5071 = ( GEOMETRIC_REPRESENTATION_CONTEXT(2) 
PARAMETRIC_REPRESENTATION_CONTEXT() REPRESENTATION_CONTEXT('2D SPACE',''
  ) );
#5072 = ADVANCED_FACE('',(#5073),#4871,.T.);
#5073 = FACE_BOUND('',#5074,.F.);
#5074 = EDGE_LOOP('',(#5075,#5076,#5077,#5100));
#5075 = ORIENTED_EDGE('',*,*,#4857,.F.);
#5076 = ORIENTED_EDGE('',*,*,#5024,.T.);
#5077 = ORIENTED_EDGE('',*,*,#5078,.T.);
#5078 = EDGE_CURVE('',#5025,#5079,#5081,.T.);
#5079 = VERTEX_POINT('',#5080);
#5080 = CARTESIAN_POINT('',(1.738E+03,1.03E+03,698.));
#5081 = SURFACE_CURVE('',#5082,(#5086,#5093),.PCURVE_S1.);
#5082 = LINE('',#5083,#5084);
#5083 = CARTESIAN_POINT('',(1.738E+03,1.E+03,698.));
#5084 = VECTOR('',#5085,1.);
#5085 = DIRECTION('',(-0.,1.,-0.));
#5086 = PCURVE('',#4871,#5087);
#5087 = DEFINITIONAL_REPRESENTATION('',(#5088),#5092);
#5088 = LINE('',#5089,#5090);
#5089 = CARTESIAN_POINT('',(-390.,0.));
#5090 = VECTOR('',#5091,1.);
#5091 = DIRECTION('',(-0.,1.));
#5092 = ( GEOMETRIC_REPRESENTATION_CONTEXT(2) 
PARAMETRIC_REPRESENTATION_CONTEXT() REPRESENTATION_CONTEXT('2D SPACE',''
  ) );
#5093 = PCURVE('',#5061,#5094);
#5094 = DEFINITIONAL_REPRESENTATION('',(#5095),#5099);
#5095 = LINE('',#5096,#5097);
#5096 = CARTESIAN_POINT('',(-30.,-0.));
#5097 = VECTOR('',#5098,1.);
#5098 = DIRECTION('',(-0.,-1.));
#5099 = ( GEOMETRIC_REPRESENTATION_CONTEXT(2) 
PARAMETRIC_REPRESENTATION_CONTEXT() REPRESENTATION_CONTEXT('2D SPACE',''
  ) );
#5100 = ORIENTED_EDGE('',*,*,#5101,.F.);
#5101 = EDGE_CURVE('',#4830,#5079,#5102,.T.);
#5102 = SURFACE_CURVE('',#5103,(#5107,#5114),.PCURVE_S1.);
#5103 = LINE('',#5104,#5105);
#5104 = CARTESIAN_POINT('',(2.128E+03,1.03E+03,698.));
#5105 = VECTOR('',#5106,1.);
#5106 = DIRECTION('',(-1.,-0.,-0.));
#5107 = PCURVE('',#4871,#5108);
#5108 = DEFINITIONAL_REPRESENTATION('',(#5109),#5113);
#5109 = LINE('',#5110,#5111);
#5110 = CARTESIAN_POINT('',(0.,30.));
#5111 = VECTOR('',#5112,1.);
#5112 = DIRECTION('',(-1.,0.));
#5113 = ( GEOMETRIC_REPRESENTATION_CONTEXT(2) 
PARAMETRIC_REPRESENTATION_CONTEXT() REPRESENTATION_CONTEXT('2D SPACE',''
  ) );
#5114 = PCURVE('',#4845,#5115);
#5115 = DEFINITIONAL_REPRESENTATION('',(#5116),#5120);
#5116 = LINE('',#5117,#5118);
#5117 = CARTESIAN_POINT('',(-30.,-0.));
#5118 = VECTOR('',#5119,1.);
#5119 = DIRECTION('',(-0.,1.));
#5120 = ( GEOMETRIC_REPRESENTATION_CONTEXT(2) 
PARAMETRIC_REPRESENTATION_CONTEXT() REPRESENTATION_CONTEXT('2D SPACE',''
  ) );
#5121 = ADVANCED_FACE('',(#5122),#4817,.F.);
#5122 = FACE_BOUND('',#5123,.T.);
#5123 = EDGE_LOOP('',(#5124,#5125,#5126,#5149));
#5124 = ORIENTED_EDGE('',*,*,#4801,.F.);
#5125 = ORIENTED_EDGE('',*,*,#5000,.T.);
#5126 = ORIENTED_EDGE('',*,*,#5127,.T.);
#5127 = EDGE_CURVE('',#5001,#5128,#5130,.T.);
#5128 = VERTEX_POINT('',#5129);
#5129 = CARTESIAN_POINT('',(1.738E+03,1.03E+03,668.));
#5130 = SURFACE_CURVE('',#5131,(#5135,#5142),.PCURVE_S1.);
#5131 = LINE('',#5132,#5133);
#5132 = CARTESIAN_POINT('',(1.738E+03,1.E+03,668.));
#5133 = VECTOR('',#5134,1.);
#5134 = DIRECTION('',(-0.,1.,-0.));
#5135 = PCURVE('',#4817,#5136);
#5136 = DEFINITIONAL_REPRESENTATION('',(#5137),#5141);
#5137 = LINE('',#5138,#5139);
#5138 = CARTESIAN_POINT('',(-390.,0.));
#5139 = VECTOR('',#5140,1.);
#5140 = DIRECTION('',(-0.,1.));
#5141 = ( GEOMETRIC_REPRESENTATION_CONTEXT(2) 
PARAMETRIC_REPRESENTATION_CONTEXT() REPRESENTATION_CONTEXT('2D SPACE',''
  ) );
#5142 = PCURVE('',#5061,#5143);
#5143 = DEFINITIONAL_REPRESENTATION('',(#5144),#5148);
#5144 = LINE('',#5145,#5146);
#5145 = CARTESIAN_POINT('',(-0.,-0.));
#5146 = VECTOR('',#5147,1.);
#5147 = DIRECTION('',(-0.,-1.));
#5148 = ( GEOMETRIC_REPRESENTATION_CONTEXT(2) 
PARAMETRIC_REPRESENTATION_CONTEXT() REPRESENTATION_CONTEXT('2D SPACE',''
  ) );
#5149 = ORIENTED_EDGE('',*,*,#5150,.F.);
#5150 = EDGE_CURVE('',#4802,#5128,#5151,.T.);
#5151 = SURFACE_CURVE('',#5152,(#5156,#5163),.PCURVE_S1.);
#5152 = LINE('',#5153,#5154);
#5153 = CARTESIAN_POINT('',(2.128E+03,1.03E+03,668.));
#5154 = VECTOR('',#5155,1.);
#5155 = DIRECTION('',(-1.,-0.,-0.));
#5156 = PCURVE('',#4817,#5157);
#5157 = DEFINITIONAL_REPRESENTATION('',(#5158),#5162);
#5158 = LINE('',#5159,#5160);
#5159 = CARTESIAN_POINT('',(0.,30.));
#5160 = VECTOR('',#5161,1.);
#5161 = DIRECTION('',(-1.,0.));
#5162 = ( GEOMETRIC_REPRESENTATION_CONTEXT(2) 
PARAMETRIC_REPRESENTATION_CONTEXT() REPRESENTATION_CONTEXT('2D SPACE',''
  ) );
#5163 = PCURVE('',#4845,#5164);
#5164 = DEFINITIONAL_REPRESENTATION('',(#5165),#5169);
#5165 = LINE('',#5166,#5167);
#5166 = CARTESIAN_POINT('',(-0.,-0.));
#5167 = VECTOR('',#5168,1.);
#5168 = DIRECTION('',(-0.,1.));
#5169 = ( GEOMETRIC_REPRESENTATION_CONTEXT(2) 
PARAMETRIC_REPRESENTATION_CONTEXT() REPRESENTATION_CONTEXT('2D SPACE',''
  ) );
#5170 = ADVANCED_FACE('',(#5171),#4845,.T.);
#5171 = FACE_BOUND('',#5172,.F.);
#5172 = EDGE_LOOP('',(#5173,#5174,#5175,#5176));
#5173 = ORIENTED_EDGE('',*,*,#5150,.F.);
#5174 = ORIENTED_EDGE('',*,*,#4829,.T.);
#5175 = ORIENTED_EDGE('',*,*,#5101,.T.);
#5176 = ORIENTED_EDGE('',*,*,#5177,.F.);
#5177 = EDGE_CURVE('',#5128,#5079,#5178,.T.);
#5178 = SURFACE_CURVE('',#5179,(#5183,#5190),.PCURVE_S1.);
#5179 = LINE('',#5180,#5181);
#5180 = CARTESIAN_POINT('',(1.738E+03,1.03E+03,668.));
#5181 = VECTOR('',#5182,1.);
#5182 = DIRECTION('',(-0.,-0.,1.));
#5183 = PCURVE('',#4845,#5184);
#5184 = DEFINITIONAL_REPRESENTATION('',(#5185),#5189);
#5185 = LINE('',#5186,#5187);
#5186 = CARTESIAN_POINT('',(-0.,390.));
#5187 = VECTOR('',#5188,1.);
#5188 = DIRECTION('',(-1.,0.));
#5189 = ( GEOMETRIC_REPRESENTATION_CONTEXT(2) 
PARAMETRIC_REPRESENTATION_CONTEXT() REPRESENTATION_CONTEXT('2D SPACE',''
  ) );
#5190 = PCURVE('',#5061,#5191);
#5191 = DEFINITIONAL_REPRESENTATION('',(#5192),#5196);
#5192 = LINE('',#5193,#5194);
#5193 = CARTESIAN_POINT('',(-0.,-30.));
#5194 = VECTOR('',#5195,1.);
#5195 = DIRECTION('',(-1.,-0.));
#5196 = ( GEOMETRIC_REPRESENTATION_CONTEXT(2) 
PARAMETRIC_REPRESENTATION_CONTEXT() REPRESENTATION_CONTEXT('2D SPACE',''
  ) );
#5197 = ADVANCED_FACE('',(#5198),#4903,.T.);
#5198 = FACE_BOUND('',#5199,.F.);
#5199 = EDGE_LOOP('',(#5200,#5223,#5224,#5247));
#5200 = ORIENTED_EDGE('',*,*,#5201,.F.);
#5201 = EDGE_CURVE('',#4886,#5202,#5204,.T.);
#5202 = VERTEX_POINT('',#5203);
#5203 = CARTESIAN_POINT('',(1.738E+03,1.028E+03,670.));
#5204 = SURFACE_CURVE('',#5205,(#5209,#5216),.PCURVE_S1.);
#5205 = LINE('',#5206,#5207);
#5206 = CARTESIAN_POINT('',(2.129E+03,1.028E+03,670.));
#5207 = VECTOR('',#5208,1.);
#5208 = DIRECTION('',(-1.,-0.,-0.));
#5209 = PCURVE('',#4903,#5210);
#5210 = DEFINITIONAL_REPRESENTATION('',(#5211),#5215);
#5211 = LINE('',#5212,#5213);
#5212 = CARTESIAN_POINT('',(0.,26.));
#5213 = VECTOR('',#5214,1.);
#5214 = DIRECTION('',(-1.,0.));
#5215 = ( GEOMETRIC_REPRESENTATION_CONTEXT(2) 
PARAMETRIC_REPRESENTATION_CONTEXT() REPRESENTATION_CONTEXT('2D SPACE',''
  ) );
#5216 = PCURVE('',#4985,#5217);
#5217 = DEFINITIONAL_REPRESENTATION('',(#5218),#5222);
#5218 = LINE('',#5219,#5220);
#5219 = CARTESIAN_POINT('',(-0.,-0.));
#5220 = VECTOR('',#5221,1.);
#5221 = DIRECTION('',(-0.,1.));
#5222 = ( GEOMETRIC_REPRESENTATION_CONTEXT(2) 
PARAMETRIC_REPRESENTATION_CONTEXT() REPRESENTATION_CONTEXT('2D SPACE',''
  ) );
#5223 = ORIENTED_EDGE('',*,*,#4885,.T.);
#5224 = ORIENTED_EDGE('',*,*,#5225,.T.);
#5225 = EDGE_CURVE('',#4888,#5226,#5228,.T.);
#5226 = VERTEX_POINT('',#5227);
#5227 = CARTESIAN_POINT('',(1.738E+03,1.002E+03,670.));
#5228 = SURFACE_CURVE('',#5229,(#5233,#5240),.PCURVE_S1.);
#5229 = LINE('',#5230,#5231);
#5230 = CARTESIAN_POINT('',(2.129E+03,1.002E+03,670.));
#5231 = VECTOR('',#5232,1.);
#5232 = DIRECTION('',(-1.,-0.,-0.));
#5233 = PCURVE('',#4903,#5234);
#5234 = DEFINITIONAL_REPRESENTATION('',(#5235),#5239);
#5235 = LINE('',#5236,#5237);
#5236 = CARTESIAN_POINT('',(0.,-0.));
#5237 = VECTOR('',#5238,1.);
#5238 = DIRECTION('',(-1.,0.));
#5239 = ( GEOMETRIC_REPRESENTATION_CONTEXT(2) 
PARAMETRIC_REPRESENTATION_CONTEXT() REPRESENTATION_CONTEXT('2D SPACE',''
  ) );
#5240 = PCURVE('',#4931,#5241);
#5241 = DEFINITIONAL_REPRESENTATION('',(#5242),#5246);
#5242 = LINE('',#5243,#5244);
#5243 = CARTESIAN_POINT('',(-0.,-0.));
#5244 = VECTOR('',#5245,1.);
#5245 = DIRECTION('',(-0.,1.));
#5246 = ( GEOMETRIC_REPRESENTATION_CONTEXT(2) 
PARAMETRIC_REPRESENTATION_CONTEXT() REPRESENTATION_CONTEXT('2D SPACE',''
  ) );
#5247 = ORIENTED_EDGE('',*,*,#5248,.F.);
#5248 = EDGE_CURVE('',#5202,#5226,#5249,.T.);
#5249 = SURFACE_CURVE('',#5250,(#5254,#5261),.PCURVE_S1.);
#5250 = LINE('',#5251,#5252);
#5251 = CARTESIAN_POINT('',(1.738E+03,1.001E+03,670.));
#5252 = VECTOR('',#5253,1.);
#5253 = DIRECTION('',(-0.,-1.,-0.));
#5254 = PCURVE('',#4903,#5255);
#5255 = DEFINITIONAL_REPRESENTATION('',(#5256),#5260);
#5256 = LINE('',#5257,#5258);
#5257 = CARTESIAN_POINT('',(-391.,-1.));
#5258 = VECTOR('',#5259,1.);
#5259 = DIRECTION('',(-0.,-1.));
#5260 = ( GEOMETRIC_REPRESENTATION_CONTEXT(2) 
PARAMETRIC_REPRESENTATION_CONTEXT() REPRESENTATION_CONTEXT('2D SPACE',''
  ) );
#5261 = PCURVE('',#5061,#5262);
#5262 = DEFINITIONAL_REPRESENTATION('',(#5263),#5267);
#5263 = LINE('',#5264,#5265);
#5264 = CARTESIAN_POINT('',(-2.,-1.));
#5265 = VECTOR('',#5266,1.);
#5266 = DIRECTION('',(-0.,1.));
#5267 = ( GEOMETRIC_REPRESENTATION_CONTEXT(2) 
PARAMETRIC_REPRESENTATION_CONTEXT() REPRESENTATION_CONTEXT('2D SPACE',''
  ) );
#5268 = ADVANCED_FACE('',(#5269),#4985,.F.);
#5269 = FACE_BOUND('',#5270,.T.);
#5270 = EDGE_LOOP('',(#5271,#5272,#5273,#5296));
#5271 = ORIENTED_EDGE('',*,*,#5201,.F.);
#5272 = ORIENTED_EDGE('',*,*,#4971,.T.);
#5273 = ORIENTED_EDGE('',*,*,#5274,.T.);
#5274 = EDGE_CURVE('',#4944,#5275,#5277,.T.);
#5275 = VERTEX_POINT('',#5276);
#5276 = CARTESIAN_POINT('',(1.738E+03,1.028E+03,696.));
#5277 = SURFACE_CURVE('',#5278,(#5282,#5289),.PCURVE_S1.);
#5278 = LINE('',#5279,#5280);
#5279 = CARTESIAN_POINT('',(2.129E+03,1.028E+03,696.));
#5280 = VECTOR('',#5281,1.);
#5281 = DIRECTION('',(-1.,-0.,-0.));
#5282 = PCURVE('',#4985,#5283);
#5283 = DEFINITIONAL_REPRESENTATION('',(#5284),#5288);
#5284 = LINE('',#5285,#5286);
#5285 = CARTESIAN_POINT('',(-26.,-0.));
#5286 = VECTOR('',#5287,1.);
#5287 = DIRECTION('',(-0.,1.));
#5288 = ( GEOMETRIC_REPRESENTATION_CONTEXT(2) 
PARAMETRIC_REPRESENTATION_CONTEXT() REPRESENTATION_CONTEXT('2D SPACE',''
  ) );
#5289 = PCURVE('',#4959,#5290);
#5290 = DEFINITIONAL_REPRESENTATION('',(#5291),#5295);
#5291 = LINE('',#5292,#5293);
#5292 = CARTESIAN_POINT('',(0.,26.));
#5293 = VECTOR('',#5294,1.);
#5294 = DIRECTION('',(-1.,0.));
#5295 = ( GEOMETRIC_REPRESENTATION_CONTEXT(2) 
PARAMETRIC_REPRESENTATION_CONTEXT() REPRESENTATION_CONTEXT('2D SPACE',''
  ) );
#5296 = ORIENTED_EDGE('',*,*,#5297,.F.);
#5297 = EDGE_CURVE('',#5202,#5275,#5298,.T.);
#5298 = SURFACE_CURVE('',#5299,(#5303,#5310),.PCURVE_S1.);
#5299 = LINE('',#5300,#5301);
#5300 = CARTESIAN_POINT('',(1.738E+03,1.028E+03,669.));
#5301 = VECTOR('',#5302,1.);
#5302 = DIRECTION('',(-0.,-0.,1.));
#5303 = PCURVE('',#4985,#5304);
#5304 = DEFINITIONAL_REPRESENTATION('',(#5305),#5309);
#5305 = LINE('',#5306,#5307);
#5306 = CARTESIAN_POINT('',(1.,391.));
#5307 = VECTOR('',#5308,1.);
#5308 = DIRECTION('',(-1.,0.));
#5309 = ( GEOMETRIC_REPRESENTATION_CONTEXT(2) 
PARAMETRIC_REPRESENTATION_CONTEXT() REPRESENTATION_CONTEXT('2D SPACE',''
  ) );
#5310 = PCURVE('',#5061,#5311);
#5311 = DEFINITIONAL_REPRESENTATION('',(#5312),#5316);
#5312 = LINE('',#5313,#5314);
#5313 = CARTESIAN_POINT('',(-1.,-28.));
#5314 = VECTOR('',#5315,1.);
#5315 = DIRECTION('',(-1.,-0.));
#5316 = ( GEOMETRIC_REPRESENTATION_CONTEXT(2) 
PARAMETRIC_REPRESENTATION_CONTEXT() REPRESENTATION_CONTEXT('2D SPACE',''
  ) );
#5317 = ADVANCED_FACE('',(#5318),#4959,.F.);
#5318 = FACE_BOUND('',#5319,.T.);
#5319 = EDGE_LOOP('',(#5320,#5321,#5322,#5345));
#5320 = ORIENTED_EDGE('',*,*,#5274,.F.);
#5321 = ORIENTED_EDGE('',*,*,#4943,.T.);
#5322 = ORIENTED_EDGE('',*,*,#5323,.T.);
#5323 = EDGE_CURVE('',#4916,#5324,#5326,.T.);
#5324 = VERTEX_POINT('',#5325);
#5325 = CARTESIAN_POINT('',(1.738E+03,1.002E+03,696.));
#5326 = SURFACE_CURVE('',#5327,(#5331,#5338),.PCURVE_S1.);
#5327 = LINE('',#5328,#5329);
#5328 = CARTESIAN_POINT('',(2.129E+03,1.002E+03,696.));
#5329 = VECTOR('',#5330,1.);
#5330 = DIRECTION('',(-1.,-0.,-0.));
#5331 = PCURVE('',#4959,#5332);
#5332 = DEFINITIONAL_REPRESENTATION('',(#5333),#5337);
#5333 = LINE('',#5334,#5335);
#5334 = CARTESIAN_POINT('',(0.,-0.));
#5335 = VECTOR('',#5336,1.);
#5336 = DIRECTION('',(-1.,0.));
#5337 = ( GEOMETRIC_REPRESENTATION_CONTEXT(2) 
PARAMETRIC_REPRESENTATION_CONTEXT() REPRESENTATION_CONTEXT('2D SPACE',''
  ) );
#5338 = PCURVE('',#4931,#5339);
#5339 = DEFINITIONAL_REPRESENTATION('',(#5340),#5344);
#5340 = LINE('',#5341,#5342);
#5341 = CARTESIAN_POINT('',(-26.,-0.));
#5342 = VECTOR('',#5343,1.);
#5343 = DIRECTION('',(-0.,1.));
#5344 = ( GEOMETRIC_REPRESENTATION_CONTEXT(2) 
PARAMETRIC_REPRESENTATION_CONTEXT() REPRESENTATION_CONTEXT('2D SPACE',''
  ) );
#5345 = ORIENTED_EDGE('',*,*,#5346,.F.);
#5346 = EDGE_CURVE('',#5275,#5324,#5347,.T.);
#5347 = SURFACE_CURVE('',#5348,(#5352,#5359),.PCURVE_S1.);
#5348 = LINE('',#5349,#5350);
#5349 = CARTESIAN_POINT('',(1.738E+03,1.001E+03,696.));
#5350 = VECTOR('',#5351,1.);
#5351 = DIRECTION('',(-0.,-1.,-0.));
#5352 = PCURVE('',#4959,#5353);
#5353 = DEFINITIONAL_REPRESENTATION('',(#5354),#5358);
#5354 = LINE('',#5355,#5356);
#5355 = CARTESIAN_POINT('',(-391.,-1.));
#5356 = VECTOR('',#5357,1.);
#5357 = DIRECTION('',(-0.,-1.));
#5358 = ( GEOMETRIC_REPRESENTATION_CONTEXT(2) 
PARAMETRIC_REPRESENTATION_CONTEXT() REPRESENTATION_CONTEXT('2D SPACE',''
  ) );
#5359 = PCURVE('',#5061,#5360);
#5360 = DEFINITIONAL_REPRESENTATION('',(#5361),#5365);
#5361 = LINE('',#5362,#5363);
#5362 = CARTESIAN_POINT('',(-28.,-1.));
#5363 = VECTOR('',#5364,1.);
#5364 = DIRECTION('',(-0.,1.));
#5365 = ( GEOMETRIC_REPRESENTATION_CONTEXT(2) 
PARAMETRIC_REPRESENTATION_CONTEXT() REPRESENTATION_CONTEXT('2D SPACE',''
  ) );
#5366 = ADVANCED_FACE('',(#5367),#4931,.T.);
#5367 = FACE_BOUND('',#5368,.F.);
#5368 = EDGE_LOOP('',(#5369,#5370,#5371,#5372));
#5369 = ORIENTED_EDGE('',*,*,#5225,.F.);
#5370 = ORIENTED_EDGE('',*,*,#4915,.T.);
#5371 = ORIENTED_EDGE('',*,*,#5323,.T.);
#5372 = ORIENTED_EDGE('',*,*,#5373,.F.);
#5373 = EDGE_CURVE('',#5226,#5324,#5374,.T.);
#5374 = SURFACE_CURVE('',#5375,(#5379,#5386),.PCURVE_S1.);
#5375 = LINE('',#5376,#5377);
#5376 = CARTESIAN_POINT('',(1.738E+03,1.002E+03,669.));
#5377 = VECTOR('',#5378,1.);
#5378 = DIRECTION('',(-0.,-0.,1.));
#5379 = PCURVE('',#4931,#5380);
#5380 = DEFINITIONAL_REPRESENTATION('',(#5381),#5385);
#5381 = LINE('',#5382,#5383);
#5382 = CARTESIAN_POINT('',(1.,391.));
#5383 = VECTOR('',#5384,1.);
#5384 = DIRECTION('',(-1.,0.));
#5385 = ( GEOMETRIC_REPRESENTATION_CONTEXT(2) 
PARAMETRIC_REPRESENTATION_CONTEXT() REPRESENTATION_CONTEXT('2D SPACE',''
  ) );
#5386 = PCURVE('',#5061,#5387);
#5387 = DEFINITIONAL_REPRESENTATION('',(#5388),#5392);
#5388 = LINE('',#5389,#5390);
#5389 = CARTESIAN_POINT('',(-1.,-2.));
#5390 = VECTOR('',#5391,1.);
#5391 = DIRECTION('',(-1.,-0.));
#5392 = ( GEOMETRIC_REPRESENTATION_CONTEXT(2) 
PARAMETRIC_REPRESENTATION_CONTEXT() REPRESENTATION_CONTEXT('2D SPACE',''
  ) );
#5393 = ADVANCED_FACE('',(#5394,#5400),#5061,.T.);
#5394 = FACE_BOUND('',#5395,.F.);
#5395 = EDGE_LOOP('',(#5396,#5397,#5398,#5399));
#5396 = ORIENTED_EDGE('',*,*,#5047,.F.);
#5397 = ORIENTED_EDGE('',*,*,#5127,.T.);
#5398 = ORIENTED_EDGE('',*,*,#5177,.T.);
#5399 = ORIENTED_EDGE('',*,*,#5078,.F.);
#5400 = FACE_BOUND('',#5401,.F.);
#5401 = EDGE_LOOP('',(#5402,#5403,#5404,#5405));
#5402 = ORIENTED_EDGE('',*,*,#5248,.T.);
#5403 = ORIENTED_EDGE('',*,*,#5373,.T.);
#5404 = ORIENTED_EDGE('',*,*,#5346,.F.);
#5405 = ORIENTED_EDGE('',*,*,#5297,.F.);
#5406 = ( GEOMETRIC_REPRESENTATION_CONTEXT(3) 
GLOBAL_UNCERTAINTY_ASSIGNED_CONTEXT((#5410)) 
GLOBAL_UNIT_ASSIGNED_CONTEXT((#5407,#5408,#5409)) REPRESENTATION_CONTEXT
('Context #1','3D Context with UNIT and UNCERTAINTY') );
#5407 = ( LENGTH_UNIT() NAMED_UNIT(*) SI_UNIT(.MILLI.,.METRE.) );
#5408 = ( NAMED_UNIT(*) PLANE_ANGLE_UNIT() SI_UNIT($,.RADIAN.) );
#5409 = ( NAMED_UNIT(*) SI_UNIT($,.STERADIAN.) SOLID_ANGLE_UNIT() );
#5410 = UNCERTAINTY_MEASURE_WITH_UNIT(LENGTH_MEASURE(1.E-07),#5407,
  'distance_accuracy_value','confusion accuracy');
#5411 = CONTEXT_DEPENDENT_SHAPE_REPRESENTATION(#5412,#5414);
#5412 = ( REPRESENTATION_RELATIONSHIP('','',#4759,#10) 
REPRESENTATION_RELATIONSHIP_WITH_TRANSFORMATION(#5413) 
SHAPE_REPRESENTATION_RELATIONSHIP() );
#5413 = ITEM_DEFINED_TRANSFORMATION('','',#11,#43);
#5414 = PRODUCT_DEFINITION_SHAPE('Placement','Placement of an item',
  #5415);
#5415 = NEXT_ASSEMBLY_USAGE_OCCURRENCE('324','','',#5,#4754,$);
#5416 = PRODUCT_RELATED_PRODUCT_CATEGORY('part',$,(#4756));
#5417 = SHAPE_DEFINITION_REPRESENTATION(#5418,#5424);
#5418 = PRODUCT_DEFINITION_SHAPE('','',#5419);
#5419 = PRODUCT_DEFINITION('design','',#5420,#5423);
#5420 = PRODUCT_DEFINITION_FORMATION('','',#5421);
#5421 = PRODUCT('Open CASCADE STEP translator 7.9 12.9',
  'Open CASCADE STEP translator 7.9 12.9','',(#5422));
#5422 = PRODUCT_CONTEXT('',#2,'mechanical');
#5423 = PRODUCT_DEFINITION_CONTEXT('part definition',#2,'design');
#5424 = ADVANCED_BREP_SHAPE_REPRESENTATION('',(#11,#5425),#6379);
#5425 = MANIFOLD_SOLID_BREP('',#5426);
#5426 = CLOSED_SHELL('',(#5427,#5547,#5847,#5896,#6129,#6156,#6183,#6210
    ,#6237,#6264,#6291,#6318,#6345,#6372));
#5427 = ADVANCED_FACE('',(#5428),#5442,.F.);
#5428 = FACE_BOUND('',#5429,.T.);
#5429 = EDGE_LOOP('',(#5430,#5465,#5493,#5521));
#5430 = ORIENTED_EDGE('',*,*,#5431,.F.);
#5431 = EDGE_CURVE('',#5432,#5434,#5436,.T.);
#5432 = VERTEX_POINT('',#5433);
#5433 = CARTESIAN_POINT('',(2.158E+03,100.5,700.));
#5434 = VERTEX_POINT('',#5435);
#5435 = CARTESIAN_POINT('',(2.158E+03,999.5,700.));
#5436 = SURFACE_CURVE('',#5437,(#5441,#5453),.PCURVE_S1.);
#5437 = LINE('',#5438,#5439);
#5438 = CARTESIAN_POINT('',(2.158E+03,70.,700.));
#5439 = VECTOR('',#5440,1.);
#5440 = DIRECTION('',(-0.,1.,-0.));
#5441 = PCURVE('',#5442,#5447);
#5442 = PLANE('',#5443);
#5443 = AXIS2_PLACEMENT_3D('',#5444,#5445,#5446);
#5444 = CARTESIAN_POINT('',(2.158E+03,70.,698.));
#5445 = DIRECTION('',(-1.,-0.,-0.));
#5446 = DIRECTION('',(0.,0.,-1.));
#5447 = DEFINITIONAL_REPRESENTATION('',(#5448),#5452);
#5448 = LINE('',#5449,#5450);
#5449 = CARTESIAN_POINT('',(-2.,-0.));
#5450 = VECTOR('',#5451,1.);
#5451 = DIRECTION('',(-0.,-1.));
#5452 = ( GEOMETRIC_REPRESENTATION_CONTEXT(2) 
PARAMETRIC_REPRESENTATION_CONTEXT() REPRESENTATION_CONTEXT('2D SPACE',''
  ) );
#5453 = PCURVE('',#5454,#5459);
#5454 = PLANE('',#5455);
#5455 = AXIS2_PLACEMENT_3D('',#5456,#5457,#5458);
#5456 = CARTESIAN_POINT('',(2.158E+03,70.,700.));
#5457 = DIRECTION('',(-0.,-0.,1.));
#5458 = DIRECTION('',(1.,0.,0.));
#5459 = DEFINITIONAL_REPRESENTATION('',(#5460),#5464);
#5460 = LINE('',#5461,#5462);
#5461 = CARTESIAN_POINT('',(0.,-0.));
#5462 = VECTOR('',#5463,1.);
#5463 = DIRECTION('',(-0.,1.));
#5464 = ( GEOMETRIC_REPRESENTATION_CONTEXT(2) 
PARAMETRIC_REPRESENTATION_CONTEXT() REPRESENTATION_CONTEXT('2D SPACE',''
  ) );
#5465 = ORIENTED_EDGE('',*,*,#5466,.F.);
#5466 = EDGE_CURVE('',#5467,#5432,#5469,.T.);
#5467 = VERTEX_POINT('',#5468);
#5468 = CARTESIAN_POINT('',(2.158E+03,100.5,698.));
#5469 = SURFACE_CURVE('',#5470,(#5474,#5481),.PCURVE_S1.);
#5470 = LINE('',#5471,#5472);
#5471 = CARTESIAN_POINT('',(2.158E+03,100.5,697.5));
#5472 = VECTOR('',#5473,1.);
#5473 = DIRECTION('',(-0.,-0.,1.));
#5474 = PCURVE('',#5442,#5475);
#5475 = DEFINITIONAL_REPRESENTATION('',(#5476),#5480);
#5476 = LINE('',#5477,#5478);
#5477 = CARTESIAN_POINT('',(0.5,-30.5));
#5478 = VECTOR('',#5479,1.);
#5479 = DIRECTION('',(-1.,-0.));
#5480 = ( GEOMETRIC_REPRESENTATION_CONTEXT(2) 
PARAMETRIC_REPRESENTATION_CONTEXT() REPRESENTATION_CONTEXT('2D SPACE',''
  ) );
#5481 = PCURVE('',#5482,#5487);
#5482 = PLANE('',#5483);
#5483 = AXIS2_PLACEMENT_3D('',#5484,#5485,#5486);
#5484 = CARTESIAN_POINT('',(2.1585E+03,100.5,697.));
#5485 = DIRECTION('',(-0.,1.,-0.));
#5486 = DIRECTION('',(0.,0.,-1.));
#5487 = DEFINITIONAL_REPRESENTATION('',(#5488),#5492);
#5488 = LINE('',#5489,#5490);
#5489 = CARTESIAN_POINT('',(-0.5,0.5));
#5490 = VECTOR('',#5491,1.);
#5491 = DIRECTION('',(-1.,0.));
#5492 = ( GEOMETRIC_REPRESENTATION_CONTEXT(2) 
PARAMETRIC_REPRESENTATION_CONTEXT() REPRESENTATION_CONTEXT('2D SPACE',''
  ) );
#5493 = ORIENTED_EDGE('',*,*,#5494,.T.);
#5494 = EDGE_CURVE('',#5467,#5495,#5497,.T.);
#5495 = VERTEX_POINT('',#5496);
#5496 = CARTESIAN_POINT('',(2.158E+03,999.5,698.));
#5497 = SURFACE_CURVE('',#5498,(#5502,#5509),.PCURVE_S1.);
#5498 = LINE('',#5499,#5500);
#5499 = CARTESIAN_POINT('',(2.158E+03,70.,698.));
#5500 = VECTOR('',#5501,1.);
#5501 = DIRECTION('',(-0.,1.,-0.));
#5502 = PCURVE('',#5442,#5503);
#5503 = DEFINITIONAL_REPRESENTATION('',(#5504),#5508);
#5504 = LINE('',#5505,#5506);
#5505 = CARTESIAN_POINT('',(-0.,-0.));
#5506 = VECTOR('',#5507,1.);
#5507 = DIRECTION('',(-0.,-1.));
#5508 = ( GEOMETRIC_REPRESENTATION_CONTEXT(2) 
PARAMETRIC_REPRESENTATION_CONTEXT() REPRESENTATION_CONTEXT('2D SPACE',''
  ) );
#5509 = PCURVE('',#5510,#5515);
#5510 = PLANE('',#5511);
#5511 = AXIS2_PLACEMENT_3D('',#5512,#5513,#5514);
#5512 = CARTESIAN_POINT('',(2.158E+03,70.,698.));
#5513 = DIRECTION('',(-0.,-0.,1.));
#5514 = DIRECTION('',(1.,0.,0.));
#5515 = DEFINITIONAL_REPRESENTATION('',(#5516),#5520);
#5516 = LINE('',#5517,#5518);
#5517 = CARTESIAN_POINT('',(0.,-0.));
#5518 = VECTOR('',#5519,1.);
#5519 = DIRECTION('',(-0.,1.));
#5520 = ( GEOMETRIC_REPRESENTATION_CONTEXT(2) 
PARAMETRIC_REPRESENTATION_CONTEXT() REPRESENTATION_CONTEXT('2D SPACE',''
  ) );
#5521 = ORIENTED_EDGE('',*,*,#5522,.T.);
#5522 = EDGE_CURVE('',#5495,#5434,#5523,.T.);
#5523 = SURFACE_CURVE('',#5524,(#5528,#5535),.PCURVE_S1.);
#5524 = LINE('',#5525,#5526);
#5525 = CARTESIAN_POINT('',(2.158E+03,999.5,697.5));
#5526 = VECTOR('',#5527,1.);
#5527 = DIRECTION('',(-0.,-0.,1.));
#5528 = PCURVE('',#5442,#5529);
#5529 = DEFINITIONAL_REPRESENTATION('',(#5530),#5534);
#5530 = LINE('',#5531,#5532);
#5531 = CARTESIAN_POINT('',(0.5,-929.5));
#5532 = VECTOR('',#5533,1.);
#5533 = DIRECTION('',(-1.,-0.));
#5534 = ( GEOMETRIC_REPRESENTATION_CONTEXT(2) 
PARAMETRIC_REPRESENTATION_CONTEXT() REPRESENTATION_CONTEXT('2D SPACE',''
  ) );
#5535 = PCURVE('',#5536,#5541);
#5536 = PLANE('',#5537);
#5537 = AXIS2_PLACEMENT_3D('',#5538,#5539,#5540);
#5538 = CARTESIAN_POINT('',(2.1585E+03,999.5,697.));
#5539 = DIRECTION('',(-0.,1.,-0.));
#5540 = DIRECTION('',(0.,0.,-1.));
#5541 = DEFINITIONAL_REPRESENTATION('',(#5542),#5546);
#5542 = LINE('',#5543,#5544);
#5543 = CARTESIAN_POINT('',(-0.5,0.5));
#5544 = VECTOR('',#5545,1.);
#5545 = DIRECTION('',(-1.,0.));
#5546 = ( GEOMETRIC_REPRESENTATION_CONTEXT(2) 
PARAMETRIC_REPRESENTATION_CONTEXT() REPRESENTATION_CONTEXT('2D SPACE',''
  ) );
#5547 = ADVANCED_FACE('',(#5548),#5454,.T.);
#5548 = FACE_BOUND('',#5549,.F.);
#5549 = EDGE_LOOP('',(#5550,#5551,#5574,#5602,#5630,#5658,#5686,#5714,
    #5742,#5770,#5798,#5826));
#5550 = ORIENTED_EDGE('',*,*,#5431,.F.);
#5551 = ORIENTED_EDGE('',*,*,#5552,.F.);
#5552 = EDGE_CURVE('',#5553,#5432,#5555,.T.);
#5553 = VERTEX_POINT('',#5554);
#5554 = CARTESIAN_POINT('',(2.1275E+03,100.5,700.));
#5555 = SURFACE_CURVE('',#5556,(#5560,#5567),.PCURVE_S1.);
#5556 = LINE('',#5557,#5558);
#5557 = CARTESIAN_POINT('',(2.15825E+03,100.5,700.));
#5558 = VECTOR('',#5559,1.);
#5559 = DIRECTION('',(1.,-0.,0.));
#5560 = PCURVE('',#5454,#5561);
#5561 = DEFINITIONAL_REPRESENTATION('',(#5562),#5566);
#5562 = LINE('',#5563,#5564);
#5563 = CARTESIAN_POINT('',(0.25,30.5));
#5564 = VECTOR('',#5565,1.);
#5565 = DIRECTION('',(1.,-0.));
#5566 = ( GEOMETRIC_REPRESENTATION_CONTEXT(2) 
PARAMETRIC_REPRESENTATION_CONTEXT() REPRESENTATION_CONTEXT('2D SPACE',''
  ) );
#5567 = PCURVE('',#5482,#5568);
#5568 = DEFINITIONAL_REPRESENTATION('',(#5569),#5573);
#5569 = LINE('',#5570,#5571);
#5570 = CARTESIAN_POINT('',(-3.,0.25));
#5571 = VECTOR('',#5572,1.);
#5572 = DIRECTION('',(-0.,-1.));
#5573 = ( GEOMETRIC_REPRESENTATION_CONTEXT(2) 
PARAMETRIC_REPRESENTATION_CONTEXT() REPRESENTATION_CONTEXT('2D SPACE',''
  ) );
#5574 = ORIENTED_EDGE('',*,*,#5575,.F.);
#5575 = EDGE_CURVE('',#5576,#5553,#5578,.T.);
#5576 = VERTEX_POINT('',#5577);
#5577 = CARTESIAN_POINT('',(2.1275E+03,70.,700.));
#5578 = SURFACE_CURVE('',#5579,(#5583,#5590),.PCURVE_S1.);
#5579 = LINE('',#5580,#5581);
#5580 = CARTESIAN_POINT('',(2.1275E+03,69.75,700.));
#5581 = VECTOR('',#5582,1.);
#5582 = DIRECTION('',(-0.,1.,-0.));
#5583 = PCURVE('',#5454,#5584);
#5584 = DEFINITIONAL_REPRESENTATION('',(#5585),#5589);
#5585 = LINE('',#5586,#5587);
#5586 = CARTESIAN_POINT('',(-30.5,-0.25));
#5587 = VECTOR('',#5588,1.);
#5588 = DIRECTION('',(-0.,1.));
#5589 = ( GEOMETRIC_REPRESENTATION_CONTEXT(2) 
PARAMETRIC_REPRESENTATION_CONTEXT() REPRESENTATION_CONTEXT('2D SPACE',''
  ) );
#5590 = PCURVE('',#5591,#5596);
#5591 = PLANE('',#5592);
#5592 = AXIS2_PLACEMENT_3D('',#5593,#5594,#5595);
#5593 = CARTESIAN_POINT('',(2.1275E+03,69.5,697.));
#5594 = DIRECTION('',(-1.,-0.,-0.));
#5595 = DIRECTION('',(0.,0.,-1.));
#5596 = DEFINITIONAL_REPRESENTATION('',(#5597),#5601);
#5597 = LINE('',#5598,#5599);
#5598 = CARTESIAN_POINT('',(-3.,-0.25));
#5599 = VECTOR('',#5600,1.);
#5600 = DIRECTION('',(-0.,-1.));
#5601 = ( GEOMETRIC_REPRESENTATION_CONTEXT(2) 
PARAMETRIC_REPRESENTATION_CONTEXT() REPRESENTATION_CONTEXT('2D SPACE',''
  ) );
#5602 = ORIENTED_EDGE('',*,*,#5603,.T.);
#5603 = EDGE_CURVE('',#5576,#5604,#5606,.T.);
#5604 = VERTEX_POINT('',#5605);
#5605 = CARTESIAN_POINT('',(1.7385E+03,70.,700.));
#5606 = SURFACE_CURVE('',#5607,(#5611,#5618),.PCURVE_S1.);
#5607 = LINE('',#5608,#5609);
#5608 = CARTESIAN_POINT('',(2.158E+03,70.,700.));
#5609 = VECTOR('',#5610,1.);
#5610 = DIRECTION('',(-1.,-0.,-0.));
#5611 = PCURVE('',#5454,#5612);
#5612 = DEFINITIONAL_REPRESENTATION('',(#5613),#5617);
#5613 = LINE('',#5614,#5615);
#5614 = CARTESIAN_POINT('',(0.,-0.));
#5615 = VECTOR('',#5616,1.);
#5616 = DIRECTION('',(-1.,0.));
#5617 = ( GEOMETRIC_REPRESENTATION_CONTEXT(2) 
PARAMETRIC_REPRESENTATION_CONTEXT() REPRESENTATION_CONTEXT('2D SPACE',''
  ) );
#5618 = PCURVE('',#5619,#5624);
#5619 = PLANE('',#5620);
#5620 = AXIS2_PLACEMENT_3D('',#5621,#5622,#5623);
#5621 = CARTESIAN_POINT('',(2.158E+03,70.,698.));
#5622 = DIRECTION('',(-0.,1.,-0.));
#5623 = DIRECTION('',(0.,0.,-1.));
#5624 = DEFINITIONAL_REPRESENTATION('',(#5625),#5629);
#5625 = LINE('',#5626,#5627);
#5626 = CARTESIAN_POINT('',(-2.,-0.));
#5627 = VECTOR('',#5628,1.);
#5628 = DIRECTION('',(-0.,1.));
#5629 = ( GEOMETRIC_REPRESENTATION_CONTEXT(2) 
PARAMETRIC_REPRESENTATION_CONTEXT() REPRESENTATION_CONTEXT('2D SPACE',''
  ) );
#5630 = ORIENTED_EDGE('',*,*,#5631,.T.);
#5631 = EDGE_CURVE('',#5604,#5632,#5634,.T.);
#5632 = VERTEX_POINT('',#5633);
#5633 = CARTESIAN_POINT('',(1.7385E+03,100.5,700.));
#5634 = SURFACE_CURVE('',#5635,(#5639,#5646),.PCURVE_S1.);
#5635 = LINE('',#5636,#5637);
#5636 = CARTESIAN_POINT('',(1.7385E+03,69.75,700.));
#5637 = VECTOR('',#5638,1.);
#5638 = DIRECTION('',(-0.,1.,-0.));
#5639 = PCURVE('',#5454,#5640);
#5640 = DEFINITIONAL_REPRESENTATION('',(#5641),#5645);
#5641 = LINE('',#5642,#5643);
#5642 = CARTESIAN_POINT('',(-419.5,-0.25));
#5643 = VECTOR('',#5644,1.);
#5644 = DIRECTION('',(-0.,1.));
#5645 = ( GEOMETRIC_REPRESENTATION_CONTEXT(2) 
PARAMETRIC_REPRESENTATION_CONTEXT() REPRESENTATION_CONTEXT('2D SPACE',''
  ) );
#5646 = PCURVE('',#5647,#5652);
#5647 = PLANE('',#5648);
#5648 = AXIS2_PLACEMENT_3D('',#5649,#5650,#5651);
#5649 = CARTESIAN_POINT('',(1.7385E+03,69.5,697.));
#5650 = DIRECTION('',(-1.,-0.,-0.));
#5651 = DIRECTION('',(0.,0.,-1.));
#5652 = DEFINITIONAL_REPRESENTATION('',(#5653),#5657);
#5653 = LINE('',#5654,#5655);
#5654 = CARTESIAN_POINT('',(-3.,-0.25));
#5655 = VECTOR('',#5656,1.);
#5656 = DIRECTION('',(-0.,-1.));
#5657 = ( GEOMETRIC_REPRESENTATION_CONTEXT(2) 
PARAMETRIC_REPRESENTATION_CONTEXT() REPRESENTATION_CONTEXT('2D SPACE',''
  ) );
#5658 = ORIENTED_EDGE('',*,*,#5659,.F.);
#5659 = EDGE_CURVE('',#5660,#5632,#5662,.T.);
#5660 = VERTEX_POINT('',#5661);
#5661 = CARTESIAN_POINT('',(1.708E+03,100.5,700.));
#5662 = SURFACE_CURVE('',#5663,(#5667,#5674),.PCURVE_S1.);
#5663 = LINE('',#5664,#5665);
#5664 = CARTESIAN_POINT('',(1.94825E+03,100.5,700.));
#5665 = VECTOR('',#5666,1.);
#5666 = DIRECTION('',(1.,-0.,0.));
#5667 = PCURVE('',#5454,#5668);
#5668 = DEFINITIONAL_REPRESENTATION('',(#5669),#5673);
#5669 = LINE('',#5670,#5671);
#5670 = CARTESIAN_POINT('',(-209.75,30.5));
#5671 = VECTOR('',#5672,1.);
#5672 = DIRECTION('',(1.,-0.));
#5673 = ( GEOMETRIC_REPRESENTATION_CONTEXT(2) 
PARAMETRIC_REPRESENTATION_CONTEXT() REPRESENTATION_CONTEXT('2D SPACE',''
  ) );
#5674 = PCURVE('',#5675,#5680);
#5675 = PLANE('',#5676);
#5676 = AXIS2_PLACEMENT_3D('',#5677,#5678,#5679);
#5677 = CARTESIAN_POINT('',(1.7385E+03,100.5,697.));
#5678 = DIRECTION('',(-0.,1.,-0.));
#5679 = DIRECTION('',(0.,0.,-1.));
#5680 = DEFINITIONAL_REPRESENTATION('',(#5681),#5685);
#5681 = LINE('',#5682,#5683);
#5682 = CARTESIAN_POINT('',(-3.,-209.75));
#5683 = VECTOR('',#5684,1.);
#5684 = DIRECTION('',(-0.,-1.));
#5685 = ( GEOMETRIC_REPRESENTATION_CONTEXT(2) 
PARAMETRIC_REPRESENTATION_CONTEXT() REPRESENTATION_CONTEXT('2D SPACE',''
  ) );
#5686 = ORIENTED_EDGE('',*,*,#5687,.T.);
#5687 = EDGE_CURVE('',#5660,#5688,#5690,.T.);
#5688 = VERTEX_POINT('',#5689);
#5689 = CARTESIAN_POINT('',(1.708E+03,999.5,700.));
#5690 = SURFACE_CURVE('',#5691,(#5695,#5702),.PCURVE_S1.);
#5691 = LINE('',#5692,#5693);
#5692 = CARTESIAN_POINT('',(1.708E+03,70.,700.));
#5693 = VECTOR('',#5694,1.);
#5694 = DIRECTION('',(-0.,1.,-0.));
#5695 = PCURVE('',#5454,#5696);
#5696 = DEFINITIONAL_REPRESENTATION('',(#5697),#5701);
#5697 = LINE('',#5698,#5699);
#5698 = CARTESIAN_POINT('',(-450.,0.));
#5699 = VECTOR('',#5700,1.);
#5700 = DIRECTION('',(-0.,1.));
#5701 = ( GEOMETRIC_REPRESENTATION_CONTEXT(2) 
PARAMETRIC_REPRESENTATION_CONTEXT() REPRESENTATION_CONTEXT('2D SPACE',''
  ) );
#5702 = PCURVE('',#5703,#5708);
#5703 = PLANE('',#5704);
#5704 = AXIS2_PLACEMENT_3D('',#5705,#5706,#5707);
#5705 = CARTESIAN_POINT('',(1.708E+03,70.,698.));
#5706 = DIRECTION('',(-1.,-0.,-0.));
#5707 = DIRECTION('',(0.,0.,-1.));
#5708 = DEFINITIONAL_REPRESENTATION('',(#5709),#5713);
#5709 = LINE('',#5710,#5711);
#5710 = CARTESIAN_POINT('',(-2.,-0.));
#5711 = VECTOR('',#5712,1.);
#5712 = DIRECTION('',(-0.,-1.));
#5713 = ( GEOMETRIC_REPRESENTATION_CONTEXT(2) 
PARAMETRIC_REPRESENTATION_CONTEXT() REPRESENTATION_CONTEXT('2D SPACE',''
  ) );
#5714 = ORIENTED_EDGE('',*,*,#5715,.T.);
#5715 = EDGE_CURVE('',#5688,#5716,#5718,.T.);
#5716 = VERTEX_POINT('',#5717);
#5717 = CARTESIAN_POINT('',(1.7385E+03,999.5,700.));
#5718 = SURFACE_CURVE('',#5719,(#5723,#5730),.PCURVE_S1.);
#5719 = LINE('',#5720,#5721);
#5720 = CARTESIAN_POINT('',(1.94825E+03,999.5,700.));
#5721 = VECTOR('',#5722,1.);
#5722 = DIRECTION('',(1.,-0.,0.));
#5723 = PCURVE('',#5454,#5724);
#5724 = DEFINITIONAL_REPRESENTATION('',(#5725),#5729);
#5725 = LINE('',#5726,#5727);
#5726 = CARTESIAN_POINT('',(-209.75,929.5));
#5727 = VECTOR('',#5728,1.);
#5728 = DIRECTION('',(1.,-0.));
#5729 = ( GEOMETRIC_REPRESENTATION_CONTEXT(2) 
PARAMETRIC_REPRESENTATION_CONTEXT() REPRESENTATION_CONTEXT('2D SPACE',''
  ) );
#5730 = PCURVE('',#5731,#5736);
#5731 = PLANE('',#5732);
#5732 = AXIS2_PLACEMENT_3D('',#5733,#5734,#5735);
#5733 = CARTESIAN_POINT('',(1.7385E+03,999.5,697.));
#5734 = DIRECTION('',(-0.,1.,-0.));
#5735 = DIRECTION('',(0.,0.,-1.));
#5736 = DEFINITIONAL_REPRESENTATION('',(#5737),#5741);
#5737 = LINE('',#5738,#5739);
#5738 = CARTESIAN_POINT('',(-3.,-209.75));
#5739 = VECTOR('',#5740,1.);
#5740 = DIRECTION('',(-0.,-1.));
#5741 = ( GEOMETRIC_REPRESENTATION_CONTEXT(2) 
PARAMETRIC_REPRESENTATION_CONTEXT() REPRESENTATION_CONTEXT('2D SPACE',''
  ) );
#5742 = ORIENTED_EDGE('',*,*,#5743,.T.);
#5743 = EDGE_CURVE('',#5716,#5744,#5746,.T.);
#5744 = VERTEX_POINT('',#5745);
#5745 = CARTESIAN_POINT('',(1.7385E+03,1.03E+03,700.));
#5746 = SURFACE_CURVE('',#5747,(#5751,#5758),.PCURVE_S1.);
#5747 = LINE('',#5748,#5749);
#5748 = CARTESIAN_POINT('',(1.7385E+03,534.75,700.));
#5749 = VECTOR('',#5750,1.);
#5750 = DIRECTION('',(-0.,1.,-0.));
#5751 = PCURVE('',#5454,#5752);
#5752 = DEFINITIONAL_REPRESENTATION('',(#5753),#5757);
#5753 = LINE('',#5754,#5755);
#5754 = CARTESIAN_POINT('',(-419.5,464.75));
#5755 = VECTOR('',#5756,1.);
#5756 = DIRECTION('',(-0.,1.));
#5757 = ( GEOMETRIC_REPRESENTATION_CONTEXT(2) 
PARAMETRIC_REPRESENTATION_CONTEXT() REPRESENTATION_CONTEXT('2D SPACE',''
  ) );
#5758 = PCURVE('',#5759,#5764);
#5759 = PLANE('',#5760);
#5760 = AXIS2_PLACEMENT_3D('',#5761,#5762,#5763);
#5761 = CARTESIAN_POINT('',(1.7385E+03,999.5,697.));
#5762 = DIRECTION('',(-1.,-0.,-0.));
#5763 = DIRECTION('',(0.,0.,-1.));
#5764 = DEFINITIONAL_REPRESENTATION('',(#5765),#5769);
#5765 = LINE('',#5766,#5767);
#5766 = CARTESIAN_POINT('',(-3.,464.75));
#5767 = VECTOR('',#5768,1.);
#5768 = DIRECTION('',(-0.,-1.));
#5769 = ( GEOMETRIC_REPRESENTATION_CONTEXT(2) 
PARAMETRIC_REPRESENTATION_CONTEXT() REPRESENTATION_CONTEXT('2D SPACE',''
  ) );
#5770 = ORIENTED_EDGE('',*,*,#5771,.F.);
#5771 = EDGE_CURVE('',#5772,#5744,#5774,.T.);
#5772 = VERTEX_POINT('',#5773);
#5773 = CARTESIAN_POINT('',(2.1275E+03,1.03E+03,700.));
#5774 = SURFACE_CURVE('',#5775,(#5779,#5786),.PCURVE_S1.);
#5775 = LINE('',#5776,#5777);
#5776 = CARTESIAN_POINT('',(2.158E+03,1.03E+03,700.));
#5777 = VECTOR('',#5778,1.);
#5778 = DIRECTION('',(-1.,-0.,-0.));
#5779 = PCURVE('',#5454,#5780);
#5780 = DEFINITIONAL_REPRESENTATION('',(#5781),#5785);
#5781 = LINE('',#5782,#5783);
#5782 = CARTESIAN_POINT('',(0.,960.));
#5783 = VECTOR('',#5784,1.);
#5784 = DIRECTION('',(-1.,0.));
#5785 = ( GEOMETRIC_REPRESENTATION_CONTEXT(2) 
PARAMETRIC_REPRESENTATION_CONTEXT() REPRESENTATION_CONTEXT('2D SPACE',''
  ) );
#5786 = PCURVE('',#5787,#5792);
#5787 = PLANE('',#5788);
#5788 = AXIS2_PLACEMENT_3D('',#5789,#5790,#5791);
#5789 = CARTESIAN_POINT('',(2.158E+03,1.03E+03,698.));
#5790 = DIRECTION('',(-0.,1.,-0.));
#5791 = DIRECTION('',(0.,0.,-1.));
#5792 = DEFINITIONAL_REPRESENTATION('',(#5793),#5797);
#5793 = LINE('',#5794,#5795);
#5794 = CARTESIAN_POINT('',(-2.,-0.));
#5795 = VECTOR('',#5796,1.);
#5796 = DIRECTION('',(-0.,1.));
#5797 = ( GEOMETRIC_REPRESENTATION_CONTEXT(2) 
PARAMETRIC_REPRESENTATION_CONTEXT() REPRESENTATION_CONTEXT('2D SPACE',''
  ) );
#5798 = ORIENTED_EDGE('',*,*,#5799,.F.);
#5799 = EDGE_CURVE('',#5800,#5772,#5802,.T.);
#5800 = VERTEX_POINT('',#5801);
#5801 = CARTESIAN_POINT('',(2.1275E+03,999.5,700.));
#5802 = SURFACE_CURVE('',#5803,(#5807,#5814),.PCURVE_S1.);
#5803 = LINE('',#5804,#5805);
#5804 = CARTESIAN_POINT('',(2.1275E+03,534.75,700.));
#5805 = VECTOR('',#5806,1.);
#5806 = DIRECTION('',(-0.,1.,-0.));
#5807 = PCURVE('',#5454,#5808);
#5808 = DEFINITIONAL_REPRESENTATION('',(#5809),#5813);
#5809 = LINE('',#5810,#5811);
#5810 = CARTESIAN_POINT('',(-30.5,464.75));
#5811 = VECTOR('',#5812,1.);
#5812 = DIRECTION('',(-0.,1.));
#5813 = ( GEOMETRIC_REPRESENTATION_CONTEXT(2) 
PARAMETRIC_REPRESENTATION_CONTEXT() REPRESENTATION_CONTEXT('2D SPACE',''
  ) );
#5814 = PCURVE('',#5815,#5820);
#5815 = PLANE('',#5816);
#5816 = AXIS2_PLACEMENT_3D('',#5817,#5818,#5819);
#5817 = CARTESIAN_POINT('',(2.1275E+03,999.5,697.));
#5818 = DIRECTION('',(-1.,-0.,-0.));
#5819 = DIRECTION('',(0.,0.,-1.));
#5820 = DEFINITIONAL_REPRESENTATION('',(#5821),#5825);
#5821 = LINE('',#5822,#5823);
#5822 = CARTESIAN_POINT('',(-3.,464.75));
#5823 = VECTOR('',#5824,1.);
#5824 = DIRECTION('',(-0.,-1.));
#5825 = ( GEOMETRIC_REPRESENTATION_CONTEXT(2) 
PARAMETRIC_REPRESENTATION_CONTEXT() REPRESENTATION_CONTEXT('2D SPACE',''
  ) );
#5826 = ORIENTED_EDGE('',*,*,#5827,.T.);
#5827 = EDGE_CURVE('',#5800,#5434,#5828,.T.);
#5828 = SURFACE_CURVE('',#5829,(#5833,#5840),.PCURVE_S1.);
#5829 = LINE('',#5830,#5831);
#5830 = CARTESIAN_POINT('',(2.15825E+03,999.5,700.));
#5831 = VECTOR('',#5832,1.);
#5832 = DIRECTION('',(1.,-0.,0.));
#5833 = PCURVE('',#5454,#5834);
#5834 = DEFINITIONAL_REPRESENTATION('',(#5835),#5839);
#5835 = LINE('',#5836,#5837);
#5836 = CARTESIAN_POINT('',(0.25,929.5));
#5837 = VECTOR('',#5838,1.);
#5838 = DIRECTION('',(1.,-0.));
#5839 = ( GEOMETRIC_REPRESENTATION_CONTEXT(2) 
PARAMETRIC_REPRESENTATION_CONTEXT() REPRESENTATION_CONTEXT('2D SPACE',''
  ) );
#5840 = PCURVE('',#5536,#5841);
#5841 = DEFINITIONAL_REPRESENTATION('',(#5842),#5846);
#5842 = LINE('',#5843,#5844);
#5843 = CARTESIAN_POINT('',(-3.,0.25));
#5844 = VECTOR('',#5845,1.);
#5845 = DIRECTION('',(-0.,-1.));
#5846 = ( GEOMETRIC_REPRESENTATION_CONTEXT(2) 
PARAMETRIC_REPRESENTATION_CONTEXT() REPRESENTATION_CONTEXT('2D SPACE',''
  ) );
#5847 = ADVANCED_FACE('',(#5848),#5536,.T.);
#5848 = FACE_BOUND('',#5849,.F.);
#5849 = EDGE_LOOP('',(#5850,#5873,#5894,#5895));
#5850 = ORIENTED_EDGE('',*,*,#5851,.F.);
#5851 = EDGE_CURVE('',#5852,#5800,#5854,.T.);
#5852 = VERTEX_POINT('',#5853);
#5853 = CARTESIAN_POINT('',(2.1275E+03,999.5,698.));
#5854 = SURFACE_CURVE('',#5855,(#5859,#5866),.PCURVE_S1.);
#5855 = LINE('',#5856,#5857);
#5856 = CARTESIAN_POINT('',(2.1275E+03,999.5,697.));
#5857 = VECTOR('',#5858,1.);
#5858 = DIRECTION('',(-0.,-0.,1.));
#5859 = PCURVE('',#5536,#5860);
#5860 = DEFINITIONAL_REPRESENTATION('',(#5861),#5865);
#5861 = LINE('',#5862,#5863);
#5862 = CARTESIAN_POINT('',(-0.,31.));
#5863 = VECTOR('',#5864,1.);
#5864 = DIRECTION('',(-1.,0.));
#5865 = ( GEOMETRIC_REPRESENTATION_CONTEXT(2) 
PARAMETRIC_REPRESENTATION_CONTEXT() REPRESENTATION_CONTEXT('2D SPACE',''
  ) );
#5866 = PCURVE('',#5815,#5867);
#5867 = DEFINITIONAL_REPRESENTATION('',(#5868),#5872);
#5868 = LINE('',#5869,#5870);
#5869 = CARTESIAN_POINT('',(-0.,-0.));
#5870 = VECTOR('',#5871,1.);
#5871 = DIRECTION('',(-1.,-0.));
#5872 = ( GEOMETRIC_REPRESENTATION_CONTEXT(2) 
PARAMETRIC_REPRESENTATION_CONTEXT() REPRESENTATION_CONTEXT('2D SPACE',''
  ) );
#5873 = ORIENTED_EDGE('',*,*,#5874,.T.);
#5874 = EDGE_CURVE('',#5852,#5495,#5875,.T.);
#5875 = SURFACE_CURVE('',#5876,(#5880,#5887),.PCURVE_S1.);
#5876 = LINE('',#5877,#5878);
#5877 = CARTESIAN_POINT('',(2.15825E+03,999.5,698.));
#5878 = VECTOR('',#5879,1.);
#5879 = DIRECTION('',(1.,-0.,0.));
#5880 = PCURVE('',#5536,#5881);
#5881 = DEFINITIONAL_REPRESENTATION('',(#5882),#5886);
#5882 = LINE('',#5883,#5884);
#5883 = CARTESIAN_POINT('',(-1.,0.25));
#5884 = VECTOR('',#5885,1.);
#5885 = DIRECTION('',(-0.,-1.));
#5886 = ( GEOMETRIC_REPRESENTATION_CONTEXT(2) 
PARAMETRIC_REPRESENTATION_CONTEXT() REPRESENTATION_CONTEXT('2D SPACE',''
  ) );
#5887 = PCURVE('',#5510,#5888);
#5888 = DEFINITIONAL_REPRESENTATION('',(#5889),#5893);
#5889 = LINE('',#5890,#5891);
#5890 = CARTESIAN_POINT('',(0.25,929.5));
#5891 = VECTOR('',#5892,1.);
#5892 = DIRECTION('',(1.,-0.));
#5893 = ( GEOMETRIC_REPRESENTATION_CONTEXT(2) 
PARAMETRIC_REPRESENTATION_CONTEXT() REPRESENTATION_CONTEXT('2D SPACE',''
  ) );
#5894 = ORIENTED_EDGE('',*,*,#5522,.T.);
#5895 = ORIENTED_EDGE('',*,*,#5827,.F.);
#5896 = ADVANCED_FACE('',(#5897),#5510,.F.);
#5897 = FACE_BOUND('',#5898,.T.);
#5898 = EDGE_LOOP('',(#5899,#5900,#5923,#5946,#5969,#5992,#6015,#6038,
    #6061,#6084,#6107,#6128));
#5899 = ORIENTED_EDGE('',*,*,#5494,.F.);
#5900 = ORIENTED_EDGE('',*,*,#5901,.F.);
#5901 = EDGE_CURVE('',#5902,#5467,#5904,.T.);
#5902 = VERTEX_POINT('',#5903);
#5903 = CARTESIAN_POINT('',(2.1275E+03,100.5,698.));
#5904 = SURFACE_CURVE('',#5905,(#5909,#5916),.PCURVE_S1.);
#5905 = LINE('',#5906,#5907);
#5906 = CARTESIAN_POINT('',(2.15825E+03,100.5,698.));
#5907 = VECTOR('',#5908,1.);
#5908 = DIRECTION('',(1.,-0.,0.));
#5909 = PCURVE('',#5510,#5910);
#5910 = DEFINITIONAL_REPRESENTATION('',(#5911),#5915);
#5911 = LINE('',#5912,#5913);
#5912 = CARTESIAN_POINT('',(0.25,30.5));
#5913 = VECTOR('',#5914,1.);
#5914 = DIRECTION('',(1.,-0.));
#5915 = ( GEOMETRIC_REPRESENTATION_CONTEXT(2) 
PARAMETRIC_REPRESENTATION_CONTEXT() REPRESENTATION_CONTEXT('2D SPACE',''
  ) );
#5916 = PCURVE('',#5482,#5917);
#5917 = DEFINITIONAL_REPRESENTATION('',(#5918),#5922);
#5918 = LINE('',#5919,#5920);
#5919 = CARTESIAN_POINT('',(-1.,0.25));
#5920 = VECTOR('',#5921,1.);
#5921 = DIRECTION('',(-0.,-1.));
#5922 = ( GEOMETRIC_REPRESENTATION_CONTEXT(2) 
PARAMETRIC_REPRESENTATION_CONTEXT() REPRESENTATION_CONTEXT('2D SPACE',''
  ) );
#5923 = ORIENTED_EDGE('',*,*,#5924,.F.);
#5924 = EDGE_CURVE('',#5925,#5902,#5927,.T.);
#5925 = VERTEX_POINT('',#5926);
#5926 = CARTESIAN_POINT('',(2.1275E+03,70.,698.));
#5927 = SURFACE_CURVE('',#5928,(#5932,#5939),.PCURVE_S1.);
#5928 = LINE('',#5929,#5930);
#5929 = CARTESIAN_POINT('',(2.1275E+03,69.75,698.));
#5930 = VECTOR('',#5931,1.);
#5931 = DIRECTION('',(-0.,1.,-0.));
#5932 = PCURVE('',#5510,#5933);
#5933 = DEFINITIONAL_REPRESENTATION('',(#5934),#5938);
#5934 = LINE('',#5935,#5936);
#5935 = CARTESIAN_POINT('',(-30.5,-0.25));
#5936 = VECTOR('',#5937,1.);
#5937 = DIRECTION('',(-0.,1.));
#5938 = ( GEOMETRIC_REPRESENTATION_CONTEXT(2) 
PARAMETRIC_REPRESENTATION_CONTEXT() REPRESENTATION_CONTEXT('2D SPACE',''
  ) );
#5939 = PCURVE('',#5591,#5940);
#5940 = DEFINITIONAL_REPRESENTATION('',(#5941),#5945);
#5941 = LINE('',#5942,#5943);
#5942 = CARTESIAN_POINT('',(-1.,-0.25));
#5943 = VECTOR('',#5944,1.);
#5944 = DIRECTION('',(-0.,-1.));
#5945 = ( GEOMETRIC_REPRESENTATION_CONTEXT(2) 
PARAMETRIC_REPRESENTATION_CONTEXT() REPRESENTATION_CONTEXT('2D SPACE',''
  ) );
#5946 = ORIENTED_EDGE('',*,*,#5947,.T.);
#5947 = EDGE_CURVE('',#5925,#5948,#5950,.T.);
#5948 = VERTEX_POINT('',#5949);
#5949 = CARTESIAN_POINT('',(1.7385E+03,70.,698.));
#5950 = SURFACE_CURVE('',#5951,(#5955,#5962),.PCURVE_S1.);
#5951 = LINE('',#5952,#5953);
#5952 = CARTESIAN_POINT('',(2.158E+03,70.,698.));
#5953 = VECTOR('',#5954,1.);
#5954 = DIRECTION('',(-1.,-0.,-0.));
#5955 = PCURVE('',#5510,#5956);
#5956 = DEFINITIONAL_REPRESENTATION('',(#5957),#5961);
#5957 = LINE('',#5958,#5959);
#5958 = CARTESIAN_POINT('',(0.,-0.));
#5959 = VECTOR('',#5960,1.);
#5960 = DIRECTION('',(-1.,0.));
#5961 = ( GEOMETRIC_REPRESENTATION_CONTEXT(2) 
PARAMETRIC_REPRESENTATION_CONTEXT() REPRESENTATION_CONTEXT('2D SPACE',''
  ) );
#5962 = PCURVE('',#5619,#5963);
#5963 = DEFINITIONAL_REPRESENTATION('',(#5964),#5968);
#5964 = LINE('',#5965,#5966);
#5965 = CARTESIAN_POINT('',(-0.,-0.));
#5966 = VECTOR('',#5967,1.);
#5967 = DIRECTION('',(-0.,1.));
#5968 = ( GEOMETRIC_REPRESENTATION_CONTEXT(2) 
PARAMETRIC_REPRESENTATION_CONTEXT() REPRESENTATION_CONTEXT('2D SPACE',''
  ) );
#5969 = ORIENTED_EDGE('',*,*,#5970,.T.);
#5970 = EDGE_CURVE('',#5948,#5971,#5973,.T.);
#5971 = VERTEX_POINT('',#5972);
#5972 = CARTESIAN_POINT('',(1.7385E+03,100.5,698.));
#5973 = SURFACE_CURVE('',#5974,(#5978,#5985),.PCURVE_S1.);
#5974 = LINE('',#5975,#5976);
#5975 = CARTESIAN_POINT('',(1.7385E+03,69.75,698.));
#5976 = VECTOR('',#5977,1.);
#5977 = DIRECTION('',(-0.,1.,-0.));
#5978 = PCURVE('',#5510,#5979);
#5979 = DEFINITIONAL_REPRESENTATION('',(#5980),#5984);
#5980 = LINE('',#5981,#5982);
#5981 = CARTESIAN_POINT('',(-419.5,-0.25));
#5982 = VECTOR('',#5983,1.);
#5983 = DIRECTION('',(-0.,1.));
#5984 = ( GEOMETRIC_REPRESENTATION_CONTEXT(2) 
PARAMETRIC_REPRESENTATION_CONTEXT() REPRESENTATION_CONTEXT('2D SPACE',''
  ) );
#5985 = PCURVE('',#5647,#5986);
#5986 = DEFINITIONAL_REPRESENTATION('',(#5987),#5991);
#5987 = LINE('',#5988,#5989);
#5988 = CARTESIAN_POINT('',(-1.,-0.25));
#5989 = VECTOR('',#5990,1.);
#5990 = DIRECTION('',(-0.,-1.));
#5991 = ( GEOMETRIC_REPRESENTATION_CONTEXT(2) 
PARAMETRIC_REPRESENTATION_CONTEXT() REPRESENTATION_CONTEXT('2D SPACE',''
  ) );
#5992 = ORIENTED_EDGE('',*,*,#5993,.F.);
#5993 = EDGE_CURVE('',#5994,#5971,#5996,.T.);
#5994 = VERTEX_POINT('',#5995);
#5995 = CARTESIAN_POINT('',(1.708E+03,100.5,698.));
#5996 = SURFACE_CURVE('',#5997,(#6001,#6008),.PCURVE_S1.);
#5997 = LINE('',#5998,#5999);
#5998 = CARTESIAN_POINT('',(1.94825E+03,100.5,698.));
#5999 = VECTOR('',#6000,1.);
#6000 = DIRECTION('',(1.,-0.,0.));
#6001 = PCURVE('',#5510,#6002);
#6002 = DEFINITIONAL_REPRESENTATION('',(#6003),#6007);
#6003 = LINE('',#6004,#6005);
#6004 = CARTESIAN_POINT('',(-209.75,30.5));
#6005 = VECTOR('',#6006,1.);
#6006 = DIRECTION('',(1.,-0.));
#6007 = ( GEOMETRIC_REPRESENTATION_CONTEXT(2) 
PARAMETRIC_REPRESENTATION_CONTEXT() REPRESENTATION_CONTEXT('2D SPACE',''
  ) );
#6008 = PCURVE('',#5675,#6009);
#6009 = DEFINITIONAL_REPRESENTATION('',(#6010),#6014);
#6010 = LINE('',#6011,#6012);
#6011 = CARTESIAN_POINT('',(-1.,-209.75));
#6012 = VECTOR('',#6013,1.);
#6013 = DIRECTION('',(-0.,-1.));
#6014 = ( GEOMETRIC_REPRESENTATION_CONTEXT(2) 
PARAMETRIC_REPRESENTATION_CONTEXT() REPRESENTATION_CONTEXT('2D SPACE',''
  ) );
#6015 = ORIENTED_EDGE('',*,*,#6016,.T.);
#6016 = EDGE_CURVE('',#5994,#6017,#6019,.T.);
#6017 = VERTEX_POINT('',#6018);
#6018 = CARTESIAN_POINT('',(1.708E+03,999.5,698.));
#6019 = SURFACE_CURVE('',#6020,(#6024,#6031),.PCURVE_S1.);
#6020 = LINE('',#6021,#6022);
#6021 = CARTESIAN_POINT('',(1.708E+03,70.,698.));
#6022 = VECTOR('',#6023,1.);
#6023 = DIRECTION('',(-0.,1.,-0.));
#6024 = PCURVE('',#5510,#6025);
#6025 = DEFINITIONAL_REPRESENTATION('',(#6026),#6030);
#6026 = LINE('',#6027,#6028);
#6027 = CARTESIAN_POINT('',(-450.,0.));
#6028 = VECTOR('',#6029,1.);
#6029 = DIRECTION('',(-0.,1.));
#6030 = ( GEOMETRIC_REPRESENTATION_CONTEXT(2) 
PARAMETRIC_REPRESENTATION_CONTEXT() REPRESENTATION_CONTEXT('2D SPACE',''
  ) );
#6031 = PCURVE('',#5703,#6032);
#6032 = DEFINITIONAL_REPRESENTATION('',(#6033),#6037);
#6033 = LINE('',#6034,#6035);
#6034 = CARTESIAN_POINT('',(-0.,-0.));
#6035 = VECTOR('',#6036,1.);
#6036 = DIRECTION('',(-0.,-1.));
#6037 = ( GEOMETRIC_REPRESENTATION_CONTEXT(2) 
PARAMETRIC_REPRESENTATION_CONTEXT() REPRESENTATION_CONTEXT('2D SPACE',''
  ) );
#6038 = ORIENTED_EDGE('',*,*,#6039,.T.);
#6039 = EDGE_CURVE('',#6017,#6040,#6042,.T.);
#6040 = VERTEX_POINT('',#6041);
#6041 = CARTESIAN_POINT('',(1.7385E+03,999.5,698.));
#6042 = SURFACE_CURVE('',#6043,(#6047,#6054),.PCURVE_S1.);
#6043 = LINE('',#6044,#6045);
#6044 = CARTESIAN_POINT('',(1.94825E+03,999.5,698.));
#6045 = VECTOR('',#6046,1.);
#6046 = DIRECTION('',(1.,-0.,0.));
#6047 = PCURVE('',#5510,#6048);
#6048 = DEFINITIONAL_REPRESENTATION('',(#6049),#6053);
#6049 = LINE('',#6050,#6051);
#6050 = CARTESIAN_POINT('',(-209.75,929.5));
#6051 = VECTOR('',#6052,1.);
#6052 = DIRECTION('',(1.,-0.));
#6053 = ( GEOMETRIC_REPRESENTATION_CONTEXT(2) 
PARAMETRIC_REPRESENTATION_CONTEXT() REPRESENTATION_CONTEXT('2D SPACE',''
  ) );
#6054 = PCURVE('',#5731,#6055);
#6055 = DEFINITIONAL_REPRESENTATION('',(#6056),#6060);
#6056 = LINE('',#6057,#6058);
#6057 = CARTESIAN_POINT('',(-1.,-209.75));
#6058 = VECTOR('',#6059,1.);
#6059 = DIRECTION('',(-0.,-1.));
#6060 = ( GEOMETRIC_REPRESENTATION_CONTEXT(2) 
PARAMETRIC_REPRESENTATION_CONTEXT() REPRESENTATION_CONTEXT('2D SPACE',''
  ) );
#6061 = ORIENTED_EDGE('',*,*,#6062,.T.);
#6062 = EDGE_CURVE('',#6040,#6063,#6065,.T.);
#6063 = VERTEX_POINT('',#6064);
#6064 = CARTESIAN_POINT('',(1.7385E+03,1.03E+03,698.));
#6065 = SURFACE_CURVE('',#6066,(#6070,#6077),.PCURVE_S1.);
#6066 = LINE('',#6067,#6068);
#6067 = CARTESIAN_POINT('',(1.7385E+03,534.75,698.));
#6068 = VECTOR('',#6069,1.);
#6069 = DIRECTION('',(-0.,1.,-0.));
#6070 = PCURVE('',#5510,#6071);
#6071 = DEFINITIONAL_REPRESENTATION('',(#6072),#6076);
#6072 = LINE('',#6073,#6074);
#6073 = CARTESIAN_POINT('',(-419.5,464.75));
#6074 = VECTOR('',#6075,1.);
#6075 = DIRECTION('',(-0.,1.));
#6076 = ( GEOMETRIC_REPRESENTATION_CONTEXT(2) 
PARAMETRIC_REPRESENTATION_CONTEXT() REPRESENTATION_CONTEXT('2D SPACE',''
  ) );
#6077 = PCURVE('',#5759,#6078);
#6078 = DEFINITIONAL_REPRESENTATION('',(#6079),#6083);
#6079 = LINE('',#6080,#6081);
#6080 = CARTESIAN_POINT('',(-1.,464.75));
#6081 = VECTOR('',#6082,1.);
#6082 = DIRECTION('',(-0.,-1.));
#6083 = ( GEOMETRIC_REPRESENTATION_CONTEXT(2) 
PARAMETRIC_REPRESENTATION_CONTEXT() REPRESENTATION_CONTEXT('2D SPACE',''
  ) );
#6084 = ORIENTED_EDGE('',*,*,#6085,.F.);
#6085 = EDGE_CURVE('',#6086,#6063,#6088,.T.);
#6086 = VERTEX_POINT('',#6087);
#6087 = CARTESIAN_POINT('',(2.1275E+03,1.03E+03,698.));
#6088 = SURFACE_CURVE('',#6089,(#6093,#6100),.PCURVE_S1.);
#6089 = LINE('',#6090,#6091);
#6090 = CARTESIAN_POINT('',(2.158E+03,1.03E+03,698.));
#6091 = VECTOR('',#6092,1.);
#6092 = DIRECTION('',(-1.,-0.,-0.));
#6093 = PCURVE('',#5510,#6094);
#6094 = DEFINITIONAL_REPRESENTATION('',(#6095),#6099);
#6095 = LINE('',#6096,#6097);
#6096 = CARTESIAN_POINT('',(0.,960.));
#6097 = VECTOR('',#6098,1.);
#6098 = DIRECTION('',(-1.,0.));
#6099 = ( GEOMETRIC_REPRESENTATION_CONTEXT(2) 
PARAMETRIC_REPRESENTATION_CONTEXT() REPRESENTATION_CONTEXT('2D SPACE',''
  ) );
#6100 = PCURVE('',#5787,#6101);
#6101 = DEFINITIONAL_REPRESENTATION('',(#6102),#6106);
#6102 = LINE('',#6103,#6104);
#6103 = CARTESIAN_POINT('',(-0.,-0.));
#6104 = VECTOR('',#6105,1.);
#6105 = DIRECTION('',(-0.,1.));
#6106 = ( GEOMETRIC_REPRESENTATION_CONTEXT(2) 
PARAMETRIC_REPRESENTATION_CONTEXT() REPRESENTATION_CONTEXT('2D SPACE',''
  ) );
#6107 = ORIENTED_EDGE('',*,*,#6108,.F.);
#6108 = EDGE_CURVE('',#5852,#6086,#6109,.T.);
#6109 = SURFACE_CURVE('',#6110,(#6114,#6121),.PCURVE_S1.);
#6110 = LINE('',#6111,#6112);
#6111 = CARTESIAN_POINT('',(2.1275E+03,534.75,698.));
#6112 = VECTOR('',#6113,1.);
#6113 = DIRECTION('',(-0.,1.,-0.));
#6114 = PCURVE('',#5510,#6115);
#6115 = DEFINITIONAL_REPRESENTATION('',(#6116),#6120);
#6116 = LINE('',#6117,#6118);
#6117 = CARTESIAN_POINT('',(-30.5,464.75));
#6118 = VECTOR('',#6119,1.);
#6119 = DIRECTION('',(-0.,1.));
#6120 = ( GEOMETRIC_REPRESENTATION_CONTEXT(2) 
PARAMETRIC_REPRESENTATION_CONTEXT() REPRESENTATION_CONTEXT('2D SPACE',''
  ) );
#6121 = PCURVE('',#5815,#6122);
#6122 = DEFINITIONAL_REPRESENTATION('',(#6123),#6127);
#6123 = LINE('',#6124,#6125);
#6124 = CARTESIAN_POINT('',(-1.,464.75));
#6125 = VECTOR('',#6126,1.);
#6126 = DIRECTION('',(-0.,-1.));
#6127 = ( GEOMETRIC_REPRESENTATION_CONTEXT(2) 
PARAMETRIC_REPRESENTATION_CONTEXT() REPRESENTATION_CONTEXT('2D SPACE',''
  ) );
#6128 = ORIENTED_EDGE('',*,*,#5874,.T.);
#6129 = ADVANCED_FACE('',(#6130),#5482,.F.);
#6130 = FACE_BOUND('',#6131,.T.);
#6131 = EDGE_LOOP('',(#6132,#6153,#6154,#6155));
#6132 = ORIENTED_EDGE('',*,*,#6133,.F.);
#6133 = EDGE_CURVE('',#5902,#5553,#6134,.T.);
#6134 = SURFACE_CURVE('',#6135,(#6139,#6146),.PCURVE_S1.);
#6135 = LINE('',#6136,#6137);
#6136 = CARTESIAN_POINT('',(2.1275E+03,100.5,697.));
#6137 = VECTOR('',#6138,1.);
#6138 = DIRECTION('',(-0.,-0.,1.));
#6139 = PCURVE('',#5482,#6140);
#6140 = DEFINITIONAL_REPRESENTATION('',(#6141),#6145);
#6141 = LINE('',#6142,#6143);
#6142 = CARTESIAN_POINT('',(-0.,31.));
#6143 = VECTOR('',#6144,1.);
#6144 = DIRECTION('',(-1.,0.));
#6145 = ( GEOMETRIC_REPRESENTATION_CONTEXT(2) 
PARAMETRIC_REPRESENTATION_CONTEXT() REPRESENTATION_CONTEXT('2D SPACE',''
  ) );
#6146 = PCURVE('',#5591,#6147);
#6147 = DEFINITIONAL_REPRESENTATION('',(#6148),#6152);
#6148 = LINE('',#6149,#6150);
#6149 = CARTESIAN_POINT('',(-0.,-31.));
#6150 = VECTOR('',#6151,1.);
#6151 = DIRECTION('',(-1.,-0.));
#6152 = ( GEOMETRIC_REPRESENTATION_CONTEXT(2) 
PARAMETRIC_REPRESENTATION_CONTEXT() REPRESENTATION_CONTEXT('2D SPACE',''
  ) );
#6153 = ORIENTED_EDGE('',*,*,#5901,.T.);
#6154 = ORIENTED_EDGE('',*,*,#5466,.T.);
#6155 = ORIENTED_EDGE('',*,*,#5552,.F.);
#6156 = ADVANCED_FACE('',(#6157),#5815,.F.);
#6157 = FACE_BOUND('',#6158,.T.);
#6158 = EDGE_LOOP('',(#6159,#6160,#6161,#6182));
#6159 = ORIENTED_EDGE('',*,*,#5851,.F.);
#6160 = ORIENTED_EDGE('',*,*,#6108,.T.);
#6161 = ORIENTED_EDGE('',*,*,#6162,.F.);
#6162 = EDGE_CURVE('',#5772,#6086,#6163,.T.);
#6163 = SURFACE_CURVE('',#6164,(#6168,#6175),.PCURVE_S1.);
#6164 = LINE('',#6165,#6166);
#6165 = CARTESIAN_POINT('',(2.1275E+03,1.03E+03,697.5));
#6166 = VECTOR('',#6167,1.);
#6167 = DIRECTION('',(-0.,0.,-1.));
#6168 = PCURVE('',#5815,#6169);
#6169 = DEFINITIONAL_REPRESENTATION('',(#6170),#6174);
#6170 = LINE('',#6171,#6172);
#6171 = CARTESIAN_POINT('',(-0.5,-30.5));
#6172 = VECTOR('',#6173,1.);
#6173 = DIRECTION('',(1.,-0.));
#6174 = ( GEOMETRIC_REPRESENTATION_CONTEXT(2) 
PARAMETRIC_REPRESENTATION_CONTEXT() REPRESENTATION_CONTEXT('2D SPACE',''
  ) );
#6175 = PCURVE('',#5787,#6176);
#6176 = DEFINITIONAL_REPRESENTATION('',(#6177),#6181);
#6177 = LINE('',#6178,#6179);
#6178 = CARTESIAN_POINT('',(0.5,30.5));
#6179 = VECTOR('',#6180,1.);
#6180 = DIRECTION('',(1.,-0.));
#6181 = ( GEOMETRIC_REPRESENTATION_CONTEXT(2) 
PARAMETRIC_REPRESENTATION_CONTEXT() REPRESENTATION_CONTEXT('2D SPACE',''
  ) );
#6182 = ORIENTED_EDGE('',*,*,#5799,.F.);
#6183 = ADVANCED_FACE('',(#6184),#5787,.T.);
#6184 = FACE_BOUND('',#6185,.F.);
#6185 = EDGE_LOOP('',(#6186,#6187,#6188,#6189));
#6186 = ORIENTED_EDGE('',*,*,#6085,.F.);
#6187 = ORIENTED_EDGE('',*,*,#6162,.F.);
#6188 = ORIENTED_EDGE('',*,*,#5771,.T.);
#6189 = ORIENTED_EDGE('',*,*,#6190,.T.);
#6190 = EDGE_CURVE('',#5744,#6063,#6191,.T.);
#6191 = SURFACE_CURVE('',#6192,(#6196,#6203),.PCURVE_S1.);
#6192 = LINE('',#6193,#6194);
#6193 = CARTESIAN_POINT('',(1.7385E+03,1.03E+03,697.5));
#6194 = VECTOR('',#6195,1.);
#6195 = DIRECTION('',(-0.,0.,-1.));
#6196 = PCURVE('',#5787,#6197);
#6197 = DEFINITIONAL_REPRESENTATION('',(#6198),#6202);
#6198 = LINE('',#6199,#6200);
#6199 = CARTESIAN_POINT('',(0.5,419.5));
#6200 = VECTOR('',#6201,1.);
#6201 = DIRECTION('',(1.,-0.));
#6202 = ( GEOMETRIC_REPRESENTATION_CONTEXT(2) 
PARAMETRIC_REPRESENTATION_CONTEXT() REPRESENTATION_CONTEXT('2D SPACE',''
  ) );
#6203 = PCURVE('',#5759,#6204);
#6204 = DEFINITIONAL_REPRESENTATION('',(#6205),#6209);
#6205 = LINE('',#6206,#6207);
#6206 = CARTESIAN_POINT('',(-0.5,-30.5));
#6207 = VECTOR('',#6208,1.);
#6208 = DIRECTION('',(1.,-0.));
#6209 = ( GEOMETRIC_REPRESENTATION_CONTEXT(2) 
PARAMETRIC_REPRESENTATION_CONTEXT() REPRESENTATION_CONTEXT('2D SPACE',''
  ) );
#6210 = ADVANCED_FACE('',(#6211),#5759,.T.);
#6211 = FACE_BOUND('',#6212,.F.);
#6212 = EDGE_LOOP('',(#6213,#6234,#6235,#6236));
#6213 = ORIENTED_EDGE('',*,*,#6214,.F.);
#6214 = EDGE_CURVE('',#6040,#5716,#6215,.T.);
#6215 = SURFACE_CURVE('',#6216,(#6220,#6227),.PCURVE_S1.);
#6216 = LINE('',#6217,#6218);
#6217 = CARTESIAN_POINT('',(1.7385E+03,999.5,697.));
#6218 = VECTOR('',#6219,1.);
#6219 = DIRECTION('',(-0.,-0.,1.));
#6220 = PCURVE('',#5759,#6221);
#6221 = DEFINITIONAL_REPRESENTATION('',(#6222),#6226);
#6222 = LINE('',#6223,#6224);
#6223 = CARTESIAN_POINT('',(-0.,-0.));
#6224 = VECTOR('',#6225,1.);
#6225 = DIRECTION('',(-1.,-0.));
#6226 = ( GEOMETRIC_REPRESENTATION_CONTEXT(2) 
PARAMETRIC_REPRESENTATION_CONTEXT() REPRESENTATION_CONTEXT('2D SPACE',''
  ) );
#6227 = PCURVE('',#5731,#6228);
#6228 = DEFINITIONAL_REPRESENTATION('',(#6229),#6233);
#6229 = LINE('',#6230,#6231);
#6230 = CARTESIAN_POINT('',(-0.,-0.));
#6231 = VECTOR('',#6232,1.);
#6232 = DIRECTION('',(-1.,0.));
#6233 = ( GEOMETRIC_REPRESENTATION_CONTEXT(2) 
PARAMETRIC_REPRESENTATION_CONTEXT() REPRESENTATION_CONTEXT('2D SPACE',''
  ) );
#6234 = ORIENTED_EDGE('',*,*,#6062,.T.);
#6235 = ORIENTED_EDGE('',*,*,#6190,.F.);
#6236 = ORIENTED_EDGE('',*,*,#5743,.F.);
#6237 = ADVANCED_FACE('',(#6238),#5731,.T.);
#6238 = FACE_BOUND('',#6239,.F.);
#6239 = EDGE_LOOP('',(#6240,#6241,#6242,#6243));
#6240 = ORIENTED_EDGE('',*,*,#6039,.T.);
#6241 = ORIENTED_EDGE('',*,*,#6214,.T.);
#6242 = ORIENTED_EDGE('',*,*,#5715,.F.);
#6243 = ORIENTED_EDGE('',*,*,#6244,.F.);
#6244 = EDGE_CURVE('',#6017,#5688,#6245,.T.);
#6245 = SURFACE_CURVE('',#6246,(#6250,#6257),.PCURVE_S1.);
#6246 = LINE('',#6247,#6248);
#6247 = CARTESIAN_POINT('',(1.708E+03,999.5,697.5));
#6248 = VECTOR('',#6249,1.);
#6249 = DIRECTION('',(-0.,-0.,1.));
#6250 = PCURVE('',#5731,#6251);
#6251 = DEFINITIONAL_REPRESENTATION('',(#6252),#6256);
#6252 = LINE('',#6253,#6254);
#6253 = CARTESIAN_POINT('',(-0.5,30.5));
#6254 = VECTOR('',#6255,1.);
#6255 = DIRECTION('',(-1.,0.));
#6256 = ( GEOMETRIC_REPRESENTATION_CONTEXT(2) 
PARAMETRIC_REPRESENTATION_CONTEXT() REPRESENTATION_CONTEXT('2D SPACE',''
  ) );
#6257 = PCURVE('',#5703,#6258);
#6258 = DEFINITIONAL_REPRESENTATION('',(#6259),#6263);
#6259 = LINE('',#6260,#6261);
#6260 = CARTESIAN_POINT('',(0.5,-929.5));
#6261 = VECTOR('',#6262,1.);
#6262 = DIRECTION('',(-1.,-0.));
#6263 = ( GEOMETRIC_REPRESENTATION_CONTEXT(2) 
PARAMETRIC_REPRESENTATION_CONTEXT() REPRESENTATION_CONTEXT('2D SPACE',''
  ) );
#6264 = ADVANCED_FACE('',(#6265),#5703,.T.);
#6265 = FACE_BOUND('',#6266,.F.);
#6266 = EDGE_LOOP('',(#6267,#6268,#6289,#6290));
#6267 = ORIENTED_EDGE('',*,*,#5687,.F.);
#6268 = ORIENTED_EDGE('',*,*,#6269,.F.);
#6269 = EDGE_CURVE('',#5994,#5660,#6270,.T.);
#6270 = SURFACE_CURVE('',#6271,(#6275,#6282),.PCURVE_S1.);
#6271 = LINE('',#6272,#6273);
#6272 = CARTESIAN_POINT('',(1.708E+03,100.5,697.5));
#6273 = VECTOR('',#6274,1.);
#6274 = DIRECTION('',(-0.,-0.,1.));
#6275 = PCURVE('',#5703,#6276);
#6276 = DEFINITIONAL_REPRESENTATION('',(#6277),#6281);
#6277 = LINE('',#6278,#6279);
#6278 = CARTESIAN_POINT('',(0.5,-30.5));
#6279 = VECTOR('',#6280,1.);
#6280 = DIRECTION('',(-1.,-0.));
#6281 = ( GEOMETRIC_REPRESENTATION_CONTEXT(2) 
PARAMETRIC_REPRESENTATION_CONTEXT() REPRESENTATION_CONTEXT('2D SPACE',''
  ) );
#6282 = PCURVE('',#5675,#6283);
#6283 = DEFINITIONAL_REPRESENTATION('',(#6284),#6288);
#6284 = LINE('',#6285,#6286);
#6285 = CARTESIAN_POINT('',(-0.5,30.5));
#6286 = VECTOR('',#6287,1.);
#6287 = DIRECTION('',(-1.,0.));
#6288 = ( GEOMETRIC_REPRESENTATION_CONTEXT(2) 
PARAMETRIC_REPRESENTATION_CONTEXT() REPRESENTATION_CONTEXT('2D SPACE',''
  ) );
#6289 = ORIENTED_EDGE('',*,*,#6016,.T.);
#6290 = ORIENTED_EDGE('',*,*,#6244,.T.);
#6291 = ADVANCED_FACE('',(#6292),#5675,.F.);
#6292 = FACE_BOUND('',#6293,.T.);
#6293 = EDGE_LOOP('',(#6294,#6295,#6316,#6317));
#6294 = ORIENTED_EDGE('',*,*,#5993,.T.);
#6295 = ORIENTED_EDGE('',*,*,#6296,.T.);
#6296 = EDGE_CURVE('',#5971,#5632,#6297,.T.);
#6297 = SURFACE_CURVE('',#6298,(#6302,#6309),.PCURVE_S1.);
#6298 = LINE('',#6299,#6300);
#6299 = CARTESIAN_POINT('',(1.7385E+03,100.5,697.));
#6300 = VECTOR('',#6301,1.);
#6301 = DIRECTION('',(-0.,-0.,1.));
#6302 = PCURVE('',#5675,#6303);
#6303 = DEFINITIONAL_REPRESENTATION('',(#6304),#6308);
#6304 = LINE('',#6305,#6306);
#6305 = CARTESIAN_POINT('',(-0.,-0.));
#6306 = VECTOR('',#6307,1.);
#6307 = DIRECTION('',(-1.,0.));
#6308 = ( GEOMETRIC_REPRESENTATION_CONTEXT(2) 
PARAMETRIC_REPRESENTATION_CONTEXT() REPRESENTATION_CONTEXT('2D SPACE',''
  ) );
#6309 = PCURVE('',#5647,#6310);
#6310 = DEFINITIONAL_REPRESENTATION('',(#6311),#6315);
#6311 = LINE('',#6312,#6313);
#6312 = CARTESIAN_POINT('',(-0.,-31.));
#6313 = VECTOR('',#6314,1.);
#6314 = DIRECTION('',(-1.,-0.));
#6315 = ( GEOMETRIC_REPRESENTATION_CONTEXT(2) 
PARAMETRIC_REPRESENTATION_CONTEXT() REPRESENTATION_CONTEXT('2D SPACE',''
  ) );
#6316 = ORIENTED_EDGE('',*,*,#5659,.F.);
#6317 = ORIENTED_EDGE('',*,*,#6269,.F.);
#6318 = ADVANCED_FACE('',(#6319),#5647,.T.);
#6319 = FACE_BOUND('',#6320,.F.);
#6320 = EDGE_LOOP('',(#6321,#6322,#6323,#6344));
#6321 = ORIENTED_EDGE('',*,*,#6296,.T.);
#6322 = ORIENTED_EDGE('',*,*,#5631,.F.);
#6323 = ORIENTED_EDGE('',*,*,#6324,.T.);
#6324 = EDGE_CURVE('',#5604,#5948,#6325,.T.);
#6325 = SURFACE_CURVE('',#6326,(#6330,#6337),.PCURVE_S1.);
#6326 = LINE('',#6327,#6328);
#6327 = CARTESIAN_POINT('',(1.7385E+03,70.,697.5));
#6328 = VECTOR('',#6329,1.);
#6329 = DIRECTION('',(-0.,0.,-1.));
#6330 = PCURVE('',#5647,#6331);
#6331 = DEFINITIONAL_REPRESENTATION('',(#6332),#6336);
#6332 = LINE('',#6333,#6334);
#6333 = CARTESIAN_POINT('',(-0.5,-0.5));
#6334 = VECTOR('',#6335,1.);
#6335 = DIRECTION('',(1.,-0.));
#6336 = ( GEOMETRIC_REPRESENTATION_CONTEXT(2) 
PARAMETRIC_REPRESENTATION_CONTEXT() REPRESENTATION_CONTEXT('2D SPACE',''
  ) );
#6337 = PCURVE('',#5619,#6338);
#6338 = DEFINITIONAL_REPRESENTATION('',(#6339),#6343);
#6339 = LINE('',#6340,#6341);
#6340 = CARTESIAN_POINT('',(0.5,419.5));
#6341 = VECTOR('',#6342,1.);
#6342 = DIRECTION('',(1.,-0.));
#6343 = ( GEOMETRIC_REPRESENTATION_CONTEXT(2) 
PARAMETRIC_REPRESENTATION_CONTEXT() REPRESENTATION_CONTEXT('2D SPACE',''
  ) );
#6344 = ORIENTED_EDGE('',*,*,#5970,.T.);
#6345 = ADVANCED_FACE('',(#6346),#5619,.F.);
#6346 = FACE_BOUND('',#6347,.T.);
#6347 = EDGE_LOOP('',(#6348,#6349,#6370,#6371));
#6348 = ORIENTED_EDGE('',*,*,#5947,.F.);
#6349 = ORIENTED_EDGE('',*,*,#6350,.F.);
#6350 = EDGE_CURVE('',#5576,#5925,#6351,.T.);
#6351 = SURFACE_CURVE('',#6352,(#6356,#6363),.PCURVE_S1.);
#6352 = LINE('',#6353,#6354);
#6353 = CARTESIAN_POINT('',(2.1275E+03,70.,697.5));
#6354 = VECTOR('',#6355,1.);
#6355 = DIRECTION('',(-0.,0.,-1.));
#6356 = PCURVE('',#5619,#6357);
#6357 = DEFINITIONAL_REPRESENTATION('',(#6358),#6362);
#6358 = LINE('',#6359,#6360);
#6359 = CARTESIAN_POINT('',(0.5,30.5));
#6360 = VECTOR('',#6361,1.);
#6361 = DIRECTION('',(1.,-0.));
#6362 = ( GEOMETRIC_REPRESENTATION_CONTEXT(2) 
PARAMETRIC_REPRESENTATION_CONTEXT() REPRESENTATION_CONTEXT('2D SPACE',''
  ) );
#6363 = PCURVE('',#5591,#6364);
#6364 = DEFINITIONAL_REPRESENTATION('',(#6365),#6369);
#6365 = LINE('',#6366,#6367);
#6366 = CARTESIAN_POINT('',(-0.5,-0.5));
#6367 = VECTOR('',#6368,1.);
#6368 = DIRECTION('',(1.,-0.));
#6369 = ( GEOMETRIC_REPRESENTATION_CONTEXT(2) 
PARAMETRIC_REPRESENTATION_CONTEXT() REPRESENTATION_CONTEXT('2D SPACE',''
  ) );
#6370 = ORIENTED_EDGE('',*,*,#5603,.T.);
#6371 = ORIENTED_EDGE('',*,*,#6324,.T.);
#6372 = ADVANCED_FACE('',(#6373),#5591,.F.);
#6373 = FACE_BOUND('',#6374,.T.);
#6374 = EDGE_LOOP('',(#6375,#6376,#6377,#6378));
#6375 = ORIENTED_EDGE('',*,*,#6133,.T.);
#6376 = ORIENTED_EDGE('',*,*,#5575,.F.);
#6377 = ORIENTED_EDGE('',*,*,#6350,.T.);
#6378 = ORIENTED_EDGE('',*,*,#5924,.T.);
#6379 = ( GEOMETRIC_REPRESENTATION_CONTEXT(3) 
GLOBAL_UNCERTAINTY_ASSIGNED_CONTEXT((#6383)) 
GLOBAL_UNIT_ASSIGNED_CONTEXT((#6380,#6381,#6382)) REPRESENTATION_CONTEXT
('Context #1','3D Context with UNIT and UNCERTAINTY') );
#6380 = ( LENGTH_UNIT() NAMED_UNIT(*) SI_UNIT(.MILLI.,.METRE.) );
#6381 = ( NAMED_UNIT(*) PLANE_ANGLE_UNIT() SI_UNIT($,.RADIAN.) );
#6382 = ( NAMED_UNIT(*) SI_UNIT($,.STERADIAN.) SOLID_ANGLE_UNIT() );
#6383 = UNCERTAINTY_MEASURE_WITH_UNIT(LENGTH_MEASURE(2.E-07),#6380,
  'distance_accuracy_value','confusion accuracy');
#6384 = CONTEXT_DEPENDENT_SHAPE_REPRESENTATION(#6385,#6387);
#6385 = ( REPRESENTATION_RELATIONSHIP('','',#5424,#10) 
REPRESENTATION_RELATIONSHIP_WITH_TRANSFORMATION(#6386) 
SHAPE_REPRESENTATION_RELATIONSHIP() );
#6386 = ITEM_DEFINED_TRANSFORMATION('','',#11,#47);
#6387 = PRODUCT_DEFINITION_SHAPE('Placement','Placement of an item',
  #6388);
#6388 = NEXT_ASSEMBLY_USAGE_OCCURRENCE('325','','',#5,#5419,$);
#6389 = PRODUCT_RELATED_PRODUCT_CATEGORY('part',$,(#5421));
#6390 = SHAPE_DEFINITION_REPRESENTATION(#6391,#6397);
#6391 = PRODUCT_DEFINITION_SHAPE('','',#6392);
#6392 = PRODUCT_DEFINITION('design','',#6393,#6396);
#6393 = PRODUCT_DEFINITION_FORMATION('','',#6394);
#6394 = PRODUCT('Open CASCADE STEP translator 7.9 12.10',
  'Open CASCADE STEP translator 7.9 12.10','',(#6395));
#6395 = PRODUCT_CONTEXT('',#2,'mechanical');
#6396 = PRODUCT_DEFINITION_CONTEXT('part definition',#2,'design');
#6397 = ADVANCED_BREP_SHAPE_REPRESENTATION('',(#11,#6398),#7044);
#6398 = MANIFOLD_SOLID_BREP('',#6399);
#6399 = CLOSED_SHELL('',(#6400,#6520,#6710,#6759,#6902,#6929,#6936,#6983
    ,#7010,#7037));
#6400 = ADVANCED_FACE('',(#6401),#6415,.F.);
#6401 = FACE_BOUND('',#6402,.T.);
#6402 = EDGE_LOOP('',(#6403,#6438,#6466,#6494));
#6403 = ORIENTED_EDGE('',*,*,#6404,.F.);
#6404 = EDGE_CURVE('',#6405,#6407,#6409,.T.);
#6405 = VERTEX_POINT('',#6406);
#6406 = CARTESIAN_POINT('',(2.158E+03,100.,1.068E+03));
#6407 = VERTEX_POINT('',#6408);
#6408 = CARTESIAN_POINT('',(2.158E+03,100.,1.098E+03));
#6409 = SURFACE_CURVE('',#6410,(#6414,#6426),.PCURVE_S1.);
#6410 = LINE('',#6411,#6412);
#6411 = CARTESIAN_POINT('',(2.158E+03,100.,1.068E+03));
#6412 = VECTOR('',#6413,1.);
#6413 = DIRECTION('',(-0.,-0.,1.));
#6414 = PCURVE('',#6415,#6420);
#6415 = PLANE('',#6416);
#6416 = AXIS2_PLACEMENT_3D('',#6417,#6418,#6419);
#6417 = CARTESIAN_POINT('',(2.158E+03,100.,1.068E+03));
#6418 = DIRECTION('',(-1.,-0.,-0.));
#6419 = DIRECTION('',(0.,0.,-1.));
#6420 = DEFINITIONAL_REPRESENTATION('',(#6421),#6425);
#6421 = LINE('',#6422,#6423);
#6422 = CARTESIAN_POINT('',(-0.,-0.));
#6423 = VECTOR('',#6424,1.);
#6424 = DIRECTION('',(-1.,-0.));
#6425 = ( GEOMETRIC_REPRESENTATION_CONTEXT(2) 
PARAMETRIC_REPRESENTATION_CONTEXT() REPRESENTATION_CONTEXT('2D SPACE',''
  ) );
#6426 = PCURVE('',#6427,#6432);
#6427 = PLANE('',#6428);
#6428 = AXIS2_PLACEMENT_3D('',#6429,#6430,#6431);
#6429 = CARTESIAN_POINT('',(2.158E+03,100.,1.068E+03));
#6430 = DIRECTION('',(-0.,1.,-0.));
#6431 = DIRECTION('',(0.,0.,-1.));
#6432 = DEFINITIONAL_REPRESENTATION('',(#6433),#6437);
#6433 = LINE('',#6434,#6435);
#6434 = CARTESIAN_POINT('',(-0.,-0.));
#6435 = VECTOR('',#6436,1.);
#6436 = DIRECTION('',(-1.,0.));
#6437 = ( GEOMETRIC_REPRESENTATION_CONTEXT(2) 
PARAMETRIC_REPRESENTATION_CONTEXT() REPRESENTATION_CONTEXT('2D SPACE',''
  ) );
#6438 = ORIENTED_EDGE('',*,*,#6439,.T.);
#6439 = EDGE_CURVE('',#6405,#6440,#6442,.T.);
#6440 = VERTEX_POINT('',#6441);
#6441 = CARTESIAN_POINT('',(2.158E+03,1.E+03,1.068E+03));
#6442 = SURFACE_CURVE('',#6443,(#6447,#6454),.PCURVE_S1.);
#6443 = LINE('',#6444,#6445);
#6444 = CARTESIAN_POINT('',(2.158E+03,100.,1.068E+03));
#6445 = VECTOR('',#6446,1.);
#6446 = DIRECTION('',(-0.,1.,-0.));
#6447 = PCURVE('',#6415,#6448);
#6448 = DEFINITIONAL_REPRESENTATION('',(#6449),#6453);
#6449 = LINE('',#6450,#6451);
#6450 = CARTESIAN_POINT('',(-0.,-0.));
#6451 = VECTOR('',#6452,1.);
#6452 = DIRECTION('',(-0.,-1.));
#6453 = ( GEOMETRIC_REPRESENTATION_CONTEXT(2) 
PARAMETRIC_REPRESENTATION_CONTEXT() REPRESENTATION_CONTEXT('2D SPACE',''
  ) );
#6454 = PCURVE('',#6455,#6460);
#6455 = PLANE('',#6456);
#6456 = AXIS2_PLACEMENT_3D('',#6457,#6458,#6459);
#6457 = CARTESIAN_POINT('',(2.158E+03,100.,1.068E+03));
#6458 = DIRECTION('',(-0.,-0.,1.));
#6459 = DIRECTION('',(1.,0.,0.));
#6460 = DEFINITIONAL_REPRESENTATION('',(#6461),#6465);
#6461 = LINE('',#6462,#6463);
#6462 = CARTESIAN_POINT('',(0.,-0.));
#6463 = VECTOR('',#6464,1.);
#6464 = DIRECTION('',(-0.,1.));
#6465 = ( GEOMETRIC_REPRESENTATION_CONTEXT(2) 
PARAMETRIC_REPRESENTATION_CONTEXT() REPRESENTATION_CONTEXT('2D SPACE',''
  ) );
#6466 = ORIENTED_EDGE('',*,*,#6467,.T.);
#6467 = EDGE_CURVE('',#6440,#6468,#6470,.T.);
#6468 = VERTEX_POINT('',#6469);
#6469 = CARTESIAN_POINT('',(2.158E+03,1.E+03,1.098E+03));
#6470 = SURFACE_CURVE('',#6471,(#6475,#6482),.PCURVE_S1.);
#6471 = LINE('',#6472,#6473);
#6472 = CARTESIAN_POINT('',(2.158E+03,1.E+03,1.068E+03));
#6473 = VECTOR('',#6474,1.);
#6474 = DIRECTION('',(-0.,-0.,1.));
#6475 = PCURVE('',#6415,#6476);
#6476 = DEFINITIONAL_REPRESENTATION('',(#6477),#6481);
#6477 = LINE('',#6478,#6479);
#6478 = CARTESIAN_POINT('',(-0.,-900.));
#6479 = VECTOR('',#6480,1.);
#6480 = DIRECTION('',(-1.,-0.));
#6481 = ( GEOMETRIC_REPRESENTATION_CONTEXT(2) 
PARAMETRIC_REPRESENTATION_CONTEXT() REPRESENTATION_CONTEXT('2D SPACE',''
  ) );
#6482 = PCURVE('',#6483,#6488);
#6483 = PLANE('',#6484);
#6484 = AXIS2_PLACEMENT_3D('',#6485,#6486,#6487);
#6485 = CARTESIAN_POINT('',(2.158E+03,1.E+03,1.068E+03));
#6486 = DIRECTION('',(-0.,1.,-0.));
#6487 = DIRECTION('',(0.,0.,-1.));
#6488 = DEFINITIONAL_REPRESENTATION('',(#6489),#6493);
#6489 = LINE('',#6490,#6491);
#6490 = CARTESIAN_POINT('',(-0.,-0.));
#6491 = VECTOR('',#6492,1.);
#6492 = DIRECTION('',(-1.,0.));
#6493 = ( GEOMETRIC_REPRESENTATION_CONTEXT(2) 
PARAMETRIC_REPRESENTATION_CONTEXT() REPRESENTATION_CONTEXT('2D SPACE',''
  ) );
#6494 = ORIENTED_EDGE('',*,*,#6495,.F.);
#6495 = EDGE_CURVE('',#6407,#6468,#6496,.T.);
#6496 = SURFACE_CURVE('',#6497,(#6501,#6508),.PCURVE_S1.);
#6497 = LINE('',#6498,#6499);
#6498 = CARTESIAN_POINT('',(2.158E+03,100.,1.098E+03));
#6499 = VECTOR('',#6500,1.);
#6500 = DIRECTION('',(-0.,1.,-0.));
#6501 = PCURVE('',#6415,#6502);
#6502 = DEFINITIONAL_REPRESENTATION('',(#6503),#6507);
#6503 = LINE('',#6504,#6505);
#6504 = CARTESIAN_POINT('',(-30.,-0.));
#6505 = VECTOR('',#6506,1.);
#6506 = DIRECTION('',(-0.,-1.));
#6507 = ( GEOMETRIC_REPRESENTATION_CONTEXT(2) 
PARAMETRIC_REPRESENTATION_CONTEXT() REPRESENTATION_CONTEXT('2D SPACE',''
  ) );
#6508 = PCURVE('',#6509,#6514);
#6509 = PLANE('',#6510);
#6510 = AXIS2_PLACEMENT_3D('',#6511,#6512,#6513);
#6511 = CARTESIAN_POINT('',(2.158E+03,100.,1.098E+03));
#6512 = DIRECTION('',(-0.,-0.,1.));
#6513 = DIRECTION('',(1.,0.,0.));
#6514 = DEFINITIONAL_REPRESENTATION('',(#6515),#6519);
#6515 = LINE('',#6516,#6517);
#6516 = CARTESIAN_POINT('',(0.,-0.));
#6517 = VECTOR('',#6518,1.);
#6518 = DIRECTION('',(-0.,1.));
#6519 = ( GEOMETRIC_REPRESENTATION_CONTEXT(2) 
PARAMETRIC_REPRESENTATION_CONTEXT() REPRESENTATION_CONTEXT('2D SPACE',''
  ) );
#6520 = ADVANCED_FACE('',(#6521,#6596),#6427,.F.);
#6521 = FACE_BOUND('',#6522,.T.);
#6522 = EDGE_LOOP('',(#6523,#6546,#6547,#6570));
#6523 = ORIENTED_EDGE('',*,*,#6524,.F.);
#6524 = EDGE_CURVE('',#6405,#6525,#6527,.T.);
#6525 = VERTEX_POINT('',#6526);
#6526 = CARTESIAN_POINT('',(2.128E+03,100.,1.068E+03));
#6527 = SURFACE_CURVE('',#6528,(#6532,#6539),.PCURVE_S1.);
#6528 = LINE('',#6529,#6530);
#6529 = CARTESIAN_POINT('',(2.158E+03,100.,1.068E+03));
#6530 = VECTOR('',#6531,1.);
#6531 = DIRECTION('',(-1.,-0.,-0.));
#6532 = PCURVE('',#6427,#6533);
#6533 = DEFINITIONAL_REPRESENTATION('',(#6534),#6538);
#6534 = LINE('',#6535,#6536);
#6535 = CARTESIAN_POINT('',(-0.,-0.));
#6536 = VECTOR('',#6537,1.);
#6537 = DIRECTION('',(-0.,1.));
#6538 = ( GEOMETRIC_REPRESENTATION_CONTEXT(2) 
PARAMETRIC_REPRESENTATION_CONTEXT() REPRESENTATION_CONTEXT('2D SPACE',''
  ) );
#6539 = PCURVE('',#6455,#6540);
#6540 = DEFINITIONAL_REPRESENTATION('',(#6541),#6545);
#6541 = LINE('',#6542,#6543);
#6542 = CARTESIAN_POINT('',(0.,-0.));
#6543 = VECTOR('',#6544,1.);
#6544 = DIRECTION('',(-1.,0.));
#6545 = ( GEOMETRIC_REPRESENTATION_CONTEXT(2) 
PARAMETRIC_REPRESENTATION_CONTEXT() REPRESENTATION_CONTEXT('2D SPACE',''
  ) );
#6546 = ORIENTED_EDGE('',*,*,#6404,.T.);
#6547 = ORIENTED_EDGE('',*,*,#6548,.T.);
#6548 = EDGE_CURVE('',#6407,#6549,#6551,.T.);
#6549 = VERTEX_POINT('',#6550);
#6550 = CARTESIAN_POINT('',(2.128E+03,100.,1.098E+03));
#6551 = SURFACE_CURVE('',#6552,(#6556,#6563),.PCURVE_S1.);
#6552 = LINE('',#6553,#6554);
#6553 = CARTESIAN_POINT('',(2.158E+03,100.,1.098E+03));
#6554 = VECTOR('',#6555,1.);
#6555 = DIRECTION('',(-1.,-0.,-0.));
#6556 = PCURVE('',#6427,#6557);
#6557 = DEFINITIONAL_REPRESENTATION('',(#6558),#6562);
#6558 = LINE('',#6559,#6560);
#6559 = CARTESIAN_POINT('',(-30.,-0.));
#6560 = VECTOR('',#6561,1.);
#6561 = DIRECTION('',(-0.,1.));
#6562 = ( GEOMETRIC_REPRESENTATION_CONTEXT(2) 
PARAMETRIC_REPRESENTATION_CONTEXT() REPRESENTATION_CONTEXT('2D SPACE',''
  ) );
#6563 = PCURVE('',#6509,#6564);
#6564 = DEFINITIONAL_REPRESENTATION('',(#6565),#6569);
#6565 = LINE('',#6566,#6567);
#6566 = CARTESIAN_POINT('',(0.,-0.));
#6567 = VECTOR('',#6568,1.);
#6568 = DIRECTION('',(-1.,0.));
#6569 = ( GEOMETRIC_REPRESENTATION_CONTEXT(2) 
PARAMETRIC_REPRESENTATION_CONTEXT() REPRESENTATION_CONTEXT('2D SPACE',''
  ) );
#6570 = ORIENTED_EDGE('',*,*,#6571,.F.);
#6571 = EDGE_CURVE('',#6525,#6549,#6572,.T.);
#6572 = SURFACE_CURVE('',#6573,(#6577,#6584),.PCURVE_S1.);
#6573 = LINE('',#6574,#6575);
#6574 = CARTESIAN_POINT('',(2.128E+03,100.,1.068E+03));
#6575 = VECTOR('',#6576,1.);
#6576 = DIRECTION('',(-0.,-0.,1.));
#6577 = PCURVE('',#6427,#6578);
#6578 = DEFINITIONAL_REPRESENTATION('',(#6579),#6583);
#6579 = LINE('',#6580,#6581);
#6580 = CARTESIAN_POINT('',(-0.,30.));
#6581 = VECTOR('',#6582,1.);
#6582 = DIRECTION('',(-1.,0.));
#6583 = ( GEOMETRIC_REPRESENTATION_CONTEXT(2) 
PARAMETRIC_REPRESENTATION_CONTEXT() REPRESENTATION_CONTEXT('2D SPACE',''
  ) );
#6584 = PCURVE('',#6585,#6590);
#6585 = PLANE('',#6586);
#6586 = AXIS2_PLACEMENT_3D('',#6587,#6588,#6589);
#6587 = CARTESIAN_POINT('',(2.128E+03,100.,1.068E+03));
#6588 = DIRECTION('',(-1.,-0.,-0.));
#6589 = DIRECTION('',(0.,0.,-1.));
#6590 = DEFINITIONAL_REPRESENTATION('',(#6591),#6595);
#6591 = LINE('',#6592,#6593);
#6592 = CARTESIAN_POINT('',(-0.,-0.));
#6593 = VECTOR('',#6594,1.);
#6594 = DIRECTION('',(-1.,-0.));
#6595 = ( GEOMETRIC_REPRESENTATION_CONTEXT(2) 
PARAMETRIC_REPRESENTATION_CONTEXT() REPRESENTATION_CONTEXT('2D SPACE',''
  ) );
#6596 = FACE_BOUND('',#6597,.T.);
#6597 = EDGE_LOOP('',(#6598,#6628,#6656,#6684));
#6598 = ORIENTED_EDGE('',*,*,#6599,.F.);
#6599 = EDGE_CURVE('',#6600,#6602,#6604,.T.);
#6600 = VERTEX_POINT('',#6601);
#6601 = CARTESIAN_POINT('',(2.156E+03,100.,1.096E+03));
#6602 = VERTEX_POINT('',#6603);
#6603 = CARTESIAN_POINT('',(2.13E+03,100.,1.096E+03));
#6604 = SURFACE_CURVE('',#6605,(#6609,#6616),.PCURVE_S1.);
#6605 = LINE('',#6606,#6607);
#6606 = CARTESIAN_POINT('',(2.157E+03,100.,1.096E+03));
#6607 = VECTOR('',#6608,1.);
#6608 = DIRECTION('',(-1.,-0.,-0.));
#6609 = PCURVE('',#6427,#6610);
#6610 = DEFINITIONAL_REPRESENTATION('',(#6611),#6615);
#6611 = LINE('',#6612,#6613);
#6612 = CARTESIAN_POINT('',(-28.,1.));
#6613 = VECTOR('',#6614,1.);
#6614 = DIRECTION('',(-0.,1.));
#6615 = ( GEOMETRIC_REPRESENTATION_CONTEXT(2) 
PARAMETRIC_REPRESENTATION_CONTEXT() REPRESENTATION_CONTEXT('2D SPACE',''
  ) );
#6616 = PCURVE('',#6617,#6622);
#6617 = PLANE('',#6618);
#6618 = AXIS2_PLACEMENT_3D('',#6619,#6620,#6621);
#6619 = CARTESIAN_POINT('',(2.156E+03,99.,1.096E+03));
#6620 = DIRECTION('',(-0.,-0.,1.));
#6621 = DIRECTION('',(1.,0.,0.));
#6622 = DEFINITIONAL_REPRESENTATION('',(#6623),#6627);
#6623 = LINE('',#6624,#6625);
#6624 = CARTESIAN_POINT('',(1.,1.));
#6625 = VECTOR('',#6626,1.);
#6626 = DIRECTION('',(-1.,0.));
#6627 = ( GEOMETRIC_REPRESENTATION_CONTEXT(2) 
PARAMETRIC_REPRESENTATION_CONTEXT() REPRESENTATION_CONTEXT('2D SPACE',''
  ) );
#6628 = ORIENTED_EDGE('',*,*,#6629,.T.);
#6629 = EDGE_CURVE('',#6600,#6630,#6632,.T.);
#6630 = VERTEX_POINT('',#6631);
#6631 = CARTESIAN_POINT('',(2.156E+03,100.,1.07E+03));
#6632 = SURFACE_CURVE('',#6633,(#6637,#6644),.PCURVE_S1.);
#6633 = LINE('',#6634,#6635);
#6634 = CARTESIAN_POINT('',(2.156E+03,100.,1.069E+03));
#6635 = VECTOR('',#6636,1.);
#6636 = DIRECTION('',(-0.,0.,-1.));
#6637 = PCURVE('',#6427,#6638);
#6638 = DEFINITIONAL_REPRESENTATION('',(#6639),#6643);
#6639 = LINE('',#6640,#6641);
#6640 = CARTESIAN_POINT('',(-1.,2.));
#6641 = VECTOR('',#6642,1.);
#6642 = DIRECTION('',(1.,-0.));
#6643 = ( GEOMETRIC_REPRESENTATION_CONTEXT(2) 
PARAMETRIC_REPRESENTATION_CONTEXT() REPRESENTATION_CONTEXT('2D SPACE',''
  ) );
#6644 = PCURVE('',#6645,#6650);
#6645 = PLANE('',#6646);
#6646 = AXIS2_PLACEMENT_3D('',#6647,#6648,#6649);
#6647 = CARTESIAN_POINT('',(2.156E+03,99.,1.07E+03));
#6648 = DIRECTION('',(-1.,-0.,-0.));
#6649 = DIRECTION('',(0.,0.,-1.));
#6650 = DEFINITIONAL_REPRESENTATION('',(#6651),#6655);
#6651 = LINE('',#6652,#6653);
#6652 = CARTESIAN_POINT('',(1.,-1.));
#6653 = VECTOR('',#6654,1.);
#6654 = DIRECTION('',(1.,-0.));
#6655 = ( GEOMETRIC_REPRESENTATION_CONTEXT(2) 
PARAMETRIC_REPRESENTATION_CONTEXT() REPRESENTATION_CONTEXT('2D SPACE',''
  ) );
#6656 = ORIENTED_EDGE('',*,*,#6657,.T.);
#6657 = EDGE_CURVE('',#6630,#6658,#6660,.T.);
#6658 = VERTEX_POINT('',#6659);
#6659 = CARTESIAN_POINT('',(2.13E+03,100.,1.07E+03));
#6660 = SURFACE_CURVE('',#6661,(#6665,#6672),.PCURVE_S1.);
#6661 = LINE('',#6662,#6663);
#6662 = CARTESIAN_POINT('',(2.157E+03,100.,1.07E+03));
#6663 = VECTOR('',#6664,1.);
#6664 = DIRECTION('',(-1.,-0.,-0.));
#6665 = PCURVE('',#6427,#6666);
#6666 = DEFINITIONAL_REPRESENTATION('',(#6667),#6671);
#6667 = LINE('',#6668,#6669);
#6668 = CARTESIAN_POINT('',(-2.,1.));
#6669 = VECTOR('',#6670,1.);
#6670 = DIRECTION('',(-0.,1.));
#6671 = ( GEOMETRIC_REPRESENTATION_CONTEXT(2) 
PARAMETRIC_REPRESENTATION_CONTEXT() REPRESENTATION_CONTEXT('2D SPACE',''
  ) );
#6672 = PCURVE('',#6673,#6678);
#6673 = PLANE('',#6674);
#6674 = AXIS2_PLACEMENT_3D('',#6675,#6676,#6677);
#6675 = CARTESIAN_POINT('',(2.156E+03,99.,1.07E+03));
#6676 = DIRECTION('',(-0.,-0.,1.));
#6677 = DIRECTION('',(1.,0.,0.));
#6678 = DEFINITIONAL_REPRESENTATION('',(#6679),#6683);
#6679 = LINE('',#6680,#6681);
#6680 = CARTESIAN_POINT('',(1.,1.));
#6681 = VECTOR('',#6682,1.);
#6682 = DIRECTION('',(-1.,0.));
#6683 = ( GEOMETRIC_REPRESENTATION_CONTEXT(2) 
PARAMETRIC_REPRESENTATION_CONTEXT() REPRESENTATION_CONTEXT('2D SPACE',''
  ) );
#6684 = ORIENTED_EDGE('',*,*,#6685,.F.);
#6685 = EDGE_CURVE('',#6602,#6658,#6686,.T.);
#6686 = SURFACE_CURVE('',#6687,(#6691,#6698),.PCURVE_S1.);
#6687 = LINE('',#6688,#6689);
#6688 = CARTESIAN_POINT('',(2.13E+03,100.,1.069E+03));
#6689 = VECTOR('',#6690,1.);
#6690 = DIRECTION('',(-0.,0.,-1.));
#6691 = PCURVE('',#6427,#6692);
#6692 = DEFINITIONAL_REPRESENTATION('',(#6693),#6697);
#6693 = LINE('',#6694,#6695);
#6694 = CARTESIAN_POINT('',(-1.,28.));
#6695 = VECTOR('',#6696,1.);
#6696 = DIRECTION('',(1.,-0.));
#6697 = ( GEOMETRIC_REPRESENTATION_CONTEXT(2) 
PARAMETRIC_REPRESENTATION_CONTEXT() REPRESENTATION_CONTEXT('2D SPACE',''
  ) );
#6698 = PCURVE('',#6699,#6704);
#6699 = PLANE('',#6700);
#6700 = AXIS2_PLACEMENT_3D('',#6701,#6702,#6703);
#6701 = CARTESIAN_POINT('',(2.13E+03,99.,1.07E+03));
#6702 = DIRECTION('',(-1.,-0.,-0.));
#6703 = DIRECTION('',(0.,0.,-1.));
#6704 = DEFINITIONAL_REPRESENTATION('',(#6705),#6709);
#6705 = LINE('',#6706,#6707);
#6706 = CARTESIAN_POINT('',(1.,-1.));
#6707 = VECTOR('',#6708,1.);
#6708 = DIRECTION('',(1.,-0.));
#6709 = ( GEOMETRIC_REPRESENTATION_CONTEXT(2) 
PARAMETRIC_REPRESENTATION_CONTEXT() REPRESENTATION_CONTEXT('2D SPACE',''
  ) );
#6710 = ADVANCED_FACE('',(#6711),#6509,.T.);
#6711 = FACE_BOUND('',#6712,.F.);
#6712 = EDGE_LOOP('',(#6713,#6714,#6715,#6738));
#6713 = ORIENTED_EDGE('',*,*,#6495,.F.);
#6714 = ORIENTED_EDGE('',*,*,#6548,.T.);
#6715 = ORIENTED_EDGE('',*,*,#6716,.T.);
#6716 = EDGE_CURVE('',#6549,#6717,#6719,.T.);
#6717 = VERTEX_POINT('',#6718);
#6718 = CARTESIAN_POINT('',(2.128E+03,1.E+03,1.098E+03));
#6719 = SURFACE_CURVE('',#6720,(#6724,#6731),.PCURVE_S1.);
#6720 = LINE('',#6721,#6722);
#6721 = CARTESIAN_POINT('',(2.128E+03,100.,1.098E+03));
#6722 = VECTOR('',#6723,1.);
#6723 = DIRECTION('',(-0.,1.,-0.));
#6724 = PCURVE('',#6509,#6725);
#6725 = DEFINITIONAL_REPRESENTATION('',(#6726),#6730);
#6726 = LINE('',#6727,#6728);
#6727 = CARTESIAN_POINT('',(-30.,0.));
#6728 = VECTOR('',#6729,1.);
#6729 = DIRECTION('',(-0.,1.));
#6730 = ( GEOMETRIC_REPRESENTATION_CONTEXT(2) 
PARAMETRIC_REPRESENTATION_CONTEXT() REPRESENTATION_CONTEXT('2D SPACE',''
  ) );
#6731 = PCURVE('',#6585,#6732);
#6732 = DEFINITIONAL_REPRESENTATION('',(#6733),#6737);
#6733 = LINE('',#6734,#6735);
#6734 = CARTESIAN_POINT('',(-30.,-0.));
#6735 = VECTOR('',#6736,1.);
#6736 = DIRECTION('',(-0.,-1.));
#6737 = ( GEOMETRIC_REPRESENTATION_CONTEXT(2) 
PARAMETRIC_REPRESENTATION_CONTEXT() REPRESENTATION_CONTEXT('2D SPACE',''
  ) );
#6738 = ORIENTED_EDGE('',*,*,#6739,.F.);
#6739 = EDGE_CURVE('',#6468,#6717,#6740,.T.);
#6740 = SURFACE_CURVE('',#6741,(#6745,#6752),.PCURVE_S1.);
#6741 = LINE('',#6742,#6743);
#6742 = CARTESIAN_POINT('',(2.158E+03,1.E+03,1.098E+03));
#6743 = VECTOR('',#6744,1.);
#6744 = DIRECTION('',(-1.,-0.,-0.));
#6745 = PCURVE('',#6509,#6746);
#6746 = DEFINITIONAL_REPRESENTATION('',(#6747),#6751);
#6747 = LINE('',#6748,#6749);
#6748 = CARTESIAN_POINT('',(0.,900.));
#6749 = VECTOR('',#6750,1.);
#6750 = DIRECTION('',(-1.,0.));
#6751 = ( GEOMETRIC_REPRESENTATION_CONTEXT(2) 
PARAMETRIC_REPRESENTATION_CONTEXT() REPRESENTATION_CONTEXT('2D SPACE',''
  ) );
#6752 = PCURVE('',#6483,#6753);
#6753 = DEFINITIONAL_REPRESENTATION('',(#6754),#6758);
#6754 = LINE('',#6755,#6756);
#6755 = CARTESIAN_POINT('',(-30.,-0.));
#6756 = VECTOR('',#6757,1.);
#6757 = DIRECTION('',(-0.,1.));
#6758 = ( GEOMETRIC_REPRESENTATION_CONTEXT(2) 
PARAMETRIC_REPRESENTATION_CONTEXT() REPRESENTATION_CONTEXT('2D SPACE',''
  ) );
#6759 = ADVANCED_FACE('',(#6760,#6808),#6483,.T.);
#6760 = FACE_BOUND('',#6761,.F.);
#6761 = EDGE_LOOP('',(#6762,#6785,#6786,#6787));
#6762 = ORIENTED_EDGE('',*,*,#6763,.F.);
#6763 = EDGE_CURVE('',#6440,#6764,#6766,.T.);
#6764 = VERTEX_POINT('',#6765);
#6765 = CARTESIAN_POINT('',(2.128E+03,1.E+03,1.068E+03));
#6766 = SURFACE_CURVE('',#6767,(#6771,#6778),.PCURVE_S1.);
#6767 = LINE('',#6768,#6769);
#6768 = CARTESIAN_POINT('',(2.158E+03,1.E+03,1.068E+03));
#6769 = VECTOR('',#6770,1.);
#6770 = DIRECTION('',(-1.,-0.,-0.));
#6771 = PCURVE('',#6483,#6772);
#6772 = DEFINITIONAL_REPRESENTATION('',(#6773),#6777);
#6773 = LINE('',#6774,#6775);
#6774 = CARTESIAN_POINT('',(-0.,-0.));
#6775 = VECTOR('',#6776,1.);
#6776 = DIRECTION('',(-0.,1.));
#6777 = ( GEOMETRIC_REPRESENTATION_CONTEXT(2) 
PARAMETRIC_REPRESENTATION_CONTEXT() REPRESENTATION_CONTEXT('2D SPACE',''
  ) );
#6778 = PCURVE('',#6455,#6779);
#6779 = DEFINITIONAL_REPRESENTATION('',(#6780),#6784);
#6780 = LINE('',#6781,#6782);
#6781 = CARTESIAN_POINT('',(0.,900.));
#6782 = VECTOR('',#6783,1.);
#6783 = DIRECTION('',(-1.,0.));
#6784 = ( GEOMETRIC_REPRESENTATION_CONTEXT(2) 
PARAMETRIC_REPRESENTATION_CONTEXT() REPRESENTATION_CONTEXT('2D SPACE',''
  ) );
#6785 = ORIENTED_EDGE('',*,*,#6467,.T.);
#6786 = ORIENTED_EDGE('',*,*,#6739,.T.);
#6787 = ORIENTED_EDGE('',*,*,#6788,.F.);
#6788 = EDGE_CURVE('',#6764,#6717,#6789,.T.);
#6789 = SURFACE_CURVE('',#6790,(#6794,#6801),.PCURVE_S1.);
#6790 = LINE('',#6791,#6792);
#6791 = CARTESIAN_POINT('',(2.128E+03,1.E+03,1.068E+03));
#6792 = VECTOR('',#6793,1.);
#6793 = DIRECTION('',(-0.,-0.,1.));
#6794 = PCURVE('',#6483,#6795);
#6795 = DEFINITIONAL_REPRESENTATION('',(#6796),#6800);
#6796 = LINE('',#6797,#6798);
#6797 = CARTESIAN_POINT('',(-0.,30.));
#6798 = VECTOR('',#6799,1.);
#6799 = DIRECTION('',(-1.,0.));
#6800 = ( GEOMETRIC_REPRESENTATION_CONTEXT(2) 
PARAMETRIC_REPRESENTATION_CONTEXT() REPRESENTATION_CONTEXT('2D SPACE',''
  ) );
#6801 = PCURVE('',#6585,#6802);
#6802 = DEFINITIONAL_REPRESENTATION('',(#6803),#6807);
#6803 = LINE('',#6804,#6805);
#6804 = CARTESIAN_POINT('',(-0.,-900.));
#6805 = VECTOR('',#6806,1.);
#6806 = DIRECTION('',(-1.,-0.));
#6807 = ( GEOMETRIC_REPRESENTATION_CONTEXT(2) 
PARAMETRIC_REPRESENTATION_CONTEXT() REPRESENTATION_CONTEXT('2D SPACE',''
  ) );
#6808 = FACE_BOUND('',#6809,.F.);
#6809 = EDGE_LOOP('',(#6810,#6835,#6858,#6881));
#6810 = ORIENTED_EDGE('',*,*,#6811,.F.);
#6811 = EDGE_CURVE('',#6812,#6814,#6816,.T.);
#6812 = VERTEX_POINT('',#6813);
#6813 = CARTESIAN_POINT('',(2.156E+03,1.E+03,1.096E+03));
#6814 = VERTEX_POINT('',#6815);
#6815 = CARTESIAN_POINT('',(2.13E+03,1.E+03,1.096E+03));
#6816 = SURFACE_CURVE('',#6817,(#6821,#6828),.PCURVE_S1.);
#6817 = LINE('',#6818,#6819);
#6818 = CARTESIAN_POINT('',(2.157E+03,1.E+03,1.096E+03));
#6819 = VECTOR('',#6820,1.);
#6820 = DIRECTION('',(-1.,-0.,-0.));
#6821 = PCURVE('',#6483,#6822);
#6822 = DEFINITIONAL_REPRESENTATION('',(#6823),#6827);
#6823 = LINE('',#6824,#6825);
#6824 = CARTESIAN_POINT('',(-28.,1.));
#6825 = VECTOR('',#6826,1.);
#6826 = DIRECTION('',(-0.,1.));
#6827 = ( GEOMETRIC_REPRESENTATION_CONTEXT(2) 
PARAMETRIC_REPRESENTATION_CONTEXT() REPRESENTATION_CONTEXT('2D SPACE',''
  ) );
#6828 = PCURVE('',#6617,#6829);
#6829 = DEFINITIONAL_REPRESENTATION('',(#6830),#6834);
#6830 = LINE('',#6831,#6832);
#6831 = CARTESIAN_POINT('',(1.,901.));
#6832 = VECTOR('',#6833,1.);
#6833 = DIRECTION('',(-1.,0.));
#6834 = ( GEOMETRIC_REPRESENTATION_CONTEXT(2) 
PARAMETRIC_REPRESENTATION_CONTEXT() REPRESENTATION_CONTEXT('2D SPACE',''
  ) );
#6835 = ORIENTED_EDGE('',*,*,#6836,.T.);
#6836 = EDGE_CURVE('',#6812,#6837,#6839,.T.);
#6837 = VERTEX_POINT('',#6838);
#6838 = CARTESIAN_POINT('',(2.156E+03,1.E+03,1.07E+03));
#6839 = SURFACE_CURVE('',#6840,(#6844,#6851),.PCURVE_S1.);
#6840 = LINE('',#6841,#6842);
#6841 = CARTESIAN_POINT('',(2.156E+03,1.E+03,1.069E+03));
#6842 = VECTOR('',#6843,1.);
#6843 = DIRECTION('',(-0.,0.,-1.));
#6844 = PCURVE('',#6483,#6845);
#6845 = DEFINITIONAL_REPRESENTATION('',(#6846),#6850);
#6846 = LINE('',#6847,#6848);
#6847 = CARTESIAN_POINT('',(-1.,2.));
#6848 = VECTOR('',#6849,1.);
#6849 = DIRECTION('',(1.,-0.));
#6850 = ( GEOMETRIC_REPRESENTATION_CONTEXT(2) 
PARAMETRIC_REPRESENTATION_CONTEXT() REPRESENTATION_CONTEXT('2D SPACE',''
  ) );
#6851 = PCURVE('',#6645,#6852);
#6852 = DEFINITIONAL_REPRESENTATION('',(#6853),#6857);
#6853 = LINE('',#6854,#6855);
#6854 = CARTESIAN_POINT('',(1.,-901.));
#6855 = VECTOR('',#6856,1.);
#6856 = DIRECTION('',(1.,-0.));
#6857 = ( GEOMETRIC_REPRESENTATION_CONTEXT(2) 
PARAMETRIC_REPRESENTATION_CONTEXT() REPRESENTATION_CONTEXT('2D SPACE',''
  ) );
#6858 = ORIENTED_EDGE('',*,*,#6859,.T.);
#6859 = EDGE_CURVE('',#6837,#6860,#6862,.T.);
#6860 = VERTEX_POINT('',#6861);
#6861 = CARTESIAN_POINT('',(2.13E+03,1.E+03,1.07E+03));
#6862 = SURFACE_CURVE('',#6863,(#6867,#6874),.PCURVE_S1.);
#6863 = LINE('',#6864,#6865);
#6864 = CARTESIAN_POINT('',(2.157E+03,1.E+03,1.07E+03));
#6865 = VECTOR('',#6866,1.);
#6866 = DIRECTION('',(-1.,-0.,-0.));
#6867 = PCURVE('',#6483,#6868);
#6868 = DEFINITIONAL_REPRESENTATION('',(#6869),#6873);
#6869 = LINE('',#6870,#6871);
#6870 = CARTESIAN_POINT('',(-2.,1.));
#6871 = VECTOR('',#6872,1.);
#6872 = DIRECTION('',(-0.,1.));
#6873 = ( GEOMETRIC_REPRESENTATION_CONTEXT(2) 
PARAMETRIC_REPRESENTATION_CONTEXT() REPRESENTATION_CONTEXT('2D SPACE',''
  ) );
#6874 = PCURVE('',#6673,#6875);
#6875 = DEFINITIONAL_REPRESENTATION('',(#6876),#6880);
#6876 = LINE('',#6877,#6878);
#6877 = CARTESIAN_POINT('',(1.,901.));
#6878 = VECTOR('',#6879,1.);
#6879 = DIRECTION('',(-1.,0.));
#6880 = ( GEOMETRIC_REPRESENTATION_CONTEXT(2) 
PARAMETRIC_REPRESENTATION_CONTEXT() REPRESENTATION_CONTEXT('2D SPACE',''
  ) );
#6881 = ORIENTED_EDGE('',*,*,#6882,.F.);
#6882 = EDGE_CURVE('',#6814,#6860,#6883,.T.);
#6883 = SURFACE_CURVE('',#6884,(#6888,#6895),.PCURVE_S1.);
#6884 = LINE('',#6885,#6886);
#6885 = CARTESIAN_POINT('',(2.13E+03,1.E+03,1.069E+03));
#6886 = VECTOR('',#6887,1.);
#6887 = DIRECTION('',(-0.,0.,-1.));
#6888 = PCURVE('',#6483,#6889);
#6889 = DEFINITIONAL_REPRESENTATION('',(#6890),#6894);
#6890 = LINE('',#6891,#6892);
#6891 = CARTESIAN_POINT('',(-1.,28.));
#6892 = VECTOR('',#6893,1.);
#6893 = DIRECTION('',(1.,-0.));
#6894 = ( GEOMETRIC_REPRESENTATION_CONTEXT(2) 
PARAMETRIC_REPRESENTATION_CONTEXT() REPRESENTATION_CONTEXT('2D SPACE',''
  ) );
#6895 = PCURVE('',#6699,#6896);
#6896 = DEFINITIONAL_REPRESENTATION('',(#6897),#6901);
#6897 = LINE('',#6898,#6899);
#6898 = CARTESIAN_POINT('',(1.,-901.));
#6899 = VECTOR('',#6900,1.);
#6900 = DIRECTION('',(1.,-0.));
#6901 = ( GEOMETRIC_REPRESENTATION_CONTEXT(2) 
PARAMETRIC_REPRESENTATION_CONTEXT() REPRESENTATION_CONTEXT('2D SPACE',''
  ) );
#6902 = ADVANCED_FACE('',(#6903),#6455,.F.);
#6903 = FACE_BOUND('',#6904,.T.);
#6904 = EDGE_LOOP('',(#6905,#6906,#6907,#6928));
#6905 = ORIENTED_EDGE('',*,*,#6439,.F.);
#6906 = ORIENTED_EDGE('',*,*,#6524,.T.);
#6907 = ORIENTED_EDGE('',*,*,#6908,.T.);
#6908 = EDGE_CURVE('',#6525,#6764,#6909,.T.);
#6909 = SURFACE_CURVE('',#6910,(#6914,#6921),.PCURVE_S1.);
#6910 = LINE('',#6911,#6912);
#6911 = CARTESIAN_POINT('',(2.128E+03,100.,1.068E+03));
#6912 = VECTOR('',#6913,1.);
#6913 = DIRECTION('',(-0.,1.,-0.));
#6914 = PCURVE('',#6455,#6915);
#6915 = DEFINITIONAL_REPRESENTATION('',(#6916),#6920);
#6916 = LINE('',#6917,#6918);
#6917 = CARTESIAN_POINT('',(-30.,0.));
#6918 = VECTOR('',#6919,1.);
#6919 = DIRECTION('',(-0.,1.));
#6920 = ( GEOMETRIC_REPRESENTATION_CONTEXT(2) 
PARAMETRIC_REPRESENTATION_CONTEXT() REPRESENTATION_CONTEXT('2D SPACE',''
  ) );
#6921 = PCURVE('',#6585,#6922);
#6922 = DEFINITIONAL_REPRESENTATION('',(#6923),#6927);
#6923 = LINE('',#6924,#6925);
#6924 = CARTESIAN_POINT('',(-0.,-0.));
#6925 = VECTOR('',#6926,1.);
#6926 = DIRECTION('',(-0.,-1.));
#6927 = ( GEOMETRIC_REPRESENTATION_CONTEXT(2) 
PARAMETRIC_REPRESENTATION_CONTEXT() REPRESENTATION_CONTEXT('2D SPACE',''
  ) );
#6928 = ORIENTED_EDGE('',*,*,#6763,.F.);
#6929 = ADVANCED_FACE('',(#6930),#6585,.T.);
#6930 = FACE_BOUND('',#6931,.F.);
#6931 = EDGE_LOOP('',(#6932,#6933,#6934,#6935));
#6932 = ORIENTED_EDGE('',*,*,#6571,.F.);
#6933 = ORIENTED_EDGE('',*,*,#6908,.T.);
#6934 = ORIENTED_EDGE('',*,*,#6788,.T.);
#6935 = ORIENTED_EDGE('',*,*,#6716,.F.);
#6936 = ADVANCED_FACE('',(#6937),#6617,.F.);
#6937 = FACE_BOUND('',#6938,.T.);
#6938 = EDGE_LOOP('',(#6939,#6960,#6961,#6982));
#6939 = ORIENTED_EDGE('',*,*,#6940,.F.);
#6940 = EDGE_CURVE('',#6600,#6812,#6941,.T.);
#6941 = SURFACE_CURVE('',#6942,(#6946,#6953),.PCURVE_S1.);
#6942 = LINE('',#6943,#6944);
#6943 = CARTESIAN_POINT('',(2.156E+03,99.,1.096E+03));
#6944 = VECTOR('',#6945,1.);
#6945 = DIRECTION('',(-0.,1.,-0.));
#6946 = PCURVE('',#6617,#6947);
#6947 = DEFINITIONAL_REPRESENTATION('',(#6948),#6952);
#6948 = LINE('',#6949,#6950);
#6949 = CARTESIAN_POINT('',(0.,-0.));
#6950 = VECTOR('',#6951,1.);
#6951 = DIRECTION('',(-0.,1.));
#6952 = ( GEOMETRIC_REPRESENTATION_CONTEXT(2) 
PARAMETRIC_REPRESENTATION_CONTEXT() REPRESENTATION_CONTEXT('2D SPACE',''
  ) );
#6953 = PCURVE('',#6645,#6954);
#6954 = DEFINITIONAL_REPRESENTATION('',(#6955),#6959);
#6955 = LINE('',#6956,#6957);
#6956 = CARTESIAN_POINT('',(-26.,-0.));
#6957 = VECTOR('',#6958,1.);
#6958 = DIRECTION('',(-0.,-1.));
#6959 = ( GEOMETRIC_REPRESENTATION_CONTEXT(2) 
PARAMETRIC_REPRESENTATION_CONTEXT() REPRESENTATION_CONTEXT('2D SPACE',''
  ) );
#6960 = ORIENTED_EDGE('',*,*,#6599,.T.);
#6961 = ORIENTED_EDGE('',*,*,#6962,.T.);
#6962 = EDGE_CURVE('',#6602,#6814,#6963,.T.);
#6963 = SURFACE_CURVE('',#6964,(#6968,#6975),.PCURVE_S1.);
#6964 = LINE('',#6965,#6966);
#6965 = CARTESIAN_POINT('',(2.13E+03,99.,1.096E+03));
#6966 = VECTOR('',#6967,1.);
#6967 = DIRECTION('',(-0.,1.,-0.));
#6968 = PCURVE('',#6617,#6969);
#6969 = DEFINITIONAL_REPRESENTATION('',(#6970),#6974);
#6970 = LINE('',#6971,#6972);
#6971 = CARTESIAN_POINT('',(-26.,0.));
#6972 = VECTOR('',#6973,1.);
#6973 = DIRECTION('',(-0.,1.));
#6974 = ( GEOMETRIC_REPRESENTATION_CONTEXT(2) 
PARAMETRIC_REPRESENTATION_CONTEXT() REPRESENTATION_CONTEXT('2D SPACE',''
  ) );
#6975 = PCURVE('',#6699,#6976);
#6976 = DEFINITIONAL_REPRESENTATION('',(#6977),#6981);
#6977 = LINE('',#6978,#6979);
#6978 = CARTESIAN_POINT('',(-26.,-0.));
#6979 = VECTOR('',#6980,1.);
#6980 = DIRECTION('',(-0.,-1.));
#6981 = ( GEOMETRIC_REPRESENTATION_CONTEXT(2) 
PARAMETRIC_REPRESENTATION_CONTEXT() REPRESENTATION_CONTEXT('2D SPACE',''
  ) );
#6982 = ORIENTED_EDGE('',*,*,#6811,.F.);
#6983 = ADVANCED_FACE('',(#6984),#6699,.F.);
#6984 = FACE_BOUND('',#6985,.T.);
#6985 = EDGE_LOOP('',(#6986,#6987,#6988,#7009));
#6986 = ORIENTED_EDGE('',*,*,#6962,.F.);
#6987 = ORIENTED_EDGE('',*,*,#6685,.T.);
#6988 = ORIENTED_EDGE('',*,*,#6989,.T.);
#6989 = EDGE_CURVE('',#6658,#6860,#6990,.T.);
#6990 = SURFACE_CURVE('',#6991,(#6995,#7002),.PCURVE_S1.);
#6991 = LINE('',#6992,#6993);
#6992 = CARTESIAN_POINT('',(2.13E+03,99.,1.07E+03));
#6993 = VECTOR('',#6994,1.);
#6994 = DIRECTION('',(-0.,1.,-0.));
#6995 = PCURVE('',#6699,#6996);
#6996 = DEFINITIONAL_REPRESENTATION('',(#6997),#7001);
#6997 = LINE('',#6998,#6999);
#6998 = CARTESIAN_POINT('',(-0.,-0.));
#6999 = VECTOR('',#7000,1.);
#7000 = DIRECTION('',(-0.,-1.));
#7001 = ( GEOMETRIC_REPRESENTATION_CONTEXT(2) 
PARAMETRIC_REPRESENTATION_CONTEXT() REPRESENTATION_CONTEXT('2D SPACE',''
  ) );
#7002 = PCURVE('',#6673,#7003);
#7003 = DEFINITIONAL_REPRESENTATION('',(#7004),#7008);
#7004 = LINE('',#7005,#7006);
#7005 = CARTESIAN_POINT('',(-26.,0.));
#7006 = VECTOR('',#7007,1.);
#7007 = DIRECTION('',(-0.,1.));
#7008 = ( GEOMETRIC_REPRESENTATION_CONTEXT(2) 
PARAMETRIC_REPRESENTATION_CONTEXT() REPRESENTATION_CONTEXT('2D SPACE',''
  ) );
#7009 = ORIENTED_EDGE('',*,*,#6882,.F.);
#7010 = ADVANCED_FACE('',(#7011),#6673,.T.);
#7011 = FACE_BOUND('',#7012,.F.);
#7012 = EDGE_LOOP('',(#7013,#7034,#7035,#7036));
#7013 = ORIENTED_EDGE('',*,*,#7014,.F.);
#7014 = EDGE_CURVE('',#6630,#6837,#7015,.T.);
#7015 = SURFACE_CURVE('',#7016,(#7020,#7027),.PCURVE_S1.);
#7016 = LINE('',#7017,#7018);
#7017 = CARTESIAN_POINT('',(2.156E+03,99.,1.07E+03));
#7018 = VECTOR('',#7019,1.);
#7019 = DIRECTION('',(-0.,1.,-0.));
#7020 = PCURVE('',#6673,#7021);
#7021 = DEFINITIONAL_REPRESENTATION('',(#7022),#7026);
#7022 = LINE('',#7023,#7024);
#7023 = CARTESIAN_POINT('',(0.,-0.));
#7024 = VECTOR('',#7025,1.);
#7025 = DIRECTION('',(-0.,1.));
#7026 = ( GEOMETRIC_REPRESENTATION_CONTEXT(2) 
PARAMETRIC_REPRESENTATION_CONTEXT() REPRESENTATION_CONTEXT('2D SPACE',''
  ) );
#7027 = PCURVE('',#6645,#7028);
#7028 = DEFINITIONAL_REPRESENTATION('',(#7029),#7033);
#7029 = LINE('',#7030,#7031);
#7030 = CARTESIAN_POINT('',(-0.,-0.));
#7031 = VECTOR('',#7032,1.);
#7032 = DIRECTION('',(-0.,-1.));
#7033 = ( GEOMETRIC_REPRESENTATION_CONTEXT(2) 
PARAMETRIC_REPRESENTATION_CONTEXT() REPRESENTATION_CONTEXT('2D SPACE',''
  ) );
#7034 = ORIENTED_EDGE('',*,*,#6657,.T.);
#7035 = ORIENTED_EDGE('',*,*,#6989,.T.);
#7036 = ORIENTED_EDGE('',*,*,#6859,.F.);
#7037 = ADVANCED_FACE('',(#7038),#6645,.T.);
#7038 = FACE_BOUND('',#7039,.F.);
#7039 = EDGE_LOOP('',(#7040,#7041,#7042,#7043));
#7040 = ORIENTED_EDGE('',*,*,#6940,.F.);
#7041 = ORIENTED_EDGE('',*,*,#6629,.T.);
#7042 = ORIENTED_EDGE('',*,*,#7014,.T.);
#7043 = ORIENTED_EDGE('',*,*,#6836,.F.);
#7044 = ( GEOMETRIC_REPRESENTATION_CONTEXT(3) 
GLOBAL_UNCERTAINTY_ASSIGNED_CONTEXT((#7048)) 
GLOBAL_UNIT_ASSIGNED_CONTEXT((#7045,#7046,#7047)) REPRESENTATION_CONTEXT
('Context #1','3D Context with UNIT and UNCERTAINTY') );
#7045 = ( LENGTH_UNIT() NAMED_UNIT(*) SI_UNIT(.MILLI.,.METRE.) );
#7046 = ( NAMED_UNIT(*) PLANE_ANGLE_UNIT() SI_UNIT($,.RADIAN.) );
#7047 = ( NAMED_UNIT(*) SI_UNIT($,.STERADIAN.) SOLID_ANGLE_UNIT() );
#7048 = UNCERTAINTY_MEASURE_WITH_UNIT(LENGTH_MEASURE(1.E-07),#7045,
  'distance_accuracy_value','confusion accuracy');
#7049 = CONTEXT_DEPENDENT_SHAPE_REPRESENTATION(#7050,#7052);
#7050 = ( REPRESENTATION_RELATIONSHIP('','',#6397,#10) 
REPRESENTATION_RELATIONSHIP_WITH_TRANSFORMATION(#7051) 
SHAPE_REPRESENTATION_RELATIONSHIP() );
#7051 = ITEM_DEFINED_TRANSFORMATION('','',#11,#51);
#7052 = PRODUCT_DEFINITION_SHAPE('Placement','Placement of an item',
  #7053);
#7053 = NEXT_ASSEMBLY_USAGE_OCCURRENCE('326','','',#5,#6392,$);
#7054 = PRODUCT_RELATED_PRODUCT_CATEGORY('part',$,(#6394));
#7055 = SHAPE_DEFINITION_REPRESENTATION(#7056,#7062);
#7056 = PRODUCT_DEFINITION_SHAPE('','',#7057);
#7057 = PRODUCT_DEFINITION('design','',#7058,#7061);
#7058 = PRODUCT_DEFINITION_FORMATION('','',#7059);
#7059 = PRODUCT('Open CASCADE STEP translator 7.9 12.11',
  'Open CASCADE STEP translator 7.9 12.11','',(#7060));
#7060 = PRODUCT_CONTEXT('',#2,'mechanical');
#7061 = PRODUCT_DEFINITION_CONTEXT('part definition',#2,'design');
#7062 = ADVANCED_BREP_SHAPE_REPRESENTATION('',(#11,#7063),#7709);
#7063 = MANIFOLD_SOLID_BREP('',#7064);
#7064 = CLOSED_SHELL('',(#7065,#7185,#7375,#7424,#7567,#7594,#7601,#7648
    ,#7675,#7702));
#7065 = ADVANCED_FACE('',(#7066),#7080,.F.);
#7066 = FACE_BOUND('',#7067,.T.);
#7067 = EDGE_LOOP('',(#7068,#7103,#7131,#7159));
#7068 = ORIENTED_EDGE('',*,*,#7069,.F.);
#7069 = EDGE_CURVE('',#7070,#7072,#7074,.T.);
#7070 = VERTEX_POINT('',#7071);
#7071 = CARTESIAN_POINT('',(1.738E+03,100.,1.068E+03));
#7072 = VERTEX_POINT('',#7073);
#7073 = CARTESIAN_POINT('',(1.738E+03,100.,1.098E+03));
#7074 = SURFACE_CURVE('',#7075,(#7079,#7091),.PCURVE_S1.);
#7075 = LINE('',#7076,#7077);
#7076 = CARTESIAN_POINT('',(1.738E+03,100.,1.068E+03));
#7077 = VECTOR('',#7078,1.);
#7078 = DIRECTION('',(-0.,-0.,1.));
#7079 = PCURVE('',#7080,#7085);
#7080 = PLANE('',#7081);
#7081 = AXIS2_PLACEMENT_3D('',#7082,#7083,#7084);
#7082 = CARTESIAN_POINT('',(1.738E+03,100.,1.068E+03));
#7083 = DIRECTION('',(-1.,-0.,-0.));
#7084 = DIRECTION('',(0.,0.,-1.));
#7085 = DEFINITIONAL_REPRESENTATION('',(#7086),#7090);
#7086 = LINE('',#7087,#7088);
#7087 = CARTESIAN_POINT('',(-0.,-0.));
#7088 = VECTOR('',#7089,1.);
#7089 = DIRECTION('',(-1.,-0.));
#7090 = ( GEOMETRIC_REPRESENTATION_CONTEXT(2) 
PARAMETRIC_REPRESENTATION_CONTEXT() REPRESENTATION_CONTEXT('2D SPACE',''
  ) );
#7091 = PCURVE('',#7092,#7097);
#7092 = PLANE('',#7093);
#7093 = AXIS2_PLACEMENT_3D('',#7094,#7095,#7096);
#7094 = CARTESIAN_POINT('',(1.738E+03,100.,1.068E+03));
#7095 = DIRECTION('',(-0.,1.,-0.));
#7096 = DIRECTION('',(0.,0.,-1.));
#7097 = DEFINITIONAL_REPRESENTATION('',(#7098),#7102);
#7098 = LINE('',#7099,#7100);
#7099 = CARTESIAN_POINT('',(-0.,-0.));
#7100 = VECTOR('',#7101,1.);
#7101 = DIRECTION('',(-1.,0.));
#7102 = ( GEOMETRIC_REPRESENTATION_CONTEXT(2) 
PARAMETRIC_REPRESENTATION_CONTEXT() REPRESENTATION_CONTEXT('2D SPACE',''
  ) );
#7103 = ORIENTED_EDGE('',*,*,#7104,.T.);
#7104 = EDGE_CURVE('',#7070,#7105,#7107,.T.);
#7105 = VERTEX_POINT('',#7106);
#7106 = CARTESIAN_POINT('',(1.738E+03,1.E+03,1.068E+03));
#7107 = SURFACE_CURVE('',#7108,(#7112,#7119),.PCURVE_S1.);
#7108 = LINE('',#7109,#7110);
#7109 = CARTESIAN_POINT('',(1.738E+03,100.,1.068E+03));
#7110 = VECTOR('',#7111,1.);
#7111 = DIRECTION('',(-0.,1.,-0.));
#7112 = PCURVE('',#7080,#7113);
#7113 = DEFINITIONAL_REPRESENTATION('',(#7114),#7118);
#7114 = LINE('',#7115,#7116);
#7115 = CARTESIAN_POINT('',(-0.,-0.));
#7116 = VECTOR('',#7117,1.);
#7117 = DIRECTION('',(-0.,-1.));
#7118 = ( GEOMETRIC_REPRESENTATION_CONTEXT(2) 
PARAMETRIC_REPRESENTATION_CONTEXT() REPRESENTATION_CONTEXT('2D SPACE',''
  ) );
#7119 = PCURVE('',#7120,#7125);
#7120 = PLANE('',#7121);
#7121 = AXIS2_PLACEMENT_3D('',#7122,#7123,#7124);
#7122 = CARTESIAN_POINT('',(1.738E+03,100.,1.068E+03));
#7123 = DIRECTION('',(-0.,-0.,1.));
#7124 = DIRECTION('',(1.,0.,0.));
#7125 = DEFINITIONAL_REPRESENTATION('',(#7126),#7130);
#7126 = LINE('',#7127,#7128);
#7127 = CARTESIAN_POINT('',(0.,-0.));
#7128 = VECTOR('',#7129,1.);
#7129 = DIRECTION('',(-0.,1.));
#7130 = ( GEOMETRIC_REPRESENTATION_CONTEXT(2) 
PARAMETRIC_REPRESENTATION_CONTEXT() REPRESENTATION_CONTEXT('2D SPACE',''
  ) );
#7131 = ORIENTED_EDGE('',*,*,#7132,.T.);
#7132 = EDGE_CURVE('',#7105,#7133,#7135,.T.);
#7133 = VERTEX_POINT('',#7134);
#7134 = CARTESIAN_POINT('',(1.738E+03,1.E+03,1.098E+03));
#7135 = SURFACE_CURVE('',#7136,(#7140,#7147),.PCURVE_S1.);
#7136 = LINE('',#7137,#7138);
#7137 = CARTESIAN_POINT('',(1.738E+03,1.E+03,1.068E+03));
#7138 = VECTOR('',#7139,1.);
#7139 = DIRECTION('',(-0.,-0.,1.));
#7140 = PCURVE('',#7080,#7141);
#7141 = DEFINITIONAL_REPRESENTATION('',(#7142),#7146);
#7142 = LINE('',#7143,#7144);
#7143 = CARTESIAN_POINT('',(-0.,-900.));
#7144 = VECTOR('',#7145,1.);
#7145 = DIRECTION('',(-1.,-0.));
#7146 = ( GEOMETRIC_REPRESENTATION_CONTEXT(2) 
PARAMETRIC_REPRESENTATION_CONTEXT() REPRESENTATION_CONTEXT('2D SPACE',''
  ) );
#7147 = PCURVE('',#7148,#7153);
#7148 = PLANE('',#7149);
#7149 = AXIS2_PLACEMENT_3D('',#7150,#7151,#7152);
#7150 = CARTESIAN_POINT('',(1.738E+03,1.E+03,1.068E+03));
#7151 = DIRECTION('',(-0.,1.,-0.));
#7152 = DIRECTION('',(0.,0.,-1.));
#7153 = DEFINITIONAL_REPRESENTATION('',(#7154),#7158);
#7154 = LINE('',#7155,#7156);
#7155 = CARTESIAN_POINT('',(-0.,-0.));
#7156 = VECTOR('',#7157,1.);
#7157 = DIRECTION('',(-1.,0.));
#7158 = ( GEOMETRIC_REPRESENTATION_CONTEXT(2) 
PARAMETRIC_REPRESENTATION_CONTEXT() REPRESENTATION_CONTEXT('2D SPACE',''
  ) );
#7159 = ORIENTED_EDGE('',*,*,#7160,.F.);
#7160 = EDGE_CURVE('',#7072,#7133,#7161,.T.);
#7161 = SURFACE_CURVE('',#7162,(#7166,#7173),.PCURVE_S1.);
#7162 = LINE('',#7163,#7164);
#7163 = CARTESIAN_POINT('',(1.738E+03,100.,1.098E+03));
#7164 = VECTOR('',#7165,1.);
#7165 = DIRECTION('',(-0.,1.,-0.));
#7166 = PCURVE('',#7080,#7167);
#7167 = DEFINITIONAL_REPRESENTATION('',(#7168),#7172);
#7168 = LINE('',#7169,#7170);
#7169 = CARTESIAN_POINT('',(-30.,-0.));
#7170 = VECTOR('',#7171,1.);
#7171 = DIRECTION('',(-0.,-1.));
#7172 = ( GEOMETRIC_REPRESENTATION_CONTEXT(2) 
PARAMETRIC_REPRESENTATION_CONTEXT() REPRESENTATION_CONTEXT('2D SPACE',''
  ) );
#7173 = PCURVE('',#7174,#7179);
#7174 = PLANE('',#7175);
#7175 = AXIS2_PLACEMENT_3D('',#7176,#7177,#7178);
#7176 = CARTESIAN_POINT('',(1.738E+03,100.,1.098E+03));
#7177 = DIRECTION('',(-0.,-0.,1.));
#7178 = DIRECTION('',(1.,0.,0.));
#7179 = DEFINITIONAL_REPRESENTATION('',(#7180),#7184);
#7180 = LINE('',#7181,#7182);
#7181 = CARTESIAN_POINT('',(0.,-0.));
#7182 = VECTOR('',#7183,1.);
#7183 = DIRECTION('',(-0.,1.));
#7184 = ( GEOMETRIC_REPRESENTATION_CONTEXT(2) 
PARAMETRIC_REPRESENTATION_CONTEXT() REPRESENTATION_CONTEXT('2D SPACE',''
  ) );
#7185 = ADVANCED_FACE('',(#7186,#7261),#7092,.F.);
#7186 = FACE_BOUND('',#7187,.T.);
#7187 = EDGE_LOOP('',(#7188,#7211,#7212,#7235));
#7188 = ORIENTED_EDGE('',*,*,#7189,.F.);
#7189 = EDGE_CURVE('',#7070,#7190,#7192,.T.);
#7190 = VERTEX_POINT('',#7191);
#7191 = CARTESIAN_POINT('',(1.708E+03,100.,1.068E+03));
#7192 = SURFACE_CURVE('',#7193,(#7197,#7204),.PCURVE_S1.);
#7193 = LINE('',#7194,#7195);
#7194 = CARTESIAN_POINT('',(1.738E+03,100.,1.068E+03));
#7195 = VECTOR('',#7196,1.);
#7196 = DIRECTION('',(-1.,-0.,-0.));
#7197 = PCURVE('',#7092,#7198);
#7198 = DEFINITIONAL_REPRESENTATION('',(#7199),#7203);
#7199 = LINE('',#7200,#7201);
#7200 = CARTESIAN_POINT('',(-0.,-0.));
#7201 = VECTOR('',#7202,1.);
#7202 = DIRECTION('',(-0.,1.));
#7203 = ( GEOMETRIC_REPRESENTATION_CONTEXT(2) 
PARAMETRIC_REPRESENTATION_CONTEXT() REPRESENTATION_CONTEXT('2D SPACE',''
  ) );
#7204 = PCURVE('',#7120,#7205);
#7205 = DEFINITIONAL_REPRESENTATION('',(#7206),#7210);
#7206 = LINE('',#7207,#7208);
#7207 = CARTESIAN_POINT('',(0.,-0.));
#7208 = VECTOR('',#7209,1.);
#7209 = DIRECTION('',(-1.,0.));
#7210 = ( GEOMETRIC_REPRESENTATION_CONTEXT(2) 
PARAMETRIC_REPRESENTATION_CONTEXT() REPRESENTATION_CONTEXT('2D SPACE',''
  ) );
#7211 = ORIENTED_EDGE('',*,*,#7069,.T.);
#7212 = ORIENTED_EDGE('',*,*,#7213,.T.);
#7213 = EDGE_CURVE('',#7072,#7214,#7216,.T.);
#7214 = VERTEX_POINT('',#7215);
#7215 = CARTESIAN_POINT('',(1.708E+03,100.,1.098E+03));
#7216 = SURFACE_CURVE('',#7217,(#7221,#7228),.PCURVE_S1.);
#7217 = LINE('',#7218,#7219);
#7218 = CARTESIAN_POINT('',(1.738E+03,100.,1.098E+03));
#7219 = VECTOR('',#7220,1.);
#7220 = DIRECTION('',(-1.,-0.,-0.));
#7221 = PCURVE('',#7092,#7222);
#7222 = DEFINITIONAL_REPRESENTATION('',(#7223),#7227);
#7223 = LINE('',#7224,#7225);
#7224 = CARTESIAN_POINT('',(-30.,-0.));
#7225 = VECTOR('',#7226,1.);
#7226 = DIRECTION('',(-0.,1.));
#7227 = ( GEOMETRIC_REPRESENTATION_CONTEXT(2) 
PARAMETRIC_REPRESENTATION_CONTEXT() REPRESENTATION_CONTEXT('2D SPACE',''
  ) );
#7228 = PCURVE('',#7174,#7229);
#7229 = DEFINITIONAL_REPRESENTATION('',(#7230),#7234);
#7230 = LINE('',#7231,#7232);
#7231 = CARTESIAN_POINT('',(0.,-0.));
#7232 = VECTOR('',#7233,1.);
#7233 = DIRECTION('',(-1.,0.));
#7234 = ( GEOMETRIC_REPRESENTATION_CONTEXT(2) 
PARAMETRIC_REPRESENTATION_CONTEXT() REPRESENTATION_CONTEXT('2D SPACE',''
  ) );
#7235 = ORIENTED_EDGE('',*,*,#7236,.F.);
#7236 = EDGE_CURVE('',#7190,#7214,#7237,.T.);
#7237 = SURFACE_CURVE('',#7238,(#7242,#7249),.PCURVE_S1.);
#7238 = LINE('',#7239,#7240);
#7239 = CARTESIAN_POINT('',(1.708E+03,100.,1.068E+03));
#7240 = VECTOR('',#7241,1.);
#7241 = DIRECTION('',(-0.,-0.,1.));
#7242 = PCURVE('',#7092,#7243);
#7243 = DEFINITIONAL_REPRESENTATION('',(#7244),#7248);
#7244 = LINE('',#7245,#7246);
#7245 = CARTESIAN_POINT('',(-0.,30.));
#7246 = VECTOR('',#7247,1.);
#7247 = DIRECTION('',(-1.,0.));
#7248 = ( GEOMETRIC_REPRESENTATION_CONTEXT(2) 
PARAMETRIC_REPRESENTATION_CONTEXT() REPRESENTATION_CONTEXT('2D SPACE',''
  ) );
#7249 = PCURVE('',#7250,#7255);
#7250 = PLANE('',#7251);
#7251 = AXIS2_PLACEMENT_3D('',#7252,#7253,#7254);
#7252 = CARTESIAN_POINT('',(1.708E+03,100.,1.068E+03));
#7253 = DIRECTION('',(-1.,-0.,-0.));
#7254 = DIRECTION('',(0.,0.,-1.));
#7255 = DEFINITIONAL_REPRESENTATION('',(#7256),#7260);
#7256 = LINE('',#7257,#7258);
#7257 = CARTESIAN_POINT('',(-0.,-0.));
#7258 = VECTOR('',#7259,1.);
#7259 = DIRECTION('',(-1.,-0.));
#7260 = ( GEOMETRIC_REPRESENTATION_CONTEXT(2) 
PARAMETRIC_REPRESENTATION_CONTEXT() REPRESENTATION_CONTEXT('2D SPACE',''
  ) );
#7261 = FACE_BOUND('',#7262,.T.);
#7262 = EDGE_LOOP('',(#7263,#7293,#7321,#7349));
#7263 = ORIENTED_EDGE('',*,*,#7264,.F.);
#7264 = EDGE_CURVE('',#7265,#7267,#7269,.T.);
#7265 = VERTEX_POINT('',#7266);
#7266 = CARTESIAN_POINT('',(1.736E+03,100.,1.096E+03));
#7267 = VERTEX_POINT('',#7268);
#7268 = CARTESIAN_POINT('',(1.71E+03,100.,1.096E+03));
#7269 = SURFACE_CURVE('',#7270,(#7274,#7281),.PCURVE_S1.);
#7270 = LINE('',#7271,#7272);
#7271 = CARTESIAN_POINT('',(1.737E+03,100.,1.096E+03));
#7272 = VECTOR('',#7273,1.);
#7273 = DIRECTION('',(-1.,-0.,-0.));
#7274 = PCURVE('',#7092,#7275);
#7275 = DEFINITIONAL_REPRESENTATION('',(#7276),#7280);
#7276 = LINE('',#7277,#7278);
#7277 = CARTESIAN_POINT('',(-28.,1.));
#7278 = VECTOR('',#7279,1.);
#7279 = DIRECTION('',(-0.,1.));
#7280 = ( GEOMETRIC_REPRESENTATION_CONTEXT(2) 
PARAMETRIC_REPRESENTATION_CONTEXT() REPRESENTATION_CONTEXT('2D SPACE',''
  ) );
#7281 = PCURVE('',#7282,#7287);
#7282 = PLANE('',#7283);
#7283 = AXIS2_PLACEMENT_3D('',#7284,#7285,#7286);
#7284 = CARTESIAN_POINT('',(1.736E+03,99.,1.096E+03));
#7285 = DIRECTION('',(-0.,-0.,1.));
#7286 = DIRECTION('',(1.,0.,0.));
#7287 = DEFINITIONAL_REPRESENTATION('',(#7288),#7292);
#7288 = LINE('',#7289,#7290);
#7289 = CARTESIAN_POINT('',(1.,1.));
#7290 = VECTOR('',#7291,1.);
#7291 = DIRECTION('',(-1.,0.));
#7292 = ( GEOMETRIC_REPRESENTATION_CONTEXT(2) 
PARAMETRIC_REPRESENTATION_CONTEXT() REPRESENTATION_CONTEXT('2D SPACE',''
  ) );
#7293 = ORIENTED_EDGE('',*,*,#7294,.T.);
#7294 = EDGE_CURVE('',#7265,#7295,#7297,.T.);
#7295 = VERTEX_POINT('',#7296);
#7296 = CARTESIAN_POINT('',(1.736E+03,100.,1.07E+03));
#7297 = SURFACE_CURVE('',#7298,(#7302,#7309),.PCURVE_S1.);
#7298 = LINE('',#7299,#7300);
#7299 = CARTESIAN_POINT('',(1.736E+03,100.,1.069E+03));
#7300 = VECTOR('',#7301,1.);
#7301 = DIRECTION('',(-0.,0.,-1.));
#7302 = PCURVE('',#7092,#7303);
#7303 = DEFINITIONAL_REPRESENTATION('',(#7304),#7308);
#7304 = LINE('',#7305,#7306);
#7305 = CARTESIAN_POINT('',(-1.,2.));
#7306 = VECTOR('',#7307,1.);
#7307 = DIRECTION('',(1.,-0.));
#7308 = ( GEOMETRIC_REPRESENTATION_CONTEXT(2) 
PARAMETRIC_REPRESENTATION_CONTEXT() REPRESENTATION_CONTEXT('2D SPACE',''
  ) );
#7309 = PCURVE('',#7310,#7315);
#7310 = PLANE('',#7311);
#7311 = AXIS2_PLACEMENT_3D('',#7312,#7313,#7314);
#7312 = CARTESIAN_POINT('',(1.736E+03,99.,1.07E+03));
#7313 = DIRECTION('',(-1.,-0.,-0.));
#7314 = DIRECTION('',(0.,0.,-1.));
#7315 = DEFINITIONAL_REPRESENTATION('',(#7316),#7320);
#7316 = LINE('',#7317,#7318);
#7317 = CARTESIAN_POINT('',(1.,-1.));
#7318 = VECTOR('',#7319,1.);
#7319 = DIRECTION('',(1.,-0.));
#7320 = ( GEOMETRIC_REPRESENTATION_CONTEXT(2) 
PARAMETRIC_REPRESENTATION_CONTEXT() REPRESENTATION_CONTEXT('2D SPACE',''
  ) );
#7321 = ORIENTED_EDGE('',*,*,#7322,.T.);
#7322 = EDGE_CURVE('',#7295,#7323,#7325,.T.);
#7323 = VERTEX_POINT('',#7324);
#7324 = CARTESIAN_POINT('',(1.71E+03,100.,1.07E+03));
#7325 = SURFACE_CURVE('',#7326,(#7330,#7337),.PCURVE_S1.);
#7326 = LINE('',#7327,#7328);
#7327 = CARTESIAN_POINT('',(1.737E+03,100.,1.07E+03));
#7328 = VECTOR('',#7329,1.);
#7329 = DIRECTION('',(-1.,-0.,-0.));
#7330 = PCURVE('',#7092,#7331);
#7331 = DEFINITIONAL_REPRESENTATION('',(#7332),#7336);
#7332 = LINE('',#7333,#7334);
#7333 = CARTESIAN_POINT('',(-2.,1.));
#7334 = VECTOR('',#7335,1.);
#7335 = DIRECTION('',(-0.,1.));
#7336 = ( GEOMETRIC_REPRESENTATION_CONTEXT(2) 
PARAMETRIC_REPRESENTATION_CONTEXT() REPRESENTATION_CONTEXT('2D SPACE',''
  ) );
#7337 = PCURVE('',#7338,#7343);
#7338 = PLANE('',#7339);
#7339 = AXIS2_PLACEMENT_3D('',#7340,#7341,#7342);
#7340 = CARTESIAN_POINT('',(1.736E+03,99.,1.07E+03));
#7341 = DIRECTION('',(-0.,-0.,1.));
#7342 = DIRECTION('',(1.,0.,0.));
#7343 = DEFINITIONAL_REPRESENTATION('',(#7344),#7348);
#7344 = LINE('',#7345,#7346);
#7345 = CARTESIAN_POINT('',(1.,1.));
#7346 = VECTOR('',#7347,1.);
#7347 = DIRECTION('',(-1.,0.));
#7348 = ( GEOMETRIC_REPRESENTATION_CONTEXT(2) 
PARAMETRIC_REPRESENTATION_CONTEXT() REPRESENTATION_CONTEXT('2D SPACE',''
  ) );
#7349 = ORIENTED_EDGE('',*,*,#7350,.F.);
#7350 = EDGE_CURVE('',#7267,#7323,#7351,.T.);
#7351 = SURFACE_CURVE('',#7352,(#7356,#7363),.PCURVE_S1.);
#7352 = LINE('',#7353,#7354);
#7353 = CARTESIAN_POINT('',(1.71E+03,100.,1.069E+03));
#7354 = VECTOR('',#7355,1.);
#7355 = DIRECTION('',(-0.,0.,-1.));
#7356 = PCURVE('',#7092,#7357);
#7357 = DEFINITIONAL_REPRESENTATION('',(#7358),#7362);
#7358 = LINE('',#7359,#7360);
#7359 = CARTESIAN_POINT('',(-1.,28.));
#7360 = VECTOR('',#7361,1.);
#7361 = DIRECTION('',(1.,-0.));
#7362 = ( GEOMETRIC_REPRESENTATION_CONTEXT(2) 
PARAMETRIC_REPRESENTATION_CONTEXT() REPRESENTATION_CONTEXT('2D SPACE',''
  ) );
#7363 = PCURVE('',#7364,#7369);
#7364 = PLANE('',#7365);
#7365 = AXIS2_PLACEMENT_3D('',#7366,#7367,#7368);
#7366 = CARTESIAN_POINT('',(1.71E+03,99.,1.07E+03));
#7367 = DIRECTION('',(-1.,-0.,-0.));
#7368 = DIRECTION('',(0.,0.,-1.));
#7369 = DEFINITIONAL_REPRESENTATION('',(#7370),#7374);
#7370 = LINE('',#7371,#7372);
#7371 = CARTESIAN_POINT('',(1.,-1.));
#7372 = VECTOR('',#7373,1.);
#7373 = DIRECTION('',(1.,-0.));
#7374 = ( GEOMETRIC_REPRESENTATION_CONTEXT(2) 
PARAMETRIC_REPRESENTATION_CONTEXT() REPRESENTATION_CONTEXT('2D SPACE',''
  ) );
#7375 = ADVANCED_FACE('',(#7376),#7174,.T.);
#7376 = FACE_BOUND('',#7377,.F.);
#7377 = EDGE_LOOP('',(#7378,#7379,#7380,#7403));
#7378 = ORIENTED_EDGE('',*,*,#7160,.F.);
#7379 = ORIENTED_EDGE('',*,*,#7213,.T.);
#7380 = ORIENTED_EDGE('',*,*,#7381,.T.);
#7381 = EDGE_CURVE('',#7214,#7382,#7384,.T.);
#7382 = VERTEX_POINT('',#7383);
#7383 = CARTESIAN_POINT('',(1.708E+03,1.E+03,1.098E+03));
#7384 = SURFACE_CURVE('',#7385,(#7389,#7396),.PCURVE_S1.);
#7385 = LINE('',#7386,#7387);
#7386 = CARTESIAN_POINT('',(1.708E+03,100.,1.098E+03));
#7387 = VECTOR('',#7388,1.);
#7388 = DIRECTION('',(-0.,1.,-0.));
#7389 = PCURVE('',#7174,#7390);
#7390 = DEFINITIONAL_REPRESENTATION('',(#7391),#7395);
#7391 = LINE('',#7392,#7393);
#7392 = CARTESIAN_POINT('',(-30.,0.));
#7393 = VECTOR('',#7394,1.);
#7394 = DIRECTION('',(-0.,1.));
#7395 = ( GEOMETRIC_REPRESENTATION_CONTEXT(2) 
PARAMETRIC_REPRESENTATION_CONTEXT() REPRESENTATION_CONTEXT('2D SPACE',''
  ) );
#7396 = PCURVE('',#7250,#7397);
#7397 = DEFINITIONAL_REPRESENTATION('',(#7398),#7402);
#7398 = LINE('',#7399,#7400);
#7399 = CARTESIAN_POINT('',(-30.,-0.));
#7400 = VECTOR('',#7401,1.);
#7401 = DIRECTION('',(-0.,-1.));
#7402 = ( GEOMETRIC_REPRESENTATION_CONTEXT(2) 
PARAMETRIC_REPRESENTATION_CONTEXT() REPRESENTATION_CONTEXT('2D SPACE',''
  ) );
#7403 = ORIENTED_EDGE('',*,*,#7404,.F.);
#7404 = EDGE_CURVE('',#7133,#7382,#7405,.T.);
#7405 = SURFACE_CURVE('',#7406,(#7410,#7417),.PCURVE_S1.);
#7406 = LINE('',#7407,#7408);
#7407 = CARTESIAN_POINT('',(1.738E+03,1.E+03,1.098E+03));
#7408 = VECTOR('',#7409,1.);
#7409 = DIRECTION('',(-1.,-0.,-0.));
#7410 = PCURVE('',#7174,#7411);
#7411 = DEFINITIONAL_REPRESENTATION('',(#7412),#7416);
#7412 = LINE('',#7413,#7414);
#7413 = CARTESIAN_POINT('',(0.,900.));
#7414 = VECTOR('',#7415,1.);
#7415 = DIRECTION('',(-1.,0.));
#7416 = ( GEOMETRIC_REPRESENTATION_CONTEXT(2) 
PARAMETRIC_REPRESENTATION_CONTEXT() REPRESENTATION_CONTEXT('2D SPACE',''
  ) );
#7417 = PCURVE('',#7148,#7418);
#7418 = DEFINITIONAL_REPRESENTATION('',(#7419),#7423);
#7419 = LINE('',#7420,#7421);
#7420 = CARTESIAN_POINT('',(-30.,-0.));
#7421 = VECTOR('',#7422,1.);
#7422 = DIRECTION('',(-0.,1.));
#7423 = ( GEOMETRIC_REPRESENTATION_CONTEXT(2) 
PARAMETRIC_REPRESENTATION_CONTEXT() REPRESENTATION_CONTEXT('2D SPACE',''
  ) );
#7424 = ADVANCED_FACE('',(#7425,#7473),#7148,.T.);
#7425 = FACE_BOUND('',#7426,.F.);
#7426 = EDGE_LOOP('',(#7427,#7450,#7451,#7452));
#7427 = ORIENTED_EDGE('',*,*,#7428,.F.);
#7428 = EDGE_CURVE('',#7105,#7429,#7431,.T.);
#7429 = VERTEX_POINT('',#7430);
#7430 = CARTESIAN_POINT('',(1.708E+03,1.E+03,1.068E+03));
#7431 = SURFACE_CURVE('',#7432,(#7436,#7443),.PCURVE_S1.);
#7432 = LINE('',#7433,#7434);
#7433 = CARTESIAN_POINT('',(1.738E+03,1.E+03,1.068E+03));
#7434 = VECTOR('',#7435,1.);
#7435 = DIRECTION('',(-1.,-0.,-0.));
#7436 = PCURVE('',#7148,#7437);
#7437 = DEFINITIONAL_REPRESENTATION('',(#7438),#7442);
#7438 = LINE('',#7439,#7440);
#7439 = CARTESIAN_POINT('',(-0.,-0.));
#7440 = VECTOR('',#7441,1.);
#7441 = DIRECTION('',(-0.,1.));
#7442 = ( GEOMETRIC_REPRESENTATION_CONTEXT(2) 
PARAMETRIC_REPRESENTATION_CONTEXT() REPRESENTATION_CONTEXT('2D SPACE',''
  ) );
#7443 = PCURVE('',#7120,#7444);
#7444 = DEFINITIONAL_REPRESENTATION('',(#7445),#7449);
#7445 = LINE('',#7446,#7447);
#7446 = CARTESIAN_POINT('',(0.,900.));
#7447 = VECTOR('',#7448,1.);
#7448 = DIRECTION('',(-1.,0.));
#7449 = ( GEOMETRIC_REPRESENTATION_CONTEXT(2) 
PARAMETRIC_REPRESENTATION_CONTEXT() REPRESENTATION_CONTEXT('2D SPACE',''
  ) );
#7450 = ORIENTED_EDGE('',*,*,#7132,.T.);
#7451 = ORIENTED_EDGE('',*,*,#7404,.T.);
#7452 = ORIENTED_EDGE('',*,*,#7453,.F.);
#7453 = EDGE_CURVE('',#7429,#7382,#7454,.T.);
#7454 = SURFACE_CURVE('',#7455,(#7459,#7466),.PCURVE_S1.);
#7455 = LINE('',#7456,#7457);
#7456 = CARTESIAN_POINT('',(1.708E+03,1.E+03,1.068E+03));
#7457 = VECTOR('',#7458,1.);
#7458 = DIRECTION('',(-0.,-0.,1.));
#7459 = PCURVE('',#7148,#7460);
#7460 = DEFINITIONAL_REPRESENTATION('',(#7461),#7465);
#7461 = LINE('',#7462,#7463);
#7462 = CARTESIAN_POINT('',(-0.,30.));
#7463 = VECTOR('',#7464,1.);
#7464 = DIRECTION('',(-1.,0.));
#7465 = ( GEOMETRIC_REPRESENTATION_CONTEXT(2) 
PARAMETRIC_REPRESENTATION_CONTEXT() REPRESENTATION_CONTEXT('2D SPACE',''
  ) );
#7466 = PCURVE('',#7250,#7467);
#7467 = DEFINITIONAL_REPRESENTATION('',(#7468),#7472);
#7468 = LINE('',#7469,#7470);
#7469 = CARTESIAN_POINT('',(-0.,-900.));
#7470 = VECTOR('',#7471,1.);
#7471 = DIRECTION('',(-1.,-0.));
#7472 = ( GEOMETRIC_REPRESENTATION_CONTEXT(2) 
PARAMETRIC_REPRESENTATION_CONTEXT() REPRESENTATION_CONTEXT('2D SPACE',''
  ) );
#7473 = FACE_BOUND('',#7474,.F.);
#7474 = EDGE_LOOP('',(#7475,#7500,#7523,#7546));
#7475 = ORIENTED_EDGE('',*,*,#7476,.F.);
#7476 = EDGE_CURVE('',#7477,#7479,#7481,.T.);
#7477 = VERTEX_POINT('',#7478);
#7478 = CARTESIAN_POINT('',(1.736E+03,1.E+03,1.096E+03));
#7479 = VERTEX_POINT('',#7480);
#7480 = CARTESIAN_POINT('',(1.71E+03,1.E+03,1.096E+03));
#7481 = SURFACE_CURVE('',#7482,(#7486,#7493),.PCURVE_S1.);
#7482 = LINE('',#7483,#7484);
#7483 = CARTESIAN_POINT('',(1.737E+03,1.E+03,1.096E+03));
#7484 = VECTOR('',#7485,1.);
#7485 = DIRECTION('',(-1.,-0.,-0.));
#7486 = PCURVE('',#7148,#7487);
#7487 = DEFINITIONAL_REPRESENTATION('',(#7488),#7492);
#7488 = LINE('',#7489,#7490);
#7489 = CARTESIAN_POINT('',(-28.,1.));
#7490 = VECTOR('',#7491,1.);
#7491 = DIRECTION('',(-0.,1.));
#7492 = ( GEOMETRIC_REPRESENTATION_CONTEXT(2) 
PARAMETRIC_REPRESENTATION_CONTEXT() REPRESENTATION_CONTEXT('2D SPACE',''
  ) );
#7493 = PCURVE('',#7282,#7494);
#7494 = DEFINITIONAL_REPRESENTATION('',(#7495),#7499);
#7495 = LINE('',#7496,#7497);
#7496 = CARTESIAN_POINT('',(1.,901.));
#7497 = VECTOR('',#7498,1.);
#7498 = DIRECTION('',(-1.,0.));
#7499 = ( GEOMETRIC_REPRESENTATION_CONTEXT(2) 
PARAMETRIC_REPRESENTATION_CONTEXT() REPRESENTATION_CONTEXT('2D SPACE',''
  ) );
#7500 = ORIENTED_EDGE('',*,*,#7501,.T.);
#7501 = EDGE_CURVE('',#7477,#7502,#7504,.T.);
#7502 = VERTEX_POINT('',#7503);
#7503 = CARTESIAN_POINT('',(1.736E+03,1.E+03,1.07E+03));
#7504 = SURFACE_CURVE('',#7505,(#7509,#7516),.PCURVE_S1.);
#7505 = LINE('',#7506,#7507);
#7506 = CARTESIAN_POINT('',(1.736E+03,1.E+03,1.069E+03));
#7507 = VECTOR('',#7508,1.);
#7508 = DIRECTION('',(-0.,0.,-1.));
#7509 = PCURVE('',#7148,#7510);
#7510 = DEFINITIONAL_REPRESENTATION('',(#7511),#7515);
#7511 = LINE('',#7512,#7513);
#7512 = CARTESIAN_POINT('',(-1.,2.));
#7513 = VECTOR('',#7514,1.);
#7514 = DIRECTION('',(1.,-0.));
#7515 = ( GEOMETRIC_REPRESENTATION_CONTEXT(2) 
PARAMETRIC_REPRESENTATION_CONTEXT() REPRESENTATION_CONTEXT('2D SPACE',''
  ) );
#7516 = PCURVE('',#7310,#7517);
#7517 = DEFINITIONAL_REPRESENTATION('',(#7518),#7522);
#7518 = LINE('',#7519,#7520);
#7519 = CARTESIAN_POINT('',(1.,-901.));
#7520 = VECTOR('',#7521,1.);
#7521 = DIRECTION('',(1.,-0.));
#7522 = ( GEOMETRIC_REPRESENTATION_CONTEXT(2) 
PARAMETRIC_REPRESENTATION_CONTEXT() REPRESENTATION_CONTEXT('2D SPACE',''
  ) );
#7523 = ORIENTED_EDGE('',*,*,#7524,.T.);
#7524 = EDGE_CURVE('',#7502,#7525,#7527,.T.);
#7525 = VERTEX_POINT('',#7526);
#7526 = CARTESIAN_POINT('',(1.71E+03,1.E+03,1.07E+03));
#7527 = SURFACE_CURVE('',#7528,(#7532,#7539),.PCURVE_S1.);
#7528 = LINE('',#7529,#7530);
#7529 = CARTESIAN_POINT('',(1.737E+03,1.E+03,1.07E+03));
#7530 = VECTOR('',#7531,1.);
#7531 = DIRECTION('',(-1.,-0.,-0.));
#7532 = PCURVE('',#7148,#7533);
#7533 = DEFINITIONAL_REPRESENTATION('',(#7534),#7538);
#7534 = LINE('',#7535,#7536);
#7535 = CARTESIAN_POINT('',(-2.,1.));
#7536 = VECTOR('',#7537,1.);
#7537 = DIRECTION('',(-0.,1.));
#7538 = ( GEOMETRIC_REPRESENTATION_CONTEXT(2) 
PARAMETRIC_REPRESENTATION_CONTEXT() REPRESENTATION_CONTEXT('2D SPACE',''
  ) );
#7539 = PCURVE('',#7338,#7540);
#7540 = DEFINITIONAL_REPRESENTATION('',(#7541),#7545);
#7541 = LINE('',#7542,#7543);
#7542 = CARTESIAN_POINT('',(1.,901.));
#7543 = VECTOR('',#7544,1.);
#7544 = DIRECTION('',(-1.,0.));
#7545 = ( GEOMETRIC_REPRESENTATION_CONTEXT(2) 
PARAMETRIC_REPRESENTATION_CONTEXT() REPRESENTATION_CONTEXT('2D SPACE',''
  ) );
#7546 = ORIENTED_EDGE('',*,*,#7547,.F.);
#7547 = EDGE_CURVE('',#7479,#7525,#7548,.T.);
#7548 = SURFACE_CURVE('',#7549,(#7553,#7560),.PCURVE_S1.);
#7549 = LINE('',#7550,#7551);
#7550 = CARTESIAN_POINT('',(1.71E+03,1.E+03,1.069E+03));
#7551 = VECTOR('',#7552,1.);
#7552 = DIRECTION('',(-0.,0.,-1.));
#7553 = PCURVE('',#7148,#7554);
#7554 = DEFINITIONAL_REPRESENTATION('',(#7555),#7559);
#7555 = LINE('',#7556,#7557);
#7556 = CARTESIAN_POINT('',(-1.,28.));
#7557 = VECTOR('',#7558,1.);
#7558 = DIRECTION('',(1.,-0.));
#7559 = ( GEOMETRIC_REPRESENTATION_CONTEXT(2) 
PARAMETRIC_REPRESENTATION_CONTEXT() REPRESENTATION_CONTEXT('2D SPACE',''
  ) );
#7560 = PCURVE('',#7364,#7561);
#7561 = DEFINITIONAL_REPRESENTATION('',(#7562),#7566);
#7562 = LINE('',#7563,#7564);
#7563 = CARTESIAN_POINT('',(1.,-901.));
#7564 = VECTOR('',#7565,1.);
#7565 = DIRECTION('',(1.,-0.));
#7566 = ( GEOMETRIC_REPRESENTATION_CONTEXT(2) 
PARAMETRIC_REPRESENTATION_CONTEXT() REPRESENTATION_CONTEXT('2D SPACE',''
  ) );
#7567 = ADVANCED_FACE('',(#7568),#7120,.F.);
#7568 = FACE_BOUND('',#7569,.T.);
#7569 = EDGE_LOOP('',(#7570,#7571,#7572,#7593));
#7570 = ORIENTED_EDGE('',*,*,#7104,.F.);
#7571 = ORIENTED_EDGE('',*,*,#7189,.T.);
#7572 = ORIENTED_EDGE('',*,*,#7573,.T.);
#7573 = EDGE_CURVE('',#7190,#7429,#7574,.T.);
#7574 = SURFACE_CURVE('',#7575,(#7579,#7586),.PCURVE_S1.);
#7575 = LINE('',#7576,#7577);
#7576 = CARTESIAN_POINT('',(1.708E+03,100.,1.068E+03));
#7577 = VECTOR('',#7578,1.);
#7578 = DIRECTION('',(-0.,1.,-0.));
#7579 = PCURVE('',#7120,#7580);
#7580 = DEFINITIONAL_REPRESENTATION('',(#7581),#7585);
#7581 = LINE('',#7582,#7583);
#7582 = CARTESIAN_POINT('',(-30.,0.));
#7583 = VECTOR('',#7584,1.);
#7584 = DIRECTION('',(-0.,1.));
#7585 = ( GEOMETRIC_REPRESENTATION_CONTEXT(2) 
PARAMETRIC_REPRESENTATION_CONTEXT() REPRESENTATION_CONTEXT('2D SPACE',''
  ) );
#7586 = PCURVE('',#7250,#7587);
#7587 = DEFINITIONAL_REPRESENTATION('',(#7588),#7592);
#7588 = LINE('',#7589,#7590);
#7589 = CARTESIAN_POINT('',(-0.,-0.));
#7590 = VECTOR('',#7591,1.);
#7591 = DIRECTION('',(-0.,-1.));
#7592 = ( GEOMETRIC_REPRESENTATION_CONTEXT(2) 
PARAMETRIC_REPRESENTATION_CONTEXT() REPRESENTATION_CONTEXT('2D SPACE',''
  ) );
#7593 = ORIENTED_EDGE('',*,*,#7428,.F.);
#7594 = ADVANCED_FACE('',(#7595),#7250,.T.);
#7595 = FACE_BOUND('',#7596,.F.);
#7596 = EDGE_LOOP('',(#7597,#7598,#7599,#7600));
#7597 = ORIENTED_EDGE('',*,*,#7236,.F.);
#7598 = ORIENTED_EDGE('',*,*,#7573,.T.);
#7599 = ORIENTED_EDGE('',*,*,#7453,.T.);
#7600 = ORIENTED_EDGE('',*,*,#7381,.F.);
#7601 = ADVANCED_FACE('',(#7602),#7282,.F.);
#7602 = FACE_BOUND('',#7603,.T.);
#7603 = EDGE_LOOP('',(#7604,#7625,#7626,#7647));
#7604 = ORIENTED_EDGE('',*,*,#7605,.F.);
#7605 = EDGE_CURVE('',#7265,#7477,#7606,.T.);
#7606 = SURFACE_CURVE('',#7607,(#7611,#7618),.PCURVE_S1.);
#7607 = LINE('',#7608,#7609);
#7608 = CARTESIAN_POINT('',(1.736E+03,99.,1.096E+03));
#7609 = VECTOR('',#7610,1.);
#7610 = DIRECTION('',(-0.,1.,-0.));
#7611 = PCURVE('',#7282,#7612);
#7612 = DEFINITIONAL_REPRESENTATION('',(#7613),#7617);
#7613 = LINE('',#7614,#7615);
#7614 = CARTESIAN_POINT('',(0.,-0.));
#7615 = VECTOR('',#7616,1.);
#7616 = DIRECTION('',(-0.,1.));
#7617 = ( GEOMETRIC_REPRESENTATION_CONTEXT(2) 
PARAMETRIC_REPRESENTATION_CONTEXT() REPRESENTATION_CONTEXT('2D SPACE',''
  ) );
#7618 = PCURVE('',#7310,#7619);
#7619 = DEFINITIONAL_REPRESENTATION('',(#7620),#7624);
#7620 = LINE('',#7621,#7622);
#7621 = CARTESIAN_POINT('',(-26.,-0.));
#7622 = VECTOR('',#7623,1.);
#7623 = DIRECTION('',(-0.,-1.));
#7624 = ( GEOMETRIC_REPRESENTATION_CONTEXT(2) 
PARAMETRIC_REPRESENTATION_CONTEXT() REPRESENTATION_CONTEXT('2D SPACE',''
  ) );
#7625 = ORIENTED_EDGE('',*,*,#7264,.T.);
#7626 = ORIENTED_EDGE('',*,*,#7627,.T.);
#7627 = EDGE_CURVE('',#7267,#7479,#7628,.T.);
#7628 = SURFACE_CURVE('',#7629,(#7633,#7640),.PCURVE_S1.);
#7629 = LINE('',#7630,#7631);
#7630 = CARTESIAN_POINT('',(1.71E+03,99.,1.096E+03));
#7631 = VECTOR('',#7632,1.);
#7632 = DIRECTION('',(-0.,1.,-0.));
#7633 = PCURVE('',#7282,#7634);
#7634 = DEFINITIONAL_REPRESENTATION('',(#7635),#7639);
#7635 = LINE('',#7636,#7637);
#7636 = CARTESIAN_POINT('',(-26.,0.));
#7637 = VECTOR('',#7638,1.);
#7638 = DIRECTION('',(-0.,1.));
#7639 = ( GEOMETRIC_REPRESENTATION_CONTEXT(2) 
PARAMETRIC_REPRESENTATION_CONTEXT() REPRESENTATION_CONTEXT('2D SPACE',''
  ) );
#7640 = PCURVE('',#7364,#7641);
#7641 = DEFINITIONAL_REPRESENTATION('',(#7642),#7646);
#7642 = LINE('',#7643,#7644);
#7643 = CARTESIAN_POINT('',(-26.,-0.));
#7644 = VECTOR('',#7645,1.);
#7645 = DIRECTION('',(-0.,-1.));
#7646 = ( GEOMETRIC_REPRESENTATION_CONTEXT(2) 
PARAMETRIC_REPRESENTATION_CONTEXT() REPRESENTATION_CONTEXT('2D SPACE',''
  ) );
#7647 = ORIENTED_EDGE('',*,*,#7476,.F.);
#7648 = ADVANCED_FACE('',(#7649),#7364,.F.);
#7649 = FACE_BOUND('',#7650,.T.);
#7650 = EDGE_LOOP('',(#7651,#7652,#7653,#7674));
#7651 = ORIENTED_EDGE('',*,*,#7627,.F.);
#7652 = ORIENTED_EDGE('',*,*,#7350,.T.);
#7653 = ORIENTED_EDGE('',*,*,#7654,.T.);
#7654 = EDGE_CURVE('',#7323,#7525,#7655,.T.);
#7655 = SURFACE_CURVE('',#7656,(#7660,#7667),.PCURVE_S1.);
#7656 = LINE('',#7657,#7658);
#7657 = CARTESIAN_POINT('',(1.71E+03,99.,1.07E+03));
#7658 = VECTOR('',#7659,1.);
#7659 = DIRECTION('',(-0.,1.,-0.));
#7660 = PCURVE('',#7364,#7661);
#7661 = DEFINITIONAL_REPRESENTATION('',(#7662),#7666);
#7662 = LINE('',#7663,#7664);
#7663 = CARTESIAN_POINT('',(-0.,-0.));
#7664 = VECTOR('',#7665,1.);
#7665 = DIRECTION('',(-0.,-1.));
#7666 = ( GEOMETRIC_REPRESENTATION_CONTEXT(2) 
PARAMETRIC_REPRESENTATION_CONTEXT() REPRESENTATION_CONTEXT('2D SPACE',''
  ) );
#7667 = PCURVE('',#7338,#7668);
#7668 = DEFINITIONAL_REPRESENTATION('',(#7669),#7673);
#7669 = LINE('',#7670,#7671);
#7670 = CARTESIAN_POINT('',(-26.,0.));
#7671 = VECTOR('',#7672,1.);
#7672 = DIRECTION('',(-0.,1.));
#7673 = ( GEOMETRIC_REPRESENTATION_CONTEXT(2) 
PARAMETRIC_REPRESENTATION_CONTEXT() REPRESENTATION_CONTEXT('2D SPACE',''
  ) );
#7674 = ORIENTED_EDGE('',*,*,#7547,.F.);
#7675 = ADVANCED_FACE('',(#7676),#7338,.T.);
#7676 = FACE_BOUND('',#7677,.F.);
#7677 = EDGE_LOOP('',(#7678,#7699,#7700,#7701));
#7678 = ORIENTED_EDGE('',*,*,#7679,.F.);
#7679 = EDGE_CURVE('',#7295,#7502,#7680,.T.);
#7680 = SURFACE_CURVE('',#7681,(#7685,#7692),.PCURVE_S1.);
#7681 = LINE('',#7682,#7683);
#7682 = CARTESIAN_POINT('',(1.736E+03,99.,1.07E+03));
#7683 = VECTOR('',#7684,1.);
#7684 = DIRECTION('',(-0.,1.,-0.));
#7685 = PCURVE('',#7338,#7686);
#7686 = DEFINITIONAL_REPRESENTATION('',(#7687),#7691);
#7687 = LINE('',#7688,#7689);
#7688 = CARTESIAN_POINT('',(0.,-0.));
#7689 = VECTOR('',#7690,1.);
#7690 = DIRECTION('',(-0.,1.));
#7691 = ( GEOMETRIC_REPRESENTATION_CONTEXT(2) 
PARAMETRIC_REPRESENTATION_CONTEXT() REPRESENTATION_CONTEXT('2D SPACE',''
  ) );
#7692 = PCURVE('',#7310,#7693);
#7693 = DEFINITIONAL_REPRESENTATION('',(#7694),#7698);
#7694 = LINE('',#7695,#7696);
#7695 = CARTESIAN_POINT('',(-0.,-0.));
#7696 = VECTOR('',#7697,1.);
#7697 = DIRECTION('',(-0.,-1.));
#7698 = ( GEOMETRIC_REPRESENTATION_CONTEXT(2) 
PARAMETRIC_REPRESENTATION_CONTEXT() REPRESENTATION_CONTEXT('2D SPACE',''
  ) );
#7699 = ORIENTED_EDGE('',*,*,#7322,.T.);
#7700 = ORIENTED_EDGE('',*,*,#7654,.T.);
#7701 = ORIENTED_EDGE('',*,*,#7524,.F.);
#7702 = ADVANCED_FACE('',(#7703),#7310,.T.);
#7703 = FACE_BOUND('',#7704,.F.);
#7704 = EDGE_LOOP('',(#7705,#7706,#7707,#7708));
#7705 = ORIENTED_EDGE('',*,*,#7605,.F.);
#7706 = ORIENTED_EDGE('',*,*,#7294,.T.);
#7707 = ORIENTED_EDGE('',*,*,#7679,.T.);
#7708 = ORIENTED_EDGE('',*,*,#7501,.F.);
#7709 = ( GEOMETRIC_REPRESENTATION_CONTEXT(3) 
GLOBAL_UNCERTAINTY_ASSIGNED_CONTEXT((#7713)) 
GLOBAL_UNIT_ASSIGNED_CONTEXT((#7710,#7711,#7712)) REPRESENTATION_CONTEXT
('Context #1','3D Context with UNIT and UNCERTAINTY') );
#7710 = ( LENGTH_UNIT() NAMED_UNIT(*) SI_UNIT(.MILLI.,.METRE.) );
#7711 = ( NAMED_UNIT(*) PLANE_ANGLE_UNIT() SI_UNIT($,.RADIAN.) );
#7712 = ( NAMED_UNIT(*) SI_UNIT($,.STERADIAN.) SOLID_ANGLE_UNIT() );
#7713 = UNCERTAINTY_MEASURE_WITH_UNIT(LENGTH_MEASURE(1.E-07),#7710,
  'distance_accuracy_value','confusion accuracy');
#7714 = CONTEXT_DEPENDENT_SHAPE_REPRESENTATION(#7715,#7717);
#7715 = ( REPRESENTATION_RELATIONSHIP('','',#7062,#10) 
REPRESENTATION_RELATIONSHIP_WITH_TRANSFORMATION(#7716) 
SHAPE_REPRESENTATION_RELATIONSHIP() );
#7716 = ITEM_DEFINED_TRANSFORMATION('','',#11,#55);
#7717 = PRODUCT_DEFINITION_SHAPE('Placement','Placement of an item',
  #7718);
#7718 = NEXT_ASSEMBLY_USAGE_OCCURRENCE('327','','',#5,#7057,$);
#7719 = PRODUCT_RELATED_PRODUCT_CATEGORY('part',$,(#7059));
#7720 = SHAPE_DEFINITION_REPRESENTATION(#7721,#7727);
#7721 = PRODUCT_DEFINITION_SHAPE('','',#7722);
#7722 = PRODUCT_DEFINITION('design','',#7723,#7726);
#7723 = PRODUCT_DEFINITION_FORMATION('','',#7724);
#7724 = PRODUCT('Open CASCADE STEP translator 7.9 12.12',
  'Open CASCADE STEP translator 7.9 12.12','',(#7725));
#7725 = PRODUCT_CONTEXT('',#2,'mechanical');
#7726 = PRODUCT_DEFINITION_CONTEXT('part definition',#2,'design');
#7727 = ADVANCED_BREP_SHAPE_REPRESENTATION('',(#11,#7728),#8374);
#7728 = MANIFOLD_SOLID_BREP('',#7729);
#7729 = CLOSED_SHELL('',(#7730,#7964,#8040,#8089,#8138,#8165,#8236,#8285
    ,#8334,#8361));
#7730 = ADVANCED_FACE('',(#7731,#7850),#7745,.F.);
#7731 = FACE_BOUND('',#7732,.T.);
#7732 = EDGE_LOOP('',(#7733,#7768,#7796,#7824));
#7733 = ORIENTED_EDGE('',*,*,#7734,.F.);
#7734 = EDGE_CURVE('',#7735,#7737,#7739,.T.);
#7735 = VERTEX_POINT('',#7736);
#7736 = CARTESIAN_POINT('',(2.128E+03,70.,1.068E+03));
#7737 = VERTEX_POINT('',#7738);
#7738 = CARTESIAN_POINT('',(2.128E+03,70.,1.098E+03));
#7739 = SURFACE_CURVE('',#7740,(#7744,#7756),.PCURVE_S1.);
#7740 = LINE('',#7741,#7742);
#7741 = CARTESIAN_POINT('',(2.128E+03,70.,1.068E+03));
#7742 = VECTOR('',#7743,1.);
#7743 = DIRECTION('',(-0.,-0.,1.));
#7744 = PCURVE('',#7745,#7750);
#7745 = PLANE('',#7746);
#7746 = AXIS2_PLACEMENT_3D('',#7747,#7748,#7749);
#7747 = CARTESIAN_POINT('',(2.128E+03,70.,1.068E+03));
#7748 = DIRECTION('',(-1.,-0.,-0.));
#7749 = DIRECTION('',(0.,0.,-1.));
#7750 = DEFINITIONAL_REPRESENTATION('',(#7751),#7755);
#7751 = LINE('',#7752,#7753);
#7752 = CARTESIAN_POINT('',(-0.,-0.));
#7753 = VECTOR('',#7754,1.);
#7754 = DIRECTION('',(-1.,-0.));
#7755 = ( GEOMETRIC_REPRESENTATION_CONTEXT(2) 
PARAMETRIC_REPRESENTATION_CONTEXT() REPRESENTATION_CONTEXT('2D SPACE',''
  ) );
#7756 = PCURVE('',#7757,#7762);
#7757 = PLANE('',#7758);
#7758 = AXIS2_PLACEMENT_3D('',#7759,#7760,#7761);
#7759 = CARTESIAN_POINT('',(2.128E+03,70.,1.068E+03));
#7760 = DIRECTION('',(-0.,1.,-0.));
#7761 = DIRECTION('',(0.,0.,-1.));
#7762 = DEFINITIONAL_REPRESENTATION('',(#7763),#7767);
#7763 = LINE('',#7764,#7765);
#7764 = CARTESIAN_POINT('',(-0.,-0.));
#7765 = VECTOR('',#7766,1.);
#7766 = DIRECTION('',(-1.,0.));
#7767 = ( GEOMETRIC_REPRESENTATION_CONTEXT(2) 
PARAMETRIC_REPRESENTATION_CONTEXT() REPRESENTATION_CONTEXT('2D SPACE',''
  ) );
#7768 = ORIENTED_EDGE('',*,*,#7769,.T.);
#7769 = EDGE_CURVE('',#7735,#7770,#7772,.T.);
#7770 = VERTEX_POINT('',#7771);
#7771 = CARTESIAN_POINT('',(2.128E+03,100.,1.068E+03));
#7772 = SURFACE_CURVE('',#7773,(#7777,#7784),.PCURVE_S1.);
#7773 = LINE('',#7774,#7775);
#7774 = CARTESIAN_POINT('',(2.128E+03,70.,1.068E+03));
#7775 = VECTOR('',#7776,1.);
#7776 = DIRECTION('',(-0.,1.,-0.));
#7777 = PCURVE('',#7745,#7778);
#7778 = DEFINITIONAL_REPRESENTATION('',(#7779),#7783);
#7779 = LINE('',#7780,#7781);
#7780 = CARTESIAN_POINT('',(-0.,-0.));
#7781 = VECTOR('',#7782,1.);
#7782 = DIRECTION('',(-0.,-1.));
#7783 = ( GEOMETRIC_REPRESENTATION_CONTEXT(2) 
PARAMETRIC_REPRESENTATION_CONTEXT() REPRESENTATION_CONTEXT('2D SPACE',''
  ) );
#7784 = PCURVE('',#7785,#7790);
#7785 = PLANE('',#7786);
#7786 = AXIS2_PLACEMENT_3D('',#7787,#7788,#7789);
#7787 = CARTESIAN_POINT('',(2.128E+03,70.,1.068E+03));
#7788 = DIRECTION('',(-0.,-0.,1.));
#7789 = DIRECTION('',(1.,0.,0.));
#7790 = DEFINITIONAL_REPRESENTATION('',(#7791),#7795);
#7791 = LINE('',#7792,#7793);
#7792 = CARTESIAN_POINT('',(0.,-0.));
#7793 = VECTOR('',#7794,1.);
#7794 = DIRECTION('',(-0.,1.));
#7795 = ( GEOMETRIC_REPRESENTATION_CONTEXT(2) 
PARAMETRIC_REPRESENTATION_CONTEXT() REPRESENTATION_CONTEXT('2D SPACE',''
  ) );
#7796 = ORIENTED_EDGE('',*,*,#7797,.T.);
#7797 = EDGE_CURVE('',#7770,#7798,#7800,.T.);
#7798 = VERTEX_POINT('',#7799);
#7799 = CARTESIAN_POINT('',(2.128E+03,100.,1.098E+03));
#7800 = SURFACE_CURVE('',#7801,(#7805,#7812),.PCURVE_S1.);
#7801 = LINE('',#7802,#7803);
#7802 = CARTESIAN_POINT('',(2.128E+03,100.,1.068E+03));
#7803 = VECTOR('',#7804,1.);
#7804 = DIRECTION('',(-0.,-0.,1.));
#7805 = PCURVE('',#7745,#7806);
#7806 = DEFINITIONAL_REPRESENTATION('',(#7807),#7811);
#7807 = LINE('',#7808,#7809);
#7808 = CARTESIAN_POINT('',(-0.,-30.));
#7809 = VECTOR('',#7810,1.);
#7810 = DIRECTION('',(-1.,-0.));
#7811 = ( GEOMETRIC_REPRESENTATION_CONTEXT(2) 
PARAMETRIC_REPRESENTATION_CONTEXT() REPRESENTATION_CONTEXT('2D SPACE',''
  ) );
#7812 = PCURVE('',#7813,#7818);
#7813 = PLANE('',#7814);
#7814 = AXIS2_PLACEMENT_3D('',#7815,#7816,#7817);
#7815 = CARTESIAN_POINT('',(2.128E+03,100.,1.068E+03));
#7816 = DIRECTION('',(-0.,1.,-0.));
#7817 = DIRECTION('',(0.,0.,-1.));
#7818 = DEFINITIONAL_REPRESENTATION('',(#7819),#7823);
#7819 = LINE('',#7820,#7821);
#7820 = CARTESIAN_POINT('',(-0.,-0.));
#7821 = VECTOR('',#7822,1.);
#7822 = DIRECTION('',(-1.,0.));
#7823 = ( GEOMETRIC_REPRESENTATION_CONTEXT(2) 
PARAMETRIC_REPRESENTATION_CONTEXT() REPRESENTATION_CONTEXT('2D SPACE',''
  ) );
#7824 = ORIENTED_EDGE('',*,*,#7825,.F.);
#7825 = EDGE_CURVE('',#7737,#7798,#7826,.T.);
#7826 = SURFACE_CURVE('',#7827,(#7831,#7838),.PCURVE_S1.);
#7827 = LINE('',#7828,#7829);
#7828 = CARTESIAN_POINT('',(2.128E+03,70.,1.098E+03));
#7829 = VECTOR('',#7830,1.);
#7830 = DIRECTION('',(-0.,1.,-0.));
#7831 = PCURVE('',#7745,#7832);
#7832 = DEFINITIONAL_REPRESENTATION('',(#7833),#7837);
#7833 = LINE('',#7834,#7835);
#7834 = CARTESIAN_POINT('',(-30.,-0.));
#7835 = VECTOR('',#7836,1.);
#7836 = DIRECTION('',(-0.,-1.));
#7837 = ( GEOMETRIC_REPRESENTATION_CONTEXT(2) 
PARAMETRIC_REPRESENTATION_CONTEXT() REPRESENTATION_CONTEXT('2D SPACE',''
  ) );
#7838 = PCURVE('',#7839,#7844);
#7839 = PLANE('',#7840);
#7840 = AXIS2_PLACEMENT_3D('',#7841,#7842,#7843);
#7841 = CARTESIAN_POINT('',(2.128E+03,70.,1.098E+03));
#7842 = DIRECTION('',(-0.,-0.,1.));
#7843 = DIRECTION('',(1.,0.,0.));
#7844 = DEFINITIONAL_REPRESENTATION('',(#7845),#7849);
#7845 = LINE('',#7846,#7847);
#7846 = CARTESIAN_POINT('',(0.,-0.));
#7847 = VECTOR('',#7848,1.);
#7848 = DIRECTION('',(-0.,1.));
#7849 = ( GEOMETRIC_REPRESENTATION_CONTEXT(2) 
PARAMETRIC_REPRESENTATION_CONTEXT() REPRESENTATION_CONTEXT('2D SPACE',''
  ) );
#7850 = FACE_BOUND('',#7851,.T.);
#7851 = EDGE_LOOP('',(#7852,#7882,#7910,#7938));
#7852 = ORIENTED_EDGE('',*,*,#7853,.T.);
#7853 = EDGE_CURVE('',#7854,#7856,#7858,.T.);
#7854 = VERTEX_POINT('',#7855);
#7855 = CARTESIAN_POINT('',(2.128E+03,98.,1.07E+03));
#7856 = VERTEX_POINT('',#7857);
#7857 = CARTESIAN_POINT('',(2.128E+03,72.,1.07E+03));
#7858 = SURFACE_CURVE('',#7859,(#7863,#7870),.PCURVE_S1.);
#7859 = LINE('',#7860,#7861);
#7860 = CARTESIAN_POINT('',(2.128E+03,71.,1.07E+03));
#7861 = VECTOR('',#7862,1.);
#7862 = DIRECTION('',(-0.,-1.,-0.));
#7863 = PCURVE('',#7745,#7864);
#7864 = DEFINITIONAL_REPRESENTATION('',(#7865),#7869);
#7865 = LINE('',#7866,#7867);
#7866 = CARTESIAN_POINT('',(-2.,-1.));
#7867 = VECTOR('',#7868,1.);
#7868 = DIRECTION('',(-0.,1.));
#7869 = ( GEOMETRIC_REPRESENTATION_CONTEXT(2) 
PARAMETRIC_REPRESENTATION_CONTEXT() REPRESENTATION_CONTEXT('2D SPACE',''
  ) );
#7870 = PCURVE('',#7871,#7876);
#7871 = PLANE('',#7872);
#7872 = AXIS2_PLACEMENT_3D('',#7873,#7874,#7875);
#7873 = CARTESIAN_POINT('',(2.129E+03,72.,1.07E+03));
#7874 = DIRECTION('',(-0.,-0.,1.));
#7875 = DIRECTION('',(1.,0.,0.));
#7876 = DEFINITIONAL_REPRESENTATION('',(#7877),#7881);
#7877 = LINE('',#7878,#7879);
#7878 = CARTESIAN_POINT('',(-1.,-1.));
#7879 = VECTOR('',#7880,1.);
#7880 = DIRECTION('',(-0.,-1.));
#7881 = ( GEOMETRIC_REPRESENTATION_CONTEXT(2) 
PARAMETRIC_REPRESENTATION_CONTEXT() REPRESENTATION_CONTEXT('2D SPACE',''
  ) );
#7882 = ORIENTED_EDGE('',*,*,#7883,.T.);
#7883 = EDGE_CURVE('',#7856,#7884,#7886,.T.);
#7884 = VERTEX_POINT('',#7885);
#7885 = CARTESIAN_POINT('',(2.128E+03,72.,1.096E+03));
#7886 = SURFACE_CURVE('',#7887,(#7891,#7898),.PCURVE_S1.);
#7887 = LINE('',#7888,#7889);
#7888 = CARTESIAN_POINT('',(2.128E+03,72.,1.069E+03));
#7889 = VECTOR('',#7890,1.);
#7890 = DIRECTION('',(-0.,-0.,1.));
#7891 = PCURVE('',#7745,#7892);
#7892 = DEFINITIONAL_REPRESENTATION('',(#7893),#7897);
#7893 = LINE('',#7894,#7895);
#7894 = CARTESIAN_POINT('',(-1.,-2.));
#7895 = VECTOR('',#7896,1.);
#7896 = DIRECTION('',(-1.,-0.));
#7897 = ( GEOMETRIC_REPRESENTATION_CONTEXT(2) 
PARAMETRIC_REPRESENTATION_CONTEXT() REPRESENTATION_CONTEXT('2D SPACE',''
  ) );
#7898 = PCURVE('',#7899,#7904);
#7899 = PLANE('',#7900);
#7900 = AXIS2_PLACEMENT_3D('',#7901,#7902,#7903);
#7901 = CARTESIAN_POINT('',(2.129E+03,72.,1.07E+03));
#7902 = DIRECTION('',(-0.,1.,-0.));
#7903 = DIRECTION('',(0.,0.,-1.));
#7904 = DEFINITIONAL_REPRESENTATION('',(#7905),#7909);
#7905 = LINE('',#7906,#7907);
#7906 = CARTESIAN_POINT('',(1.,1.));
#7907 = VECTOR('',#7908,1.);
#7908 = DIRECTION('',(-1.,0.));
#7909 = ( GEOMETRIC_REPRESENTATION_CONTEXT(2) 
PARAMETRIC_REPRESENTATION_CONTEXT() REPRESENTATION_CONTEXT('2D SPACE',''
  ) );
#7910 = ORIENTED_EDGE('',*,*,#7911,.F.);
#7911 = EDGE_CURVE('',#7912,#7884,#7914,.T.);
#7912 = VERTEX_POINT('',#7913);
#7913 = CARTESIAN_POINT('',(2.128E+03,98.,1.096E+03));
#7914 = SURFACE_CURVE('',#7915,(#7919,#7926),.PCURVE_S1.);
#7915 = LINE('',#7916,#7917);
#7916 = CARTESIAN_POINT('',(2.128E+03,71.,1.096E+03));
#7917 = VECTOR('',#7918,1.);
#7918 = DIRECTION('',(-0.,-1.,-0.));
#7919 = PCURVE('',#7745,#7920);
#7920 = DEFINITIONAL_REPRESENTATION('',(#7921),#7925);
#7921 = LINE('',#7922,#7923);
#7922 = CARTESIAN_POINT('',(-28.,-1.));
#7923 = VECTOR('',#7924,1.);
#7924 = DIRECTION('',(-0.,1.));
#7925 = ( GEOMETRIC_REPRESENTATION_CONTEXT(2) 
PARAMETRIC_REPRESENTATION_CONTEXT() REPRESENTATION_CONTEXT('2D SPACE',''
  ) );
#7926 = PCURVE('',#7927,#7932);
#7927 = PLANE('',#7928);
#7928 = AXIS2_PLACEMENT_3D('',#7929,#7930,#7931);
#7929 = CARTESIAN_POINT('',(2.129E+03,72.,1.096E+03));
#7930 = DIRECTION('',(-0.,-0.,1.));
#7931 = DIRECTION('',(1.,0.,0.));
#7932 = DEFINITIONAL_REPRESENTATION('',(#7933),#7937);
#7933 = LINE('',#7934,#7935);
#7934 = CARTESIAN_POINT('',(-1.,-1.));
#7935 = VECTOR('',#7936,1.);
#7936 = DIRECTION('',(-0.,-1.));
#7937 = ( GEOMETRIC_REPRESENTATION_CONTEXT(2) 
PARAMETRIC_REPRESENTATION_CONTEXT() REPRESENTATION_CONTEXT('2D SPACE',''
  ) );
#7938 = ORIENTED_EDGE('',*,*,#7939,.F.);
#7939 = EDGE_CURVE('',#7854,#7912,#7940,.T.);
#7940 = SURFACE_CURVE('',#7941,(#7945,#7952),.PCURVE_S1.);
#7941 = LINE('',#7942,#7943);
#7942 = CARTESIAN_POINT('',(2.128E+03,98.,1.069E+03));
#7943 = VECTOR('',#7944,1.);
#7944 = DIRECTION('',(-0.,-0.,1.));
#7945 = PCURVE('',#7745,#7946);
#7946 = DEFINITIONAL_REPRESENTATION('',(#7947),#7951);
#7947 = LINE('',#7948,#7949);
#7948 = CARTESIAN_POINT('',(-1.,-28.));
#7949 = VECTOR('',#7950,1.);
#7950 = DIRECTION('',(-1.,-0.));
#7951 = ( GEOMETRIC_REPRESENTATION_CONTEXT(2) 
PARAMETRIC_REPRESENTATION_CONTEXT() REPRESENTATION_CONTEXT('2D SPACE',''
  ) );
#7952 = PCURVE('',#7953,#7958);
#7953 = PLANE('',#7954);
#7954 = AXIS2_PLACEMENT_3D('',#7955,#7956,#7957);
#7955 = CARTESIAN_POINT('',(2.129E+03,98.,1.07E+03));
#7956 = DIRECTION('',(-0.,1.,-0.));
#7957 = DIRECTION('',(0.,0.,-1.));
#7958 = DEFINITIONAL_REPRESENTATION('',(#7959),#7963);
#7959 = LINE('',#7960,#7961);
#7960 = CARTESIAN_POINT('',(1.,1.));
#7961 = VECTOR('',#7962,1.);
#7962 = DIRECTION('',(-1.,0.));
#7963 = ( GEOMETRIC_REPRESENTATION_CONTEXT(2) 
PARAMETRIC_REPRESENTATION_CONTEXT() REPRESENTATION_CONTEXT('2D SPACE',''
  ) );
#7964 = ADVANCED_FACE('',(#7965),#7757,.F.);
#7965 = FACE_BOUND('',#7966,.T.);
#7966 = EDGE_LOOP('',(#7967,#7990,#7991,#8014));
#7967 = ORIENTED_EDGE('',*,*,#7968,.F.);
#7968 = EDGE_CURVE('',#7735,#7969,#7971,.T.);
#7969 = VERTEX_POINT('',#7970);
#7970 = CARTESIAN_POINT('',(1.738E+03,70.,1.068E+03));
#7971 = SURFACE_CURVE('',#7972,(#7976,#7983),.PCURVE_S1.);
#7972 = LINE('',#7973,#7974);
#7973 = CARTESIAN_POINT('',(2.128E+03,70.,1.068E+03));
#7974 = VECTOR('',#7975,1.);
#7975 = DIRECTION('',(-1.,-0.,-0.));
#7976 = PCURVE('',#7757,#7977);
#7977 = DEFINITIONAL_REPRESENTATION('',(#7978),#7982);
#7978 = LINE('',#7979,#7980);
#7979 = CARTESIAN_POINT('',(-0.,-0.));
#7980 = VECTOR('',#7981,1.);
#7981 = DIRECTION('',(-0.,1.));
#7982 = ( GEOMETRIC_REPRESENTATION_CONTEXT(2) 
PARAMETRIC_REPRESENTATION_CONTEXT() REPRESENTATION_CONTEXT('2D SPACE',''
  ) );
#7983 = PCURVE('',#7785,#7984);
#7984 = DEFINITIONAL_REPRESENTATION('',(#7985),#7989);
#7985 = LINE('',#7986,#7987);
#7986 = CARTESIAN_POINT('',(0.,-0.));
#7987 = VECTOR('',#7988,1.);
#7988 = DIRECTION('',(-1.,0.));
#7989 = ( GEOMETRIC_REPRESENTATION_CONTEXT(2) 
PARAMETRIC_REPRESENTATION_CONTEXT() REPRESENTATION_CONTEXT('2D SPACE',''
  ) );
#7990 = ORIENTED_EDGE('',*,*,#7734,.T.);
#7991 = ORIENTED_EDGE('',*,*,#7992,.T.);
#7992 = EDGE_CURVE('',#7737,#7993,#7995,.T.);
#7993 = VERTEX_POINT('',#7994);
#7994 = CARTESIAN_POINT('',(1.738E+03,70.,1.098E+03));
#7995 = SURFACE_CURVE('',#7996,(#8000,#8007),.PCURVE_S1.);
#7996 = LINE('',#7997,#7998);
#7997 = CARTESIAN_POINT('',(2.128E+03,70.,1.098E+03));
#7998 = VECTOR('',#7999,1.);
#7999 = DIRECTION('',(-1.,-0.,-0.));
#8000 = PCURVE('',#7757,#8001);
#8001 = DEFINITIONAL_REPRESENTATION('',(#8002),#8006);
#8002 = LINE('',#8003,#8004);
#8003 = CARTESIAN_POINT('',(-30.,-0.));
#8004 = VECTOR('',#8005,1.);
#8005 = DIRECTION('',(-0.,1.));
#8006 = ( GEOMETRIC_REPRESENTATION_CONTEXT(2) 
PARAMETRIC_REPRESENTATION_CONTEXT() REPRESENTATION_CONTEXT('2D SPACE',''
  ) );
#8007 = PCURVE('',#7839,#8008);
#8008 = DEFINITIONAL_REPRESENTATION('',(#8009),#8013);
#8009 = LINE('',#8010,#8011);
#8010 = CARTESIAN_POINT('',(0.,-0.));
#8011 = VECTOR('',#8012,1.);
#8012 = DIRECTION('',(-1.,0.));
#8013 = ( GEOMETRIC_REPRESENTATION_CONTEXT(2) 
PARAMETRIC_REPRESENTATION_CONTEXT() REPRESENTATION_CONTEXT('2D SPACE',''
  ) );
#8014 = ORIENTED_EDGE('',*,*,#8015,.F.);
#8015 = EDGE_CURVE('',#7969,#7993,#8016,.T.);
#8016 = SURFACE_CURVE('',#8017,(#8021,#8028),.PCURVE_S1.);
#8017 = LINE('',#8018,#8019);
#8018 = CARTESIAN_POINT('',(1.738E+03,70.,1.068E+03));
#8019 = VECTOR('',#8020,1.);
#8020 = DIRECTION('',(-0.,-0.,1.));
#8021 = PCURVE('',#7757,#8022);
#8022 = DEFINITIONAL_REPRESENTATION('',(#8023),#8027);
#8023 = LINE('',#8024,#8025);
#8024 = CARTESIAN_POINT('',(-0.,390.));
#8025 = VECTOR('',#8026,1.);
#8026 = DIRECTION('',(-1.,0.));
#8027 = ( GEOMETRIC_REPRESENTATION_CONTEXT(2) 
PARAMETRIC_REPRESENTATION_CONTEXT() REPRESENTATION_CONTEXT('2D SPACE',''
  ) );
#8028 = PCURVE('',#8029,#8034);
#8029 = PLANE('',#8030);
#8030 = AXIS2_PLACEMENT_3D('',#8031,#8032,#8033);
#8031 = CARTESIAN_POINT('',(1.738E+03,70.,1.068E+03));
#8032 = DIRECTION('',(-1.,-0.,-0.));
#8033 = DIRECTION('',(0.,0.,-1.));
#8034 = DEFINITIONAL_REPRESENTATION('',(#8035),#8039);
#8035 = LINE('',#8036,#8037);
#8036 = CARTESIAN_POINT('',(-0.,-0.));
#8037 = VECTOR('',#8038,1.);
#8038 = DIRECTION('',(-1.,-0.));
#8039 = ( GEOMETRIC_REPRESENTATION_CONTEXT(2) 
PARAMETRIC_REPRESENTATION_CONTEXT() REPRESENTATION_CONTEXT('2D SPACE',''
  ) );
#8040 = ADVANCED_FACE('',(#8041),#7839,.T.);
#8041 = FACE_BOUND('',#8042,.F.);
#8042 = EDGE_LOOP('',(#8043,#8044,#8045,#8068));
#8043 = ORIENTED_EDGE('',*,*,#7825,.F.);
#8044 = ORIENTED_EDGE('',*,*,#7992,.T.);
#8045 = ORIENTED_EDGE('',*,*,#8046,.T.);
#8046 = EDGE_CURVE('',#7993,#8047,#8049,.T.);
#8047 = VERTEX_POINT('',#8048);
#8048 = CARTESIAN_POINT('',(1.738E+03,100.,1.098E+03));
#8049 = SURFACE_CURVE('',#8050,(#8054,#8061),.PCURVE_S1.);
#8050 = LINE('',#8051,#8052);
#8051 = CARTESIAN_POINT('',(1.738E+03,70.,1.098E+03));
#8052 = VECTOR('',#8053,1.);
#8053 = DIRECTION('',(-0.,1.,-0.));
#8054 = PCURVE('',#7839,#8055);
#8055 = DEFINITIONAL_REPRESENTATION('',(#8056),#8060);
#8056 = LINE('',#8057,#8058);
#8057 = CARTESIAN_POINT('',(-390.,0.));
#8058 = VECTOR('',#8059,1.);
#8059 = DIRECTION('',(-0.,1.));
#8060 = ( GEOMETRIC_REPRESENTATION_CONTEXT(2) 
PARAMETRIC_REPRESENTATION_CONTEXT() REPRESENTATION_CONTEXT('2D SPACE',''
  ) );
#8061 = PCURVE('',#8029,#8062);
#8062 = DEFINITIONAL_REPRESENTATION('',(#8063),#8067);
#8063 = LINE('',#8064,#8065);
#8064 = CARTESIAN_POINT('',(-30.,-0.));
#8065 = VECTOR('',#8066,1.);
#8066 = DIRECTION('',(-0.,-1.));
#8067 = ( GEOMETRIC_REPRESENTATION_CONTEXT(2) 
PARAMETRIC_REPRESENTATION_CONTEXT() REPRESENTATION_CONTEXT('2D SPACE',''
  ) );
#8068 = ORIENTED_EDGE('',*,*,#8069,.F.);
#8069 = EDGE_CURVE('',#7798,#8047,#8070,.T.);
#8070 = SURFACE_CURVE('',#8071,(#8075,#8082),.PCURVE_S1.);
#8071 = LINE('',#8072,#8073);
#8072 = CARTESIAN_POINT('',(2.128E+03,100.,1.098E+03));
#8073 = VECTOR('',#8074,1.);
#8074 = DIRECTION('',(-1.,-0.,-0.));
#8075 = PCURVE('',#7839,#8076);
#8076 = DEFINITIONAL_REPRESENTATION('',(#8077),#8081);
#8077 = LINE('',#8078,#8079);
#8078 = CARTESIAN_POINT('',(0.,30.));
#8079 = VECTOR('',#8080,1.);
#8080 = DIRECTION('',(-1.,0.));
#8081 = ( GEOMETRIC_REPRESENTATION_CONTEXT(2) 
PARAMETRIC_REPRESENTATION_CONTEXT() REPRESENTATION_CONTEXT('2D SPACE',''
  ) );
#8082 = PCURVE('',#7813,#8083);
#8083 = DEFINITIONAL_REPRESENTATION('',(#8084),#8088);
#8084 = LINE('',#8085,#8086);
#8085 = CARTESIAN_POINT('',(-30.,-0.));
#8086 = VECTOR('',#8087,1.);
#8087 = DIRECTION('',(-0.,1.));
#8088 = ( GEOMETRIC_REPRESENTATION_CONTEXT(2) 
PARAMETRIC_REPRESENTATION_CONTEXT() REPRESENTATION_CONTEXT('2D SPACE',''
  ) );
#8089 = ADVANCED_FACE('',(#8090),#7785,.F.);
#8090 = FACE_BOUND('',#8091,.T.);
#8091 = EDGE_LOOP('',(#8092,#8093,#8094,#8117));
#8092 = ORIENTED_EDGE('',*,*,#7769,.F.);
#8093 = ORIENTED_EDGE('',*,*,#7968,.T.);
#8094 = ORIENTED_EDGE('',*,*,#8095,.T.);
#8095 = EDGE_CURVE('',#7969,#8096,#8098,.T.);
#8096 = VERTEX_POINT('',#8097);
#8097 = CARTESIAN_POINT('',(1.738E+03,100.,1.068E+03));
#8098 = SURFACE_CURVE('',#8099,(#8103,#8110),.PCURVE_S1.);
#8099 = LINE('',#8100,#8101);
#8100 = CARTESIAN_POINT('',(1.738E+03,70.,1.068E+03));
#8101 = VECTOR('',#8102,1.);
#8102 = DIRECTION('',(-0.,1.,-0.));
#8103 = PCURVE('',#7785,#8104);
#8104 = DEFINITIONAL_REPRESENTATION('',(#8105),#8109);
#8105 = LINE('',#8106,#8107);
#8106 = CARTESIAN_POINT('',(-390.,0.));
#8107 = VECTOR('',#8108,1.);
#8108 = DIRECTION('',(-0.,1.));
#8109 = ( GEOMETRIC_REPRESENTATION_CONTEXT(2) 
PARAMETRIC_REPRESENTATION_CONTEXT() REPRESENTATION_CONTEXT('2D SPACE',''
  ) );
#8110 = PCURVE('',#8029,#8111);
#8111 = DEFINITIONAL_REPRESENTATION('',(#8112),#8116);
#8112 = LINE('',#8113,#8114);
#8113 = CARTESIAN_POINT('',(-0.,-0.));
#8114 = VECTOR('',#8115,1.);
#8115 = DIRECTION('',(-0.,-1.));
#8116 = ( GEOMETRIC_REPRESENTATION_CONTEXT(2) 
PARAMETRIC_REPRESENTATION_CONTEXT() REPRESENTATION_CONTEXT('2D SPACE',''
  ) );
#8117 = ORIENTED_EDGE('',*,*,#8118,.F.);
#8118 = EDGE_CURVE('',#7770,#8096,#8119,.T.);
#8119 = SURFACE_CURVE('',#8120,(#8124,#8131),.PCURVE_S1.);
#8120 = LINE('',#8121,#8122);
#8121 = CARTESIAN_POINT('',(2.128E+03,100.,1.068E+03));
#8122 = VECTOR('',#8123,1.);
#8123 = DIRECTION('',(-1.,-0.,-0.));
#8124 = PCURVE('',#7785,#8125);
#8125 = DEFINITIONAL_REPRESENTATION('',(#8126),#8130);
#8126 = LINE('',#8127,#8128);
#8127 = CARTESIAN_POINT('',(0.,30.));
#8128 = VECTOR('',#8129,1.);
#8129 = DIRECTION('',(-1.,0.));
#8130 = ( GEOMETRIC_REPRESENTATION_CONTEXT(2) 
PARAMETRIC_REPRESENTATION_CONTEXT() REPRESENTATION_CONTEXT('2D SPACE',''
  ) );
#8131 = PCURVE('',#7813,#8132);
#8132 = DEFINITIONAL_REPRESENTATION('',(#8133),#8137);
#8133 = LINE('',#8134,#8135);
#8134 = CARTESIAN_POINT('',(-0.,-0.));
#8135 = VECTOR('',#8136,1.);
#8136 = DIRECTION('',(-0.,1.));
#8137 = ( GEOMETRIC_REPRESENTATION_CONTEXT(2) 
PARAMETRIC_REPRESENTATION_CONTEXT() REPRESENTATION_CONTEXT('2D SPACE',''
  ) );
#8138 = ADVANCED_FACE('',(#8139),#7813,.T.);
#8139 = FACE_BOUND('',#8140,.F.);
#8140 = EDGE_LOOP('',(#8141,#8142,#8143,#8144));
#8141 = ORIENTED_EDGE('',*,*,#8118,.F.);
#8142 = ORIENTED_EDGE('',*,*,#7797,.T.);
#8143 = ORIENTED_EDGE('',*,*,#8069,.T.);
#8144 = ORIENTED_EDGE('',*,*,#8145,.F.);
#8145 = EDGE_CURVE('',#8096,#8047,#8146,.T.);
#8146 = SURFACE_CURVE('',#8147,(#8151,#8158),.PCURVE_S1.);
#8147 = LINE('',#8148,#8149);
#8148 = CARTESIAN_POINT('',(1.738E+03,100.,1.068E+03));
#8149 = VECTOR('',#8150,1.);
#8150 = DIRECTION('',(-0.,-0.,1.));
#8151 = PCURVE('',#7813,#8152);
#8152 = DEFINITIONAL_REPRESENTATION('',(#8153),#8157);
#8153 = LINE('',#8154,#8155);
#8154 = CARTESIAN_POINT('',(-0.,390.));
#8155 = VECTOR('',#8156,1.);
#8156 = DIRECTION('',(-1.,0.));
#8157 = ( GEOMETRIC_REPRESENTATION_CONTEXT(2) 
PARAMETRIC_REPRESENTATION_CONTEXT() REPRESENTATION_CONTEXT('2D SPACE',''
  ) );
#8158 = PCURVE('',#8029,#8159);
#8159 = DEFINITIONAL_REPRESENTATION('',(#8160),#8164);
#8160 = LINE('',#8161,#8162);
#8161 = CARTESIAN_POINT('',(-0.,-30.));
#8162 = VECTOR('',#8163,1.);
#8163 = DIRECTION('',(-1.,-0.));
#8164 = ( GEOMETRIC_REPRESENTATION_CONTEXT(2) 
PARAMETRIC_REPRESENTATION_CONTEXT() REPRESENTATION_CONTEXT('2D SPACE',''
  ) );
#8165 = ADVANCED_FACE('',(#8166),#7871,.T.);
#8166 = FACE_BOUND('',#8167,.F.);
#8167 = EDGE_LOOP('',(#8168,#8191,#8192,#8215));
#8168 = ORIENTED_EDGE('',*,*,#8169,.F.);
#8169 = EDGE_CURVE('',#7854,#8170,#8172,.T.);
#8170 = VERTEX_POINT('',#8171);
#8171 = CARTESIAN_POINT('',(1.738E+03,98.,1.07E+03));
#8172 = SURFACE_CURVE('',#8173,(#8177,#8184),.PCURVE_S1.);
#8173 = LINE('',#8174,#8175);
#8174 = CARTESIAN_POINT('',(2.129E+03,98.,1.07E+03));
#8175 = VECTOR('',#8176,1.);
#8176 = DIRECTION('',(-1.,-0.,-0.));
#8177 = PCURVE('',#7871,#8178);
#8178 = DEFINITIONAL_REPRESENTATION('',(#8179),#8183);
#8179 = LINE('',#8180,#8181);
#8180 = CARTESIAN_POINT('',(0.,26.));
#8181 = VECTOR('',#8182,1.);
#8182 = DIRECTION('',(-1.,0.));
#8183 = ( GEOMETRIC_REPRESENTATION_CONTEXT(2) 
PARAMETRIC_REPRESENTATION_CONTEXT() REPRESENTATION_CONTEXT('2D SPACE',''
  ) );
#8184 = PCURVE('',#7953,#8185);
#8185 = DEFINITIONAL_REPRESENTATION('',(#8186),#8190);
#8186 = LINE('',#8187,#8188);
#8187 = CARTESIAN_POINT('',(-0.,-0.));
#8188 = VECTOR('',#8189,1.);
#8189 = DIRECTION('',(-0.,1.));
#8190 = ( GEOMETRIC_REPRESENTATION_CONTEXT(2) 
PARAMETRIC_REPRESENTATION_CONTEXT() REPRESENTATION_CONTEXT('2D SPACE',''
  ) );
#8191 = ORIENTED_EDGE('',*,*,#7853,.T.);
#8192 = ORIENTED_EDGE('',*,*,#8193,.T.);
#8193 = EDGE_CURVE('',#7856,#8194,#8196,.T.);
#8194 = VERTEX_POINT('',#8195);
#8195 = CARTESIAN_POINT('',(1.738E+03,72.,1.07E+03));
#8196 = SURFACE_CURVE('',#8197,(#8201,#8208),.PCURVE_S1.);
#8197 = LINE('',#8198,#8199);
#8198 = CARTESIAN_POINT('',(2.129E+03,72.,1.07E+03));
#8199 = VECTOR('',#8200,1.);
#8200 = DIRECTION('',(-1.,-0.,-0.));
#8201 = PCURVE('',#7871,#8202);
#8202 = DEFINITIONAL_REPRESENTATION('',(#8203),#8207);
#8203 = LINE('',#8204,#8205);
#8204 = CARTESIAN_POINT('',(0.,-0.));
#8205 = VECTOR('',#8206,1.);
#8206 = DIRECTION('',(-1.,0.));
#8207 = ( GEOMETRIC_REPRESENTATION_CONTEXT(2) 
PARAMETRIC_REPRESENTATION_CONTEXT() REPRESENTATION_CONTEXT('2D SPACE',''
  ) );
#8208 = PCURVE('',#7899,#8209);
#8209 = DEFINITIONAL_REPRESENTATION('',(#8210),#8214);
#8210 = LINE('',#8211,#8212);
#8211 = CARTESIAN_POINT('',(-0.,-0.));
#8212 = VECTOR('',#8213,1.);
#8213 = DIRECTION('',(-0.,1.));
#8214 = ( GEOMETRIC_REPRESENTATION_CONTEXT(2) 
PARAMETRIC_REPRESENTATION_CONTEXT() REPRESENTATION_CONTEXT('2D SPACE',''
  ) );
#8215 = ORIENTED_EDGE('',*,*,#8216,.F.);
#8216 = EDGE_CURVE('',#8170,#8194,#8217,.T.);
#8217 = SURFACE_CURVE('',#8218,(#8222,#8229),.PCURVE_S1.);
#8218 = LINE('',#8219,#8220);
#8219 = CARTESIAN_POINT('',(1.738E+03,71.,1.07E+03));
#8220 = VECTOR('',#8221,1.);
#8221 = DIRECTION('',(-0.,-1.,-0.));
#8222 = PCURVE('',#7871,#8223);
#8223 = DEFINITIONAL_REPRESENTATION('',(#8224),#8228);
#8224 = LINE('',#8225,#8226);
#8225 = CARTESIAN_POINT('',(-391.,-1.));
#8226 = VECTOR('',#8227,1.);
#8227 = DIRECTION('',(-0.,-1.));
#8228 = ( GEOMETRIC_REPRESENTATION_CONTEXT(2) 
PARAMETRIC_REPRESENTATION_CONTEXT() REPRESENTATION_CONTEXT('2D SPACE',''
  ) );
#8229 = PCURVE('',#8029,#8230);
#8230 = DEFINITIONAL_REPRESENTATION('',(#8231),#8235);
#8231 = LINE('',#8232,#8233);
#8232 = CARTESIAN_POINT('',(-2.,-1.));
#8233 = VECTOR('',#8234,1.);
#8234 = DIRECTION('',(-0.,1.));
#8235 = ( GEOMETRIC_REPRESENTATION_CONTEXT(2) 
PARAMETRIC_REPRESENTATION_CONTEXT() REPRESENTATION_CONTEXT('2D SPACE',''
  ) );
#8236 = ADVANCED_FACE('',(#8237),#7953,.F.);
#8237 = FACE_BOUND('',#8238,.T.);
#8238 = EDGE_LOOP('',(#8239,#8240,#8241,#8264));
#8239 = ORIENTED_EDGE('',*,*,#8169,.F.);
#8240 = ORIENTED_EDGE('',*,*,#7939,.T.);
#8241 = ORIENTED_EDGE('',*,*,#8242,.T.);
#8242 = EDGE_CURVE('',#7912,#8243,#8245,.T.);
#8243 = VERTEX_POINT('',#8244);
#8244 = CARTESIAN_POINT('',(1.738E+03,98.,1.096E+03));
#8245 = SURFACE_CURVE('',#8246,(#8250,#8257),.PCURVE_S1.);
#8246 = LINE('',#8247,#8248);
#8247 = CARTESIAN_POINT('',(2.129E+03,98.,1.096E+03));
#8248 = VECTOR('',#8249,1.);
#8249 = DIRECTION('',(-1.,-0.,-0.));
#8250 = PCURVE('',#7953,#8251);
#8251 = DEFINITIONAL_REPRESENTATION('',(#8252),#8256);
#8252 = LINE('',#8253,#8254);
#8253 = CARTESIAN_POINT('',(-26.,-0.));
#8254 = VECTOR('',#8255,1.);
#8255 = DIRECTION('',(-0.,1.));
#8256 = ( GEOMETRIC_REPRESENTATION_CONTEXT(2) 
PARAMETRIC_REPRESENTATION_CONTEXT() REPRESENTATION_CONTEXT('2D SPACE',''
  ) );
#8257 = PCURVE('',#7927,#8258);
#8258 = DEFINITIONAL_REPRESENTATION('',(#8259),#8263);
#8259 = LINE('',#8260,#8261);
#8260 = CARTESIAN_POINT('',(0.,26.));
#8261 = VECTOR('',#8262,1.);
#8262 = DIRECTION('',(-1.,0.));
#8263 = ( GEOMETRIC_REPRESENTATION_CONTEXT(2) 
PARAMETRIC_REPRESENTATION_CONTEXT() REPRESENTATION_CONTEXT('2D SPACE',''
  ) );
#8264 = ORIENTED_EDGE('',*,*,#8265,.F.);
#8265 = EDGE_CURVE('',#8170,#8243,#8266,.T.);
#8266 = SURFACE_CURVE('',#8267,(#8271,#8278),.PCURVE_S1.);
#8267 = LINE('',#8268,#8269);
#8268 = CARTESIAN_POINT('',(1.738E+03,98.,1.069E+03));
#8269 = VECTOR('',#8270,1.);
#8270 = DIRECTION('',(-0.,-0.,1.));
#8271 = PCURVE('',#7953,#8272);
#8272 = DEFINITIONAL_REPRESENTATION('',(#8273),#8277);
#8273 = LINE('',#8274,#8275);
#8274 = CARTESIAN_POINT('',(1.,391.));
#8275 = VECTOR('',#8276,1.);
#8276 = DIRECTION('',(-1.,0.));
#8277 = ( GEOMETRIC_REPRESENTATION_CONTEXT(2) 
PARAMETRIC_REPRESENTATION_CONTEXT() REPRESENTATION_CONTEXT('2D SPACE',''
  ) );
#8278 = PCURVE('',#8029,#8279);
#8279 = DEFINITIONAL_REPRESENTATION('',(#8280),#8284);
#8280 = LINE('',#8281,#8282);
#8281 = CARTESIAN_POINT('',(-1.,-28.));
#8282 = VECTOR('',#8283,1.);
#8283 = DIRECTION('',(-1.,-0.));
#8284 = ( GEOMETRIC_REPRESENTATION_CONTEXT(2) 
PARAMETRIC_REPRESENTATION_CONTEXT() REPRESENTATION_CONTEXT('2D SPACE',''
  ) );
#8285 = ADVANCED_FACE('',(#8286),#7927,.F.);
#8286 = FACE_BOUND('',#8287,.T.);
#8287 = EDGE_LOOP('',(#8288,#8289,#8290,#8313));
#8288 = ORIENTED_EDGE('',*,*,#8242,.F.);
#8289 = ORIENTED_EDGE('',*,*,#7911,.T.);
#8290 = ORIENTED_EDGE('',*,*,#8291,.T.);
#8291 = EDGE_CURVE('',#7884,#8292,#8294,.T.);
#8292 = VERTEX_POINT('',#8293);
#8293 = CARTESIAN_POINT('',(1.738E+03,72.,1.096E+03));
#8294 = SURFACE_CURVE('',#8295,(#8299,#8306),.PCURVE_S1.);
#8295 = LINE('',#8296,#8297);
#8296 = CARTESIAN_POINT('',(2.129E+03,72.,1.096E+03));
#8297 = VECTOR('',#8298,1.);
#8298 = DIRECTION('',(-1.,-0.,-0.));
#8299 = PCURVE('',#7927,#8300);
#8300 = DEFINITIONAL_REPRESENTATION('',(#8301),#8305);
#8301 = LINE('',#8302,#8303);
#8302 = CARTESIAN_POINT('',(0.,-0.));
#8303 = VECTOR('',#8304,1.);
#8304 = DIRECTION('',(-1.,0.));
#8305 = ( GEOMETRIC_REPRESENTATION_CONTEXT(2) 
PARAMETRIC_REPRESENTATION_CONTEXT() REPRESENTATION_CONTEXT('2D SPACE',''
  ) );
#8306 = PCURVE('',#7899,#8307);
#8307 = DEFINITIONAL_REPRESENTATION('',(#8308),#8312);
#8308 = LINE('',#8309,#8310);
#8309 = CARTESIAN_POINT('',(-26.,-0.));
#8310 = VECTOR('',#8311,1.);
#8311 = DIRECTION('',(-0.,1.));
#8312 = ( GEOMETRIC_REPRESENTATION_CONTEXT(2) 
PARAMETRIC_REPRESENTATION_CONTEXT() REPRESENTATION_CONTEXT('2D SPACE',''
  ) );
#8313 = ORIENTED_EDGE('',*,*,#8314,.F.);
#8314 = EDGE_CURVE('',#8243,#8292,#8315,.T.);
#8315 = SURFACE_CURVE('',#8316,(#8320,#8327),.PCURVE_S1.);
#8316 = LINE('',#8317,#8318);
#8317 = CARTESIAN_POINT('',(1.738E+03,71.,1.096E+03));
#8318 = VECTOR('',#8319,1.);
#8319 = DIRECTION('',(-0.,-1.,-0.));
#8320 = PCURVE('',#7927,#8321);
#8321 = DEFINITIONAL_REPRESENTATION('',(#8322),#8326);
#8322 = LINE('',#8323,#8324);
#8323 = CARTESIAN_POINT('',(-391.,-1.));
#8324 = VECTOR('',#8325,1.);
#8325 = DIRECTION('',(-0.,-1.));
#8326 = ( GEOMETRIC_REPRESENTATION_CONTEXT(2) 
PARAMETRIC_REPRESENTATION_CONTEXT() REPRESENTATION_CONTEXT('2D SPACE',''
  ) );
#8327 = PCURVE('',#8029,#8328);
#8328 = DEFINITIONAL_REPRESENTATION('',(#8329),#8333);
#8329 = LINE('',#8330,#8331);
#8330 = CARTESIAN_POINT('',(-28.,-1.));
#8331 = VECTOR('',#8332,1.);
#8332 = DIRECTION('',(-0.,1.));
#8333 = ( GEOMETRIC_REPRESENTATION_CONTEXT(2) 
PARAMETRIC_REPRESENTATION_CONTEXT() REPRESENTATION_CONTEXT('2D SPACE',''
  ) );
#8334 = ADVANCED_FACE('',(#8335),#7899,.T.);
#8335 = FACE_BOUND('',#8336,.F.);
#8336 = EDGE_LOOP('',(#8337,#8338,#8339,#8340));
#8337 = ORIENTED_EDGE('',*,*,#8193,.F.);
#8338 = ORIENTED_EDGE('',*,*,#7883,.T.);
#8339 = ORIENTED_EDGE('',*,*,#8291,.T.);
#8340 = ORIENTED_EDGE('',*,*,#8341,.F.);
#8341 = EDGE_CURVE('',#8194,#8292,#8342,.T.);
#8342 = SURFACE_CURVE('',#8343,(#8347,#8354),.PCURVE_S1.);
#8343 = LINE('',#8344,#8345);
#8344 = CARTESIAN_POINT('',(1.738E+03,72.,1.069E+03));
#8345 = VECTOR('',#8346,1.);
#8346 = DIRECTION('',(-0.,-0.,1.));
#8347 = PCURVE('',#7899,#8348);
#8348 = DEFINITIONAL_REPRESENTATION('',(#8349),#8353);
#8349 = LINE('',#8350,#8351);
#8350 = CARTESIAN_POINT('',(1.,391.));
#8351 = VECTOR('',#8352,1.);
#8352 = DIRECTION('',(-1.,0.));
#8353 = ( GEOMETRIC_REPRESENTATION_CONTEXT(2) 
PARAMETRIC_REPRESENTATION_CONTEXT() REPRESENTATION_CONTEXT('2D SPACE',''
  ) );
#8354 = PCURVE('',#8029,#8355);
#8355 = DEFINITIONAL_REPRESENTATION('',(#8356),#8360);
#8356 = LINE('',#8357,#8358);
#8357 = CARTESIAN_POINT('',(-1.,-2.));
#8358 = VECTOR('',#8359,1.);
#8359 = DIRECTION('',(-1.,-0.));
#8360 = ( GEOMETRIC_REPRESENTATION_CONTEXT(2) 
PARAMETRIC_REPRESENTATION_CONTEXT() REPRESENTATION_CONTEXT('2D SPACE',''
  ) );
#8361 = ADVANCED_FACE('',(#8362,#8368),#8029,.T.);
#8362 = FACE_BOUND('',#8363,.F.);
#8363 = EDGE_LOOP('',(#8364,#8365,#8366,#8367));
#8364 = ORIENTED_EDGE('',*,*,#8015,.F.);
#8365 = ORIENTED_EDGE('',*,*,#8095,.T.);
#8366 = ORIENTED_EDGE('',*,*,#8145,.T.);
#8367 = ORIENTED_EDGE('',*,*,#8046,.F.);
#8368 = FACE_BOUND('',#8369,.F.);
#8369 = EDGE_LOOP('',(#8370,#8371,#8372,#8373));
#8370 = ORIENTED_EDGE('',*,*,#8216,.T.);
#8371 = ORIENTED_EDGE('',*,*,#8341,.T.);
#8372 = ORIENTED_EDGE('',*,*,#8314,.F.);
#8373 = ORIENTED_EDGE('',*,*,#8265,.F.);
#8374 = ( GEOMETRIC_REPRESENTATION_CONTEXT(3) 
GLOBAL_UNCERTAINTY_ASSIGNED_CONTEXT((#8378)) 
GLOBAL_UNIT_ASSIGNED_CONTEXT((#8375,#8376,#8377)) REPRESENTATION_CONTEXT
('Context #1','3D Context with UNIT and UNCERTAINTY') );
#8375 = ( LENGTH_UNIT() NAMED_UNIT(*) SI_UNIT(.MILLI.,.METRE.) );
#8376 = ( NAMED_UNIT(*) PLANE_ANGLE_UNIT() SI_UNIT($,.RADIAN.) );
#8377 = ( NAMED_UNIT(*) SI_UNIT($,.STERADIAN.) SOLID_ANGLE_UNIT() );
#8378 = UNCERTAINTY_MEASURE_WITH_UNIT(LENGTH_MEASURE(1.E-07),#8375,
  'distance_accuracy_value','confusion accuracy');
#8379 = CONTEXT_DEPENDENT_SHAPE_REPRESENTATION(#8380,#8382);
#8380 = ( REPRESENTATION_RELATIONSHIP('','',#7727,#10) 
REPRESENTATION_RELATIONSHIP_WITH_TRANSFORMATION(#8381) 
SHAPE_REPRESENTATION_RELATIONSHIP() );
#8381 = ITEM_DEFINED_TRANSFORMATION('','',#11,#59);
#8382 = PRODUCT_DEFINITION_SHAPE('Placement','Placement of an item',
  #8383);
#8383 = NEXT_ASSEMBLY_USAGE_OCCURRENCE('328','','',#5,#7722,$);
#8384 = PRODUCT_RELATED_PRODUCT_CATEGORY('part',$,(#7724));
#8385 = SHAPE_DEFINITION_REPRESENTATION(#8386,#8392);
#8386 = PRODUCT_DEFINITION_SHAPE('','',#8387);
#8387 = PRODUCT_DEFINITION('design','',#8388,#8391);
#8388 = PRODUCT_DEFINITION_FORMATION('','',#8389);
#8389 = PRODUCT('Open CASCADE STEP translator 7.9 12.13',
  'Open CASCADE STEP translator 7.9 12.13','',(#8390));
#8390 = PRODUCT_CONTEXT('',#2,'mechanical');
#8391 = PRODUCT_DEFINITION_CONTEXT('part definition',#2,'design');
#8392 = ADVANCED_BREP_SHAPE_REPRESENTATION('',(#11,#8393),#9039);
#8393 = MANIFOLD_SOLID_BREP('',#8394);
#8394 = CLOSED_SHELL('',(#8395,#8629,#8705,#8754,#8803,#8830,#8901,#8950
    ,#8999,#9026));
#8395 = ADVANCED_FACE('',(#8396,#8515),#8410,.F.);
#8396 = FACE_BOUND('',#8397,.T.);
#8397 = EDGE_LOOP('',(#8398,#8433,#8461,#8489));
#8398 = ORIENTED_EDGE('',*,*,#8399,.F.);
#8399 = EDGE_CURVE('',#8400,#8402,#8404,.T.);
#8400 = VERTEX_POINT('',#8401);
#8401 = CARTESIAN_POINT('',(2.128E+03,1.E+03,1.068E+03));
#8402 = VERTEX_POINT('',#8403);
#8403 = CARTESIAN_POINT('',(2.128E+03,1.E+03,1.098E+03));
#8404 = SURFACE_CURVE('',#8405,(#8409,#8421),.PCURVE_S1.);
#8405 = LINE('',#8406,#8407);
#8406 = CARTESIAN_POINT('',(2.128E+03,1.E+03,1.068E+03));
#8407 = VECTOR('',#8408,1.);
#8408 = DIRECTION('',(-0.,-0.,1.));
#8409 = PCURVE('',#8410,#8415);
#8410 = PLANE('',#8411);
#8411 = AXIS2_PLACEMENT_3D('',#8412,#8413,#8414);
#8412 = CARTESIAN_POINT('',(2.128E+03,1.E+03,1.068E+03));
#8413 = DIRECTION('',(-1.,-0.,-0.));
#8414 = DIRECTION('',(0.,0.,-1.));
#8415 = DEFINITIONAL_REPRESENTATION('',(#8416),#8420);
#8416 = LINE('',#8417,#8418);
#8417 = CARTESIAN_POINT('',(-0.,-0.));
#8418 = VECTOR('',#8419,1.);
#8419 = DIRECTION('',(-1.,-0.));
#8420 = ( GEOMETRIC_REPRESENTATION_CONTEXT(2) 
PARAMETRIC_REPRESENTATION_CONTEXT() REPRESENTATION_CONTEXT('2D SPACE',''
  ) );
#8421 = PCURVE('',#8422,#8427);
#8422 = PLANE('',#8423);
#8423 = AXIS2_PLACEMENT_3D('',#8424,#8425,#8426);
#8424 = CARTESIAN_POINT('',(2.128E+03,1.E+03,1.068E+03));
#8425 = DIRECTION('',(-0.,1.,-0.));
#8426 = DIRECTION('',(0.,0.,-1.));
#8427 = DEFINITIONAL_REPRESENTATION('',(#8428),#8432);
#8428 = LINE('',#8429,#8430);
#8429 = CARTESIAN_POINT('',(-0.,-0.));
#8430 = VECTOR('',#8431,1.);
#8431 = DIRECTION('',(-1.,0.));
#8432 = ( GEOMETRIC_REPRESENTATION_CONTEXT(2) 
PARAMETRIC_REPRESENTATION_CONTEXT() REPRESENTATION_CONTEXT('2D SPACE',''
  ) );
#8433 = ORIENTED_EDGE('',*,*,#8434,.T.);
#8434 = EDGE_CURVE('',#8400,#8435,#8437,.T.);
#8435 = VERTEX_POINT('',#8436);
#8436 = CARTESIAN_POINT('',(2.128E+03,1.03E+03,1.068E+03));
#8437 = SURFACE_CURVE('',#8438,(#8442,#8449),.PCURVE_S1.);
#8438 = LINE('',#8439,#8440);
#8439 = CARTESIAN_POINT('',(2.128E+03,1.E+03,1.068E+03));
#8440 = VECTOR('',#8441,1.);
#8441 = DIRECTION('',(-0.,1.,-0.));
#8442 = PCURVE('',#8410,#8443);
#8443 = DEFINITIONAL_REPRESENTATION('',(#8444),#8448);
#8444 = LINE('',#8445,#8446);
#8445 = CARTESIAN_POINT('',(-0.,-0.));
#8446 = VECTOR('',#8447,1.);
#8447 = DIRECTION('',(-0.,-1.));
#8448 = ( GEOMETRIC_REPRESENTATION_CONTEXT(2) 
PARAMETRIC_REPRESENTATION_CONTEXT() REPRESENTATION_CONTEXT('2D SPACE',''
  ) );
#8449 = PCURVE('',#8450,#8455);
#8450 = PLANE('',#8451);
#8451 = AXIS2_PLACEMENT_3D('',#8452,#8453,#8454);
#8452 = CARTESIAN_POINT('',(2.128E+03,1.E+03,1.068E+03));
#8453 = DIRECTION('',(-0.,-0.,1.));
#8454 = DIRECTION('',(1.,0.,0.));
#8455 = DEFINITIONAL_REPRESENTATION('',(#8456),#8460);
#8456 = LINE('',#8457,#8458);
#8457 = CARTESIAN_POINT('',(0.,-0.));
#8458 = VECTOR('',#8459,1.);
#8459 = DIRECTION('',(-0.,1.));
#8460 = ( GEOMETRIC_REPRESENTATION_CONTEXT(2) 
PARAMETRIC_REPRESENTATION_CONTEXT() REPRESENTATION_CONTEXT('2D SPACE',''
  ) );
#8461 = ORIENTED_EDGE('',*,*,#8462,.T.);
#8462 = EDGE_CURVE('',#8435,#8463,#8465,.T.);
#8463 = VERTEX_POINT('',#8464);
#8464 = CARTESIAN_POINT('',(2.128E+03,1.03E+03,1.098E+03));
#8465 = SURFACE_CURVE('',#8466,(#8470,#8477),.PCURVE_S1.);
#8466 = LINE('',#8467,#8468);
#8467 = CARTESIAN_POINT('',(2.128E+03,1.03E+03,1.068E+03));
#8468 = VECTOR('',#8469,1.);
#8469 = DIRECTION('',(-0.,-0.,1.));
#8470 = PCURVE('',#8410,#8471);
#8471 = DEFINITIONAL_REPRESENTATION('',(#8472),#8476);
#8472 = LINE('',#8473,#8474);
#8473 = CARTESIAN_POINT('',(-0.,-30.));
#8474 = VECTOR('',#8475,1.);
#8475 = DIRECTION('',(-1.,-0.));
#8476 = ( GEOMETRIC_REPRESENTATION_CONTEXT(2) 
PARAMETRIC_REPRESENTATION_CONTEXT() REPRESENTATION_CONTEXT('2D SPACE',''
  ) );
#8477 = PCURVE('',#8478,#8483);
#8478 = PLANE('',#8479);
#8479 = AXIS2_PLACEMENT_3D('',#8480,#8481,#8482);
#8480 = CARTESIAN_POINT('',(2.128E+03,1.03E+03,1.068E+03));
#8481 = DIRECTION('',(-0.,1.,-0.));
#8482 = DIRECTION('',(0.,0.,-1.));
#8483 = DEFINITIONAL_REPRESENTATION('',(#8484),#8488);
#8484 = LINE('',#8485,#8486);
#8485 = CARTESIAN_POINT('',(-0.,-0.));
#8486 = VECTOR('',#8487,1.);
#8487 = DIRECTION('',(-1.,0.));
#8488 = ( GEOMETRIC_REPRESENTATION_CONTEXT(2) 
PARAMETRIC_REPRESENTATION_CONTEXT() REPRESENTATION_CONTEXT('2D SPACE',''
  ) );
#8489 = ORIENTED_EDGE('',*,*,#8490,.F.);
#8490 = EDGE_CURVE('',#8402,#8463,#8491,.T.);
#8491 = SURFACE_CURVE('',#8492,(#8496,#8503),.PCURVE_S1.);
#8492 = LINE('',#8493,#8494);
#8493 = CARTESIAN_POINT('',(2.128E+03,1.E+03,1.098E+03));
#8494 = VECTOR('',#8495,1.);
#8495 = DIRECTION('',(-0.,1.,-0.));
#8496 = PCURVE('',#8410,#8497);
#8497 = DEFINITIONAL_REPRESENTATION('',(#8498),#8502);
#8498 = LINE('',#8499,#8500);
#8499 = CARTESIAN_POINT('',(-30.,-0.));
#8500 = VECTOR('',#8501,1.);
#8501 = DIRECTION('',(-0.,-1.));
#8502 = ( GEOMETRIC_REPRESENTATION_CONTEXT(2) 
PARAMETRIC_REPRESENTATION_CONTEXT() REPRESENTATION_CONTEXT('2D SPACE',''
  ) );
#8503 = PCURVE('',#8504,#8509);
#8504 = PLANE('',#8505);
#8505 = AXIS2_PLACEMENT_3D('',#8506,#8507,#8508);
#8506 = CARTESIAN_POINT('',(2.128E+03,1.E+03,1.098E+03));
#8507 = DIRECTION('',(-0.,-0.,1.));
#8508 = DIRECTION('',(1.,0.,0.));
#8509 = DEFINITIONAL_REPRESENTATION('',(#8510),#8514);
#8510 = LINE('',#8511,#8512);
#8511 = CARTESIAN_POINT('',(0.,-0.));
#8512 = VECTOR('',#8513,1.);
#8513 = DIRECTION('',(-0.,1.));
#8514 = ( GEOMETRIC_REPRESENTATION_CONTEXT(2) 
PARAMETRIC_REPRESENTATION_CONTEXT() REPRESENTATION_CONTEXT('2D SPACE',''
  ) );
#8515 = FACE_BOUND('',#8516,.T.);
#8516 = EDGE_LOOP('',(#8517,#8547,#8575,#8603));
#8517 = ORIENTED_EDGE('',*,*,#8518,.T.);
#8518 = EDGE_CURVE('',#8519,#8521,#8523,.T.);
#8519 = VERTEX_POINT('',#8520);
#8520 = CARTESIAN_POINT('',(2.128E+03,1.028E+03,1.07E+03));
#8521 = VERTEX_POINT('',#8522);
#8522 = CARTESIAN_POINT('',(2.128E+03,1.002E+03,1.07E+03));
#8523 = SURFACE_CURVE('',#8524,(#8528,#8535),.PCURVE_S1.);
#8524 = LINE('',#8525,#8526);
#8525 = CARTESIAN_POINT('',(2.128E+03,1.001E+03,1.07E+03));
#8526 = VECTOR('',#8527,1.);
#8527 = DIRECTION('',(-0.,-1.,-0.));
#8528 = PCURVE('',#8410,#8529);
#8529 = DEFINITIONAL_REPRESENTATION('',(#8530),#8534);
#8530 = LINE('',#8531,#8532);
#8531 = CARTESIAN_POINT('',(-2.,-1.));
#8532 = VECTOR('',#8533,1.);
#8533 = DIRECTION('',(-0.,1.));
#8534 = ( GEOMETRIC_REPRESENTATION_CONTEXT(2) 
PARAMETRIC_REPRESENTATION_CONTEXT() REPRESENTATION_CONTEXT('2D SPACE',''
  ) );
#8535 = PCURVE('',#8536,#8541);
#8536 = PLANE('',#8537);
#8537 = AXIS2_PLACEMENT_3D('',#8538,#8539,#8540);
#8538 = CARTESIAN_POINT('',(2.129E+03,1.002E+03,1.07E+03));
#8539 = DIRECTION('',(-0.,-0.,1.));
#8540 = DIRECTION('',(1.,0.,0.));
#8541 = DEFINITIONAL_REPRESENTATION('',(#8542),#8546);
#8542 = LINE('',#8543,#8544);
#8543 = CARTESIAN_POINT('',(-1.,-1.));
#8544 = VECTOR('',#8545,1.);
#8545 = DIRECTION('',(-0.,-1.));
#8546 = ( GEOMETRIC_REPRESENTATION_CONTEXT(2) 
PARAMETRIC_REPRESENTATION_CONTEXT() REPRESENTATION_CONTEXT('2D SPACE',''
  ) );
#8547 = ORIENTED_EDGE('',*,*,#8548,.T.);
#8548 = EDGE_CURVE('',#8521,#8549,#8551,.T.);
#8549 = VERTEX_POINT('',#8550);
#8550 = CARTESIAN_POINT('',(2.128E+03,1.002E+03,1.096E+03));
#8551 = SURFACE_CURVE('',#8552,(#8556,#8563),.PCURVE_S1.);
#8552 = LINE('',#8553,#8554);
#8553 = CARTESIAN_POINT('',(2.128E+03,1.002E+03,1.069E+03));
#8554 = VECTOR('',#8555,1.);
#8555 = DIRECTION('',(-0.,-0.,1.));
#8556 = PCURVE('',#8410,#8557);
#8557 = DEFINITIONAL_REPRESENTATION('',(#8558),#8562);
#8558 = LINE('',#8559,#8560);
#8559 = CARTESIAN_POINT('',(-1.,-2.));
#8560 = VECTOR('',#8561,1.);
#8561 = DIRECTION('',(-1.,-0.));
#8562 = ( GEOMETRIC_REPRESENTATION_CONTEXT(2) 
PARAMETRIC_REPRESENTATION_CONTEXT() REPRESENTATION_CONTEXT('2D SPACE',''
  ) );
#8563 = PCURVE('',#8564,#8569);
#8564 = PLANE('',#8565);
#8565 = AXIS2_PLACEMENT_3D('',#8566,#8567,#8568);
#8566 = CARTESIAN_POINT('',(2.129E+03,1.002E+03,1.07E+03));
#8567 = DIRECTION('',(-0.,1.,-0.));
#8568 = DIRECTION('',(0.,0.,-1.));
#8569 = DEFINITIONAL_REPRESENTATION('',(#8570),#8574);
#8570 = LINE('',#8571,#8572);
#8571 = CARTESIAN_POINT('',(1.,1.));
#8572 = VECTOR('',#8573,1.);
#8573 = DIRECTION('',(-1.,0.));
#8574 = ( GEOMETRIC_REPRESENTATION_CONTEXT(2) 
PARAMETRIC_REPRESENTATION_CONTEXT() REPRESENTATION_CONTEXT('2D SPACE',''
  ) );
#8575 = ORIENTED_EDGE('',*,*,#8576,.F.);
#8576 = EDGE_CURVE('',#8577,#8549,#8579,.T.);
#8577 = VERTEX_POINT('',#8578);
#8578 = CARTESIAN_POINT('',(2.128E+03,1.028E+03,1.096E+03));
#8579 = SURFACE_CURVE('',#8580,(#8584,#8591),.PCURVE_S1.);
#8580 = LINE('',#8581,#8582);
#8581 = CARTESIAN_POINT('',(2.128E+03,1.001E+03,1.096E+03));
#8582 = VECTOR('',#8583,1.);
#8583 = DIRECTION('',(-0.,-1.,-0.));
#8584 = PCURVE('',#8410,#8585);
#8585 = DEFINITIONAL_REPRESENTATION('',(#8586),#8590);
#8586 = LINE('',#8587,#8588);
#8587 = CARTESIAN_POINT('',(-28.,-1.));
#8588 = VECTOR('',#8589,1.);
#8589 = DIRECTION('',(-0.,1.));
#8590 = ( GEOMETRIC_REPRESENTATION_CONTEXT(2) 
PARAMETRIC_REPRESENTATION_CONTEXT() REPRESENTATION_CONTEXT('2D SPACE',''
  ) );
#8591 = PCURVE('',#8592,#8597);
#8592 = PLANE('',#8593);
#8593 = AXIS2_PLACEMENT_3D('',#8594,#8595,#8596);
#8594 = CARTESIAN_POINT('',(2.129E+03,1.002E+03,1.096E+03));
#8595 = DIRECTION('',(-0.,-0.,1.));
#8596 = DIRECTION('',(1.,0.,0.));
#8597 = DEFINITIONAL_REPRESENTATION('',(#8598),#8602);
#8598 = LINE('',#8599,#8600);
#8599 = CARTESIAN_POINT('',(-1.,-1.));
#8600 = VECTOR('',#8601,1.);
#8601 = DIRECTION('',(-0.,-1.));
#8602 = ( GEOMETRIC_REPRESENTATION_CONTEXT(2) 
PARAMETRIC_REPRESENTATION_CONTEXT() REPRESENTATION_CONTEXT('2D SPACE',''
  ) );
#8603 = ORIENTED_EDGE('',*,*,#8604,.F.);
#8604 = EDGE_CURVE('',#8519,#8577,#8605,.T.);
#8605 = SURFACE_CURVE('',#8606,(#8610,#8617),.PCURVE_S1.);
#8606 = LINE('',#8607,#8608);
#8607 = CARTESIAN_POINT('',(2.128E+03,1.028E+03,1.069E+03));
#8608 = VECTOR('',#8609,1.);
#8609 = DIRECTION('',(-0.,-0.,1.));
#8610 = PCURVE('',#8410,#8611);
#8611 = DEFINITIONAL_REPRESENTATION('',(#8612),#8616);
#8612 = LINE('',#8613,#8614);
#8613 = CARTESIAN_POINT('',(-1.,-28.));
#8614 = VECTOR('',#8615,1.);
#8615 = DIRECTION('',(-1.,-0.));
#8616 = ( GEOMETRIC_REPRESENTATION_CONTEXT(2) 
PARAMETRIC_REPRESENTATION_CONTEXT() REPRESENTATION_CONTEXT('2D SPACE',''
  ) );
#8617 = PCURVE('',#8618,#8623);
#8618 = PLANE('',#8619);
#8619 = AXIS2_PLACEMENT_3D('',#8620,#8621,#8622);
#8620 = CARTESIAN_POINT('',(2.129E+03,1.028E+03,1.07E+03));
#8621 = DIRECTION('',(-0.,1.,-0.));
#8622 = DIRECTION('',(0.,0.,-1.));
#8623 = DEFINITIONAL_REPRESENTATION('',(#8624),#8628);
#8624 = LINE('',#8625,#8626);
#8625 = CARTESIAN_POINT('',(1.,1.));
#8626 = VECTOR('',#8627,1.);
#8627 = DIRECTION('',(-1.,0.));
#8628 = ( GEOMETRIC_REPRESENTATION_CONTEXT(2) 
PARAMETRIC_REPRESENTATION_CONTEXT() REPRESENTATION_CONTEXT('2D SPACE',''
  ) );
#8629 = ADVANCED_FACE('',(#8630),#8422,.F.);
#8630 = FACE_BOUND('',#8631,.T.);
#8631 = EDGE_LOOP('',(#8632,#8655,#8656,#8679));
#8632 = ORIENTED_EDGE('',*,*,#8633,.F.);
#8633 = EDGE_CURVE('',#8400,#8634,#8636,.T.);
#8634 = VERTEX_POINT('',#8635);
#8635 = CARTESIAN_POINT('',(1.738E+03,1.E+03,1.068E+03));
#8636 = SURFACE_CURVE('',#8637,(#8641,#8648),.PCURVE_S1.);
#8637 = LINE('',#8638,#8639);
#8638 = CARTESIAN_POINT('',(2.128E+03,1.E+03,1.068E+03));
#8639 = VECTOR('',#8640,1.);
#8640 = DIRECTION('',(-1.,-0.,-0.));
#8641 = PCURVE('',#8422,#8642);
#8642 = DEFINITIONAL_REPRESENTATION('',(#8643),#8647);
#8643 = LINE('',#8644,#8645);
#8644 = CARTESIAN_POINT('',(-0.,-0.));
#8645 = VECTOR('',#8646,1.);
#8646 = DIRECTION('',(-0.,1.));
#8647 = ( GEOMETRIC_REPRESENTATION_CONTEXT(2) 
PARAMETRIC_REPRESENTATION_CONTEXT() REPRESENTATION_CONTEXT('2D SPACE',''
  ) );
#8648 = PCURVE('',#8450,#8649);
#8649 = DEFINITIONAL_REPRESENTATION('',(#8650),#8654);
#8650 = LINE('',#8651,#8652);
#8651 = CARTESIAN_POINT('',(0.,-0.));
#8652 = VECTOR('',#8653,1.);
#8653 = DIRECTION('',(-1.,0.));
#8654 = ( GEOMETRIC_REPRESENTATION_CONTEXT(2) 
PARAMETRIC_REPRESENTATION_CONTEXT() REPRESENTATION_CONTEXT('2D SPACE',''
  ) );
#8655 = ORIENTED_EDGE('',*,*,#8399,.T.);
#8656 = ORIENTED_EDGE('',*,*,#8657,.T.);
#8657 = EDGE_CURVE('',#8402,#8658,#8660,.T.);
#8658 = VERTEX_POINT('',#8659);
#8659 = CARTESIAN_POINT('',(1.738E+03,1.E+03,1.098E+03));
#8660 = SURFACE_CURVE('',#8661,(#8665,#8672),.PCURVE_S1.);
#8661 = LINE('',#8662,#8663);
#8662 = CARTESIAN_POINT('',(2.128E+03,1.E+03,1.098E+03));
#8663 = VECTOR('',#8664,1.);
#8664 = DIRECTION('',(-1.,-0.,-0.));
#8665 = PCURVE('',#8422,#8666);
#8666 = DEFINITIONAL_REPRESENTATION('',(#8667),#8671);
#8667 = LINE('',#8668,#8669);
#8668 = CARTESIAN_POINT('',(-30.,-0.));
#8669 = VECTOR('',#8670,1.);
#8670 = DIRECTION('',(-0.,1.));
#8671 = ( GEOMETRIC_REPRESENTATION_CONTEXT(2) 
PARAMETRIC_REPRESENTATION_CONTEXT() REPRESENTATION_CONTEXT('2D SPACE',''
  ) );
#8672 = PCURVE('',#8504,#8673);
#8673 = DEFINITIONAL_REPRESENTATION('',(#8674),#8678);
#8674 = LINE('',#8675,#8676);
#8675 = CARTESIAN_POINT('',(0.,-0.));
#8676 = VECTOR('',#8677,1.);
#8677 = DIRECTION('',(-1.,0.));
#8678 = ( GEOMETRIC_REPRESENTATION_CONTEXT(2) 
PARAMETRIC_REPRESENTATION_CONTEXT() REPRESENTATION_CONTEXT('2D SPACE',''
  ) );
#8679 = ORIENTED_EDGE('',*,*,#8680,.F.);
#8680 = EDGE_CURVE('',#8634,#8658,#8681,.T.);
#8681 = SURFACE_CURVE('',#8682,(#8686,#8693),.PCURVE_S1.);
#8682 = LINE('',#8683,#8684);
#8683 = CARTESIAN_POINT('',(1.738E+03,1.E+03,1.068E+03));
#8684 = VECTOR('',#8685,1.);
#8685 = DIRECTION('',(-0.,-0.,1.));
#8686 = PCURVE('',#8422,#8687);
#8687 = DEFINITIONAL_REPRESENTATION('',(#8688),#8692);
#8688 = LINE('',#8689,#8690);
#8689 = CARTESIAN_POINT('',(-0.,390.));
#8690 = VECTOR('',#8691,1.);
#8691 = DIRECTION('',(-1.,0.));
#8692 = ( GEOMETRIC_REPRESENTATION_CONTEXT(2) 
PARAMETRIC_REPRESENTATION_CONTEXT() REPRESENTATION_CONTEXT('2D SPACE',''
  ) );
#8693 = PCURVE('',#8694,#8699);
#8694 = PLANE('',#8695);
#8695 = AXIS2_PLACEMENT_3D('',#8696,#8697,#8698);
#8696 = CARTESIAN_POINT('',(1.738E+03,1.E+03,1.068E+03));
#8697 = DIRECTION('',(-1.,-0.,-0.));
#8698 = DIRECTION('',(0.,0.,-1.));
#8699 = DEFINITIONAL_REPRESENTATION('',(#8700),#8704);
#8700 = LINE('',#8701,#8702);
#8701 = CARTESIAN_POINT('',(-0.,-0.));
#8702 = VECTOR('',#8703,1.);
#8703 = DIRECTION('',(-1.,-0.));
#8704 = ( GEOMETRIC_REPRESENTATION_CONTEXT(2) 
PARAMETRIC_REPRESENTATION_CONTEXT() REPRESENTATION_CONTEXT('2D SPACE',''
  ) );
#8705 = ADVANCED_FACE('',(#8706),#8504,.T.);
#8706 = FACE_BOUND('',#8707,.F.);
#8707 = EDGE_LOOP('',(#8708,#8709,#8710,#8733));
#8708 = ORIENTED_EDGE('',*,*,#8490,.F.);
#8709 = ORIENTED_EDGE('',*,*,#8657,.T.);
#8710 = ORIENTED_EDGE('',*,*,#8711,.T.);
#8711 = EDGE_CURVE('',#8658,#8712,#8714,.T.);
#8712 = VERTEX_POINT('',#8713);
#8713 = CARTESIAN_POINT('',(1.738E+03,1.03E+03,1.098E+03));
#8714 = SURFACE_CURVE('',#8715,(#8719,#8726),.PCURVE_S1.);
#8715 = LINE('',#8716,#8717);
#8716 = CARTESIAN_POINT('',(1.738E+03,1.E+03,1.098E+03));
#8717 = VECTOR('',#8718,1.);
#8718 = DIRECTION('',(-0.,1.,-0.));
#8719 = PCURVE('',#8504,#8720);
#8720 = DEFINITIONAL_REPRESENTATION('',(#8721),#8725);
#8721 = LINE('',#8722,#8723);
#8722 = CARTESIAN_POINT('',(-390.,0.));
#8723 = VECTOR('',#8724,1.);
#8724 = DIRECTION('',(-0.,1.));
#8725 = ( GEOMETRIC_REPRESENTATION_CONTEXT(2) 
PARAMETRIC_REPRESENTATION_CONTEXT() REPRESENTATION_CONTEXT('2D SPACE',''
  ) );
#8726 = PCURVE('',#8694,#8727);
#8727 = DEFINITIONAL_REPRESENTATION('',(#8728),#8732);
#8728 = LINE('',#8729,#8730);
#8729 = CARTESIAN_POINT('',(-30.,-0.));
#8730 = VECTOR('',#8731,1.);
#8731 = DIRECTION('',(-0.,-1.));
#8732 = ( GEOMETRIC_REPRESENTATION_CONTEXT(2) 
PARAMETRIC_REPRESENTATION_CONTEXT() REPRESENTATION_CONTEXT('2D SPACE',''
  ) );
#8733 = ORIENTED_EDGE('',*,*,#8734,.F.);
#8734 = EDGE_CURVE('',#8463,#8712,#8735,.T.);
#8735 = SURFACE_CURVE('',#8736,(#8740,#8747),.PCURVE_S1.);
#8736 = LINE('',#8737,#8738);
#8737 = CARTESIAN_POINT('',(2.128E+03,1.03E+03,1.098E+03));
#8738 = VECTOR('',#8739,1.);
#8739 = DIRECTION('',(-1.,-0.,-0.));
#8740 = PCURVE('',#8504,#8741);
#8741 = DEFINITIONAL_REPRESENTATION('',(#8742),#8746);
#8742 = LINE('',#8743,#8744);
#8743 = CARTESIAN_POINT('',(0.,30.));
#8744 = VECTOR('',#8745,1.);
#8745 = DIRECTION('',(-1.,0.));
#8746 = ( GEOMETRIC_REPRESENTATION_CONTEXT(2) 
PARAMETRIC_REPRESENTATION_CONTEXT() REPRESENTATION_CONTEXT('2D SPACE',''
  ) );
#8747 = PCURVE('',#8478,#8748);
#8748 = DEFINITIONAL_REPRESENTATION('',(#8749),#8753);
#8749 = LINE('',#8750,#8751);
#8750 = CARTESIAN_POINT('',(-30.,-0.));
#8751 = VECTOR('',#8752,1.);
#8752 = DIRECTION('',(-0.,1.));
#8753 = ( GEOMETRIC_REPRESENTATION_CONTEXT(2) 
PARAMETRIC_REPRESENTATION_CONTEXT() REPRESENTATION_CONTEXT('2D SPACE',''
  ) );
#8754 = ADVANCED_FACE('',(#8755),#8450,.F.);
#8755 = FACE_BOUND('',#8756,.T.);
#8756 = EDGE_LOOP('',(#8757,#8758,#8759,#8782));
#8757 = ORIENTED_EDGE('',*,*,#8434,.F.);
#8758 = ORIENTED_EDGE('',*,*,#8633,.T.);
#8759 = ORIENTED_EDGE('',*,*,#8760,.T.);
#8760 = EDGE_CURVE('',#8634,#8761,#8763,.T.);
#8761 = VERTEX_POINT('',#8762);
#8762 = CARTESIAN_POINT('',(1.738E+03,1.03E+03,1.068E+03));
#8763 = SURFACE_CURVE('',#8764,(#8768,#8775),.PCURVE_S1.);
#8764 = LINE('',#8765,#8766);
#8765 = CARTESIAN_POINT('',(1.738E+03,1.E+03,1.068E+03));
#8766 = VECTOR('',#8767,1.);
#8767 = DIRECTION('',(-0.,1.,-0.));
#8768 = PCURVE('',#8450,#8769);
#8769 = DEFINITIONAL_REPRESENTATION('',(#8770),#8774);
#8770 = LINE('',#8771,#8772);
#8771 = CARTESIAN_POINT('',(-390.,0.));
#8772 = VECTOR('',#8773,1.);
#8773 = DIRECTION('',(-0.,1.));
#8774 = ( GEOMETRIC_REPRESENTATION_CONTEXT(2) 
PARAMETRIC_REPRESENTATION_CONTEXT() REPRESENTATION_CONTEXT('2D SPACE',''
  ) );
#8775 = PCURVE('',#8694,#8776);
#8776 = DEFINITIONAL_REPRESENTATION('',(#8777),#8781);
#8777 = LINE('',#8778,#8779);
#8778 = CARTESIAN_POINT('',(-0.,-0.));
#8779 = VECTOR('',#8780,1.);
#8780 = DIRECTION('',(-0.,-1.));
#8781 = ( GEOMETRIC_REPRESENTATION_CONTEXT(2) 
PARAMETRIC_REPRESENTATION_CONTEXT() REPRESENTATION_CONTEXT('2D SPACE',''
  ) );
#8782 = ORIENTED_EDGE('',*,*,#8783,.F.);
#8783 = EDGE_CURVE('',#8435,#8761,#8784,.T.);
#8784 = SURFACE_CURVE('',#8785,(#8789,#8796),.PCURVE_S1.);
#8785 = LINE('',#8786,#8787);
#8786 = CARTESIAN_POINT('',(2.128E+03,1.03E+03,1.068E+03));
#8787 = VECTOR('',#8788,1.);
#8788 = DIRECTION('',(-1.,-0.,-0.));
#8789 = PCURVE('',#8450,#8790);
#8790 = DEFINITIONAL_REPRESENTATION('',(#8791),#8795);
#8791 = LINE('',#8792,#8793);
#8792 = CARTESIAN_POINT('',(0.,30.));
#8793 = VECTOR('',#8794,1.);
#8794 = DIRECTION('',(-1.,0.));
#8795 = ( GEOMETRIC_REPRESENTATION_CONTEXT(2) 
PARAMETRIC_REPRESENTATION_CONTEXT() REPRESENTATION_CONTEXT('2D SPACE',''
  ) );
#8796 = PCURVE('',#8478,#8797);
#8797 = DEFINITIONAL_REPRESENTATION('',(#8798),#8802);
#8798 = LINE('',#8799,#8800);
#8799 = CARTESIAN_POINT('',(-0.,-0.));
#8800 = VECTOR('',#8801,1.);
#8801 = DIRECTION('',(-0.,1.));
#8802 = ( GEOMETRIC_REPRESENTATION_CONTEXT(2) 
PARAMETRIC_REPRESENTATION_CONTEXT() REPRESENTATION_CONTEXT('2D SPACE',''
  ) );
#8803 = ADVANCED_FACE('',(#8804),#8478,.T.);
#8804 = FACE_BOUND('',#8805,.F.);
#8805 = EDGE_LOOP('',(#8806,#8807,#8808,#8809));
#8806 = ORIENTED_EDGE('',*,*,#8783,.F.);
#8807 = ORIENTED_EDGE('',*,*,#8462,.T.);
#8808 = ORIENTED_EDGE('',*,*,#8734,.T.);
#8809 = ORIENTED_EDGE('',*,*,#8810,.F.);
#8810 = EDGE_CURVE('',#8761,#8712,#8811,.T.);
#8811 = SURFACE_CURVE('',#8812,(#8816,#8823),.PCURVE_S1.);
#8812 = LINE('',#8813,#8814);
#8813 = CARTESIAN_POINT('',(1.738E+03,1.03E+03,1.068E+03));
#8814 = VECTOR('',#8815,1.);
#8815 = DIRECTION('',(-0.,-0.,1.));
#8816 = PCURVE('',#8478,#8817);
#8817 = DEFINITIONAL_REPRESENTATION('',(#8818),#8822);
#8818 = LINE('',#8819,#8820);
#8819 = CARTESIAN_POINT('',(-0.,390.));
#8820 = VECTOR('',#8821,1.);
#8821 = DIRECTION('',(-1.,0.));
#8822 = ( GEOMETRIC_REPRESENTATION_CONTEXT(2) 
PARAMETRIC_REPRESENTATION_CONTEXT() REPRESENTATION_CONTEXT('2D SPACE',''
  ) );
#8823 = PCURVE('',#8694,#8824);
#8824 = DEFINITIONAL_REPRESENTATION('',(#8825),#8829);
#8825 = LINE('',#8826,#8827);
#8826 = CARTESIAN_POINT('',(-0.,-30.));
#8827 = VECTOR('',#8828,1.);
#8828 = DIRECTION('',(-1.,-0.));
#8829 = ( GEOMETRIC_REPRESENTATION_CONTEXT(2) 
PARAMETRIC_REPRESENTATION_CONTEXT() REPRESENTATION_CONTEXT('2D SPACE',''
  ) );
#8830 = ADVANCED_FACE('',(#8831),#8536,.T.);
#8831 = FACE_BOUND('',#8832,.F.);
#8832 = EDGE_LOOP('',(#8833,#8856,#8857,#8880));
#8833 = ORIENTED_EDGE('',*,*,#8834,.F.);
#8834 = EDGE_CURVE('',#8519,#8835,#8837,.T.);
#8835 = VERTEX_POINT('',#8836);
#8836 = CARTESIAN_POINT('',(1.738E+03,1.028E+03,1.07E+03));
#8837 = SURFACE_CURVE('',#8838,(#8842,#8849),.PCURVE_S1.);
#8838 = LINE('',#8839,#8840);
#8839 = CARTESIAN_POINT('',(2.129E+03,1.028E+03,1.07E+03));
#8840 = VECTOR('',#8841,1.);
#8841 = DIRECTION('',(-1.,-0.,-0.));
#8842 = PCURVE('',#8536,#8843);
#8843 = DEFINITIONAL_REPRESENTATION('',(#8844),#8848);
#8844 = LINE('',#8845,#8846);
#8845 = CARTESIAN_POINT('',(0.,26.));
#8846 = VECTOR('',#8847,1.);
#8847 = DIRECTION('',(-1.,0.));
#8848 = ( GEOMETRIC_REPRESENTATION_CONTEXT(2) 
PARAMETRIC_REPRESENTATION_CONTEXT() REPRESENTATION_CONTEXT('2D SPACE',''
  ) );
#8849 = PCURVE('',#8618,#8850);
#8850 = DEFINITIONAL_REPRESENTATION('',(#8851),#8855);
#8851 = LINE('',#8852,#8853);
#8852 = CARTESIAN_POINT('',(-0.,-0.));
#8853 = VECTOR('',#8854,1.);
#8854 = DIRECTION('',(-0.,1.));
#8855 = ( GEOMETRIC_REPRESENTATION_CONTEXT(2) 
PARAMETRIC_REPRESENTATION_CONTEXT() REPRESENTATION_CONTEXT('2D SPACE',''
  ) );
#8856 = ORIENTED_EDGE('',*,*,#8518,.T.);
#8857 = ORIENTED_EDGE('',*,*,#8858,.T.);
#8858 = EDGE_CURVE('',#8521,#8859,#8861,.T.);
#8859 = VERTEX_POINT('',#8860);
#8860 = CARTESIAN_POINT('',(1.738E+03,1.002E+03,1.07E+03));
#8861 = SURFACE_CURVE('',#8862,(#8866,#8873),.PCURVE_S1.);
#8862 = LINE('',#8863,#8864);
#8863 = CARTESIAN_POINT('',(2.129E+03,1.002E+03,1.07E+03));
#8864 = VECTOR('',#8865,1.);
#8865 = DIRECTION('',(-1.,-0.,-0.));
#8866 = PCURVE('',#8536,#8867);
#8867 = DEFINITIONAL_REPRESENTATION('',(#8868),#8872);
#8868 = LINE('',#8869,#8870);
#8869 = CARTESIAN_POINT('',(0.,-0.));
#8870 = VECTOR('',#8871,1.);
#8871 = DIRECTION('',(-1.,0.));
#8872 = ( GEOMETRIC_REPRESENTATION_CONTEXT(2) 
PARAMETRIC_REPRESENTATION_CONTEXT() REPRESENTATION_CONTEXT('2D SPACE',''
  ) );
#8873 = PCURVE('',#8564,#8874);
#8874 = DEFINITIONAL_REPRESENTATION('',(#8875),#8879);
#8875 = LINE('',#8876,#8877);
#8876 = CARTESIAN_POINT('',(-0.,-0.));
#8877 = VECTOR('',#8878,1.);
#8878 = DIRECTION('',(-0.,1.));
#8879 = ( GEOMETRIC_REPRESENTATION_CONTEXT(2) 
PARAMETRIC_REPRESENTATION_CONTEXT() REPRESENTATION_CONTEXT('2D SPACE',''
  ) );
#8880 = ORIENTED_EDGE('',*,*,#8881,.F.);
#8881 = EDGE_CURVE('',#8835,#8859,#8882,.T.);
#8882 = SURFACE_CURVE('',#8883,(#8887,#8894),.PCURVE_S1.);
#8883 = LINE('',#8884,#8885);
#8884 = CARTESIAN_POINT('',(1.738E+03,1.001E+03,1.07E+03));
#8885 = VECTOR('',#8886,1.);
#8886 = DIRECTION('',(-0.,-1.,-0.));
#8887 = PCURVE('',#8536,#8888);
#8888 = DEFINITIONAL_REPRESENTATION('',(#8889),#8893);
#8889 = LINE('',#8890,#8891);
#8890 = CARTESIAN_POINT('',(-391.,-1.));
#8891 = VECTOR('',#8892,1.);
#8892 = DIRECTION('',(-0.,-1.));
#8893 = ( GEOMETRIC_REPRESENTATION_CONTEXT(2) 
PARAMETRIC_REPRESENTATION_CONTEXT() REPRESENTATION_CONTEXT('2D SPACE',''
  ) );
#8894 = PCURVE('',#8694,#8895);
#8895 = DEFINITIONAL_REPRESENTATION('',(#8896),#8900);
#8896 = LINE('',#8897,#8898);
#8897 = CARTESIAN_POINT('',(-2.,-1.));
#8898 = VECTOR('',#8899,1.);
#8899 = DIRECTION('',(-0.,1.));
#8900 = ( GEOMETRIC_REPRESENTATION_CONTEXT(2) 
PARAMETRIC_REPRESENTATION_CONTEXT() REPRESENTATION_CONTEXT('2D SPACE',''
  ) );
#8901 = ADVANCED_FACE('',(#8902),#8618,.F.);
#8902 = FACE_BOUND('',#8903,.T.);
#8903 = EDGE_LOOP('',(#8904,#8905,#8906,#8929));
#8904 = ORIENTED_EDGE('',*,*,#8834,.F.);
#8905 = ORIENTED_EDGE('',*,*,#8604,.T.);
#8906 = ORIENTED_EDGE('',*,*,#8907,.T.);
#8907 = EDGE_CURVE('',#8577,#8908,#8910,.T.);
#8908 = VERTEX_POINT('',#8909);
#8909 = CARTESIAN_POINT('',(1.738E+03,1.028E+03,1.096E+03));
#8910 = SURFACE_CURVE('',#8911,(#8915,#8922),.PCURVE_S1.);
#8911 = LINE('',#8912,#8913);
#8912 = CARTESIAN_POINT('',(2.129E+03,1.028E+03,1.096E+03));
#8913 = VECTOR('',#8914,1.);
#8914 = DIRECTION('',(-1.,-0.,-0.));
#8915 = PCURVE('',#8618,#8916);
#8916 = DEFINITIONAL_REPRESENTATION('',(#8917),#8921);
#8917 = LINE('',#8918,#8919);
#8918 = CARTESIAN_POINT('',(-26.,-0.));
#8919 = VECTOR('',#8920,1.);
#8920 = DIRECTION('',(-0.,1.));
#8921 = ( GEOMETRIC_REPRESENTATION_CONTEXT(2) 
PARAMETRIC_REPRESENTATION_CONTEXT() REPRESENTATION_CONTEXT('2D SPACE',''
  ) );
#8922 = PCURVE('',#8592,#8923);
#8923 = DEFINITIONAL_REPRESENTATION('',(#8924),#8928);
#8924 = LINE('',#8925,#8926);
#8925 = CARTESIAN_POINT('',(0.,26.));
#8926 = VECTOR('',#8927,1.);
#8927 = DIRECTION('',(-1.,0.));
#8928 = ( GEOMETRIC_REPRESENTATION_CONTEXT(2) 
PARAMETRIC_REPRESENTATION_CONTEXT() REPRESENTATION_CONTEXT('2D SPACE',''
  ) );
#8929 = ORIENTED_EDGE('',*,*,#8930,.F.);
#8930 = EDGE_CURVE('',#8835,#8908,#8931,.T.);
#8931 = SURFACE_CURVE('',#8932,(#8936,#8943),.PCURVE_S1.);
#8932 = LINE('',#8933,#8934);
#8933 = CARTESIAN_POINT('',(1.738E+03,1.028E+03,1.069E+03));
#8934 = VECTOR('',#8935,1.);
#8935 = DIRECTION('',(-0.,-0.,1.));
#8936 = PCURVE('',#8618,#8937);
#8937 = DEFINITIONAL_REPRESENTATION('',(#8938),#8942);
#8938 = LINE('',#8939,#8940);
#8939 = CARTESIAN_POINT('',(1.,391.));
#8940 = VECTOR('',#8941,1.);
#8941 = DIRECTION('',(-1.,0.));
#8942 = ( GEOMETRIC_REPRESENTATION_CONTEXT(2) 
PARAMETRIC_REPRESENTATION_CONTEXT() REPRESENTATION_CONTEXT('2D SPACE',''
  ) );
#8943 = PCURVE('',#8694,#8944);
#8944 = DEFINITIONAL_REPRESENTATION('',(#8945),#8949);
#8945 = LINE('',#8946,#8947);
#8946 = CARTESIAN_POINT('',(-1.,-28.));
#8947 = VECTOR('',#8948,1.);
#8948 = DIRECTION('',(-1.,-0.));
#8949 = ( GEOMETRIC_REPRESENTATION_CONTEXT(2) 
PARAMETRIC_REPRESENTATION_CONTEXT() REPRESENTATION_CONTEXT('2D SPACE',''
  ) );
#8950 = ADVANCED_FACE('',(#8951),#8592,.F.);
#8951 = FACE_BOUND('',#8952,.T.);
#8952 = EDGE_LOOP('',(#8953,#8954,#8955,#8978));
#8953 = ORIENTED_EDGE('',*,*,#8907,.F.);
#8954 = ORIENTED_EDGE('',*,*,#8576,.T.);
#8955 = ORIENTED_EDGE('',*,*,#8956,.T.);
#8956 = EDGE_CURVE('',#8549,#8957,#8959,.T.);
#8957 = VERTEX_POINT('',#8958);
#8958 = CARTESIAN_POINT('',(1.738E+03,1.002E+03,1.096E+03));
#8959 = SURFACE_CURVE('',#8960,(#8964,#8971),.PCURVE_S1.);
#8960 = LINE('',#8961,#8962);
#8961 = CARTESIAN_POINT('',(2.129E+03,1.002E+03,1.096E+03));
#8962 = VECTOR('',#8963,1.);
#8963 = DIRECTION('',(-1.,-0.,-0.));
#8964 = PCURVE('',#8592,#8965);
#8965 = DEFINITIONAL_REPRESENTATION('',(#8966),#8970);
#8966 = LINE('',#8967,#8968);
#8967 = CARTESIAN_POINT('',(0.,-0.));
#8968 = VECTOR('',#8969,1.);
#8969 = DIRECTION('',(-1.,0.));
#8970 = ( GEOMETRIC_REPRESENTATION_CONTEXT(2) 
PARAMETRIC_REPRESENTATION_CONTEXT() REPRESENTATION_CONTEXT('2D SPACE',''
  ) );
#8971 = PCURVE('',#8564,#8972);
#8972 = DEFINITIONAL_REPRESENTATION('',(#8973),#8977);
#8973 = LINE('',#8974,#8975);
#8974 = CARTESIAN_POINT('',(-26.,-0.));
#8975 = VECTOR('',#8976,1.);
#8976 = DIRECTION('',(-0.,1.));
#8977 = ( GEOMETRIC_REPRESENTATION_CONTEXT(2) 
PARAMETRIC_REPRESENTATION_CONTEXT() REPRESENTATION_CONTEXT('2D SPACE',''
  ) );
#8978 = ORIENTED_EDGE('',*,*,#8979,.F.);
#8979 = EDGE_CURVE('',#8908,#8957,#8980,.T.);
#8980 = SURFACE_CURVE('',#8981,(#8985,#8992),.PCURVE_S1.);
#8981 = LINE('',#8982,#8983);
#8982 = CARTESIAN_POINT('',(1.738E+03,1.001E+03,1.096E+03));
#8983 = VECTOR('',#8984,1.);
#8984 = DIRECTION('',(-0.,-1.,-0.));
#8985 = PCURVE('',#8592,#8986);
#8986 = DEFINITIONAL_REPRESENTATION('',(#8987),#8991);
#8987 = LINE('',#8988,#8989);
#8988 = CARTESIAN_POINT('',(-391.,-1.));
#8989 = VECTOR('',#8990,1.);
#8990 = DIRECTION('',(-0.,-1.));
#8991 = ( GEOMETRIC_REPRESENTATION_CONTEXT(2) 
PARAMETRIC_REPRESENTATION_CONTEXT() REPRESENTATION_CONTEXT('2D SPACE',''
  ) );
#8992 = PCURVE('',#8694,#8993);
#8993 = DEFINITIONAL_REPRESENTATION('',(#8994),#8998);
#8994 = LINE('',#8995,#8996);
#8995 = CARTESIAN_POINT('',(-28.,-1.));
#8996 = VECTOR('',#8997,1.);
#8997 = DIRECTION('',(-0.,1.));
#8998 = ( GEOMETRIC_REPRESENTATION_CONTEXT(2) 
PARAMETRIC_REPRESENTATION_CONTEXT() REPRESENTATION_CONTEXT('2D SPACE',''
  ) );
#8999 = ADVANCED_FACE('',(#9000),#8564,.T.);
#9000 = FACE_BOUND('',#9001,.F.);
#9001 = EDGE_LOOP('',(#9002,#9003,#9004,#9005));
#9002 = ORIENTED_EDGE('',*,*,#8858,.F.);
#9003 = ORIENTED_EDGE('',*,*,#8548,.T.);
#9004 = ORIENTED_EDGE('',*,*,#8956,.T.);
#9005 = ORIENTED_EDGE('',*,*,#9006,.F.);
#9006 = EDGE_CURVE('',#8859,#8957,#9007,.T.);
#9007 = SURFACE_CURVE('',#9008,(#9012,#9019),.PCURVE_S1.);
#9008 = LINE('',#9009,#9010);
#9009 = CARTESIAN_POINT('',(1.738E+03,1.002E+03,1.069E+03));
#9010 = VECTOR('',#9011,1.);
#9011 = DIRECTION('',(-0.,-0.,1.));
#9012 = PCURVE('',#8564,#9013);
#9013 = DEFINITIONAL_REPRESENTATION('',(#9014),#9018);
#9014 = LINE('',#9015,#9016);
#9015 = CARTESIAN_POINT('',(1.,391.));
#9016 = VECTOR('',#9017,1.);
#9017 = DIRECTION('',(-1.,0.));
#9018 = ( GEOMETRIC_REPRESENTATION_CONTEXT(2) 
PARAMETRIC_REPRESENTATION_CONTEXT() REPRESENTATION_CONTEXT('2D SPACE',''
  ) );
#9019 = PCURVE('',#8694,#9020);
#9020 = DEFINITIONAL_REPRESENTATION('',(#9021),#9025);
#9021 = LINE('',#9022,#9023);
#9022 = CARTESIAN_POINT('',(-1.,-2.));
#9023 = VECTOR('',#9024,1.);
#9024 = DIRECTION('',(-1.,-0.));
#9025 = ( GEOMETRIC_REPRESENTATION_CONTEXT(2) 
PARAMETRIC_REPRESENTATION_CONTEXT() REPRESENTATION_CONTEXT('2D SPACE',''
  ) );
#9026 = ADVANCED_FACE('',(#9027,#9033),#8694,.T.);
#9027 = FACE_BOUND('',#9028,.F.);
#9028 = EDGE_LOOP('',(#9029,#9030,#9031,#9032));
#9029 = ORIENTED_EDGE('',*,*,#8680,.F.);
#9030 = ORIENTED_EDGE('',*,*,#8760,.T.);
#9031 = ORIENTED_EDGE('',*,*,#8810,.T.);
#9032 = ORIENTED_EDGE('',*,*,#8711,.F.);
#9033 = FACE_BOUND('',#9034,.F.);
#9034 = EDGE_LOOP('',(#9035,#9036,#9037,#9038));
#9035 = ORIENTED_EDGE('',*,*,#8881,.T.);
#9036 = ORIENTED_EDGE('',*,*,#9006,.T.);
#9037 = ORIENTED_EDGE('',*,*,#8979,.F.);
#9038 = ORIENTED_EDGE('',*,*,#8930,.F.);
#9039 = ( GEOMETRIC_REPRESENTATION_CONTEXT(3) 
GLOBAL_UNCERTAINTY_ASSIGNED_CONTEXT((#9043)) 
GLOBAL_UNIT_ASSIGNED_CONTEXT((#9040,#9041,#9042)) REPRESENTATION_CONTEXT
('Context #1','3D Context with UNIT and UNCERTAINTY') );
#9040 = ( LENGTH_UNIT() NAMED_UNIT(*) SI_UNIT(.MILLI.,.METRE.) );
#9041 = ( NAMED_UNIT(*) PLANE_ANGLE_UNIT() SI_UNIT($,.RADIAN.) );
#9042 = ( NAMED_UNIT(*) SI_UNIT($,.STERADIAN.) SOLID_ANGLE_UNIT() );
#9043 = UNCERTAINTY_MEASURE_WITH_UNIT(LENGTH_MEASURE(1.E-07),#9040,
  'distance_accuracy_value','confusion accuracy');
#9044 = CONTEXT_DEPENDENT_SHAPE_REPRESENTATION(#9045,#9047);
#9045 = ( REPRESENTATION_RELATIONSHIP('','',#8392,#10) 
REPRESENTATION_RELATIONSHIP_WITH_TRANSFORMATION(#9046) 
SHAPE_REPRESENTATION_RELATIONSHIP() );
#9046 = ITEM_DEFINED_TRANSFORMATION('','',#11,#63);
#9047 = PRODUCT_DEFINITION_SHAPE('Placement','Placement of an item',
  #9048);
#9048 = NEXT_ASSEMBLY_USAGE_OCCURRENCE('329','','',#5,#8387,$);
#9049 = PRODUCT_RELATED_PRODUCT_CATEGORY('part',$,(#8389));
#9050 = SHAPE_DEFINITION_REPRESENTATION(#9051,#9057);
#9051 = PRODUCT_DEFINITION_SHAPE('','',#9052);
#9052 = PRODUCT_DEFINITION('design','',#9053,#9056);
#9053 = PRODUCT_DEFINITION_FORMATION('','',#9054);
#9054 = PRODUCT('Open CASCADE STEP translator 7.9 12.14',
  'Open CASCADE STEP translator 7.9 12.14','',(#9055));
#9055 = PRODUCT_CONTEXT('',#2,'mechanical');
#9056 = PRODUCT_DEFINITION_CONTEXT('part definition',#2,'design');
#9057 = ADVANCED_BREP_SHAPE_REPRESENTATION('',(#11,#9058),#10012);
#9058 = MANIFOLD_SOLID_BREP('',#9059);
#9059 = CLOSED_SHELL('',(#9060,#9180,#9480,#9529,#9762,#9789,#9816,#9843
    ,#9870,#9897,#9924,#9951,#9978,#10005));
#9060 = ADVANCED_FACE('',(#9061),#9075,.F.);
#9061 = FACE_BOUND('',#9062,.T.);
#9062 = EDGE_LOOP('',(#9063,#9098,#9126,#9154));
#9063 = ORIENTED_EDGE('',*,*,#9064,.F.);
#9064 = EDGE_CURVE('',#9065,#9067,#9069,.T.);
#9065 = VERTEX_POINT('',#9066);
#9066 = CARTESIAN_POINT('',(2.158E+03,100.5,1.1E+03));
#9067 = VERTEX_POINT('',#9068);
#9068 = CARTESIAN_POINT('',(2.158E+03,999.5,1.1E+03));
#9069 = SURFACE_CURVE('',#9070,(#9074,#9086),.PCURVE_S1.);
#9070 = LINE('',#9071,#9072);
#9071 = CARTESIAN_POINT('',(2.158E+03,70.,1.1E+03));
#9072 = VECTOR('',#9073,1.);
#9073 = DIRECTION('',(-0.,1.,-0.));
#9074 = PCURVE('',#9075,#9080);
#9075 = PLANE('',#9076);
#9076 = AXIS2_PLACEMENT_3D('',#9077,#9078,#9079);
#9077 = CARTESIAN_POINT('',(2.158E+03,70.,1.098E+03));
#9078 = DIRECTION('',(-1.,-0.,-0.));
#9079 = DIRECTION('',(0.,0.,-1.));
#9080 = DEFINITIONAL_REPRESENTATION('',(#9081),#9085);
#9081 = LINE('',#9082,#9083);
#9082 = CARTESIAN_POINT('',(-2.,-0.));
#9083 = VECTOR('',#9084,1.);
#9084 = DIRECTION('',(-0.,-1.));
#9085 = ( GEOMETRIC_REPRESENTATION_CONTEXT(2) 
PARAMETRIC_REPRESENTATION_CONTEXT() REPRESENTATION_CONTEXT('2D SPACE',''
  ) );
#9086 = PCURVE('',#9087,#9092);
#9087 = PLANE('',#9088);
#9088 = AXIS2_PLACEMENT_3D('',#9089,#9090,#9091);
#9089 = CARTESIAN_POINT('',(2.158E+03,70.,1.1E+03));
#9090 = DIRECTION('',(-0.,-0.,1.));
#9091 = DIRECTION('',(1.,0.,0.));
#9092 = DEFINITIONAL_REPRESENTATION('',(#9093),#9097);
#9093 = LINE('',#9094,#9095);
#9094 = CARTESIAN_POINT('',(0.,-0.));
#9095 = VECTOR('',#9096,1.);
#9096 = DIRECTION('',(-0.,1.));
#9097 = ( GEOMETRIC_REPRESENTATION_CONTEXT(2) 
PARAMETRIC_REPRESENTATION_CONTEXT() REPRESENTATION_CONTEXT('2D SPACE',''
  ) );
#9098 = ORIENTED_EDGE('',*,*,#9099,.F.);
#9099 = EDGE_CURVE('',#9100,#9065,#9102,.T.);
#9100 = VERTEX_POINT('',#9101);
#9101 = CARTESIAN_POINT('',(2.158E+03,100.5,1.098E+03));
#9102 = SURFACE_CURVE('',#9103,(#9107,#9114),.PCURVE_S1.);
#9103 = LINE('',#9104,#9105);
#9104 = CARTESIAN_POINT('',(2.158E+03,100.5,1.0975E+03));
#9105 = VECTOR('',#9106,1.);
#9106 = DIRECTION('',(-0.,-0.,1.));
#9107 = PCURVE('',#9075,#9108);
#9108 = DEFINITIONAL_REPRESENTATION('',(#9109),#9113);
#9109 = LINE('',#9110,#9111);
#9110 = CARTESIAN_POINT('',(0.5,-30.5));
#9111 = VECTOR('',#9112,1.);
#9112 = DIRECTION('',(-1.,-0.));
#9113 = ( GEOMETRIC_REPRESENTATION_CONTEXT(2) 
PARAMETRIC_REPRESENTATION_CONTEXT() REPRESENTATION_CONTEXT('2D SPACE',''
  ) );
#9114 = PCURVE('',#9115,#9120);
#9115 = PLANE('',#9116);
#9116 = AXIS2_PLACEMENT_3D('',#9117,#9118,#9119);
#9117 = CARTESIAN_POINT('',(2.1585E+03,100.5,1.097E+03));
#9118 = DIRECTION('',(-0.,1.,-0.));
#9119 = DIRECTION('',(0.,0.,-1.));
#9120 = DEFINITIONAL_REPRESENTATION('',(#9121),#9125);
#9121 = LINE('',#9122,#9123);
#9122 = CARTESIAN_POINT('',(-0.5,0.5));
#9123 = VECTOR('',#9124,1.);
#9124 = DIRECTION('',(-1.,0.));
#9125 = ( GEOMETRIC_REPRESENTATION_CONTEXT(2) 
PARAMETRIC_REPRESENTATION_CONTEXT() REPRESENTATION_CONTEXT('2D SPACE',''
  ) );
#9126 = ORIENTED_EDGE('',*,*,#9127,.T.);
#9127 = EDGE_CURVE('',#9100,#9128,#9130,.T.);
#9128 = VERTEX_POINT('',#9129);
#9129 = CARTESIAN_POINT('',(2.158E+03,999.5,1.098E+03));
#9130 = SURFACE_CURVE('',#9131,(#9135,#9142),.PCURVE_S1.);
#9131 = LINE('',#9132,#9133);
#9132 = CARTESIAN_POINT('',(2.158E+03,70.,1.098E+03));
#9133 = VECTOR('',#9134,1.);
#9134 = DIRECTION('',(-0.,1.,-0.));
#9135 = PCURVE('',#9075,#9136);
#9136 = DEFINITIONAL_REPRESENTATION('',(#9137),#9141);
#9137 = LINE('',#9138,#9139);
#9138 = CARTESIAN_POINT('',(-0.,-0.));
#9139 = VECTOR('',#9140,1.);
#9140 = DIRECTION('',(-0.,-1.));
#9141 = ( GEOMETRIC_REPRESENTATION_CONTEXT(2) 
PARAMETRIC_REPRESENTATION_CONTEXT() REPRESENTATION_CONTEXT('2D SPACE',''
  ) );
#9142 = PCURVE('',#9143,#9148);
#9143 = PLANE('',#9144);
#9144 = AXIS2_PLACEMENT_3D('',#9145,#9146,#9147);
#9145 = CARTESIAN_POINT('',(2.158E+03,70.,1.098E+03));
#9146 = DIRECTION('',(-0.,-0.,1.));
#9147 = DIRECTION('',(1.,0.,0.));
#9148 = DEFINITIONAL_REPRESENTATION('',(#9149),#9153);
#9149 = LINE('',#9150,#9151);
#9150 = CARTESIAN_POINT('',(0.,-0.));
#9151 = VECTOR('',#9152,1.);
#9152 = DIRECTION('',(-0.,1.));
#9153 = ( GEOMETRIC_REPRESENTATION_CONTEXT(2) 
PARAMETRIC_REPRESENTATION_CONTEXT() REPRESENTATION_CONTEXT('2D SPACE',''
  ) );
#9154 = ORIENTED_EDGE('',*,*,#9155,.T.);
#9155 = EDGE_CURVE('',#9128,#9067,#9156,.T.);
#9156 = SURFACE_CURVE('',#9157,(#9161,#9168),.PCURVE_S1.);
#9157 = LINE('',#9158,#9159);
#9158 = CARTESIAN_POINT('',(2.158E+03,999.5,1.0975E+03));
#9159 = VECTOR('',#9160,1.);
#9160 = DIRECTION('',(-0.,-0.,1.));
#9161 = PCURVE('',#9075,#9162);
#9162 = DEFINITIONAL_REPRESENTATION('',(#9163),#9167);
#9163 = LINE('',#9164,#9165);
#9164 = CARTESIAN_POINT('',(0.5,-929.5));
#9165 = VECTOR('',#9166,1.);
#9166 = DIRECTION('',(-1.,-0.));
#9167 = ( GEOMETRIC_REPRESENTATION_CONTEXT(2) 
PARAMETRIC_REPRESENTATION_CONTEXT() REPRESENTATION_CONTEXT('2D SPACE',''
  ) );
#9168 = PCURVE('',#9169,#9174);
#9169 = PLANE('',#9170);
#9170 = AXIS2_PLACEMENT_3D('',#9171,#9172,#9173);
#9171 = CARTESIAN_POINT('',(2.1585E+03,999.5,1.097E+03));
#9172 = DIRECTION('',(-0.,1.,-0.));
#9173 = DIRECTION('',(0.,0.,-1.));
#9174 = DEFINITIONAL_REPRESENTATION('',(#9175),#9179);
#9175 = LINE('',#9176,#9177);
#9176 = CARTESIAN_POINT('',(-0.5,0.5));
#9177 = VECTOR('',#9178,1.);
#9178 = DIRECTION('',(-1.,0.));
#9179 = ( GEOMETRIC_REPRESENTATION_CONTEXT(2) 
PARAMETRIC_REPRESENTATION_CONTEXT() REPRESENTATION_CONTEXT('2D SPACE',''
  ) );
#9180 = ADVANCED_FACE('',(#9181),#9087,.T.);
#9181 = FACE_BOUND('',#9182,.F.);
#9182 = EDGE_LOOP('',(#9183,#9184,#9207,#9235,#9263,#9291,#9319,#9347,
    #9375,#9403,#9431,#9459));
#9183 = ORIENTED_EDGE('',*,*,#9064,.F.);
#9184 = ORIENTED_EDGE('',*,*,#9185,.F.);
#9185 = EDGE_CURVE('',#9186,#9065,#9188,.T.);
#9186 = VERTEX_POINT('',#9187);
#9187 = CARTESIAN_POINT('',(2.1275E+03,100.5,1.1E+03));
#9188 = SURFACE_CURVE('',#9189,(#9193,#9200),.PCURVE_S1.);
#9189 = LINE('',#9190,#9191);
#9190 = CARTESIAN_POINT('',(2.15825E+03,100.5,1.1E+03));
#9191 = VECTOR('',#9192,1.);
#9192 = DIRECTION('',(1.,-0.,0.));
#9193 = PCURVE('',#9087,#9194);
#9194 = DEFINITIONAL_REPRESENTATION('',(#9195),#9199);
#9195 = LINE('',#9196,#9197);
#9196 = CARTESIAN_POINT('',(0.25,30.5));
#9197 = VECTOR('',#9198,1.);
#9198 = DIRECTION('',(1.,-0.));
#9199 = ( GEOMETRIC_REPRESENTATION_CONTEXT(2) 
PARAMETRIC_REPRESENTATION_CONTEXT() REPRESENTATION_CONTEXT('2D SPACE',''
  ) );
#9200 = PCURVE('',#9115,#9201);
#9201 = DEFINITIONAL_REPRESENTATION('',(#9202),#9206);
#9202 = LINE('',#9203,#9204);
#9203 = CARTESIAN_POINT('',(-3.,0.25));
#9204 = VECTOR('',#9205,1.);
#9205 = DIRECTION('',(-0.,-1.));
#9206 = ( GEOMETRIC_REPRESENTATION_CONTEXT(2) 
PARAMETRIC_REPRESENTATION_CONTEXT() REPRESENTATION_CONTEXT('2D SPACE',''
  ) );
#9207 = ORIENTED_EDGE('',*,*,#9208,.F.);
#9208 = EDGE_CURVE('',#9209,#9186,#9211,.T.);
#9209 = VERTEX_POINT('',#9210);
#9210 = CARTESIAN_POINT('',(2.1275E+03,70.,1.1E+03));
#9211 = SURFACE_CURVE('',#9212,(#9216,#9223),.PCURVE_S1.);
#9212 = LINE('',#9213,#9214);
#9213 = CARTESIAN_POINT('',(2.1275E+03,69.75,1.1E+03));
#9214 = VECTOR('',#9215,1.);
#9215 = DIRECTION('',(-0.,1.,-0.));
#9216 = PCURVE('',#9087,#9217);
#9217 = DEFINITIONAL_REPRESENTATION('',(#9218),#9222);
#9218 = LINE('',#9219,#9220);
#9219 = CARTESIAN_POINT('',(-30.5,-0.25));
#9220 = VECTOR('',#9221,1.);
#9221 = DIRECTION('',(-0.,1.));
#9222 = ( GEOMETRIC_REPRESENTATION_CONTEXT(2) 
PARAMETRIC_REPRESENTATION_CONTEXT() REPRESENTATION_CONTEXT('2D SPACE',''
  ) );
#9223 = PCURVE('',#9224,#9229);
#9224 = PLANE('',#9225);
#9225 = AXIS2_PLACEMENT_3D('',#9226,#9227,#9228);
#9226 = CARTESIAN_POINT('',(2.1275E+03,69.5,1.097E+03));
#9227 = DIRECTION('',(-1.,-0.,-0.));
#9228 = DIRECTION('',(0.,0.,-1.));
#9229 = DEFINITIONAL_REPRESENTATION('',(#9230),#9234);
#9230 = LINE('',#9231,#9232);
#9231 = CARTESIAN_POINT('',(-3.,-0.25));
#9232 = VECTOR('',#9233,1.);
#9233 = DIRECTION('',(-0.,-1.));
#9234 = ( GEOMETRIC_REPRESENTATION_CONTEXT(2) 
PARAMETRIC_REPRESENTATION_CONTEXT() REPRESENTATION_CONTEXT('2D SPACE',''
  ) );
#9235 = ORIENTED_EDGE('',*,*,#9236,.T.);
#9236 = EDGE_CURVE('',#9209,#9237,#9239,.T.);
#9237 = VERTEX_POINT('',#9238);
#9238 = CARTESIAN_POINT('',(1.7385E+03,70.,1.1E+03));
#9239 = SURFACE_CURVE('',#9240,(#9244,#9251),.PCURVE_S1.);
#9240 = LINE('',#9241,#9242);
#9241 = CARTESIAN_POINT('',(2.158E+03,70.,1.1E+03));
#9242 = VECTOR('',#9243,1.);
#9243 = DIRECTION('',(-1.,-0.,-0.));
#9244 = PCURVE('',#9087,#9245);
#9245 = DEFINITIONAL_REPRESENTATION('',(#9246),#9250);
#9246 = LINE('',#9247,#9248);
#9247 = CARTESIAN_POINT('',(0.,-0.));
#9248 = VECTOR('',#9249,1.);
#9249 = DIRECTION('',(-1.,0.));
#9250 = ( GEOMETRIC_REPRESENTATION_CONTEXT(2) 
PARAMETRIC_REPRESENTATION_CONTEXT() REPRESENTATION_CONTEXT('2D SPACE',''
  ) );
#9251 = PCURVE('',#9252,#9257);
#9252 = PLANE('',#9253);
#9253 = AXIS2_PLACEMENT_3D('',#9254,#9255,#9256);
#9254 = CARTESIAN_POINT('',(2.158E+03,70.,1.098E+03));
#9255 = DIRECTION('',(-0.,1.,-0.));
#9256 = DIRECTION('',(0.,0.,-1.));
#9257 = DEFINITIONAL_REPRESENTATION('',(#9258),#9262);
#9258 = LINE('',#9259,#9260);
#9259 = CARTESIAN_POINT('',(-2.,-0.));
#9260 = VECTOR('',#9261,1.);
#9261 = DIRECTION('',(-0.,1.));
#9262 = ( GEOMETRIC_REPRESENTATION_CONTEXT(2) 
PARAMETRIC_REPRESENTATION_CONTEXT() REPRESENTATION_CONTEXT('2D SPACE',''
  ) );
#9263 = ORIENTED_EDGE('',*,*,#9264,.T.);
#9264 = EDGE_CURVE('',#9237,#9265,#9267,.T.);
#9265 = VERTEX_POINT('',#9266);
#9266 = CARTESIAN_POINT('',(1.7385E+03,100.5,1.1E+03));
#9267 = SURFACE_CURVE('',#9268,(#9272,#9279),.PCURVE_S1.);
#9268 = LINE('',#9269,#9270);
#9269 = CARTESIAN_POINT('',(1.7385E+03,69.75,1.1E+03));
#9270 = VECTOR('',#9271,1.);
#9271 = DIRECTION('',(-0.,1.,-0.));
#9272 = PCURVE('',#9087,#9273);
#9273 = DEFINITIONAL_REPRESENTATION('',(#9274),#9278);
#9274 = LINE('',#9275,#9276);
#9275 = CARTESIAN_POINT('',(-419.5,-0.25));
#9276 = VECTOR('',#9277,1.);
#9277 = DIRECTION('',(-0.,1.));
#9278 = ( GEOMETRIC_REPRESENTATION_CONTEXT(2) 
PARAMETRIC_REPRESENTATION_CONTEXT() REPRESENTATION_CONTEXT('2D SPACE',''
  ) );
#9279 = PCURVE('',#9280,#9285);
#9280 = PLANE('',#9281);
#9281 = AXIS2_PLACEMENT_3D('',#9282,#9283,#9284);
#9282 = CARTESIAN_POINT('',(1.7385E+03,69.5,1.097E+03));
#9283 = DIRECTION('',(-1.,-0.,-0.));
#9284 = DIRECTION('',(0.,0.,-1.));
#9285 = DEFINITIONAL_REPRESENTATION('',(#9286),#9290);
#9286 = LINE('',#9287,#9288);
#9287 = CARTESIAN_POINT('',(-3.,-0.25));
#9288 = VECTOR('',#9289,1.);
#9289 = DIRECTION('',(-0.,-1.));
#9290 = ( GEOMETRIC_REPRESENTATION_CONTEXT(2) 
PARAMETRIC_REPRESENTATION_CONTEXT() REPRESENTATION_CONTEXT('2D SPACE',''
  ) );
#9291 = ORIENTED_EDGE('',*,*,#9292,.F.);
#9292 = EDGE_CURVE('',#9293,#9265,#9295,.T.);
#9293 = VERTEX_POINT('',#9294);
#9294 = CARTESIAN_POINT('',(1.708E+03,100.5,1.1E+03));
#9295 = SURFACE_CURVE('',#9296,(#9300,#9307),.PCURVE_S1.);
#9296 = LINE('',#9297,#9298);
#9297 = CARTESIAN_POINT('',(1.94825E+03,100.5,1.1E+03));
#9298 = VECTOR('',#9299,1.);
#9299 = DIRECTION('',(1.,-0.,0.));
#9300 = PCURVE('',#9087,#9301);
#9301 = DEFINITIONAL_REPRESENTATION('',(#9302),#9306);
#9302 = LINE('',#9303,#9304);
#9303 = CARTESIAN_POINT('',(-209.75,30.5));
#9304 = VECTOR('',#9305,1.);
#9305 = DIRECTION('',(1.,-0.));
#9306 = ( GEOMETRIC_REPRESENTATION_CONTEXT(2) 
PARAMETRIC_REPRESENTATION_CONTEXT() REPRESENTATION_CONTEXT('2D SPACE',''
  ) );
#9307 = PCURVE('',#9308,#9313);
#9308 = PLANE('',#9309);
#9309 = AXIS2_PLACEMENT_3D('',#9310,#9311,#9312);
#9310 = CARTESIAN_POINT('',(1.7385E+03,100.5,1.097E+03));
#9311 = DIRECTION('',(-0.,1.,-0.));
#9312 = DIRECTION('',(0.,0.,-1.));
#9313 = DEFINITIONAL_REPRESENTATION('',(#9314),#9318);
#9314 = LINE('',#9315,#9316);
#9315 = CARTESIAN_POINT('',(-3.,-209.75));
#9316 = VECTOR('',#9317,1.);
#9317 = DIRECTION('',(-0.,-1.));
#9318 = ( GEOMETRIC_REPRESENTATION_CONTEXT(2) 
PARAMETRIC_REPRESENTATION_CONTEXT() REPRESENTATION_CONTEXT('2D SPACE',''
  ) );
#9319 = ORIENTED_EDGE('',*,*,#9320,.T.);
#9320 = EDGE_CURVE('',#9293,#9321,#9323,.T.);
#9321 = VERTEX_POINT('',#9322);
#9322 = CARTESIAN_POINT('',(1.708E+03,999.5,1.1E+03));
#9323 = SURFACE_CURVE('',#9324,(#9328,#9335),.PCURVE_S1.);
#9324 = LINE('',#9325,#9326);
#9325 = CARTESIAN_POINT('',(1.708E+03,70.,1.1E+03));
#9326 = VECTOR('',#9327,1.);
#9327 = DIRECTION('',(-0.,1.,-0.));
#9328 = PCURVE('',#9087,#9329);
#9329 = DEFINITIONAL_REPRESENTATION('',(#9330),#9334);
#9330 = LINE('',#9331,#9332);
#9331 = CARTESIAN_POINT('',(-450.,0.));
#9332 = VECTOR('',#9333,1.);
#9333 = DIRECTION('',(-0.,1.));
#9334 = ( GEOMETRIC_REPRESENTATION_CONTEXT(2) 
PARAMETRIC_REPRESENTATION_CONTEXT() REPRESENTATION_CONTEXT('2D SPACE',''
  ) );
#9335 = PCURVE('',#9336,#9341);
#9336 = PLANE('',#9337);
#9337 = AXIS2_PLACEMENT_3D('',#9338,#9339,#9340);
#9338 = CARTESIAN_POINT('',(1.708E+03,70.,1.098E+03));
#9339 = DIRECTION('',(-1.,-0.,-0.));
#9340 = DIRECTION('',(0.,0.,-1.));
#9341 = DEFINITIONAL_REPRESENTATION('',(#9342),#9346);
#9342 = LINE('',#9343,#9344);
#9343 = CARTESIAN_POINT('',(-2.,-0.));
#9344 = VECTOR('',#9345,1.);
#9345 = DIRECTION('',(-0.,-1.));
#9346 = ( GEOMETRIC_REPRESENTATION_CONTEXT(2) 
PARAMETRIC_REPRESENTATION_CONTEXT() REPRESENTATION_CONTEXT('2D SPACE',''
  ) );
#9347 = ORIENTED_EDGE('',*,*,#9348,.T.);
#9348 = EDGE_CURVE('',#9321,#9349,#9351,.T.);
#9349 = VERTEX_POINT('',#9350);
#9350 = CARTESIAN_POINT('',(1.7385E+03,999.5,1.1E+03));
#9351 = SURFACE_CURVE('',#9352,(#9356,#9363),.PCURVE_S1.);
#9352 = LINE('',#9353,#9354);
#9353 = CARTESIAN_POINT('',(1.94825E+03,999.5,1.1E+03));
#9354 = VECTOR('',#9355,1.);
#9355 = DIRECTION('',(1.,-0.,0.));
#9356 = PCURVE('',#9087,#9357);
#9357 = DEFINITIONAL_REPRESENTATION('',(#9358),#9362);
#9358 = LINE('',#9359,#9360);
#9359 = CARTESIAN_POINT('',(-209.75,929.5));
#9360 = VECTOR('',#9361,1.);
#9361 = DIRECTION('',(1.,-0.));
#9362 = ( GEOMETRIC_REPRESENTATION_CONTEXT(2) 
PARAMETRIC_REPRESENTATION_CONTEXT() REPRESENTATION_CONTEXT('2D SPACE',''
  ) );
#9363 = PCURVE('',#9364,#9369);
#9364 = PLANE('',#9365);
#9365 = AXIS2_PLACEMENT_3D('',#9366,#9367,#9368);
#9366 = CARTESIAN_POINT('',(1.7385E+03,999.5,1.097E+03));
#9367 = DIRECTION('',(-0.,1.,-0.));
#9368 = DIRECTION('',(0.,0.,-1.));
#9369 = DEFINITIONAL_REPRESENTATION('',(#9370),#9374);
#9370 = LINE('',#9371,#9372);
#9371 = CARTESIAN_POINT('',(-3.,-209.75));
#9372 = VECTOR('',#9373,1.);
#9373 = DIRECTION('',(-0.,-1.));
#9374 = ( GEOMETRIC_REPRESENTATION_CONTEXT(2) 
PARAMETRIC_REPRESENTATION_CONTEXT() REPRESENTATION_CONTEXT('2D SPACE',''
  ) );
#9375 = ORIENTED_EDGE('',*,*,#9376,.T.);
#9376 = EDGE_CURVE('',#9349,#9377,#9379,.T.);
#9377 = VERTEX_POINT('',#9378);
#9378 = CARTESIAN_POINT('',(1.7385E+03,1.03E+03,1.1E+03));
#9379 = SURFACE_CURVE('',#9380,(#9384,#9391),.PCURVE_S1.);
#9380 = LINE('',#9381,#9382);
#9381 = CARTESIAN_POINT('',(1.7385E+03,534.75,1.1E+03));
#9382 = VECTOR('',#9383,1.);
#9383 = DIRECTION('',(-0.,1.,-0.));
#9384 = PCURVE('',#9087,#9385);
#9385 = DEFINITIONAL_REPRESENTATION('',(#9386),#9390);
#9386 = LINE('',#9387,#9388);
#9387 = CARTESIAN_POINT('',(-419.5,464.75));
#9388 = VECTOR('',#9389,1.);
#9389 = DIRECTION('',(-0.,1.));
#9390 = ( GEOMETRIC_REPRESENTATION_CONTEXT(2) 
PARAMETRIC_REPRESENTATION_CONTEXT() REPRESENTATION_CONTEXT('2D SPACE',''
  ) );
#9391 = PCURVE('',#9392,#9397);
#9392 = PLANE('',#9393);
#9393 = AXIS2_PLACEMENT_3D('',#9394,#9395,#9396);
#9394 = CARTESIAN_POINT('',(1.7385E+03,999.5,1.097E+03));
#9395 = DIRECTION('',(-1.,-0.,-0.));
#9396 = DIRECTION('',(0.,0.,-1.));
#9397 = DEFINITIONAL_REPRESENTATION('',(#9398),#9402);
#9398 = LINE('',#9399,#9400);
#9399 = CARTESIAN_POINT('',(-3.,464.75));
#9400 = VECTOR('',#9401,1.);
#9401 = DIRECTION('',(-0.,-1.));
#9402 = ( GEOMETRIC_REPRESENTATION_CONTEXT(2) 
PARAMETRIC_REPRESENTATION_CONTEXT() REPRESENTATION_CONTEXT('2D SPACE',''
  ) );
#9403 = ORIENTED_EDGE('',*,*,#9404,.F.);
#9404 = EDGE_CURVE('',#9405,#9377,#9407,.T.);
#9405 = VERTEX_POINT('',#9406);
#9406 = CARTESIAN_POINT('',(2.1275E+03,1.03E+03,1.1E+03));
#9407 = SURFACE_CURVE('',#9408,(#9412,#9419),.PCURVE_S1.);
#9408 = LINE('',#9409,#9410);
#9409 = CARTESIAN_POINT('',(2.158E+03,1.03E+03,1.1E+03));
#9410 = VECTOR('',#9411,1.);
#9411 = DIRECTION('',(-1.,-0.,-0.));
#9412 = PCURVE('',#9087,#9413);
#9413 = DEFINITIONAL_REPRESENTATION('',(#9414),#9418);
#9414 = LINE('',#9415,#9416);
#9415 = CARTESIAN_POINT('',(0.,960.));
#9416 = VECTOR('',#9417,1.);
#9417 = DIRECTION('',(-1.,0.));
#9418 = ( GEOMETRIC_REPRESENTATION_CONTEXT(2) 
PARAMETRIC_REPRESENTATION_CONTEXT() REPRESENTATION_CONTEXT('2D SPACE',''
  ) );
#9419 = PCURVE('',#9420,#9425);
#9420 = PLANE('',#9421);
#9421 = AXIS2_PLACEMENT_3D('',#9422,#9423,#9424);
#9422 = CARTESIAN_POINT('',(2.158E+03,1.03E+03,1.098E+03));
#9423 = DIRECTION('',(-0.,1.,-0.));
#9424 = DIRECTION('',(0.,0.,-1.));
#9425 = DEFINITIONAL_REPRESENTATION('',(#9426),#9430);
#9426 = LINE('',#9427,#9428);
#9427 = CARTESIAN_POINT('',(-2.,-0.));
#9428 = VECTOR('',#9429,1.);
#9429 = DIRECTION('',(-0.,1.));
#9430 = ( GEOMETRIC_REPRESENTATION_CONTEXT(2) 
PARAMETRIC_REPRESENTATION_CONTEXT() REPRESENTATION_CONTEXT('2D SPACE',''
  ) );
#9431 = ORIENTED_EDGE('',*,*,#9432,.F.);
#9432 = EDGE_CURVE('',#9433,#9405,#9435,.T.);
#9433 = VERTEX_POINT('',#9434);
#9434 = CARTESIAN_POINT('',(2.1275E+03,999.5,1.1E+03));
#9435 = SURFACE_CURVE('',#9436,(#9440,#9447),.PCURVE_S1.);
#9436 = LINE('',#9437,#9438);
#9437 = CARTESIAN_POINT('',(2.1275E+03,534.75,1.1E+03));
#9438 = VECTOR('',#9439,1.);
#9439 = DIRECTION('',(-0.,1.,-0.));
#9440 = PCURVE('',#9087,#9441);
#9441 = DEFINITIONAL_REPRESENTATION('',(#9442),#9446);
#9442 = LINE('',#9443,#9444);
#9443 = CARTESIAN_POINT('',(-30.5,464.75));
#9444 = VECTOR('',#9445,1.);
#9445 = DIRECTION('',(-0.,1.));
#9446 = ( GEOMETRIC_REPRESENTATION_CONTEXT(2) 
PARAMETRIC_REPRESENTATION_CONTEXT() REPRESENTATION_CONTEXT('2D SPACE',''
  ) );
#9447 = PCURVE('',#9448,#9453);
#9448 = PLANE('',#9449);
#9449 = AXIS2_PLACEMENT_3D('',#9450,#9451,#9452);
#9450 = CARTESIAN_POINT('',(2.1275E+03,999.5,1.097E+03));
#9451 = DIRECTION('',(-1.,-0.,-0.));
#9452 = DIRECTION('',(0.,0.,-1.));
#9453 = DEFINITIONAL_REPRESENTATION('',(#9454),#9458);
#9454 = LINE('',#9455,#9456);
#9455 = CARTESIAN_POINT('',(-3.,464.75));
#9456 = VECTOR('',#9457,1.);
#9457 = DIRECTION('',(-0.,-1.));
#9458 = ( GEOMETRIC_REPRESENTATION_CONTEXT(2) 
PARAMETRIC_REPRESENTATION_CONTEXT() REPRESENTATION_CONTEXT('2D SPACE',''
  ) );
#9459 = ORIENTED_EDGE('',*,*,#9460,.T.);
#9460 = EDGE_CURVE('',#9433,#9067,#9461,.T.);
#9461 = SURFACE_CURVE('',#9462,(#9466,#9473),.PCURVE_S1.);
#9462 = LINE('',#9463,#9464);
#9463 = CARTESIAN_POINT('',(2.15825E+03,999.5,1.1E+03));
#9464 = VECTOR('',#9465,1.);
#9465 = DIRECTION('',(1.,-0.,0.));
#9466 = PCURVE('',#9087,#9467);
#9467 = DEFINITIONAL_REPRESENTATION('',(#9468),#9472);
#9468 = LINE('',#9469,#9470);
#9469 = CARTESIAN_POINT('',(0.25,929.5));
#9470 = VECTOR('',#9471,1.);
#9471 = DIRECTION('',(1.,-0.));
#9472 = ( GEOMETRIC_REPRESENTATION_CONTEXT(2) 
PARAMETRIC_REPRESENTATION_CONTEXT() REPRESENTATION_CONTEXT('2D SPACE',''
  ) );
#9473 = PCURVE('',#9169,#9474);
#9474 = DEFINITIONAL_REPRESENTATION('',(#9475),#9479);
#9475 = LINE('',#9476,#9477);
#9476 = CARTESIAN_POINT('',(-3.,0.25));
#9477 = VECTOR('',#9478,1.);
#9478 = DIRECTION('',(-0.,-1.));
#9479 = ( GEOMETRIC_REPRESENTATION_CONTEXT(2) 
PARAMETRIC_REPRESENTATION_CONTEXT() REPRESENTATION_CONTEXT('2D SPACE',''
  ) );
#9480 = ADVANCED_FACE('',(#9481),#9169,.T.);
#9481 = FACE_BOUND('',#9482,.F.);
#9482 = EDGE_LOOP('',(#9483,#9506,#9527,#9528));
#9483 = ORIENTED_EDGE('',*,*,#9484,.F.);
#9484 = EDGE_CURVE('',#9485,#9433,#9487,.T.);
#9485 = VERTEX_POINT('',#9486);
#9486 = CARTESIAN_POINT('',(2.1275E+03,999.5,1.098E+03));
#9487 = SURFACE_CURVE('',#9488,(#9492,#9499),.PCURVE_S1.);
#9488 = LINE('',#9489,#9490);
#9489 = CARTESIAN_POINT('',(2.1275E+03,999.5,1.097E+03));
#9490 = VECTOR('',#9491,1.);
#9491 = DIRECTION('',(-0.,-0.,1.));
#9492 = PCURVE('',#9169,#9493);
#9493 = DEFINITIONAL_REPRESENTATION('',(#9494),#9498);
#9494 = LINE('',#9495,#9496);
#9495 = CARTESIAN_POINT('',(-0.,31.));
#9496 = VECTOR('',#9497,1.);
#9497 = DIRECTION('',(-1.,0.));
#9498 = ( GEOMETRIC_REPRESENTATION_CONTEXT(2) 
PARAMETRIC_REPRESENTATION_CONTEXT() REPRESENTATION_CONTEXT('2D SPACE',''
  ) );
#9499 = PCURVE('',#9448,#9500);
#9500 = DEFINITIONAL_REPRESENTATION('',(#9501),#9505);
#9501 = LINE('',#9502,#9503);
#9502 = CARTESIAN_POINT('',(-0.,-0.));
#9503 = VECTOR('',#9504,1.);
#9504 = DIRECTION('',(-1.,-0.));
#9505 = ( GEOMETRIC_REPRESENTATION_CONTEXT(2) 
PARAMETRIC_REPRESENTATION_CONTEXT() REPRESENTATION_CONTEXT('2D SPACE',''
  ) );
#9506 = ORIENTED_EDGE('',*,*,#9507,.T.);
#9507 = EDGE_CURVE('',#9485,#9128,#9508,.T.);
#9508 = SURFACE_CURVE('',#9509,(#9513,#9520),.PCURVE_S1.);
#9509 = LINE('',#9510,#9511);
#9510 = CARTESIAN_POINT('',(2.15825E+03,999.5,1.098E+03));
#9511 = VECTOR('',#9512,1.);
#9512 = DIRECTION('',(1.,-0.,0.));
#9513 = PCURVE('',#9169,#9514);
#9514 = DEFINITIONAL_REPRESENTATION('',(#9515),#9519);
#9515 = LINE('',#9516,#9517);
#9516 = CARTESIAN_POINT('',(-1.,0.25));
#9517 = VECTOR('',#9518,1.);
#9518 = DIRECTION('',(-0.,-1.));
#9519 = ( GEOMETRIC_REPRESENTATION_CONTEXT(2) 
PARAMETRIC_REPRESENTATION_CONTEXT() REPRESENTATION_CONTEXT('2D SPACE',''
  ) );
#9520 = PCURVE('',#9143,#9521);
#9521 = DEFINITIONAL_REPRESENTATION('',(#9522),#9526);
#9522 = LINE('',#9523,#9524);
#9523 = CARTESIAN_POINT('',(0.25,929.5));
#9524 = VECTOR('',#9525,1.);
#9525 = DIRECTION('',(1.,-0.));
#9526 = ( GEOMETRIC_REPRESENTATION_CONTEXT(2) 
PARAMETRIC_REPRESENTATION_CONTEXT() REPRESENTATION_CONTEXT('2D SPACE',''
  ) );
#9527 = ORIENTED_EDGE('',*,*,#9155,.T.);
#9528 = ORIENTED_EDGE('',*,*,#9460,.F.);
#9529 = ADVANCED_FACE('',(#9530),#9143,.F.);
#9530 = FACE_BOUND('',#9531,.T.);
#9531 = EDGE_LOOP('',(#9532,#9533,#9556,#9579,#9602,#9625,#9648,#9671,
    #9694,#9717,#9740,#9761));
#9532 = ORIENTED_EDGE('',*,*,#9127,.F.);
#9533 = ORIENTED_EDGE('',*,*,#9534,.F.);
#9534 = EDGE_CURVE('',#9535,#9100,#9537,.T.);
#9535 = VERTEX_POINT('',#9536);
#9536 = CARTESIAN_POINT('',(2.1275E+03,100.5,1.098E+03));
#9537 = SURFACE_CURVE('',#9538,(#9542,#9549),.PCURVE_S1.);
#9538 = LINE('',#9539,#9540);
#9539 = CARTESIAN_POINT('',(2.15825E+03,100.5,1.098E+03));
#9540 = VECTOR('',#9541,1.);
#9541 = DIRECTION('',(1.,-0.,0.));
#9542 = PCURVE('',#9143,#9543);
#9543 = DEFINITIONAL_REPRESENTATION('',(#9544),#9548);
#9544 = LINE('',#9545,#9546);
#9545 = CARTESIAN_POINT('',(0.25,30.5));
#9546 = VECTOR('',#9547,1.);
#9547 = DIRECTION('',(1.,-0.));
#9548 = ( GEOMETRIC_REPRESENTATION_CONTEXT(2) 
PARAMETRIC_REPRESENTATION_CONTEXT() REPRESENTATION_CONTEXT('2D SPACE',''
  ) );
#9549 = PCURVE('',#9115,#9550);
#9550 = DEFINITIONAL_REPRESENTATION('',(#9551),#9555);
#9551 = LINE('',#9552,#9553);
#9552 = CARTESIAN_POINT('',(-1.,0.25));
#9553 = VECTOR('',#9554,1.);
#9554 = DIRECTION('',(-0.,-1.));
#9555 = ( GEOMETRIC_REPRESENTATION_CONTEXT(2) 
PARAMETRIC_REPRESENTATION_CONTEXT() REPRESENTATION_CONTEXT('2D SPACE',''
  ) );
#9556 = ORIENTED_EDGE('',*,*,#9557,.F.);
#9557 = EDGE_CURVE('',#9558,#9535,#9560,.T.);
#9558 = VERTEX_POINT('',#9559);
#9559 = CARTESIAN_POINT('',(2.1275E+03,70.,1.098E+03));
#9560 = SURFACE_CURVE('',#9561,(#9565,#9572),.PCURVE_S1.);
#9561 = LINE('',#9562,#9563);
#9562 = CARTESIAN_POINT('',(2.1275E+03,69.75,1.098E+03));
#9563 = VECTOR('',#9564,1.);
#9564 = DIRECTION('',(-0.,1.,-0.));
#9565 = PCURVE('',#9143,#9566);
#9566 = DEFINITIONAL_REPRESENTATION('',(#9567),#9571);
#9567 = LINE('',#9568,#9569);
#9568 = CARTESIAN_POINT('',(-30.5,-0.25));
#9569 = VECTOR('',#9570,1.);
#9570 = DIRECTION('',(-0.,1.));
#9571 = ( GEOMETRIC_REPRESENTATION_CONTEXT(2) 
PARAMETRIC_REPRESENTATION_CONTEXT() REPRESENTATION_CONTEXT('2D SPACE',''
  ) );
#9572 = PCURVE('',#9224,#9573);
#9573 = DEFINITIONAL_REPRESENTATION('',(#9574),#9578);
#9574 = LINE('',#9575,#9576);
#9575 = CARTESIAN_POINT('',(-1.,-0.25));
#9576 = VECTOR('',#9577,1.);
#9577 = DIRECTION('',(-0.,-1.));
#9578 = ( GEOMETRIC_REPRESENTATION_CONTEXT(2) 
PARAMETRIC_REPRESENTATION_CONTEXT() REPRESENTATION_CONTEXT('2D SPACE',''
  ) );
#9579 = ORIENTED_EDGE('',*,*,#9580,.T.);
#9580 = EDGE_CURVE('',#9558,#9581,#9583,.T.);
#9581 = VERTEX_POINT('',#9582);
#9582 = CARTESIAN_POINT('',(1.7385E+03,70.,1.098E+03));
#9583 = SURFACE_CURVE('',#9584,(#9588,#9595),.PCURVE_S1.);
#9584 = LINE('',#9585,#9586);
#9585 = CARTESIAN_POINT('',(2.158E+03,70.,1.098E+03));
#9586 = VECTOR('',#9587,1.);
#9587 = DIRECTION('',(-1.,-0.,-0.));
#9588 = PCURVE('',#9143,#9589);
#9589 = DEFINITIONAL_REPRESENTATION('',(#9590),#9594);
#9590 = LINE('',#9591,#9592);
#9591 = CARTESIAN_POINT('',(0.,-0.));
#9592 = VECTOR('',#9593,1.);
#9593 = DIRECTION('',(-1.,0.));
#9594 = ( GEOMETRIC_REPRESENTATION_CONTEXT(2) 
PARAMETRIC_REPRESENTATION_CONTEXT() REPRESENTATION_CONTEXT('2D SPACE',''
  ) );
#9595 = PCURVE('',#9252,#9596);
#9596 = DEFINITIONAL_REPRESENTATION('',(#9597),#9601);
#9597 = LINE('',#9598,#9599);
#9598 = CARTESIAN_POINT('',(-0.,-0.));
#9599 = VECTOR('',#9600,1.);
#9600 = DIRECTION('',(-0.,1.));
#9601 = ( GEOMETRIC_REPRESENTATION_CONTEXT(2) 
PARAMETRIC_REPRESENTATION_CONTEXT() REPRESENTATION_CONTEXT('2D SPACE',''
  ) );
#9602 = ORIENTED_EDGE('',*,*,#9603,.T.);
#9603 = EDGE_CURVE('',#9581,#9604,#9606,.T.);
#9604 = VERTEX_POINT('',#9605);
#9605 = CARTESIAN_POINT('',(1.7385E+03,100.5,1.098E+03));
#9606 = SURFACE_CURVE('',#9607,(#9611,#9618),.PCURVE_S1.);
#9607 = LINE('',#9608,#9609);
#9608 = CARTESIAN_POINT('',(1.7385E+03,69.75,1.098E+03));
#9609 = VECTOR('',#9610,1.);
#9610 = DIRECTION('',(-0.,1.,-0.));
#9611 = PCURVE('',#9143,#9612);
#9612 = DEFINITIONAL_REPRESENTATION('',(#9613),#9617);
#9613 = LINE('',#9614,#9615);
#9614 = CARTESIAN_POINT('',(-419.5,-0.25));
#9615 = VECTOR('',#9616,1.);
#9616 = DIRECTION('',(-0.,1.));
#9617 = ( GEOMETRIC_REPRESENTATION_CONTEXT(2) 
PARAMETRIC_REPRESENTATION_CONTEXT() REPRESENTATION_CONTEXT('2D SPACE',''
  ) );
#9618 = PCURVE('',#9280,#9619);
#9619 = DEFINITIONAL_REPRESENTATION('',(#9620),#9624);
#9620 = LINE('',#9621,#9622);
#9621 = CARTESIAN_POINT('',(-1.,-0.25));
#9622 = VECTOR('',#9623,1.);
#9623 = DIRECTION('',(-0.,-1.));
#9624 = ( GEOMETRIC_REPRESENTATION_CONTEXT(2) 
PARAMETRIC_REPRESENTATION_CONTEXT() REPRESENTATION_CONTEXT('2D SPACE',''
  ) );
#9625 = ORIENTED_EDGE('',*,*,#9626,.F.);
#9626 = EDGE_CURVE('',#9627,#9604,#9629,.T.);
#9627 = VERTEX_POINT('',#9628);
#9628 = CARTESIAN_POINT('',(1.708E+03,100.5,1.098E+03));
#9629 = SURFACE_CURVE('',#9630,(#9634,#9641),.PCURVE_S1.);
#9630 = LINE('',#9631,#9632);
#9631 = CARTESIAN_POINT('',(1.94825E+03,100.5,1.098E+03));
#9632 = VECTOR('',#9633,1.);
#9633 = DIRECTION('',(1.,-0.,0.));
#9634 = PCURVE('',#9143,#9635);
#9635 = DEFINITIONAL_REPRESENTATION('',(#9636),#9640);
#9636 = LINE('',#9637,#9638);
#9637 = CARTESIAN_POINT('',(-209.75,30.5));
#9638 = VECTOR('',#9639,1.);
#9639 = DIRECTION('',(1.,-0.));
#9640 = ( GEOMETRIC_REPRESENTATION_CONTEXT(2) 
PARAMETRIC_REPRESENTATION_CONTEXT() REPRESENTATION_CONTEXT('2D SPACE',''
  ) );
#9641 = PCURVE('',#9308,#9642);
#9642 = DEFINITIONAL_REPRESENTATION('',(#9643),#9647);
#9643 = LINE('',#9644,#9645);
#9644 = CARTESIAN_POINT('',(-1.,-209.75));
#9645 = VECTOR('',#9646,1.);
#9646 = DIRECTION('',(-0.,-1.));
#9647 = ( GEOMETRIC_REPRESENTATION_CONTEXT(2) 
PARAMETRIC_REPRESENTATION_CONTEXT() REPRESENTATION_CONTEXT('2D SPACE',''
  ) );
#9648 = ORIENTED_EDGE('',*,*,#9649,.T.);
#9649 = EDGE_CURVE('',#9627,#9650,#9652,.T.);
#9650 = VERTEX_POINT('',#9651);
#9651 = CARTESIAN_POINT('',(1.708E+03,999.5,1.098E+03));
#9652 = SURFACE_CURVE('',#9653,(#9657,#9664),.PCURVE_S1.);
#9653 = LINE('',#9654,#9655);
#9654 = CARTESIAN_POINT('',(1.708E+03,70.,1.098E+03));
#9655 = VECTOR('',#9656,1.);
#9656 = DIRECTION('',(-0.,1.,-0.));
#9657 = PCURVE('',#9143,#9658);
#9658 = DEFINITIONAL_REPRESENTATION('',(#9659),#9663);
#9659 = LINE('',#9660,#9661);
#9660 = CARTESIAN_POINT('',(-450.,0.));
#9661 = VECTOR('',#9662,1.);
#9662 = DIRECTION('',(-0.,1.));
#9663 = ( GEOMETRIC_REPRESENTATION_CONTEXT(2) 
PARAMETRIC_REPRESENTATION_CONTEXT() REPRESENTATION_CONTEXT('2D SPACE',''
  ) );
#9664 = PCURVE('',#9336,#9665);
#9665 = DEFINITIONAL_REPRESENTATION('',(#9666),#9670);
#9666 = LINE('',#9667,#9668);
#9667 = CARTESIAN_POINT('',(-0.,-0.));
#9668 = VECTOR('',#9669,1.);
#9669 = DIRECTION('',(-0.,-1.));
#9670 = ( GEOMETRIC_REPRESENTATION_CONTEXT(2) 
PARAMETRIC_REPRESENTATION_CONTEXT() REPRESENTATION_CONTEXT('2D SPACE',''
  ) );
#9671 = ORIENTED_EDGE('',*,*,#9672,.T.);
#9672 = EDGE_CURVE('',#9650,#9673,#9675,.T.);
#9673 = VERTEX_POINT('',#9674);
#9674 = CARTESIAN_POINT('',(1.7385E+03,999.5,1.098E+03));
#9675 = SURFACE_CURVE('',#9676,(#9680,#9687),.PCURVE_S1.);
#9676 = LINE('',#9677,#9678);
#9677 = CARTESIAN_POINT('',(1.94825E+03,999.5,1.098E+03));
#9678 = VECTOR('',#9679,1.);
#9679 = DIRECTION('',(1.,-0.,0.));
#9680 = PCURVE('',#9143,#9681);
#9681 = DEFINITIONAL_REPRESENTATION('',(#9682),#9686);
#9682 = LINE('',#9683,#9684);
#9683 = CARTESIAN_POINT('',(-209.75,929.5));
#9684 = VECTOR('',#9685,1.);
#9685 = DIRECTION('',(1.,-0.));
#9686 = ( GEOMETRIC_REPRESENTATION_CONTEXT(2) 
PARAMETRIC_REPRESENTATION_CONTEXT() REPRESENTATION_CONTEXT('2D SPACE',''
  ) );
#9687 = PCURVE('',#9364,#9688);
#9688 = DEFINITIONAL_REPRESENTATION('',(#9689),#9693);
#9689 = LINE('',#9690,#9691);
#9690 = CARTESIAN_POINT('',(-1.,-209.75));
#9691 = VECTOR('',#9692,1.);
#9692 = DIRECTION('',(-0.,-1.));
#9693 = ( GEOMETRIC_REPRESENTATION_CONTEXT(2) 
PARAMETRIC_REPRESENTATION_CONTEXT() REPRESENTATION_CONTEXT('2D SPACE',''
  ) );
#9694 = ORIENTED_EDGE('',*,*,#9695,.T.);
#9695 = EDGE_CURVE('',#9673,#9696,#9698,.T.);
#9696 = VERTEX_POINT('',#9697);
#9697 = CARTESIAN_POINT('',(1.7385E+03,1.03E+03,1.098E+03));
#9698 = SURFACE_CURVE('',#9699,(#9703,#9710),.PCURVE_S1.);
#9699 = LINE('',#9700,#9701);
#9700 = CARTESIAN_POINT('',(1.7385E+03,534.75,1.098E+03));
#9701 = VECTOR('',#9702,1.);
#9702 = DIRECTION('',(-0.,1.,-0.));
#9703 = PCURVE('',#9143,#9704);
#9704 = DEFINITIONAL_REPRESENTATION('',(#9705),#9709);
#9705 = LINE('',#9706,#9707);
#9706 = CARTESIAN_POINT('',(-419.5,464.75));
#9707 = VECTOR('',#9708,1.);
#9708 = DIRECTION('',(-0.,1.));
#9709 = ( GEOMETRIC_REPRESENTATION_CONTEXT(2) 
PARAMETRIC_REPRESENTATION_CONTEXT() REPRESENTATION_CONTEXT('2D SPACE',''
  ) );
#9710 = PCURVE('',#9392,#9711);
#9711 = DEFINITIONAL_REPRESENTATION('',(#9712),#9716);
#9712 = LINE('',#9713,#9714);
#9713 = CARTESIAN_POINT('',(-1.,464.75));
#9714 = VECTOR('',#9715,1.);
#9715 = DIRECTION('',(-0.,-1.));
#9716 = ( GEOMETRIC_REPRESENTATION_CONTEXT(2) 
PARAMETRIC_REPRESENTATION_CONTEXT() REPRESENTATION_CONTEXT('2D SPACE',''
  ) );
#9717 = ORIENTED_EDGE('',*,*,#9718,.F.);
#9718 = EDGE_CURVE('',#9719,#9696,#9721,.T.);
#9719 = VERTEX_POINT('',#9720);
#9720 = CARTESIAN_POINT('',(2.1275E+03,1.03E+03,1.098E+03));
#9721 = SURFACE_CURVE('',#9722,(#9726,#9733),.PCURVE_S1.);
#9722 = LINE('',#9723,#9724);
#9723 = CARTESIAN_POINT('',(2.158E+03,1.03E+03,1.098E+03));
#9724 = VECTOR('',#9725,1.);
#9725 = DIRECTION('',(-1.,-0.,-0.));
#9726 = PCURVE('',#9143,#9727);
#9727 = DEFINITIONAL_REPRESENTATION('',(#9728),#9732);
#9728 = LINE('',#9729,#9730);
#9729 = CARTESIAN_POINT('',(0.,960.));
#9730 = VECTOR('',#9731,1.);
#9731 = DIRECTION('',(-1.,0.));
#9732 = ( GEOMETRIC_REPRESENTATION_CONTEXT(2) 
PARAMETRIC_REPRESENTATION_CONTEXT() REPRESENTATION_CONTEXT('2D SPACE',''
  ) );
#9733 = PCURVE('',#9420,#9734);
#9734 = DEFINITIONAL_REPRESENTATION('',(#9735),#9739);
#9735 = LINE('',#9736,#9737);
#9736 = CARTESIAN_POINT('',(-0.,-0.));
#9737 = VECTOR('',#9738,1.);
#9738 = DIRECTION('',(-0.,1.));
#9739 = ( GEOMETRIC_REPRESENTATION_CONTEXT(2) 
PARAMETRIC_REPRESENTATION_CONTEXT() REPRESENTATION_CONTEXT('2D SPACE',''
  ) );
#9740 = ORIENTED_EDGE('',*,*,#9741,.F.);
#9741 = EDGE_CURVE('',#9485,#9719,#9742,.T.);
#9742 = SURFACE_CURVE('',#9743,(#9747,#9754),.PCURVE_S1.);
#9743 = LINE('',#9744,#9745);
#9744 = CARTESIAN_POINT('',(2.1275E+03,534.75,1.098E+03));
#9745 = VECTOR('',#9746,1.);
#9746 = DIRECTION('',(-0.,1.,-0.));
#9747 = PCURVE('',#9143,#9748);
#9748 = DEFINITIONAL_REPRESENTATION('',(#9749),#9753);
#9749 = LINE('',#9750,#9751);
#9750 = CARTESIAN_POINT('',(-30.5,464.75));
#9751 = VECTOR('',#9752,1.);
#9752 = DIRECTION('',(-0.,1.));
#9753 = ( GEOMETRIC_REPRESENTATION_CONTEXT(2) 
PARAMETRIC_REPRESENTATION_CONTEXT() REPRESENTATION_CONTEXT('2D SPACE',''
  ) );
#9754 = PCURVE('',#9448,#9755);
#9755 = DEFINITIONAL_REPRESENTATION('',(#9756),#9760);
#9756 = LINE('',#9757,#9758);
#9757 = CARTESIAN_POINT('',(-1.,464.75));
#9758 = VECTOR('',#9759,1.);
#9759 = DIRECTION('',(-0.,-1.));
#9760 = ( GEOMETRIC_REPRESENTATION_CONTEXT(2) 
PARAMETRIC_REPRESENTATION_CONTEXT() REPRESENTATION_CONTEXT('2D SPACE',''
  ) );
#9761 = ORIENTED_EDGE('',*,*,#9507,.T.);
#9762 = ADVANCED_FACE('',(#9763),#9115,.F.);
#9763 = FACE_BOUND('',#9764,.T.);
#9764 = EDGE_LOOP('',(#9765,#9786,#9787,#9788));
#9765 = ORIENTED_EDGE('',*,*,#9766,.F.);
#9766 = EDGE_CURVE('',#9535,#9186,#9767,.T.);
#9767 = SURFACE_CURVE('',#9768,(#9772,#9779),.PCURVE_S1.);
#9768 = LINE('',#9769,#9770);
#9769 = CARTESIAN_POINT('',(2.1275E+03,100.5,1.097E+03));
#9770 = VECTOR('',#9771,1.);
#9771 = DIRECTION('',(-0.,-0.,1.));
#9772 = PCURVE('',#9115,#9773);
#9773 = DEFINITIONAL_REPRESENTATION('',(#9774),#9778);
#9774 = LINE('',#9775,#9776);
#9775 = CARTESIAN_POINT('',(-0.,31.));
#9776 = VECTOR('',#9777,1.);
#9777 = DIRECTION('',(-1.,0.));
#9778 = ( GEOMETRIC_REPRESENTATION_CONTEXT(2) 
PARAMETRIC_REPRESENTATION_CONTEXT() REPRESENTATION_CONTEXT('2D SPACE',''
  ) );
#9779 = PCURVE('',#9224,#9780);
#9780 = DEFINITIONAL_REPRESENTATION('',(#9781),#9785);
#9781 = LINE('',#9782,#9783);
#9782 = CARTESIAN_POINT('',(-0.,-31.));
#9783 = VECTOR('',#9784,1.);
#9784 = DIRECTION('',(-1.,-0.));
#9785 = ( GEOMETRIC_REPRESENTATION_CONTEXT(2) 
PARAMETRIC_REPRESENTATION_CONTEXT() REPRESENTATION_CONTEXT('2D SPACE',''
  ) );
#9786 = ORIENTED_EDGE('',*,*,#9534,.T.);
#9787 = ORIENTED_EDGE('',*,*,#9099,.T.);
#9788 = ORIENTED_EDGE('',*,*,#9185,.F.);
#9789 = ADVANCED_FACE('',(#9790),#9448,.F.);
#9790 = FACE_BOUND('',#9791,.T.);
#9791 = EDGE_LOOP('',(#9792,#9793,#9794,#9815));
#9792 = ORIENTED_EDGE('',*,*,#9484,.F.);
#9793 = ORIENTED_EDGE('',*,*,#9741,.T.);
#9794 = ORIENTED_EDGE('',*,*,#9795,.F.);
#9795 = EDGE_CURVE('',#9405,#9719,#9796,.T.);
#9796 = SURFACE_CURVE('',#9797,(#9801,#9808),.PCURVE_S1.);
#9797 = LINE('',#9798,#9799);
#9798 = CARTESIAN_POINT('',(2.1275E+03,1.03E+03,1.0975E+03));
#9799 = VECTOR('',#9800,1.);
#9800 = DIRECTION('',(-0.,0.,-1.));
#9801 = PCURVE('',#9448,#9802);
#9802 = DEFINITIONAL_REPRESENTATION('',(#9803),#9807);
#9803 = LINE('',#9804,#9805);
#9804 = CARTESIAN_POINT('',(-0.5,-30.5));
#9805 = VECTOR('',#9806,1.);
#9806 = DIRECTION('',(1.,-0.));
#9807 = ( GEOMETRIC_REPRESENTATION_CONTEXT(2) 
PARAMETRIC_REPRESENTATION_CONTEXT() REPRESENTATION_CONTEXT('2D SPACE',''
  ) );
#9808 = PCURVE('',#9420,#9809);
#9809 = DEFINITIONAL_REPRESENTATION('',(#9810),#9814);
#9810 = LINE('',#9811,#9812);
#9811 = CARTESIAN_POINT('',(0.5,30.5));
#9812 = VECTOR('',#9813,1.);
#9813 = DIRECTION('',(1.,-0.));
#9814 = ( GEOMETRIC_REPRESENTATION_CONTEXT(2) 
PARAMETRIC_REPRESENTATION_CONTEXT() REPRESENTATION_CONTEXT('2D SPACE',''
  ) );
#9815 = ORIENTED_EDGE('',*,*,#9432,.F.);
#9816 = ADVANCED_FACE('',(#9817),#9420,.T.);
#9817 = FACE_BOUND('',#9818,.F.);
#9818 = EDGE_LOOP('',(#9819,#9820,#9821,#9822));
#9819 = ORIENTED_EDGE('',*,*,#9718,.F.);
#9820 = ORIENTED_EDGE('',*,*,#9795,.F.);
#9821 = ORIENTED_EDGE('',*,*,#9404,.T.);
#9822 = ORIENTED_EDGE('',*,*,#9823,.T.);
#9823 = EDGE_CURVE('',#9377,#9696,#9824,.T.);
#9824 = SURFACE_CURVE('',#9825,(#9829,#9836),.PCURVE_S1.);
#9825 = LINE('',#9826,#9827);
#9826 = CARTESIAN_POINT('',(1.7385E+03,1.03E+03,1.0975E+03));
#9827 = VECTOR('',#9828,1.);
#9828 = DIRECTION('',(-0.,0.,-1.));
#9829 = PCURVE('',#9420,#9830);
#9830 = DEFINITIONAL_REPRESENTATION('',(#9831),#9835);
#9831 = LINE('',#9832,#9833);
#9832 = CARTESIAN_POINT('',(0.5,419.5));
#9833 = VECTOR('',#9834,1.);
#9834 = DIRECTION('',(1.,-0.));
#9835 = ( GEOMETRIC_REPRESENTATION_CONTEXT(2) 
PARAMETRIC_REPRESENTATION_CONTEXT() REPRESENTATION_CONTEXT('2D SPACE',''
  ) );
#9836 = PCURVE('',#9392,#9837);
#9837 = DEFINITIONAL_REPRESENTATION('',(#9838),#9842);
#9838 = LINE('',#9839,#9840);
#9839 = CARTESIAN_POINT('',(-0.5,-30.5));
#9840 = VECTOR('',#9841,1.);
#9841 = DIRECTION('',(1.,-0.));
#9842 = ( GEOMETRIC_REPRESENTATION_CONTEXT(2) 
PARAMETRIC_REPRESENTATION_CONTEXT() REPRESENTATION_CONTEXT('2D SPACE',''
  ) );
#9843 = ADVANCED_FACE('',(#9844),#9392,.T.);
#9844 = FACE_BOUND('',#9845,.F.);
#9845 = EDGE_LOOP('',(#9846,#9867,#9868,#9869));
#9846 = ORIENTED_EDGE('',*,*,#9847,.F.);
#9847 = EDGE_CURVE('',#9673,#9349,#9848,.T.);
#9848 = SURFACE_CURVE('',#9849,(#9853,#9860),.PCURVE_S1.);
#9849 = LINE('',#9850,#9851);
#9850 = CARTESIAN_POINT('',(1.7385E+03,999.5,1.097E+03));
#9851 = VECTOR('',#9852,1.);
#9852 = DIRECTION('',(-0.,-0.,1.));
#9853 = PCURVE('',#9392,#9854);
#9854 = DEFINITIONAL_REPRESENTATION('',(#9855),#9859);
#9855 = LINE('',#9856,#9857);
#9856 = CARTESIAN_POINT('',(-0.,-0.));
#9857 = VECTOR('',#9858,1.);
#9858 = DIRECTION('',(-1.,-0.));
#9859 = ( GEOMETRIC_REPRESENTATION_CONTEXT(2) 
PARAMETRIC_REPRESENTATION_CONTEXT() REPRESENTATION_CONTEXT('2D SPACE',''
  ) );
#9860 = PCURVE('',#9364,#9861);
#9861 = DEFINITIONAL_REPRESENTATION('',(#9862),#9866);
#9862 = LINE('',#9863,#9864);
#9863 = CARTESIAN_POINT('',(-0.,-0.));
#9864 = VECTOR('',#9865,1.);
#9865 = DIRECTION('',(-1.,0.));
#9866 = ( GEOMETRIC_REPRESENTATION_CONTEXT(2) 
PARAMETRIC_REPRESENTATION_CONTEXT() REPRESENTATION_CONTEXT('2D SPACE',''
  ) );
#9867 = ORIENTED_EDGE('',*,*,#9695,.T.);
#9868 = ORIENTED_EDGE('',*,*,#9823,.F.);
#9869 = ORIENTED_EDGE('',*,*,#9376,.F.);
#9870 = ADVANCED_FACE('',(#9871),#9364,.T.);
#9871 = FACE_BOUND('',#9872,.F.);
#9872 = EDGE_LOOP('',(#9873,#9874,#9875,#9876));
#9873 = ORIENTED_EDGE('',*,*,#9672,.T.);
#9874 = ORIENTED_EDGE('',*,*,#9847,.T.);
#9875 = ORIENTED_EDGE('',*,*,#9348,.F.);
#9876 = ORIENTED_EDGE('',*,*,#9877,.F.);
#9877 = EDGE_CURVE('',#9650,#9321,#9878,.T.);
#9878 = SURFACE_CURVE('',#9879,(#9883,#9890),.PCURVE_S1.);
#9879 = LINE('',#9880,#9881);
#9880 = CARTESIAN_POINT('',(1.708E+03,999.5,1.0975E+03));
#9881 = VECTOR('',#9882,1.);
#9882 = DIRECTION('',(-0.,-0.,1.));
#9883 = PCURVE('',#9364,#9884);
#9884 = DEFINITIONAL_REPRESENTATION('',(#9885),#9889);
#9885 = LINE('',#9886,#9887);
#9886 = CARTESIAN_POINT('',(-0.5,30.5));
#9887 = VECTOR('',#9888,1.);
#9888 = DIRECTION('',(-1.,0.));
#9889 = ( GEOMETRIC_REPRESENTATION_CONTEXT(2) 
PARAMETRIC_REPRESENTATION_CONTEXT() REPRESENTATION_CONTEXT('2D SPACE',''
  ) );
#9890 = PCURVE('',#9336,#9891);
#9891 = DEFINITIONAL_REPRESENTATION('',(#9892),#9896);
#9892 = LINE('',#9893,#9894);
#9893 = CARTESIAN_POINT('',(0.5,-929.5));
#9894 = VECTOR('',#9895,1.);
#9895 = DIRECTION('',(-1.,-0.));
#9896 = ( GEOMETRIC_REPRESENTATION_CONTEXT(2) 
PARAMETRIC_REPRESENTATION_CONTEXT() REPRESENTATION_CONTEXT('2D SPACE',''
  ) );
#9897 = ADVANCED_FACE('',(#9898),#9336,.T.);
#9898 = FACE_BOUND('',#9899,.F.);
#9899 = EDGE_LOOP('',(#9900,#9901,#9922,#9923));
#9900 = ORIENTED_EDGE('',*,*,#9320,.F.);
#9901 = ORIENTED_EDGE('',*,*,#9902,.F.);
#9902 = EDGE_CURVE('',#9627,#9293,#9903,.T.);
#9903 = SURFACE_CURVE('',#9904,(#9908,#9915),.PCURVE_S1.);
#9904 = LINE('',#9905,#9906);
#9905 = CARTESIAN_POINT('',(1.708E+03,100.5,1.0975E+03));
#9906 = VECTOR('',#9907,1.);
#9907 = DIRECTION('',(-0.,-0.,1.));
#9908 = PCURVE('',#9336,#9909);
#9909 = DEFINITIONAL_REPRESENTATION('',(#9910),#9914);
#9910 = LINE('',#9911,#9912);
#9911 = CARTESIAN_POINT('',(0.5,-30.5));
#9912 = VECTOR('',#9913,1.);
#9913 = DIRECTION('',(-1.,-0.));
#9914 = ( GEOMETRIC_REPRESENTATION_CONTEXT(2) 
PARAMETRIC_REPRESENTATION_CONTEXT() REPRESENTATION_CONTEXT('2D SPACE',''
  ) );
#9915 = PCURVE('',#9308,#9916);
#9916 = DEFINITIONAL_REPRESENTATION('',(#9917),#9921);
#9917 = LINE('',#9918,#9919);
#9918 = CARTESIAN_POINT('',(-0.5,30.5));
#9919 = VECTOR('',#9920,1.);
#9920 = DIRECTION('',(-1.,0.));
#9921 = ( GEOMETRIC_REPRESENTATION_CONTEXT(2) 
PARAMETRIC_REPRESENTATION_CONTEXT() REPRESENTATION_CONTEXT('2D SPACE',''
  ) );
#9922 = ORIENTED_EDGE('',*,*,#9649,.T.);
#9923 = ORIENTED_EDGE('',*,*,#9877,.T.);
#9924 = ADVANCED_FACE('',(#9925),#9308,.F.);
#9925 = FACE_BOUND('',#9926,.T.);
#9926 = EDGE_LOOP('',(#9927,#9928,#9949,#9950));
#9927 = ORIENTED_EDGE('',*,*,#9626,.T.);
#9928 = ORIENTED_EDGE('',*,*,#9929,.T.);
#9929 = EDGE_CURVE('',#9604,#9265,#9930,.T.);
#9930 = SURFACE_CURVE('',#9931,(#9935,#9942),.PCURVE_S1.);
#9931 = LINE('',#9932,#9933);
#9932 = CARTESIAN_POINT('',(1.7385E+03,100.5,1.097E+03));
#9933 = VECTOR('',#9934,1.);
#9934 = DIRECTION('',(-0.,-0.,1.));
#9935 = PCURVE('',#9308,#9936);
#9936 = DEFINITIONAL_REPRESENTATION('',(#9937),#9941);
#9937 = LINE('',#9938,#9939);
#9938 = CARTESIAN_POINT('',(-0.,-0.));
#9939 = VECTOR('',#9940,1.);
#9940 = DIRECTION('',(-1.,0.));
#9941 = ( GEOMETRIC_REPRESENTATION_CONTEXT(2) 
PARAMETRIC_REPRESENTATION_CONTEXT() REPRESENTATION_CONTEXT('2D SPACE',''
  ) );
#9942 = PCURVE('',#9280,#9943);
#9943 = DEFINITIONAL_REPRESENTATION('',(#9944),#9948);
#9944 = LINE('',#9945,#9946);
#9945 = CARTESIAN_POINT('',(-0.,-31.));
#9946 = VECTOR('',#9947,1.);
#9947 = DIRECTION('',(-1.,-0.));
#9948 = ( GEOMETRIC_REPRESENTATION_CONTEXT(2) 
PARAMETRIC_REPRESENTATION_CONTEXT() REPRESENTATION_CONTEXT('2D SPACE',''
  ) );
#9949 = ORIENTED_EDGE('',*,*,#9292,.F.);
#9950 = ORIENTED_EDGE('',*,*,#9902,.F.);
#9951 = ADVANCED_FACE('',(#9952),#9280,.T.);
#9952 = FACE_BOUND('',#9953,.F.);
#9953 = EDGE_LOOP('',(#9954,#9955,#9956,#9977));
#9954 = ORIENTED_EDGE('',*,*,#9929,.T.);
#9955 = ORIENTED_EDGE('',*,*,#9264,.F.);
#9956 = ORIENTED_EDGE('',*,*,#9957,.T.);
#9957 = EDGE_CURVE('',#9237,#9581,#9958,.T.);
#9958 = SURFACE_CURVE('',#9959,(#9963,#9970),.PCURVE_S1.);
#9959 = LINE('',#9960,#9961);
#9960 = CARTESIAN_POINT('',(1.7385E+03,70.,1.0975E+03));
#9961 = VECTOR('',#9962,1.);
#9962 = DIRECTION('',(-0.,0.,-1.));
#9963 = PCURVE('',#9280,#9964);
#9964 = DEFINITIONAL_REPRESENTATION('',(#9965),#9969);
#9965 = LINE('',#9966,#9967);
#9966 = CARTESIAN_POINT('',(-0.5,-0.5));
#9967 = VECTOR('',#9968,1.);
#9968 = DIRECTION('',(1.,-0.));
#9969 = ( GEOMETRIC_REPRESENTATION_CONTEXT(2) 
PARAMETRIC_REPRESENTATION_CONTEXT() REPRESENTATION_CONTEXT('2D SPACE',''
  ) );
#9970 = PCURVE('',#9252,#9971);
#9971 = DEFINITIONAL_REPRESENTATION('',(#9972),#9976);
#9972 = LINE('',#9973,#9974);
#9973 = CARTESIAN_POINT('',(0.5,419.5));
#9974 = VECTOR('',#9975,1.);
#9975 = DIRECTION('',(1.,-0.));
#9976 = ( GEOMETRIC_REPRESENTATION_CONTEXT(2) 
PARAMETRIC_REPRESENTATION_CONTEXT() REPRESENTATION_CONTEXT('2D SPACE',''
  ) );
#9977 = ORIENTED_EDGE('',*,*,#9603,.T.);
#9978 = ADVANCED_FACE('',(#9979),#9252,.F.);
#9979 = FACE_BOUND('',#9980,.T.);
#9980 = EDGE_LOOP('',(#9981,#9982,#10003,#10004));
#9981 = ORIENTED_EDGE('',*,*,#9580,.F.);
#9982 = ORIENTED_EDGE('',*,*,#9983,.F.);
#9983 = EDGE_CURVE('',#9209,#9558,#9984,.T.);
#9984 = SURFACE_CURVE('',#9985,(#9989,#9996),.PCURVE_S1.);
#9985 = LINE('',#9986,#9987);
#9986 = CARTESIAN_POINT('',(2.1275E+03,70.,1.0975E+03));
#9987 = VECTOR('',#9988,1.);
#9988 = DIRECTION('',(-0.,0.,-1.));
#9989 = PCURVE('',#9252,#9990);
#9990 = DEFINITIONAL_REPRESENTATION('',(#9991),#9995);
#9991 = LINE('',#9992,#9993);
#9992 = CARTESIAN_POINT('',(0.5,30.5));
#9993 = VECTOR('',#9994,1.);
#9994 = DIRECTION('',(1.,-0.));
#9995 = ( GEOMETRIC_REPRESENTATION_CONTEXT(2) 
PARAMETRIC_REPRESENTATION_CONTEXT() REPRESENTATION_CONTEXT('2D SPACE',''
  ) );
#9996 = PCURVE('',#9224,#9997);
#9997 = DEFINITIONAL_REPRESENTATION('',(#9998),#10002);
#9998 = LINE('',#9999,#10000);
#9999 = CARTESIAN_POINT('',(-0.5,-0.5));
#10000 = VECTOR('',#10001,1.);
#10001 = DIRECTION('',(1.,-0.));
#10002 = ( GEOMETRIC_REPRESENTATION_CONTEXT(2) 
PARAMETRIC_REPRESENTATION_CONTEXT() REPRESENTATION_CONTEXT('2D SPACE',''
  ) );
#10003 = ORIENTED_EDGE('',*,*,#9236,.T.);
#10004 = ORIENTED_EDGE('',*,*,#9957,.T.);
#10005 = ADVANCED_FACE('',(#10006),#9224,.F.);
#10006 = FACE_BOUND('',#10007,.T.);
#10007 = EDGE_LOOP('',(#10008,#10009,#10010,#10011));
#10008 = ORIENTED_EDGE('',*,*,#9766,.T.);
#10009 = ORIENTED_EDGE('',*,*,#9208,.F.);
#10010 = ORIENTED_EDGE('',*,*,#9983,.T.);
#10011 = ORIENTED_EDGE('',*,*,#9557,.T.);
#10012 = ( GEOMETRIC_REPRESENTATION_CONTEXT(3) 
GLOBAL_UNCERTAINTY_ASSIGNED_CONTEXT((#10016)) 
GLOBAL_UNIT_ASSIGNED_CONTEXT((#10013,#10014,#10015)) 
REPRESENTATION_CONTEXT('Context #1',
  '3D Context with UNIT and UNCERTAINTY') );
#10013 = ( LENGTH_UNIT() NAMED_UNIT(*) SI_UNIT(.MILLI.,.METRE.) );
#10014 = ( NAMED_UNIT(*) PLANE_ANGLE_UNIT() SI_UNIT($,.RADIAN.) );
#10015 = ( NAMED_UNIT(*) SI_UNIT($,.STERADIAN.) SOLID_ANGLE_UNIT() );
#10016 = UNCERTAINTY_MEASURE_WITH_UNIT(LENGTH_MEASURE(2.E-07),#10013,
  'distance_accuracy_value','confusion accuracy');
#10017 = CONTEXT_DEPENDENT_SHAPE_REPRESENTATION(#10018,#10020);
#10018 = ( REPRESENTATION_RELATIONSHIP('','',#9057,#10) 
REPRESENTATION_RELATIONSHIP_WITH_TRANSFORMATION(#10019) 
SHAPE_REPRESENTATION_RELATIONSHIP() );
#10019 = ITEM_DEFINED_TRANSFORMATION('','',#11,#67);
#10020 = PRODUCT_DEFINITION_SHAPE('Placement','Placement of an item',
  #10021);
#10021 = NEXT_ASSEMBLY_USAGE_OCCURRENCE('330','','',#5,#9052,$);
#10022 = PRODUCT_RELATED_PRODUCT_CATEGORY('part',$,(#9054));
#10023 = SHAPE_DEFINITION_REPRESENTATION(#10024,#10030);
#10024 = PRODUCT_DEFINITION_SHAPE('','',#10025);
#10025 = PRODUCT_DEFINITION('design','',#10026,#10029);
#10026 = PRODUCT_DEFINITION_FORMATION('','',#10027);
#10027 = PRODUCT('Open CASCADE STEP translator 7.9 12.15',
  'Open CASCADE STEP translator 7.9 12.15','',(#10028));
#10028 = PRODUCT_CONTEXT('',#2,'mechanical');
#10029 = PRODUCT_DEFINITION_CONTEXT('part definition',#2,'design');
#10030 = ADVANCED_BREP_SHAPE_REPRESENTATION('',(#11,#10031),#10677);
#10031 = MANIFOLD_SOLID_BREP('',#10032);
#10032 = CLOSED_SHELL('',(#10033,#10153,#10343,#10392,#10535,#10562,
    #10569,#10616,#10643,#10670));
#10033 = ADVANCED_FACE('',(#10034),#10048,.F.);
#10034 = FACE_BOUND('',#10035,.T.);
#10035 = EDGE_LOOP('',(#10036,#10071,#10099,#10127));
#10036 = ORIENTED_EDGE('',*,*,#10037,.F.);
#10037 = EDGE_CURVE('',#10038,#10040,#10042,.T.);
#10038 = VERTEX_POINT('',#10039);
#10039 = CARTESIAN_POINT('',(2.158E+03,100.,1.468E+03));
#10040 = VERTEX_POINT('',#10041);
#10041 = CARTESIAN_POINT('',(2.158E+03,100.,1.498E+03));
#10042 = SURFACE_CURVE('',#10043,(#10047,#10059),.PCURVE_S1.);
#10043 = LINE('',#10044,#10045);
#10044 = CARTESIAN_POINT('',(2.158E+03,100.,1.468E+03));
#10045 = VECTOR('',#10046,1.);
#10046 = DIRECTION('',(-0.,-0.,1.));
#10047 = PCURVE('',#10048,#10053);
#10048 = PLANE('',#10049);
#10049 = AXIS2_PLACEMENT_3D('',#10050,#10051,#10052);
#10050 = CARTESIAN_POINT('',(2.158E+03,100.,1.468E+03));
#10051 = DIRECTION('',(-1.,-0.,-0.));
#10052 = DIRECTION('',(0.,0.,-1.));
#10053 = DEFINITIONAL_REPRESENTATION('',(#10054),#10058);
#10054 = LINE('',#10055,#10056);
#10055 = CARTESIAN_POINT('',(-0.,-0.));
#10056 = VECTOR('',#10057,1.);
#10057 = DIRECTION('',(-1.,-0.));
#10058 = ( GEOMETRIC_REPRESENTATION_CONTEXT(2) 
PARAMETRIC_REPRESENTATION_CONTEXT() REPRESENTATION_CONTEXT('2D SPACE',''
  ) );
#10059 = PCURVE('',#10060,#10065);
#10060 = PLANE('',#10061);
#10061 = AXIS2_PLACEMENT_3D('',#10062,#10063,#10064);
#10062 = CARTESIAN_POINT('',(2.158E+03,100.,1.468E+03));
#10063 = DIRECTION('',(-0.,1.,-0.));
#10064 = DIRECTION('',(0.,0.,-1.));
#10065 = DEFINITIONAL_REPRESENTATION('',(#10066),#10070);
#10066 = LINE('',#10067,#10068);
#10067 = CARTESIAN_POINT('',(-0.,-0.));
#10068 = VECTOR('',#10069,1.);
#10069 = DIRECTION('',(-1.,0.));
#10070 = ( GEOMETRIC_REPRESENTATION_CONTEXT(2) 
PARAMETRIC_REPRESENTATION_CONTEXT() REPRESENTATION_CONTEXT('2D SPACE',''
  ) );
#10071 = ORIENTED_EDGE('',*,*,#10072,.T.);
#10072 = EDGE_CURVE('',#10038,#10073,#10075,.T.);
#10073 = VERTEX_POINT('',#10074);
#10074 = CARTESIAN_POINT('',(2.158E+03,1.E+03,1.468E+03));
#10075 = SURFACE_CURVE('',#10076,(#10080,#10087),.PCURVE_S1.);
#10076 = LINE('',#10077,#10078);
#10077 = CARTESIAN_POINT('',(2.158E+03,100.,1.468E+03));
#10078 = VECTOR('',#10079,1.);
#10079 = DIRECTION('',(-0.,1.,-0.));
#10080 = PCURVE('',#10048,#10081);
#10081 = DEFINITIONAL_REPRESENTATION('',(#10082),#10086);
#10082 = LINE('',#10083,#10084);
#10083 = CARTESIAN_POINT('',(-0.,-0.));
#10084 = VECTOR('',#10085,1.);
#10085 = DIRECTION('',(-0.,-1.));
#10086 = ( GEOMETRIC_REPRESENTATION_CONTEXT(2) 
PARAMETRIC_REPRESENTATION_CONTEXT() REPRESENTATION_CONTEXT('2D SPACE',''
  ) );
#10087 = PCURVE('',#10088,#10093);
#10088 = PLANE('',#10089);
#10089 = AXIS2_PLACEMENT_3D('',#10090,#10091,#10092);
#10090 = CARTESIAN_POINT('',(2.158E+03,100.,1.468E+03));
#10091 = DIRECTION('',(-0.,-0.,1.));
#10092 = DIRECTION('',(1.,0.,0.));
#10093 = DEFINITIONAL_REPRESENTATION('',(#10094),#10098);
#10094 = LINE('',#10095,#10096);
#10095 = CARTESIAN_POINT('',(0.,-0.));
#10096 = VECTOR('',#10097,1.);
#10097 = DIRECTION('',(-0.,1.));
#10098 = ( GEOMETRIC_REPRESENTATION_CONTEXT(2) 
PARAMETRIC_REPRESENTATION_CONTEXT() REPRESENTATION_CONTEXT('2D SPACE',''
  ) );
#10099 = ORIENTED_EDGE('',*,*,#10100,.T.);
#10100 = EDGE_CURVE('',#10073,#10101,#10103,.T.);
#10101 = VERTEX_POINT('',#10102);
#10102 = CARTESIAN_POINT('',(2.158E+03,1.E+03,1.498E+03));
#10103 = SURFACE_CURVE('',#10104,(#10108,#10115),.PCURVE_S1.);
#10104 = LINE('',#10105,#10106);
#10105 = CARTESIAN_POINT('',(2.158E+03,1.E+03,1.468E+03));
#10106 = VECTOR('',#10107,1.);
#10107 = DIRECTION('',(-0.,-0.,1.));
#10108 = PCURVE('',#10048,#10109);
#10109 = DEFINITIONAL_REPRESENTATION('',(#10110),#10114);
#10110 = LINE('',#10111,#10112);
#10111 = CARTESIAN_POINT('',(-0.,-900.));
#10112 = VECTOR('',#10113,1.);
#10113 = DIRECTION('',(-1.,-0.));
#10114 = ( GEOMETRIC_REPRESENTATION_CONTEXT(2) 
PARAMETRIC_REPRESENTATION_CONTEXT() REPRESENTATION_CONTEXT('2D SPACE',''
  ) );
#10115 = PCURVE('',#10116,#10121);
#10116 = PLANE('',#10117);
#10117 = AXIS2_PLACEMENT_3D('',#10118,#10119,#10120);
#10118 = CARTESIAN_POINT('',(2.158E+03,1.E+03,1.468E+03));
#10119 = DIRECTION('',(-0.,1.,-0.));
#10120 = DIRECTION('',(0.,0.,-1.));
#10121 = DEFINITIONAL_REPRESENTATION('',(#10122),#10126);
#10122 = LINE('',#10123,#10124);
#10123 = CARTESIAN_POINT('',(-0.,-0.));
#10124 = VECTOR('',#10125,1.);
#10125 = DIRECTION('',(-1.,0.));
#10126 = ( GEOMETRIC_REPRESENTATION_CONTEXT(2) 
PARAMETRIC_REPRESENTATION_CONTEXT() REPRESENTATION_CONTEXT('2D SPACE',''
  ) );
#10127 = ORIENTED_EDGE('',*,*,#10128,.F.);
#10128 = EDGE_CURVE('',#10040,#10101,#10129,.T.);
#10129 = SURFACE_CURVE('',#10130,(#10134,#10141),.PCURVE_S1.);
#10130 = LINE('',#10131,#10132);
#10131 = CARTESIAN_POINT('',(2.158E+03,100.,1.498E+03));
#10132 = VECTOR('',#10133,1.);
#10133 = DIRECTION('',(-0.,1.,-0.));
#10134 = PCURVE('',#10048,#10135);
#10135 = DEFINITIONAL_REPRESENTATION('',(#10136),#10140);
#10136 = LINE('',#10137,#10138);
#10137 = CARTESIAN_POINT('',(-30.,-0.));
#10138 = VECTOR('',#10139,1.);
#10139 = DIRECTION('',(-0.,-1.));
#10140 = ( GEOMETRIC_REPRESENTATION_CONTEXT(2) 
PARAMETRIC_REPRESENTATION_CONTEXT() REPRESENTATION_CONTEXT('2D SPACE',''
  ) );
#10141 = PCURVE('',#10142,#10147);
#10142 = PLANE('',#10143);
#10143 = AXIS2_PLACEMENT_3D('',#10144,#10145,#10146);
#10144 = CARTESIAN_POINT('',(2.158E+03,100.,1.498E+03));
#10145 = DIRECTION('',(-0.,-0.,1.));
#10146 = DIRECTION('',(1.,0.,0.));
#10147 = DEFINITIONAL_REPRESENTATION('',(#10148),#10152);
#10148 = LINE('',#10149,#10150);
#10149 = CARTESIAN_POINT('',(0.,-0.));
#10150 = VECTOR('',#10151,1.);
#10151 = DIRECTION('',(-0.,1.));
#10152 = ( GEOMETRIC_REPRESENTATION_CONTEXT(2) 
PARAMETRIC_REPRESENTATION_CONTEXT() REPRESENTATION_CONTEXT('2D SPACE',''
  ) );
#10153 = ADVANCED_FACE('',(#10154,#10229),#10060,.F.);
#10154 = FACE_BOUND('',#10155,.T.);
#10155 = EDGE_LOOP('',(#10156,#10179,#10180,#10203));
#10156 = ORIENTED_EDGE('',*,*,#10157,.F.);
#10157 = EDGE_CURVE('',#10038,#10158,#10160,.T.);
#10158 = VERTEX_POINT('',#10159);
#10159 = CARTESIAN_POINT('',(2.128E+03,100.,1.468E+03));
#10160 = SURFACE_CURVE('',#10161,(#10165,#10172),.PCURVE_S1.);
#10161 = LINE('',#10162,#10163);
#10162 = CARTESIAN_POINT('',(2.158E+03,100.,1.468E+03));
#10163 = VECTOR('',#10164,1.);
#10164 = DIRECTION('',(-1.,-0.,-0.));
#10165 = PCURVE('',#10060,#10166);
#10166 = DEFINITIONAL_REPRESENTATION('',(#10167),#10171);
#10167 = LINE('',#10168,#10169);
#10168 = CARTESIAN_POINT('',(-0.,-0.));
#10169 = VECTOR('',#10170,1.);
#10170 = DIRECTION('',(-0.,1.));
#10171 = ( GEOMETRIC_REPRESENTATION_CONTEXT(2) 
PARAMETRIC_REPRESENTATION_CONTEXT() REPRESENTATION_CONTEXT('2D SPACE',''
  ) );
#10172 = PCURVE('',#10088,#10173);
#10173 = DEFINITIONAL_REPRESENTATION('',(#10174),#10178);
#10174 = LINE('',#10175,#10176);
#10175 = CARTESIAN_POINT('',(0.,-0.));
#10176 = VECTOR('',#10177,1.);
#10177 = DIRECTION('',(-1.,0.));
#10178 = ( GEOMETRIC_REPRESENTATION_CONTEXT(2) 
PARAMETRIC_REPRESENTATION_CONTEXT() REPRESENTATION_CONTEXT('2D SPACE',''
  ) );
#10179 = ORIENTED_EDGE('',*,*,#10037,.T.);
#10180 = ORIENTED_EDGE('',*,*,#10181,.T.);
#10181 = EDGE_CURVE('',#10040,#10182,#10184,.T.);
#10182 = VERTEX_POINT('',#10183);
#10183 = CARTESIAN_POINT('',(2.128E+03,100.,1.498E+03));
#10184 = SURFACE_CURVE('',#10185,(#10189,#10196),.PCURVE_S1.);
#10185 = LINE('',#10186,#10187);
#10186 = CARTESIAN_POINT('',(2.158E+03,100.,1.498E+03));
#10187 = VECTOR('',#10188,1.);
#10188 = DIRECTION('',(-1.,-0.,-0.));
#10189 = PCURVE('',#10060,#10190);
#10190 = DEFINITIONAL_REPRESENTATION('',(#10191),#10195);
#10191 = LINE('',#10192,#10193);
#10192 = CARTESIAN_POINT('',(-30.,-0.));
#10193 = VECTOR('',#10194,1.);
#10194 = DIRECTION('',(-0.,1.));
#10195 = ( GEOMETRIC_REPRESENTATION_CONTEXT(2) 
PARAMETRIC_REPRESENTATION_CONTEXT() REPRESENTATION_CONTEXT('2D SPACE',''
  ) );
#10196 = PCURVE('',#10142,#10197);
#10197 = DEFINITIONAL_REPRESENTATION('',(#10198),#10202);
#10198 = LINE('',#10199,#10200);
#10199 = CARTESIAN_POINT('',(0.,-0.));
#10200 = VECTOR('',#10201,1.);
#10201 = DIRECTION('',(-1.,0.));
#10202 = ( GEOMETRIC_REPRESENTATION_CONTEXT(2) 
PARAMETRIC_REPRESENTATION_CONTEXT() REPRESENTATION_CONTEXT('2D SPACE',''
  ) );
#10203 = ORIENTED_EDGE('',*,*,#10204,.F.);
#10204 = EDGE_CURVE('',#10158,#10182,#10205,.T.);
#10205 = SURFACE_CURVE('',#10206,(#10210,#10217),.PCURVE_S1.);
#10206 = LINE('',#10207,#10208);
#10207 = CARTESIAN_POINT('',(2.128E+03,100.,1.468E+03));
#10208 = VECTOR('',#10209,1.);
#10209 = DIRECTION('',(-0.,-0.,1.));
#10210 = PCURVE('',#10060,#10211);
#10211 = DEFINITIONAL_REPRESENTATION('',(#10212),#10216);
#10212 = LINE('',#10213,#10214);
#10213 = CARTESIAN_POINT('',(-0.,30.));
#10214 = VECTOR('',#10215,1.);
#10215 = DIRECTION('',(-1.,0.));
#10216 = ( GEOMETRIC_REPRESENTATION_CONTEXT(2) 
PARAMETRIC_REPRESENTATION_CONTEXT() REPRESENTATION_CONTEXT('2D SPACE',''
  ) );
#10217 = PCURVE('',#10218,#10223);
#10218 = PLANE('',#10219);
#10219 = AXIS2_PLACEMENT_3D('',#10220,#10221,#10222);
#10220 = CARTESIAN_POINT('',(2.128E+03,100.,1.468E+03));
#10221 = DIRECTION('',(-1.,-0.,-0.));
#10222 = DIRECTION('',(0.,0.,-1.));
#10223 = DEFINITIONAL_REPRESENTATION('',(#10224),#10228);
#10224 = LINE('',#10225,#10226);
#10225 = CARTESIAN_POINT('',(-0.,-0.));
#10226 = VECTOR('',#10227,1.);
#10227 = DIRECTION('',(-1.,-0.));
#10228 = ( GEOMETRIC_REPRESENTATION_CONTEXT(2) 
PARAMETRIC_REPRESENTATION_CONTEXT() REPRESENTATION_CONTEXT('2D SPACE',''
  ) );
#10229 = FACE_BOUND('',#10230,.T.);
#10230 = EDGE_LOOP('',(#10231,#10261,#10289,#10317));
#10231 = ORIENTED_EDGE('',*,*,#10232,.F.);
#10232 = EDGE_CURVE('',#10233,#10235,#10237,.T.);
#10233 = VERTEX_POINT('',#10234);
#10234 = CARTESIAN_POINT('',(2.156E+03,100.,1.496E+03));
#10235 = VERTEX_POINT('',#10236);
#10236 = CARTESIAN_POINT('',(2.13E+03,100.,1.496E+03));
#10237 = SURFACE_CURVE('',#10238,(#10242,#10249),.PCURVE_S1.);
#10238 = LINE('',#10239,#10240);
#10239 = CARTESIAN_POINT('',(2.157E+03,100.,1.496E+03));
#10240 = VECTOR('',#10241,1.);
#10241 = DIRECTION('',(-1.,-0.,-0.));
#10242 = PCURVE('',#10060,#10243);
#10243 = DEFINITIONAL_REPRESENTATION('',(#10244),#10248);
#10244 = LINE('',#10245,#10246);
#10245 = CARTESIAN_POINT('',(-28.,1.));
#10246 = VECTOR('',#10247,1.);
#10247 = DIRECTION('',(-0.,1.));
#10248 = ( GEOMETRIC_REPRESENTATION_CONTEXT(2) 
PARAMETRIC_REPRESENTATION_CONTEXT() REPRESENTATION_CONTEXT('2D SPACE',''
  ) );
#10249 = PCURVE('',#10250,#10255);
#10250 = PLANE('',#10251);
#10251 = AXIS2_PLACEMENT_3D('',#10252,#10253,#10254);
#10252 = CARTESIAN_POINT('',(2.156E+03,99.,1.496E+03));
#10253 = DIRECTION('',(-0.,-0.,1.));
#10254 = DIRECTION('',(1.,0.,0.));
#10255 = DEFINITIONAL_REPRESENTATION('',(#10256),#10260);
#10256 = LINE('',#10257,#10258);
#10257 = CARTESIAN_POINT('',(1.,1.));
#10258 = VECTOR('',#10259,1.);
#10259 = DIRECTION('',(-1.,0.));
#10260 = ( GEOMETRIC_REPRESENTATION_CONTEXT(2) 
PARAMETRIC_REPRESENTATION_CONTEXT() REPRESENTATION_CONTEXT('2D SPACE',''
  ) );
#10261 = ORIENTED_EDGE('',*,*,#10262,.T.);
#10262 = EDGE_CURVE('',#10233,#10263,#10265,.T.);
#10263 = VERTEX_POINT('',#10264);
#10264 = CARTESIAN_POINT('',(2.156E+03,100.,1.47E+03));
#10265 = SURFACE_CURVE('',#10266,(#10270,#10277),.PCURVE_S1.);
#10266 = LINE('',#10267,#10268);
#10267 = CARTESIAN_POINT('',(2.156E+03,100.,1.469E+03));
#10268 = VECTOR('',#10269,1.);
#10269 = DIRECTION('',(-0.,0.,-1.));
#10270 = PCURVE('',#10060,#10271);
#10271 = DEFINITIONAL_REPRESENTATION('',(#10272),#10276);
#10272 = LINE('',#10273,#10274);
#10273 = CARTESIAN_POINT('',(-1.,2.));
#10274 = VECTOR('',#10275,1.);
#10275 = DIRECTION('',(1.,-0.));
#10276 = ( GEOMETRIC_REPRESENTATION_CONTEXT(2) 
PARAMETRIC_REPRESENTATION_CONTEXT() REPRESENTATION_CONTEXT('2D SPACE',''
  ) );
#10277 = PCURVE('',#10278,#10283);
#10278 = PLANE('',#10279);
#10279 = AXIS2_PLACEMENT_3D('',#10280,#10281,#10282);
#10280 = CARTESIAN_POINT('',(2.156E+03,99.,1.47E+03));
#10281 = DIRECTION('',(-1.,-0.,-0.));
#10282 = DIRECTION('',(0.,0.,-1.));
#10283 = DEFINITIONAL_REPRESENTATION('',(#10284),#10288);
#10284 = LINE('',#10285,#10286);
#10285 = CARTESIAN_POINT('',(1.,-1.));
#10286 = VECTOR('',#10287,1.);
#10287 = DIRECTION('',(1.,-0.));
#10288 = ( GEOMETRIC_REPRESENTATION_CONTEXT(2) 
PARAMETRIC_REPRESENTATION_CONTEXT() REPRESENTATION_CONTEXT('2D SPACE',''
  ) );
#10289 = ORIENTED_EDGE('',*,*,#10290,.T.);
#10290 = EDGE_CURVE('',#10263,#10291,#10293,.T.);
#10291 = VERTEX_POINT('',#10292);
#10292 = CARTESIAN_POINT('',(2.13E+03,100.,1.47E+03));
#10293 = SURFACE_CURVE('',#10294,(#10298,#10305),.PCURVE_S1.);
#10294 = LINE('',#10295,#10296);
#10295 = CARTESIAN_POINT('',(2.157E+03,100.,1.47E+03));
#10296 = VECTOR('',#10297,1.);
#10297 = DIRECTION('',(-1.,-0.,-0.));
#10298 = PCURVE('',#10060,#10299);
#10299 = DEFINITIONAL_REPRESENTATION('',(#10300),#10304);
#10300 = LINE('',#10301,#10302);
#10301 = CARTESIAN_POINT('',(-2.,1.));
#10302 = VECTOR('',#10303,1.);
#10303 = DIRECTION('',(-0.,1.));
#10304 = ( GEOMETRIC_REPRESENTATION_CONTEXT(2) 
PARAMETRIC_REPRESENTATION_CONTEXT() REPRESENTATION_CONTEXT('2D SPACE',''
  ) );
#10305 = PCURVE('',#10306,#10311);
#10306 = PLANE('',#10307);
#10307 = AXIS2_PLACEMENT_3D('',#10308,#10309,#10310);
#10308 = CARTESIAN_POINT('',(2.156E+03,99.,1.47E+03));
#10309 = DIRECTION('',(-0.,-0.,1.));
#10310 = DIRECTION('',(1.,0.,0.));
#10311 = DEFINITIONAL_REPRESENTATION('',(#10312),#10316);
#10312 = LINE('',#10313,#10314);
#10313 = CARTESIAN_POINT('',(1.,1.));
#10314 = VECTOR('',#10315,1.);
#10315 = DIRECTION('',(-1.,0.));
#10316 = ( GEOMETRIC_REPRESENTATION_CONTEXT(2) 
PARAMETRIC_REPRESENTATION_CONTEXT() REPRESENTATION_CONTEXT('2D SPACE',''
  ) );
#10317 = ORIENTED_EDGE('',*,*,#10318,.F.);
#10318 = EDGE_CURVE('',#10235,#10291,#10319,.T.);
#10319 = SURFACE_CURVE('',#10320,(#10324,#10331),.PCURVE_S1.);
#10320 = LINE('',#10321,#10322);
#10321 = CARTESIAN_POINT('',(2.13E+03,100.,1.469E+03));
#10322 = VECTOR('',#10323,1.);
#10323 = DIRECTION('',(-0.,0.,-1.));
#10324 = PCURVE('',#10060,#10325);
#10325 = DEFINITIONAL_REPRESENTATION('',(#10326),#10330);
#10326 = LINE('',#10327,#10328);
#10327 = CARTESIAN_POINT('',(-1.,28.));
#10328 = VECTOR('',#10329,1.);
#10329 = DIRECTION('',(1.,-0.));
#10330 = ( GEOMETRIC_REPRESENTATION_CONTEXT(2) 
PARAMETRIC_REPRESENTATION_CONTEXT() REPRESENTATION_CONTEXT('2D SPACE',''
  ) );
#10331 = PCURVE('',#10332,#10337);
#10332 = PLANE('',#10333);
#10333 = AXIS2_PLACEMENT_3D('',#10334,#10335,#10336);
#10334 = CARTESIAN_POINT('',(2.13E+03,99.,1.47E+03));
#10335 = DIRECTION('',(-1.,-0.,-0.));
#10336 = DIRECTION('',(0.,0.,-1.));
#10337 = DEFINITIONAL_REPRESENTATION('',(#10338),#10342);
#10338 = LINE('',#10339,#10340);
#10339 = CARTESIAN_POINT('',(1.,-1.));
#10340 = VECTOR('',#10341,1.);
#10341 = DIRECTION('',(1.,-0.));
#10342 = ( GEOMETRIC_REPRESENTATION_CONTEXT(2) 
PARAMETRIC_REPRESENTATION_CONTEXT() REPRESENTATION_CONTEXT('2D SPACE',''
  ) );
#10343 = ADVANCED_FACE('',(#10344),#10142,.T.);
#10344 = FACE_BOUND('',#10345,.F.);
#10345 = EDGE_LOOP('',(#10346,#10347,#10348,#10371));
#10346 = ORIENTED_EDGE('',*,*,#10128,.F.);
#10347 = ORIENTED_EDGE('',*,*,#10181,.T.);
#10348 = ORIENTED_EDGE('',*,*,#10349,.T.);
#10349 = EDGE_CURVE('',#10182,#10350,#10352,.T.);
#10350 = VERTEX_POINT('',#10351);
#10351 = CARTESIAN_POINT('',(2.128E+03,1.E+03,1.498E+03));
#10352 = SURFACE_CURVE('',#10353,(#10357,#10364),.PCURVE_S1.);
#10353 = LINE('',#10354,#10355);
#10354 = CARTESIAN_POINT('',(2.128E+03,100.,1.498E+03));
#10355 = VECTOR('',#10356,1.);
#10356 = DIRECTION('',(-0.,1.,-0.));
#10357 = PCURVE('',#10142,#10358);
#10358 = DEFINITIONAL_REPRESENTATION('',(#10359),#10363);
#10359 = LINE('',#10360,#10361);
#10360 = CARTESIAN_POINT('',(-30.,0.));
#10361 = VECTOR('',#10362,1.);
#10362 = DIRECTION('',(-0.,1.));
#10363 = ( GEOMETRIC_REPRESENTATION_CONTEXT(2) 
PARAMETRIC_REPRESENTATION_CONTEXT() REPRESENTATION_CONTEXT('2D SPACE',''
  ) );
#10364 = PCURVE('',#10218,#10365);
#10365 = DEFINITIONAL_REPRESENTATION('',(#10366),#10370);
#10366 = LINE('',#10367,#10368);
#10367 = CARTESIAN_POINT('',(-30.,-0.));
#10368 = VECTOR('',#10369,1.);
#10369 = DIRECTION('',(-0.,-1.));
#10370 = ( GEOMETRIC_REPRESENTATION_CONTEXT(2) 
PARAMETRIC_REPRESENTATION_CONTEXT() REPRESENTATION_CONTEXT('2D SPACE',''
  ) );
#10371 = ORIENTED_EDGE('',*,*,#10372,.F.);
#10372 = EDGE_CURVE('',#10101,#10350,#10373,.T.);
#10373 = SURFACE_CURVE('',#10374,(#10378,#10385),.PCURVE_S1.);
#10374 = LINE('',#10375,#10376);
#10375 = CARTESIAN_POINT('',(2.158E+03,1.E+03,1.498E+03));
#10376 = VECTOR('',#10377,1.);
#10377 = DIRECTION('',(-1.,-0.,-0.));
#10378 = PCURVE('',#10142,#10379);
#10379 = DEFINITIONAL_REPRESENTATION('',(#10380),#10384);
#10380 = LINE('',#10381,#10382);
#10381 = CARTESIAN_POINT('',(0.,900.));
#10382 = VECTOR('',#10383,1.);
#10383 = DIRECTION('',(-1.,0.));
#10384 = ( GEOMETRIC_REPRESENTATION_CONTEXT(2) 
PARAMETRIC_REPRESENTATION_CONTEXT() REPRESENTATION_CONTEXT('2D SPACE',''
  ) );
#10385 = PCURVE('',#10116,#10386);
#10386 = DEFINITIONAL_REPRESENTATION('',(#10387),#10391);
#10387 = LINE('',#10388,#10389);
#10388 = CARTESIAN_POINT('',(-30.,-0.));
#10389 = VECTOR('',#10390,1.);
#10390 = DIRECTION('',(-0.,1.));
#10391 = ( GEOMETRIC_REPRESENTATION_CONTEXT(2) 
PARAMETRIC_REPRESENTATION_CONTEXT() REPRESENTATION_CONTEXT('2D SPACE',''
  ) );
#10392 = ADVANCED_FACE('',(#10393,#10441),#10116,.T.);
#10393 = FACE_BOUND('',#10394,.F.);
#10394 = EDGE_LOOP('',(#10395,#10418,#10419,#10420));
#10395 = ORIENTED_EDGE('',*,*,#10396,.F.);
#10396 = EDGE_CURVE('',#10073,#10397,#10399,.T.);
#10397 = VERTEX_POINT('',#10398);
#10398 = CARTESIAN_POINT('',(2.128E+03,1.E+03,1.468E+03));
#10399 = SURFACE_CURVE('',#10400,(#10404,#10411),.PCURVE_S1.);
#10400 = LINE('',#10401,#10402);
#10401 = CARTESIAN_POINT('',(2.158E+03,1.E+03,1.468E+03));
#10402 = VECTOR('',#10403,1.);
#10403 = DIRECTION('',(-1.,-0.,-0.));
#10404 = PCURVE('',#10116,#10405);
#10405 = DEFINITIONAL_REPRESENTATION('',(#10406),#10410);
#10406 = LINE('',#10407,#10408);
#10407 = CARTESIAN_POINT('',(-0.,-0.));
#10408 = VECTOR('',#10409,1.);
#10409 = DIRECTION('',(-0.,1.));
#10410 = ( GEOMETRIC_REPRESENTATION_CONTEXT(2) 
PARAMETRIC_REPRESENTATION_CONTEXT() REPRESENTATION_CONTEXT('2D SPACE',''
  ) );
#10411 = PCURVE('',#10088,#10412);
#10412 = DEFINITIONAL_REPRESENTATION('',(#10413),#10417);
#10413 = LINE('',#10414,#10415);
#10414 = CARTESIAN_POINT('',(0.,900.));
#10415 = VECTOR('',#10416,1.);
#10416 = DIRECTION('',(-1.,0.));
#10417 = ( GEOMETRIC_REPRESENTATION_CONTEXT(2) 
PARAMETRIC_REPRESENTATION_CONTEXT() REPRESENTATION_CONTEXT('2D SPACE',''
  ) );
#10418 = ORIENTED_EDGE('',*,*,#10100,.T.);
#10419 = ORIENTED_EDGE('',*,*,#10372,.T.);
#10420 = ORIENTED_EDGE('',*,*,#10421,.F.);
#10421 = EDGE_CURVE('',#10397,#10350,#10422,.T.);
#10422 = SURFACE_CURVE('',#10423,(#10427,#10434),.PCURVE_S1.);
#10423 = LINE('',#10424,#10425);
#10424 = CARTESIAN_POINT('',(2.128E+03,1.E+03,1.468E+03));
#10425 = VECTOR('',#10426,1.);
#10426 = DIRECTION('',(-0.,-0.,1.));
#10427 = PCURVE('',#10116,#10428);
#10428 = DEFINITIONAL_REPRESENTATION('',(#10429),#10433);
#10429 = LINE('',#10430,#10431);
#10430 = CARTESIAN_POINT('',(-0.,30.));
#10431 = VECTOR('',#10432,1.);
#10432 = DIRECTION('',(-1.,0.));
#10433 = ( GEOMETRIC_REPRESENTATION_CONTEXT(2) 
PARAMETRIC_REPRESENTATION_CONTEXT() REPRESENTATION_CONTEXT('2D SPACE',''
  ) );
#10434 = PCURVE('',#10218,#10435);
#10435 = DEFINITIONAL_REPRESENTATION('',(#10436),#10440);
#10436 = LINE('',#10437,#10438);
#10437 = CARTESIAN_POINT('',(-0.,-900.));
#10438 = VECTOR('',#10439,1.);
#10439 = DIRECTION('',(-1.,-0.));
#10440 = ( GEOMETRIC_REPRESENTATION_CONTEXT(2) 
PARAMETRIC_REPRESENTATION_CONTEXT() REPRESENTATION_CONTEXT('2D SPACE',''
  ) );
#10441 = FACE_BOUND('',#10442,.F.);
#10442 = EDGE_LOOP('',(#10443,#10468,#10491,#10514));
#10443 = ORIENTED_EDGE('',*,*,#10444,.F.);
#10444 = EDGE_CURVE('',#10445,#10447,#10449,.T.);
#10445 = VERTEX_POINT('',#10446);
#10446 = CARTESIAN_POINT('',(2.156E+03,1.E+03,1.496E+03));
#10447 = VERTEX_POINT('',#10448);
#10448 = CARTESIAN_POINT('',(2.13E+03,1.E+03,1.496E+03));
#10449 = SURFACE_CURVE('',#10450,(#10454,#10461),.PCURVE_S1.);
#10450 = LINE('',#10451,#10452);
#10451 = CARTESIAN_POINT('',(2.157E+03,1.E+03,1.496E+03));
#10452 = VECTOR('',#10453,1.);
#10453 = DIRECTION('',(-1.,-0.,-0.));
#10454 = PCURVE('',#10116,#10455);
#10455 = DEFINITIONAL_REPRESENTATION('',(#10456),#10460);
#10456 = LINE('',#10457,#10458);
#10457 = CARTESIAN_POINT('',(-28.,1.));
#10458 = VECTOR('',#10459,1.);
#10459 = DIRECTION('',(-0.,1.));
#10460 = ( GEOMETRIC_REPRESENTATION_CONTEXT(2) 
PARAMETRIC_REPRESENTATION_CONTEXT() REPRESENTATION_CONTEXT('2D SPACE',''
  ) );
#10461 = PCURVE('',#10250,#10462);
#10462 = DEFINITIONAL_REPRESENTATION('',(#10463),#10467);
#10463 = LINE('',#10464,#10465);
#10464 = CARTESIAN_POINT('',(1.,901.));
#10465 = VECTOR('',#10466,1.);
#10466 = DIRECTION('',(-1.,0.));
#10467 = ( GEOMETRIC_REPRESENTATION_CONTEXT(2) 
PARAMETRIC_REPRESENTATION_CONTEXT() REPRESENTATION_CONTEXT('2D SPACE',''
  ) );
#10468 = ORIENTED_EDGE('',*,*,#10469,.T.);
#10469 = EDGE_CURVE('',#10445,#10470,#10472,.T.);
#10470 = VERTEX_POINT('',#10471);
#10471 = CARTESIAN_POINT('',(2.156E+03,1.E+03,1.47E+03));
#10472 = SURFACE_CURVE('',#10473,(#10477,#10484),.PCURVE_S1.);
#10473 = LINE('',#10474,#10475);
#10474 = CARTESIAN_POINT('',(2.156E+03,1.E+03,1.469E+03));
#10475 = VECTOR('',#10476,1.);
#10476 = DIRECTION('',(-0.,0.,-1.));
#10477 = PCURVE('',#10116,#10478);
#10478 = DEFINITIONAL_REPRESENTATION('',(#10479),#10483);
#10479 = LINE('',#10480,#10481);
#10480 = CARTESIAN_POINT('',(-1.,2.));
#10481 = VECTOR('',#10482,1.);
#10482 = DIRECTION('',(1.,-0.));
#10483 = ( GEOMETRIC_REPRESENTATION_CONTEXT(2) 
PARAMETRIC_REPRESENTATION_CONTEXT() REPRESENTATION_CONTEXT('2D SPACE',''
  ) );
#10484 = PCURVE('',#10278,#10485);
#10485 = DEFINITIONAL_REPRESENTATION('',(#10486),#10490);
#10486 = LINE('',#10487,#10488);
#10487 = CARTESIAN_POINT('',(1.,-901.));
#10488 = VECTOR('',#10489,1.);
#10489 = DIRECTION('',(1.,-0.));
#10490 = ( GEOMETRIC_REPRESENTATION_CONTEXT(2) 
PARAMETRIC_REPRESENTATION_CONTEXT() REPRESENTATION_CONTEXT('2D SPACE',''
  ) );
#10491 = ORIENTED_EDGE('',*,*,#10492,.T.);
#10492 = EDGE_CURVE('',#10470,#10493,#10495,.T.);
#10493 = VERTEX_POINT('',#10494);
#10494 = CARTESIAN_POINT('',(2.13E+03,1.E+03,1.47E+03));
#10495 = SURFACE_CURVE('',#10496,(#10500,#10507),.PCURVE_S1.);
#10496 = LINE('',#10497,#10498);
#10497 = CARTESIAN_POINT('',(2.157E+03,1.E+03,1.47E+03));
#10498 = VECTOR('',#10499,1.);
#10499 = DIRECTION('',(-1.,-0.,-0.));
#10500 = PCURVE('',#10116,#10501);
#10501 = DEFINITIONAL_REPRESENTATION('',(#10502),#10506);
#10502 = LINE('',#10503,#10504);
#10503 = CARTESIAN_POINT('',(-2.,1.));
#10504 = VECTOR('',#10505,1.);
#10505 = DIRECTION('',(-0.,1.));
#10506 = ( GEOMETRIC_REPRESENTATION_CONTEXT(2) 
PARAMETRIC_REPRESENTATION_CONTEXT() REPRESENTATION_CONTEXT('2D SPACE',''
  ) );
#10507 = PCURVE('',#10306,#10508);
#10508 = DEFINITIONAL_REPRESENTATION('',(#10509),#10513);
#10509 = LINE('',#10510,#10511);
#10510 = CARTESIAN_POINT('',(1.,901.));
#10511 = VECTOR('',#10512,1.);
#10512 = DIRECTION('',(-1.,0.));
#10513 = ( GEOMETRIC_REPRESENTATION_CONTEXT(2) 
PARAMETRIC_REPRESENTATION_CONTEXT() REPRESENTATION_CONTEXT('2D SPACE',''
  ) );
#10514 = ORIENTED_EDGE('',*,*,#10515,.F.);
#10515 = EDGE_CURVE('',#10447,#10493,#10516,.T.);
#10516 = SURFACE_CURVE('',#10517,(#10521,#10528),.PCURVE_S1.);
#10517 = LINE('',#10518,#10519);
#10518 = CARTESIAN_POINT('',(2.13E+03,1.E+03,1.469E+03));
#10519 = VECTOR('',#10520,1.);
#10520 = DIRECTION('',(-0.,0.,-1.));
#10521 = PCURVE('',#10116,#10522);
#10522 = DEFINITIONAL_REPRESENTATION('',(#10523),#10527);
#10523 = LINE('',#10524,#10525);
#10524 = CARTESIAN_POINT('',(-1.,28.));
#10525 = VECTOR('',#10526,1.);
#10526 = DIRECTION('',(1.,-0.));
#10527 = ( GEOMETRIC_REPRESENTATION_CONTEXT(2) 
PARAMETRIC_REPRESENTATION_CONTEXT() REPRESENTATION_CONTEXT('2D SPACE',''
  ) );
#10528 = PCURVE('',#10332,#10529);
#10529 = DEFINITIONAL_REPRESENTATION('',(#10530),#10534);
#10530 = LINE('',#10531,#10532);
#10531 = CARTESIAN_POINT('',(1.,-901.));
#10532 = VECTOR('',#10533,1.);
#10533 = DIRECTION('',(1.,-0.));
#10534 = ( GEOMETRIC_REPRESENTATION_CONTEXT(2) 
PARAMETRIC_REPRESENTATION_CONTEXT() REPRESENTATION_CONTEXT('2D SPACE',''
  ) );
#10535 = ADVANCED_FACE('',(#10536),#10088,.F.);
#10536 = FACE_BOUND('',#10537,.T.);
#10537 = EDGE_LOOP('',(#10538,#10539,#10540,#10561));
#10538 = ORIENTED_EDGE('',*,*,#10072,.F.);
#10539 = ORIENTED_EDGE('',*,*,#10157,.T.);
#10540 = ORIENTED_EDGE('',*,*,#10541,.T.);
#10541 = EDGE_CURVE('',#10158,#10397,#10542,.T.);
#10542 = SURFACE_CURVE('',#10543,(#10547,#10554),.PCURVE_S1.);
#10543 = LINE('',#10544,#10545);
#10544 = CARTESIAN_POINT('',(2.128E+03,100.,1.468E+03));
#10545 = VECTOR('',#10546,1.);
#10546 = DIRECTION('',(-0.,1.,-0.));
#10547 = PCURVE('',#10088,#10548);
#10548 = DEFINITIONAL_REPRESENTATION('',(#10549),#10553);
#10549 = LINE('',#10550,#10551);
#10550 = CARTESIAN_POINT('',(-30.,0.));
#10551 = VECTOR('',#10552,1.);
#10552 = DIRECTION('',(-0.,1.));
#10553 = ( GEOMETRIC_REPRESENTATION_CONTEXT(2) 
PARAMETRIC_REPRESENTATION_CONTEXT() REPRESENTATION_CONTEXT('2D SPACE',''
  ) );
#10554 = PCURVE('',#10218,#10555);
#10555 = DEFINITIONAL_REPRESENTATION('',(#10556),#10560);
#10556 = LINE('',#10557,#10558);
#10557 = CARTESIAN_POINT('',(-0.,-0.));
#10558 = VECTOR('',#10559,1.);
#10559 = DIRECTION('',(-0.,-1.));
#10560 = ( GEOMETRIC_REPRESENTATION_CONTEXT(2) 
PARAMETRIC_REPRESENTATION_CONTEXT() REPRESENTATION_CONTEXT('2D SPACE',''
  ) );
#10561 = ORIENTED_EDGE('',*,*,#10396,.F.);
#10562 = ADVANCED_FACE('',(#10563),#10218,.T.);
#10563 = FACE_BOUND('',#10564,.F.);
#10564 = EDGE_LOOP('',(#10565,#10566,#10567,#10568));
#10565 = ORIENTED_EDGE('',*,*,#10204,.F.);
#10566 = ORIENTED_EDGE('',*,*,#10541,.T.);
#10567 = ORIENTED_EDGE('',*,*,#10421,.T.);
#10568 = ORIENTED_EDGE('',*,*,#10349,.F.);
#10569 = ADVANCED_FACE('',(#10570),#10250,.F.);
#10570 = FACE_BOUND('',#10571,.T.);
#10571 = EDGE_LOOP('',(#10572,#10593,#10594,#10615));
#10572 = ORIENTED_EDGE('',*,*,#10573,.F.);
#10573 = EDGE_CURVE('',#10233,#10445,#10574,.T.);
#10574 = SURFACE_CURVE('',#10575,(#10579,#10586),.PCURVE_S1.);
#10575 = LINE('',#10576,#10577);
#10576 = CARTESIAN_POINT('',(2.156E+03,99.,1.496E+03));
#10577 = VECTOR('',#10578,1.);
#10578 = DIRECTION('',(-0.,1.,-0.));
#10579 = PCURVE('',#10250,#10580);
#10580 = DEFINITIONAL_REPRESENTATION('',(#10581),#10585);
#10581 = LINE('',#10582,#10583);
#10582 = CARTESIAN_POINT('',(0.,-0.));
#10583 = VECTOR('',#10584,1.);
#10584 = DIRECTION('',(-0.,1.));
#10585 = ( GEOMETRIC_REPRESENTATION_CONTEXT(2) 
PARAMETRIC_REPRESENTATION_CONTEXT() REPRESENTATION_CONTEXT('2D SPACE',''
  ) );
#10586 = PCURVE('',#10278,#10587);
#10587 = DEFINITIONAL_REPRESENTATION('',(#10588),#10592);
#10588 = LINE('',#10589,#10590);
#10589 = CARTESIAN_POINT('',(-26.,-0.));
#10590 = VECTOR('',#10591,1.);
#10591 = DIRECTION('',(-0.,-1.));
#10592 = ( GEOMETRIC_REPRESENTATION_CONTEXT(2) 
PARAMETRIC_REPRESENTATION_CONTEXT() REPRESENTATION_CONTEXT('2D SPACE',''
  ) );
#10593 = ORIENTED_EDGE('',*,*,#10232,.T.);
#10594 = ORIENTED_EDGE('',*,*,#10595,.T.);
#10595 = EDGE_CURVE('',#10235,#10447,#10596,.T.);
#10596 = SURFACE_CURVE('',#10597,(#10601,#10608),.PCURVE_S1.);
#10597 = LINE('',#10598,#10599);
#10598 = CARTESIAN_POINT('',(2.13E+03,99.,1.496E+03));
#10599 = VECTOR('',#10600,1.);
#10600 = DIRECTION('',(-0.,1.,-0.));
#10601 = PCURVE('',#10250,#10602);
#10602 = DEFINITIONAL_REPRESENTATION('',(#10603),#10607);
#10603 = LINE('',#10604,#10605);
#10604 = CARTESIAN_POINT('',(-26.,0.));
#10605 = VECTOR('',#10606,1.);
#10606 = DIRECTION('',(-0.,1.));
#10607 = ( GEOMETRIC_REPRESENTATION_CONTEXT(2) 
PARAMETRIC_REPRESENTATION_CONTEXT() REPRESENTATION_CONTEXT('2D SPACE',''
  ) );
#10608 = PCURVE('',#10332,#10609);
#10609 = DEFINITIONAL_REPRESENTATION('',(#10610),#10614);
#10610 = LINE('',#10611,#10612);
#10611 = CARTESIAN_POINT('',(-26.,-0.));
#10612 = VECTOR('',#10613,1.);
#10613 = DIRECTION('',(-0.,-1.));
#10614 = ( GEOMETRIC_REPRESENTATION_CONTEXT(2) 
PARAMETRIC_REPRESENTATION_CONTEXT() REPRESENTATION_CONTEXT('2D SPACE',''
  ) );
#10615 = ORIENTED_EDGE('',*,*,#10444,.F.);
#10616 = ADVANCED_FACE('',(#10617),#10332,.F.);
#10617 = FACE_BOUND('',#10618,.T.);
#10618 = EDGE_LOOP('',(#10619,#10620,#10621,#10642));
#10619 = ORIENTED_EDGE('',*,*,#10595,.F.);
#10620 = ORIENTED_EDGE('',*,*,#10318,.T.);
#10621 = ORIENTED_EDGE('',*,*,#10622,.T.);
#10622 = EDGE_CURVE('',#10291,#10493,#10623,.T.);
#10623 = SURFACE_CURVE('',#10624,(#10628,#10635),.PCURVE_S1.);
#10624 = LINE('',#10625,#10626);
#10625 = CARTESIAN_POINT('',(2.13E+03,99.,1.47E+03));
#10626 = VECTOR('',#10627,1.);
#10627 = DIRECTION('',(-0.,1.,-0.));
#10628 = PCURVE('',#10332,#10629);
#10629 = DEFINITIONAL_REPRESENTATION('',(#10630),#10634);
#10630 = LINE('',#10631,#10632);
#10631 = CARTESIAN_POINT('',(-0.,-0.));
#10632 = VECTOR('',#10633,1.);
#10633 = DIRECTION('',(-0.,-1.));
#10634 = ( GEOMETRIC_REPRESENTATION_CONTEXT(2) 
PARAMETRIC_REPRESENTATION_CONTEXT() REPRESENTATION_CONTEXT('2D SPACE',''
  ) );
#10635 = PCURVE('',#10306,#10636);
#10636 = DEFINITIONAL_REPRESENTATION('',(#10637),#10641);
#10637 = LINE('',#10638,#10639);
#10638 = CARTESIAN_POINT('',(-26.,0.));
#10639 = VECTOR('',#10640,1.);
#10640 = DIRECTION('',(-0.,1.));
#10641 = ( GEOMETRIC_REPRESENTATION_CONTEXT(2) 
PARAMETRIC_REPRESENTATION_CONTEXT() REPRESENTATION_CONTEXT('2D SPACE',''
  ) );
#10642 = ORIENTED_EDGE('',*,*,#10515,.F.);
#10643 = ADVANCED_FACE('',(#10644),#10306,.T.);
#10644 = FACE_BOUND('',#10645,.F.);
#10645 = EDGE_LOOP('',(#10646,#10667,#10668,#10669));
#10646 = ORIENTED_EDGE('',*,*,#10647,.F.);
#10647 = EDGE_CURVE('',#10263,#10470,#10648,.T.);
#10648 = SURFACE_CURVE('',#10649,(#10653,#10660),.PCURVE_S1.);
#10649 = LINE('',#10650,#10651);
#10650 = CARTESIAN_POINT('',(2.156E+03,99.,1.47E+03));
#10651 = VECTOR('',#10652,1.);
#10652 = DIRECTION('',(-0.,1.,-0.));
#10653 = PCURVE('',#10306,#10654);
#10654 = DEFINITIONAL_REPRESENTATION('',(#10655),#10659);
#10655 = LINE('',#10656,#10657);
#10656 = CARTESIAN_POINT('',(0.,-0.));
#10657 = VECTOR('',#10658,1.);
#10658 = DIRECTION('',(-0.,1.));
#10659 = ( GEOMETRIC_REPRESENTATION_CONTEXT(2) 
PARAMETRIC_REPRESENTATION_CONTEXT() REPRESENTATION_CONTEXT('2D SPACE',''
  ) );
#10660 = PCURVE('',#10278,#10661);
#10661 = DEFINITIONAL_REPRESENTATION('',(#10662),#10666);
#10662 = LINE('',#10663,#10664);
#10663 = CARTESIAN_POINT('',(-0.,-0.));
#10664 = VECTOR('',#10665,1.);
#10665 = DIRECTION('',(-0.,-1.));
#10666 = ( GEOMETRIC_REPRESENTATION_CONTEXT(2) 
PARAMETRIC_REPRESENTATION_CONTEXT() REPRESENTATION_CONTEXT('2D SPACE',''
  ) );
#10667 = ORIENTED_EDGE('',*,*,#10290,.T.);
#10668 = ORIENTED_EDGE('',*,*,#10622,.T.);
#10669 = ORIENTED_EDGE('',*,*,#10492,.F.);
#10670 = ADVANCED_FACE('',(#10671),#10278,.T.);
#10671 = FACE_BOUND('',#10672,.F.);
#10672 = EDGE_LOOP('',(#10673,#10674,#10675,#10676));
#10673 = ORIENTED_EDGE('',*,*,#10573,.F.);
#10674 = ORIENTED_EDGE('',*,*,#10262,.T.);
#10675 = ORIENTED_EDGE('',*,*,#10647,.T.);
#10676 = ORIENTED_EDGE('',*,*,#10469,.F.);
#10677 = ( GEOMETRIC_REPRESENTATION_CONTEXT(3) 
GLOBAL_UNCERTAINTY_ASSIGNED_CONTEXT((#10681)) 
GLOBAL_UNIT_ASSIGNED_CONTEXT((#10678,#10679,#10680)) 
REPRESENTATION_CONTEXT('Context #1',
  '3D Context with UNIT and UNCERTAINTY') );
#10678 = ( LENGTH_UNIT() NAMED_UNIT(*) SI_UNIT(.MILLI.,.METRE.) );
#10679 = ( NAMED_UNIT(*) PLANE_ANGLE_UNIT() SI_UNIT($,.RADIAN.) );
#10680 = ( NAMED_UNIT(*) SI_UNIT($,.STERADIAN.) SOLID_ANGLE_UNIT() );
#10681 = UNCERTAINTY_MEASURE_WITH_UNIT(LENGTH_MEASURE(1.E-07),#10678,
  'distance_accuracy_value','confusion accuracy');
#10682 = CONTEXT_DEPENDENT_SHAPE_REPRESENTATION(#10683,#10685);
#10683 = ( REPRESENTATION_RELATIONSHIP('','',#10030,#10) 
REPRESENTATION_RELATIONSHIP_WITH_TRANSFORMATION(#10684) 
SHAPE_REPRESENTATION_RELATIONSHIP() );
#10684 = ITEM_DEFINED_TRANSFORMATION('','',#11,#71);
#10685 = PRODUCT_DEFINITION_SHAPE('Placement','Placement of an item',
  #10686);
#10686 = NEXT_ASSEMBLY_USAGE_OCCURRENCE('331','','',#5,#10025,$);
#10687 = PRODUCT_RELATED_PRODUCT_CATEGORY('part',$,(#10027));
#10688 = SHAPE_DEFINITION_REPRESENTATION(#10689,#10695);
#10689 = PRODUCT_DEFINITION_SHAPE('','',#10690);
#10690 = PRODUCT_DEFINITION('design','',#10691,#10694);
#10691 = PRODUCT_DEFINITION_FORMATION('','',#10692);
#10692 = PRODUCT('Open CASCADE STEP translator 7.9 12.16',
  'Open CASCADE STEP translator 7.9 12.16','',(#10693));
#10693 = PRODUCT_CONTEXT('',#2,'mechanical');
#10694 = PRODUCT_DEFINITION_CONTEXT('part definition',#2,'design');
#10695 = ADVANCED_BREP_SHAPE_REPRESENTATION('',(#11,#10696),#11342);
#10696 = MANIFOLD_SOLID_BREP('',#10697);
#10697 = CLOSED_SHELL('',(#10698,#10818,#11008,#11057,#11200,#11227,
    #11234,#11281,#11308,#11335));
#10698 = ADVANCED_FACE('',(#10699),#10713,.F.);
#10699 = FACE_BOUND('',#10700,.T.);
#10700 = EDGE_LOOP('',(#10701,#10736,#10764,#10792));
#10701 = ORIENTED_EDGE('',*,*,#10702,.F.);
#10702 = EDGE_CURVE('',#10703,#10705,#10707,.T.);
#10703 = VERTEX_POINT('',#10704);
#10704 = CARTESIAN_POINT('',(1.738E+03,100.,1.468E+03));
#10705 = VERTEX_POINT('',#10706);
#10706 = CARTESIAN_POINT('',(1.738E+03,100.,1.498E+03));
#10707 = SURFACE_CURVE('',#10708,(#10712,#10724),.PCURVE_S1.);
#10708 = LINE('',#10709,#10710);
#10709 = CARTESIAN_POINT('',(1.738E+03,100.,1.468E+03));
#10710 = VECTOR('',#10711,1.);
#10711 = DIRECTION('',(-0.,-0.,1.));
#10712 = PCURVE('',#10713,#10718);
#10713 = PLANE('',#10714);
#10714 = AXIS2_PLACEMENT_3D('',#10715,#10716,#10717);
#10715 = CARTESIAN_POINT('',(1.738E+03,100.,1.468E+03));
#10716 = DIRECTION('',(-1.,-0.,-0.));
#10717 = DIRECTION('',(0.,0.,-1.));
#10718 = DEFINITIONAL_REPRESENTATION('',(#10719),#10723);
#10719 = LINE('',#10720,#10721);
#10720 = CARTESIAN_POINT('',(-0.,-0.));
#10721 = VECTOR('',#10722,1.);
#10722 = DIRECTION('',(-1.,-0.));
#10723 = ( GEOMETRIC_REPRESENTATION_CONTEXT(2) 
PARAMETRIC_REPRESENTATION_CONTEXT() REPRESENTATION_CONTEXT('2D SPACE',''
  ) );
#10724 = PCURVE('',#10725,#10730);
#10725 = PLANE('',#10726);
#10726 = AXIS2_PLACEMENT_3D('',#10727,#10728,#10729);
#10727 = CARTESIAN_POINT('',(1.738E+03,100.,1.468E+03));
#10728 = DIRECTION('',(-0.,1.,-0.));
#10729 = DIRECTION('',(0.,0.,-1.));
#10730 = DEFINITIONAL_REPRESENTATION('',(#10731),#10735);
#10731 = LINE('',#10732,#10733);
#10732 = CARTESIAN_POINT('',(-0.,-0.));
#10733 = VECTOR('',#10734,1.);
#10734 = DIRECTION('',(-1.,0.));
#10735 = ( GEOMETRIC_REPRESENTATION_CONTEXT(2) 
PARAMETRIC_REPRESENTATION_CONTEXT() REPRESENTATION_CONTEXT('2D SPACE',''
  ) );
#10736 = ORIENTED_EDGE('',*,*,#10737,.T.);
#10737 = EDGE_CURVE('',#10703,#10738,#10740,.T.);
#10738 = VERTEX_POINT('',#10739);
#10739 = CARTESIAN_POINT('',(1.738E+03,1.E+03,1.468E+03));
#10740 = SURFACE_CURVE('',#10741,(#10745,#10752),.PCURVE_S1.);
#10741 = LINE('',#10742,#10743);
#10742 = CARTESIAN_POINT('',(1.738E+03,100.,1.468E+03));
#10743 = VECTOR('',#10744,1.);
#10744 = DIRECTION('',(-0.,1.,-0.));
#10745 = PCURVE('',#10713,#10746);
#10746 = DEFINITIONAL_REPRESENTATION('',(#10747),#10751);
#10747 = LINE('',#10748,#10749);
#10748 = CARTESIAN_POINT('',(-0.,-0.));
#10749 = VECTOR('',#10750,1.);
#10750 = DIRECTION('',(-0.,-1.));
#10751 = ( GEOMETRIC_REPRESENTATION_CONTEXT(2) 
PARAMETRIC_REPRESENTATION_CONTEXT() REPRESENTATION_CONTEXT('2D SPACE',''
  ) );
#10752 = PCURVE('',#10753,#10758);
#10753 = PLANE('',#10754);
#10754 = AXIS2_PLACEMENT_3D('',#10755,#10756,#10757);
#10755 = CARTESIAN_POINT('',(1.738E+03,100.,1.468E+03));
#10756 = DIRECTION('',(-0.,-0.,1.));
#10757 = DIRECTION('',(1.,0.,0.));
#10758 = DEFINITIONAL_REPRESENTATION('',(#10759),#10763);
#10759 = LINE('',#10760,#10761);
#10760 = CARTESIAN_POINT('',(0.,-0.));
#10761 = VECTOR('',#10762,1.);
#10762 = DIRECTION('',(-0.,1.));
#10763 = ( GEOMETRIC_REPRESENTATION_CONTEXT(2) 
PARAMETRIC_REPRESENTATION_CONTEXT() REPRESENTATION_CONTEXT('2D SPACE',''
  ) );
#10764 = ORIENTED_EDGE('',*,*,#10765,.T.);
#10765 = EDGE_CURVE('',#10738,#10766,#10768,.T.);
#10766 = VERTEX_POINT('',#10767);
#10767 = CARTESIAN_POINT('',(1.738E+03,1.E+03,1.498E+03));
#10768 = SURFACE_CURVE('',#10769,(#10773,#10780),.PCURVE_S1.);
#10769 = LINE('',#10770,#10771);
#10770 = CARTESIAN_POINT('',(1.738E+03,1.E+03,1.468E+03));
#10771 = VECTOR('',#10772,1.);
#10772 = DIRECTION('',(-0.,-0.,1.));
#10773 = PCURVE('',#10713,#10774);
#10774 = DEFINITIONAL_REPRESENTATION('',(#10775),#10779);
#10775 = LINE('',#10776,#10777);
#10776 = CARTESIAN_POINT('',(-0.,-900.));
#10777 = VECTOR('',#10778,1.);
#10778 = DIRECTION('',(-1.,-0.));
#10779 = ( GEOMETRIC_REPRESENTATION_CONTEXT(2) 
PARAMETRIC_REPRESENTATION_CONTEXT() REPRESENTATION_CONTEXT('2D SPACE',''
  ) );
#10780 = PCURVE('',#10781,#10786);
#10781 = PLANE('',#10782);
#10782 = AXIS2_PLACEMENT_3D('',#10783,#10784,#10785);
#10783 = CARTESIAN_POINT('',(1.738E+03,1.E+03,1.468E+03));
#10784 = DIRECTION('',(-0.,1.,-0.));
#10785 = DIRECTION('',(0.,0.,-1.));
#10786 = DEFINITIONAL_REPRESENTATION('',(#10787),#10791);
#10787 = LINE('',#10788,#10789);
#10788 = CARTESIAN_POINT('',(-0.,-0.));
#10789 = VECTOR('',#10790,1.);
#10790 = DIRECTION('',(-1.,0.));
#10791 = ( GEOMETRIC_REPRESENTATION_CONTEXT(2) 
PARAMETRIC_REPRESENTATION_CONTEXT() REPRESENTATION_CONTEXT('2D SPACE',''
  ) );
#10792 = ORIENTED_EDGE('',*,*,#10793,.F.);
#10793 = EDGE_CURVE('',#10705,#10766,#10794,.T.);
#10794 = SURFACE_CURVE('',#10795,(#10799,#10806),.PCURVE_S1.);
#10795 = LINE('',#10796,#10797);
#10796 = CARTESIAN_POINT('',(1.738E+03,100.,1.498E+03));
#10797 = VECTOR('',#10798,1.);
#10798 = DIRECTION('',(-0.,1.,-0.));
#10799 = PCURVE('',#10713,#10800);
#10800 = DEFINITIONAL_REPRESENTATION('',(#10801),#10805);
#10801 = LINE('',#10802,#10803);
#10802 = CARTESIAN_POINT('',(-30.,-0.));
#10803 = VECTOR('',#10804,1.);
#10804 = DIRECTION('',(-0.,-1.));
#10805 = ( GEOMETRIC_REPRESENTATION_CONTEXT(2) 
PARAMETRIC_REPRESENTATION_CONTEXT() REPRESENTATION_CONTEXT('2D SPACE',''
  ) );
#10806 = PCURVE('',#10807,#10812);
#10807 = PLANE('',#10808);
#10808 = AXIS2_PLACEMENT_3D('',#10809,#10810,#10811);
#10809 = CARTESIAN_POINT('',(1.738E+03,100.,1.498E+03));
#10810 = DIRECTION('',(-0.,-0.,1.));
#10811 = DIRECTION('',(1.,0.,0.));
#10812 = DEFINITIONAL_REPRESENTATION('',(#10813),#10817);
#10813 = LINE('',#10814,#10815);
#10814 = CARTESIAN_POINT('',(0.,-0.));
#10815 = VECTOR('',#10816,1.);
#10816 = DIRECTION('',(-0.,1.));
#10817 = ( GEOMETRIC_REPRESENTATION_CONTEXT(2) 
PARAMETRIC_REPRESENTATION_CONTEXT() REPRESENTATION_CONTEXT('2D SPACE',''
  ) );
#10818 = ADVANCED_FACE('',(#10819,#10894),#10725,.F.);
#10819 = FACE_BOUND('',#10820,.T.);
#10820 = EDGE_LOOP('',(#10821,#10844,#10845,#10868));
#10821 = ORIENTED_EDGE('',*,*,#10822,.F.);
#10822 = EDGE_CURVE('',#10703,#10823,#10825,.T.);
#10823 = VERTEX_POINT('',#10824);
#10824 = CARTESIAN_POINT('',(1.708E+03,100.,1.468E+03));
#10825 = SURFACE_CURVE('',#10826,(#10830,#10837),.PCURVE_S1.);
#10826 = LINE('',#10827,#10828);
#10827 = CARTESIAN_POINT('',(1.738E+03,100.,1.468E+03));
#10828 = VECTOR('',#10829,1.);
#10829 = DIRECTION('',(-1.,-0.,-0.));
#10830 = PCURVE('',#10725,#10831);
#10831 = DEFINITIONAL_REPRESENTATION('',(#10832),#10836);
#10832 = LINE('',#10833,#10834);
#10833 = CARTESIAN_POINT('',(-0.,-0.));
#10834 = VECTOR('',#10835,1.);
#10835 = DIRECTION('',(-0.,1.));
#10836 = ( GEOMETRIC_REPRESENTATION_CONTEXT(2) 
PARAMETRIC_REPRESENTATION_CONTEXT() REPRESENTATION_CONTEXT('2D SPACE',''
  ) );
#10837 = PCURVE('',#10753,#10838);
#10838 = DEFINITIONAL_REPRESENTATION('',(#10839),#10843);
#10839 = LINE('',#10840,#10841);
#10840 = CARTESIAN_POINT('',(0.,-0.));
#10841 = VECTOR('',#10842,1.);
#10842 = DIRECTION('',(-1.,0.));
#10843 = ( GEOMETRIC_REPRESENTATION_CONTEXT(2) 
PARAMETRIC_REPRESENTATION_CONTEXT() REPRESENTATION_CONTEXT('2D SPACE',''
  ) );
#10844 = ORIENTED_EDGE('',*,*,#10702,.T.);
#10845 = ORIENTED_EDGE('',*,*,#10846,.T.);
#10846 = EDGE_CURVE('',#10705,#10847,#10849,.T.);
#10847 = VERTEX_POINT('',#10848);
#10848 = CARTESIAN_POINT('',(1.708E+03,100.,1.498E+03));
#10849 = SURFACE_CURVE('',#10850,(#10854,#10861),.PCURVE_S1.);
#10850 = LINE('',#10851,#10852);
#10851 = CARTESIAN_POINT('',(1.738E+03,100.,1.498E+03));
#10852 = VECTOR('',#10853,1.);
#10853 = DIRECTION('',(-1.,-0.,-0.));
#10854 = PCURVE('',#10725,#10855);
#10855 = DEFINITIONAL_REPRESENTATION('',(#10856),#10860);
#10856 = LINE('',#10857,#10858);
#10857 = CARTESIAN_POINT('',(-30.,-0.));
#10858 = VECTOR('',#10859,1.);
#10859 = DIRECTION('',(-0.,1.));
#10860 = ( GEOMETRIC_REPRESENTATION_CONTEXT(2) 
PARAMETRIC_REPRESENTATION_CONTEXT() REPRESENTATION_CONTEXT('2D SPACE',''
  ) );
#10861 = PCURVE('',#10807,#10862);
#10862 = DEFINITIONAL_REPRESENTATION('',(#10863),#10867);
#10863 = LINE('',#10864,#10865);
#10864 = CARTESIAN_POINT('',(0.,-0.));
#10865 = VECTOR('',#10866,1.);
#10866 = DIRECTION('',(-1.,0.));
#10867 = ( GEOMETRIC_REPRESENTATION_CONTEXT(2) 
PARAMETRIC_REPRESENTATION_CONTEXT() REPRESENTATION_CONTEXT('2D SPACE',''
  ) );
#10868 = ORIENTED_EDGE('',*,*,#10869,.F.);
#10869 = EDGE_CURVE('',#10823,#10847,#10870,.T.);
#10870 = SURFACE_CURVE('',#10871,(#10875,#10882),.PCURVE_S1.);
#10871 = LINE('',#10872,#10873);
#10872 = CARTESIAN_POINT('',(1.708E+03,100.,1.468E+03));
#10873 = VECTOR('',#10874,1.);
#10874 = DIRECTION('',(-0.,-0.,1.));
#10875 = PCURVE('',#10725,#10876);
#10876 = DEFINITIONAL_REPRESENTATION('',(#10877),#10881);
#10877 = LINE('',#10878,#10879);
#10878 = CARTESIAN_POINT('',(-0.,30.));
#10879 = VECTOR('',#10880,1.);
#10880 = DIRECTION('',(-1.,0.));
#10881 = ( GEOMETRIC_REPRESENTATION_CONTEXT(2) 
PARAMETRIC_REPRESENTATION_CONTEXT() REPRESENTATION_CONTEXT('2D SPACE',''
  ) );
#10882 = PCURVE('',#10883,#10888);
#10883 = PLANE('',#10884);
#10884 = AXIS2_PLACEMENT_3D('',#10885,#10886,#10887);
#10885 = CARTESIAN_POINT('',(1.708E+03,100.,1.468E+03));
#10886 = DIRECTION('',(-1.,-0.,-0.));
#10887 = DIRECTION('',(0.,0.,-1.));
#10888 = DEFINITIONAL_REPRESENTATION('',(#10889),#10893);
#10889 = LINE('',#10890,#10891);
#10890 = CARTESIAN_POINT('',(-0.,-0.));
#10891 = VECTOR('',#10892,1.);
#10892 = DIRECTION('',(-1.,-0.));
#10893 = ( GEOMETRIC_REPRESENTATION_CONTEXT(2) 
PARAMETRIC_REPRESENTATION_CONTEXT() REPRESENTATION_CONTEXT('2D SPACE',''
  ) );
#10894 = FACE_BOUND('',#10895,.T.);
#10895 = EDGE_LOOP('',(#10896,#10926,#10954,#10982));
#10896 = ORIENTED_EDGE('',*,*,#10897,.F.);
#10897 = EDGE_CURVE('',#10898,#10900,#10902,.T.);
#10898 = VERTEX_POINT('',#10899);
#10899 = CARTESIAN_POINT('',(1.736E+03,100.,1.496E+03));
#10900 = VERTEX_POINT('',#10901);
#10901 = CARTESIAN_POINT('',(1.71E+03,100.,1.496E+03));
#10902 = SURFACE_CURVE('',#10903,(#10907,#10914),.PCURVE_S1.);
#10903 = LINE('',#10904,#10905);
#10904 = CARTESIAN_POINT('',(1.737E+03,100.,1.496E+03));
#10905 = VECTOR('',#10906,1.);
#10906 = DIRECTION('',(-1.,-0.,-0.));
#10907 = PCURVE('',#10725,#10908);
#10908 = DEFINITIONAL_REPRESENTATION('',(#10909),#10913);
#10909 = LINE('',#10910,#10911);
#10910 = CARTESIAN_POINT('',(-28.,1.));
#10911 = VECTOR('',#10912,1.);
#10912 = DIRECTION('',(-0.,1.));
#10913 = ( GEOMETRIC_REPRESENTATION_CONTEXT(2) 
PARAMETRIC_REPRESENTATION_CONTEXT() REPRESENTATION_CONTEXT('2D SPACE',''
  ) );
#10914 = PCURVE('',#10915,#10920);
#10915 = PLANE('',#10916);
#10916 = AXIS2_PLACEMENT_3D('',#10917,#10918,#10919);
#10917 = CARTESIAN_POINT('',(1.736E+03,99.,1.496E+03));
#10918 = DIRECTION('',(-0.,-0.,1.));
#10919 = DIRECTION('',(1.,0.,0.));
#10920 = DEFINITIONAL_REPRESENTATION('',(#10921),#10925);
#10921 = LINE('',#10922,#10923);
#10922 = CARTESIAN_POINT('',(1.,1.));
#10923 = VECTOR('',#10924,1.);
#10924 = DIRECTION('',(-1.,0.));
#10925 = ( GEOMETRIC_REPRESENTATION_CONTEXT(2) 
PARAMETRIC_REPRESENTATION_CONTEXT() REPRESENTATION_CONTEXT('2D SPACE',''
  ) );
#10926 = ORIENTED_EDGE('',*,*,#10927,.T.);
#10927 = EDGE_CURVE('',#10898,#10928,#10930,.T.);
#10928 = VERTEX_POINT('',#10929);
#10929 = CARTESIAN_POINT('',(1.736E+03,100.,1.47E+03));
#10930 = SURFACE_CURVE('',#10931,(#10935,#10942),.PCURVE_S1.);
#10931 = LINE('',#10932,#10933);
#10932 = CARTESIAN_POINT('',(1.736E+03,100.,1.469E+03));
#10933 = VECTOR('',#10934,1.);
#10934 = DIRECTION('',(-0.,0.,-1.));
#10935 = PCURVE('',#10725,#10936);
#10936 = DEFINITIONAL_REPRESENTATION('',(#10937),#10941);
#10937 = LINE('',#10938,#10939);
#10938 = CARTESIAN_POINT('',(-1.,2.));
#10939 = VECTOR('',#10940,1.);
#10940 = DIRECTION('',(1.,-0.));
#10941 = ( GEOMETRIC_REPRESENTATION_CONTEXT(2) 
PARAMETRIC_REPRESENTATION_CONTEXT() REPRESENTATION_CONTEXT('2D SPACE',''
  ) );
#10942 = PCURVE('',#10943,#10948);
#10943 = PLANE('',#10944);
#10944 = AXIS2_PLACEMENT_3D('',#10945,#10946,#10947);
#10945 = CARTESIAN_POINT('',(1.736E+03,99.,1.47E+03));
#10946 = DIRECTION('',(-1.,-0.,-0.));
#10947 = DIRECTION('',(0.,0.,-1.));
#10948 = DEFINITIONAL_REPRESENTATION('',(#10949),#10953);
#10949 = LINE('',#10950,#10951);
#10950 = CARTESIAN_POINT('',(1.,-1.));
#10951 = VECTOR('',#10952,1.);
#10952 = DIRECTION('',(1.,-0.));
#10953 = ( GEOMETRIC_REPRESENTATION_CONTEXT(2) 
PARAMETRIC_REPRESENTATION_CONTEXT() REPRESENTATION_CONTEXT('2D SPACE',''
  ) );
#10954 = ORIENTED_EDGE('',*,*,#10955,.T.);
#10955 = EDGE_CURVE('',#10928,#10956,#10958,.T.);
#10956 = VERTEX_POINT('',#10957);
#10957 = CARTESIAN_POINT('',(1.71E+03,100.,1.47E+03));
#10958 = SURFACE_CURVE('',#10959,(#10963,#10970),.PCURVE_S1.);
#10959 = LINE('',#10960,#10961);
#10960 = CARTESIAN_POINT('',(1.737E+03,100.,1.47E+03));
#10961 = VECTOR('',#10962,1.);
#10962 = DIRECTION('',(-1.,-0.,-0.));
#10963 = PCURVE('',#10725,#10964);
#10964 = DEFINITIONAL_REPRESENTATION('',(#10965),#10969);
#10965 = LINE('',#10966,#10967);
#10966 = CARTESIAN_POINT('',(-2.,1.));
#10967 = VECTOR('',#10968,1.);
#10968 = DIRECTION('',(-0.,1.));
#10969 = ( GEOMETRIC_REPRESENTATION_CONTEXT(2) 
PARAMETRIC_REPRESENTATION_CONTEXT() REPRESENTATION_CONTEXT('2D SPACE',''
  ) );
#10970 = PCURVE('',#10971,#10976);
#10971 = PLANE('',#10972);
#10972 = AXIS2_PLACEMENT_3D('',#10973,#10974,#10975);
#10973 = CARTESIAN_POINT('',(1.736E+03,99.,1.47E+03));
#10974 = DIRECTION('',(-0.,-0.,1.));
#10975 = DIRECTION('',(1.,0.,0.));
#10976 = DEFINITIONAL_REPRESENTATION('',(#10977),#10981);
#10977 = LINE('',#10978,#10979);
#10978 = CARTESIAN_POINT('',(1.,1.));
#10979 = VECTOR('',#10980,1.);
#10980 = DIRECTION('',(-1.,0.));
#10981 = ( GEOMETRIC_REPRESENTATION_CONTEXT(2) 
PARAMETRIC_REPRESENTATION_CONTEXT() REPRESENTATION_CONTEXT('2D SPACE',''
  ) );
#10982 = ORIENTED_EDGE('',*,*,#10983,.F.);
#10983 = EDGE_CURVE('',#10900,#10956,#10984,.T.);
#10984 = SURFACE_CURVE('',#10985,(#10989,#10996),.PCURVE_S1.);
#10985 = LINE('',#10986,#10987);
#10986 = CARTESIAN_POINT('',(1.71E+03,100.,1.469E+03));
#10987 = VECTOR('',#10988,1.);
#10988 = DIRECTION('',(-0.,0.,-1.));
#10989 = PCURVE('',#10725,#10990);
#10990 = DEFINITIONAL_REPRESENTATION('',(#10991),#10995);
#10991 = LINE('',#10992,#10993);
#10992 = CARTESIAN_POINT('',(-1.,28.));
#10993 = VECTOR('',#10994,1.);
#10994 = DIRECTION('',(1.,-0.));
#10995 = ( GEOMETRIC_REPRESENTATION_CONTEXT(2) 
PARAMETRIC_REPRESENTATION_CONTEXT() REPRESENTATION_CONTEXT('2D SPACE',''
  ) );
#10996 = PCURVE('',#10997,#11002);
#10997 = PLANE('',#10998);
#10998 = AXIS2_PLACEMENT_3D('',#10999,#11000,#11001);
#10999 = CARTESIAN_POINT('',(1.71E+03,99.,1.47E+03));
#11000 = DIRECTION('',(-1.,-0.,-0.));
#11001 = DIRECTION('',(0.,0.,-1.));
#11002 = DEFINITIONAL_REPRESENTATION('',(#11003),#11007);
#11003 = LINE('',#11004,#11005);
#11004 = CARTESIAN_POINT('',(1.,-1.));
#11005 = VECTOR('',#11006,1.);
#11006 = DIRECTION('',(1.,-0.));
#11007 = ( GEOMETRIC_REPRESENTATION_CONTEXT(2) 
PARAMETRIC_REPRESENTATION_CONTEXT() REPRESENTATION_CONTEXT('2D SPACE',''
  ) );
#11008 = ADVANCED_FACE('',(#11009),#10807,.T.);
#11009 = FACE_BOUND('',#11010,.F.);
#11010 = EDGE_LOOP('',(#11011,#11012,#11013,#11036));
#11011 = ORIENTED_EDGE('',*,*,#10793,.F.);
#11012 = ORIENTED_EDGE('',*,*,#10846,.T.);
#11013 = ORIENTED_EDGE('',*,*,#11014,.T.);
#11014 = EDGE_CURVE('',#10847,#11015,#11017,.T.);
#11015 = VERTEX_POINT('',#11016);
#11016 = CARTESIAN_POINT('',(1.708E+03,1.E+03,1.498E+03));
#11017 = SURFACE_CURVE('',#11018,(#11022,#11029),.PCURVE_S1.);
#11018 = LINE('',#11019,#11020);
#11019 = CARTESIAN_POINT('',(1.708E+03,100.,1.498E+03));
#11020 = VECTOR('',#11021,1.);
#11021 = DIRECTION('',(-0.,1.,-0.));
#11022 = PCURVE('',#10807,#11023);
#11023 = DEFINITIONAL_REPRESENTATION('',(#11024),#11028);
#11024 = LINE('',#11025,#11026);
#11025 = CARTESIAN_POINT('',(-30.,0.));
#11026 = VECTOR('',#11027,1.);
#11027 = DIRECTION('',(-0.,1.));
#11028 = ( GEOMETRIC_REPRESENTATION_CONTEXT(2) 
PARAMETRIC_REPRESENTATION_CONTEXT() REPRESENTATION_CONTEXT('2D SPACE',''
  ) );
#11029 = PCURVE('',#10883,#11030);
#11030 = DEFINITIONAL_REPRESENTATION('',(#11031),#11035);
#11031 = LINE('',#11032,#11033);
#11032 = CARTESIAN_POINT('',(-30.,-0.));
#11033 = VECTOR('',#11034,1.);
#11034 = DIRECTION('',(-0.,-1.));
#11035 = ( GEOMETRIC_REPRESENTATION_CONTEXT(2) 
PARAMETRIC_REPRESENTATION_CONTEXT() REPRESENTATION_CONTEXT('2D SPACE',''
  ) );
#11036 = ORIENTED_EDGE('',*,*,#11037,.F.);
#11037 = EDGE_CURVE('',#10766,#11015,#11038,.T.);
#11038 = SURFACE_CURVE('',#11039,(#11043,#11050),.PCURVE_S1.);
#11039 = LINE('',#11040,#11041);
#11040 = CARTESIAN_POINT('',(1.738E+03,1.E+03,1.498E+03));
#11041 = VECTOR('',#11042,1.);
#11042 = DIRECTION('',(-1.,-0.,-0.));
#11043 = PCURVE('',#10807,#11044);
#11044 = DEFINITIONAL_REPRESENTATION('',(#11045),#11049);
#11045 = LINE('',#11046,#11047);
#11046 = CARTESIAN_POINT('',(0.,900.));
#11047 = VECTOR('',#11048,1.);
#11048 = DIRECTION('',(-1.,0.));
#11049 = ( GEOMETRIC_REPRESENTATION_CONTEXT(2) 
PARAMETRIC_REPRESENTATION_CONTEXT() REPRESENTATION_CONTEXT('2D SPACE',''
  ) );
#11050 = PCURVE('',#10781,#11051);
#11051 = DEFINITIONAL_REPRESENTATION('',(#11052),#11056);
#11052 = LINE('',#11053,#11054);
#11053 = CARTESIAN_POINT('',(-30.,-0.));
#11054 = VECTOR('',#11055,1.);
#11055 = DIRECTION('',(-0.,1.));
#11056 = ( GEOMETRIC_REPRESENTATION_CONTEXT(2) 
PARAMETRIC_REPRESENTATION_CONTEXT() REPRESENTATION_CONTEXT('2D SPACE',''
  ) );
#11057 = ADVANCED_FACE('',(#11058,#11106),#10781,.T.);
#11058 = FACE_BOUND('',#11059,.F.);
#11059 = EDGE_LOOP('',(#11060,#11083,#11084,#11085));
#11060 = ORIENTED_EDGE('',*,*,#11061,.F.);
#11061 = EDGE_CURVE('',#10738,#11062,#11064,.T.);
#11062 = VERTEX_POINT('',#11063);
#11063 = CARTESIAN_POINT('',(1.708E+03,1.E+03,1.468E+03));
#11064 = SURFACE_CURVE('',#11065,(#11069,#11076),.PCURVE_S1.);
#11065 = LINE('',#11066,#11067);
#11066 = CARTESIAN_POINT('',(1.738E+03,1.E+03,1.468E+03));
#11067 = VECTOR('',#11068,1.);
#11068 = DIRECTION('',(-1.,-0.,-0.));
#11069 = PCURVE('',#10781,#11070);
#11070 = DEFINITIONAL_REPRESENTATION('',(#11071),#11075);
#11071 = LINE('',#11072,#11073);
#11072 = CARTESIAN_POINT('',(-0.,-0.));
#11073 = VECTOR('',#11074,1.);
#11074 = DIRECTION('',(-0.,1.));
#11075 = ( GEOMETRIC_REPRESENTATION_CONTEXT(2) 
PARAMETRIC_REPRESENTATION_CONTEXT() REPRESENTATION_CONTEXT('2D SPACE',''
  ) );
#11076 = PCURVE('',#10753,#11077);
#11077 = DEFINITIONAL_REPRESENTATION('',(#11078),#11082);
#11078 = LINE('',#11079,#11080);
#11079 = CARTESIAN_POINT('',(0.,900.));
#11080 = VECTOR('',#11081,1.);
#11081 = DIRECTION('',(-1.,0.));
#11082 = ( GEOMETRIC_REPRESENTATION_CONTEXT(2) 
PARAMETRIC_REPRESENTATION_CONTEXT() REPRESENTATION_CONTEXT('2D SPACE',''
  ) );
#11083 = ORIENTED_EDGE('',*,*,#10765,.T.);
#11084 = ORIENTED_EDGE('',*,*,#11037,.T.);
#11085 = ORIENTED_EDGE('',*,*,#11086,.F.);
#11086 = EDGE_CURVE('',#11062,#11015,#11087,.T.);
#11087 = SURFACE_CURVE('',#11088,(#11092,#11099),.PCURVE_S1.);
#11088 = LINE('',#11089,#11090);
#11089 = CARTESIAN_POINT('',(1.708E+03,1.E+03,1.468E+03));
#11090 = VECTOR('',#11091,1.);
#11091 = DIRECTION('',(-0.,-0.,1.));
#11092 = PCURVE('',#10781,#11093);
#11093 = DEFINITIONAL_REPRESENTATION('',(#11094),#11098);
#11094 = LINE('',#11095,#11096);
#11095 = CARTESIAN_POINT('',(-0.,30.));
#11096 = VECTOR('',#11097,1.);
#11097 = DIRECTION('',(-1.,0.));
#11098 = ( GEOMETRIC_REPRESENTATION_CONTEXT(2) 
PARAMETRIC_REPRESENTATION_CONTEXT() REPRESENTATION_CONTEXT('2D SPACE',''
  ) );
#11099 = PCURVE('',#10883,#11100);
#11100 = DEFINITIONAL_REPRESENTATION('',(#11101),#11105);
#11101 = LINE('',#11102,#11103);
#11102 = CARTESIAN_POINT('',(-0.,-900.));
#11103 = VECTOR('',#11104,1.);
#11104 = DIRECTION('',(-1.,-0.));
#11105 = ( GEOMETRIC_REPRESENTATION_CONTEXT(2) 
PARAMETRIC_REPRESENTATION_CONTEXT() REPRESENTATION_CONTEXT('2D SPACE',''
  ) );
#11106 = FACE_BOUND('',#11107,.F.);
#11107 = EDGE_LOOP('',(#11108,#11133,#11156,#11179));
#11108 = ORIENTED_EDGE('',*,*,#11109,.F.);
#11109 = EDGE_CURVE('',#11110,#11112,#11114,.T.);
#11110 = VERTEX_POINT('',#11111);
#11111 = CARTESIAN_POINT('',(1.736E+03,1.E+03,1.496E+03));
#11112 = VERTEX_POINT('',#11113);
#11113 = CARTESIAN_POINT('',(1.71E+03,1.E+03,1.496E+03));
#11114 = SURFACE_CURVE('',#11115,(#11119,#11126),.PCURVE_S1.);
#11115 = LINE('',#11116,#11117);
#11116 = CARTESIAN_POINT('',(1.737E+03,1.E+03,1.496E+03));
#11117 = VECTOR('',#11118,1.);
#11118 = DIRECTION('',(-1.,-0.,-0.));
#11119 = PCURVE('',#10781,#11120);
#11120 = DEFINITIONAL_REPRESENTATION('',(#11121),#11125);
#11121 = LINE('',#11122,#11123);
#11122 = CARTESIAN_POINT('',(-28.,1.));
#11123 = VECTOR('',#11124,1.);
#11124 = DIRECTION('',(-0.,1.));
#11125 = ( GEOMETRIC_REPRESENTATION_CONTEXT(2) 
PARAMETRIC_REPRESENTATION_CONTEXT() REPRESENTATION_CONTEXT('2D SPACE',''
  ) );
#11126 = PCURVE('',#10915,#11127);
#11127 = DEFINITIONAL_REPRESENTATION('',(#11128),#11132);
#11128 = LINE('',#11129,#11130);
#11129 = CARTESIAN_POINT('',(1.,901.));
#11130 = VECTOR('',#11131,1.);
#11131 = DIRECTION('',(-1.,0.));
#11132 = ( GEOMETRIC_REPRESENTATION_CONTEXT(2) 
PARAMETRIC_REPRESENTATION_CONTEXT() REPRESENTATION_CONTEXT('2D SPACE',''
  ) );
#11133 = ORIENTED_EDGE('',*,*,#11134,.T.);
#11134 = EDGE_CURVE('',#11110,#11135,#11137,.T.);
#11135 = VERTEX_POINT('',#11136);
#11136 = CARTESIAN_POINT('',(1.736E+03,1.E+03,1.47E+03));
#11137 = SURFACE_CURVE('',#11138,(#11142,#11149),.PCURVE_S1.);
#11138 = LINE('',#11139,#11140);
#11139 = CARTESIAN_POINT('',(1.736E+03,1.E+03,1.469E+03));
#11140 = VECTOR('',#11141,1.);
#11141 = DIRECTION('',(-0.,0.,-1.));
#11142 = PCURVE('',#10781,#11143);
#11143 = DEFINITIONAL_REPRESENTATION('',(#11144),#11148);
#11144 = LINE('',#11145,#11146);
#11145 = CARTESIAN_POINT('',(-1.,2.));
#11146 = VECTOR('',#11147,1.);
#11147 = DIRECTION('',(1.,-0.));
#11148 = ( GEOMETRIC_REPRESENTATION_CONTEXT(2) 
PARAMETRIC_REPRESENTATION_CONTEXT() REPRESENTATION_CONTEXT('2D SPACE',''
  ) );
#11149 = PCURVE('',#10943,#11150);
#11150 = DEFINITIONAL_REPRESENTATION('',(#11151),#11155);
#11151 = LINE('',#11152,#11153);
#11152 = CARTESIAN_POINT('',(1.,-901.));
#11153 = VECTOR('',#11154,1.);
#11154 = DIRECTION('',(1.,-0.));
#11155 = ( GEOMETRIC_REPRESENTATION_CONTEXT(2) 
PARAMETRIC_REPRESENTATION_CONTEXT() REPRESENTATION_CONTEXT('2D SPACE',''
  ) );
#11156 = ORIENTED_EDGE('',*,*,#11157,.T.);
#11157 = EDGE_CURVE('',#11135,#11158,#11160,.T.);
#11158 = VERTEX_POINT('',#11159);
#11159 = CARTESIAN_POINT('',(1.71E+03,1.E+03,1.47E+03));
#11160 = SURFACE_CURVE('',#11161,(#11165,#11172),.PCURVE_S1.);
#11161 = LINE('',#11162,#11163);
#11162 = CARTESIAN_POINT('',(1.737E+03,1.E+03,1.47E+03));
#11163 = VECTOR('',#11164,1.);
#11164 = DIRECTION('',(-1.,-0.,-0.));
#11165 = PCURVE('',#10781,#11166);
#11166 = DEFINITIONAL_REPRESENTATION('',(#11167),#11171);
#11167 = LINE('',#11168,#11169);
#11168 = CARTESIAN_POINT('',(-2.,1.));
#11169 = VECTOR('',#11170,1.);
#11170 = DIRECTION('',(-0.,1.));
#11171 = ( GEOMETRIC_REPRESENTATION_CONTEXT(2) 
PARAMETRIC_REPRESENTATION_CONTEXT() REPRESENTATION_CONTEXT('2D SPACE',''
  ) );
#11172 = PCURVE('',#10971,#11173);
#11173 = DEFINITIONAL_REPRESENTATION('',(#11174),#11178);
#11174 = LINE('',#11175,#11176);
#11175 = CARTESIAN_POINT('',(1.,901.));
#11176 = VECTOR('',#11177,1.);
#11177 = DIRECTION('',(-1.,0.));
#11178 = ( GEOMETRIC_REPRESENTATION_CONTEXT(2) 
PARAMETRIC_REPRESENTATION_CONTEXT() REPRESENTATION_CONTEXT('2D SPACE',''
  ) );
#11179 = ORIENTED_EDGE('',*,*,#11180,.F.);
#11180 = EDGE_CURVE('',#11112,#11158,#11181,.T.);
#11181 = SURFACE_CURVE('',#11182,(#11186,#11193),.PCURVE_S1.);
#11182 = LINE('',#11183,#11184);
#11183 = CARTESIAN_POINT('',(1.71E+03,1.E+03,1.469E+03));
#11184 = VECTOR('',#11185,1.);
#11185 = DIRECTION('',(-0.,0.,-1.));
#11186 = PCURVE('',#10781,#11187);
#11187 = DEFINITIONAL_REPRESENTATION('',(#11188),#11192);
#11188 = LINE('',#11189,#11190);
#11189 = CARTESIAN_POINT('',(-1.,28.));
#11190 = VECTOR('',#11191,1.);
#11191 = DIRECTION('',(1.,-0.));
#11192 = ( GEOMETRIC_REPRESENTATION_CONTEXT(2) 
PARAMETRIC_REPRESENTATION_CONTEXT() REPRESENTATION_CONTEXT('2D SPACE',''
  ) );
#11193 = PCURVE('',#10997,#11194);
#11194 = DEFINITIONAL_REPRESENTATION('',(#11195),#11199);
#11195 = LINE('',#11196,#11197);
#11196 = CARTESIAN_POINT('',(1.,-901.));
#11197 = VECTOR('',#11198,1.);
#11198 = DIRECTION('',(1.,-0.));
#11199 = ( GEOMETRIC_REPRESENTATION_CONTEXT(2) 
PARAMETRIC_REPRESENTATION_CONTEXT() REPRESENTATION_CONTEXT('2D SPACE',''
  ) );
#11200 = ADVANCED_FACE('',(#11201),#10753,.F.);
#11201 = FACE_BOUND('',#11202,.T.);
#11202 = EDGE_LOOP('',(#11203,#11204,#11205,#11226));
#11203 = ORIENTED_EDGE('',*,*,#10737,.F.);
#11204 = ORIENTED_EDGE('',*,*,#10822,.T.);
#11205 = ORIENTED_EDGE('',*,*,#11206,.T.);
#11206 = EDGE_CURVE('',#10823,#11062,#11207,.T.);
#11207 = SURFACE_CURVE('',#11208,(#11212,#11219),.PCURVE_S1.);
#11208 = LINE('',#11209,#11210);
#11209 = CARTESIAN_POINT('',(1.708E+03,100.,1.468E+03));
#11210 = VECTOR('',#11211,1.);
#11211 = DIRECTION('',(-0.,1.,-0.));
#11212 = PCURVE('',#10753,#11213);
#11213 = DEFINITIONAL_REPRESENTATION('',(#11214),#11218);
#11214 = LINE('',#11215,#11216);
#11215 = CARTESIAN_POINT('',(-30.,0.));
#11216 = VECTOR('',#11217,1.);
#11217 = DIRECTION('',(-0.,1.));
#11218 = ( GEOMETRIC_REPRESENTATION_CONTEXT(2) 
PARAMETRIC_REPRESENTATION_CONTEXT() REPRESENTATION_CONTEXT('2D SPACE',''
  ) );
#11219 = PCURVE('',#10883,#11220);
#11220 = DEFINITIONAL_REPRESENTATION('',(#11221),#11225);
#11221 = LINE('',#11222,#11223);
#11222 = CARTESIAN_POINT('',(-0.,-0.));
#11223 = VECTOR('',#11224,1.);
#11224 = DIRECTION('',(-0.,-1.));
#11225 = ( GEOMETRIC_REPRESENTATION_CONTEXT(2) 
PARAMETRIC_REPRESENTATION_CONTEXT() REPRESENTATION_CONTEXT('2D SPACE',''
  ) );
#11226 = ORIENTED_EDGE('',*,*,#11061,.F.);
#11227 = ADVANCED_FACE('',(#11228),#10883,.T.);
#11228 = FACE_BOUND('',#11229,.F.);
#11229 = EDGE_LOOP('',(#11230,#11231,#11232,#11233));
#11230 = ORIENTED_EDGE('',*,*,#10869,.F.);
#11231 = ORIENTED_EDGE('',*,*,#11206,.T.);
#11232 = ORIENTED_EDGE('',*,*,#11086,.T.);
#11233 = ORIENTED_EDGE('',*,*,#11014,.F.);
#11234 = ADVANCED_FACE('',(#11235),#10915,.F.);
#11235 = FACE_BOUND('',#11236,.T.);
#11236 = EDGE_LOOP('',(#11237,#11258,#11259,#11280));
#11237 = ORIENTED_EDGE('',*,*,#11238,.F.);
#11238 = EDGE_CURVE('',#10898,#11110,#11239,.T.);
#11239 = SURFACE_CURVE('',#11240,(#11244,#11251),.PCURVE_S1.);
#11240 = LINE('',#11241,#11242);
#11241 = CARTESIAN_POINT('',(1.736E+03,99.,1.496E+03));
#11242 = VECTOR('',#11243,1.);
#11243 = DIRECTION('',(-0.,1.,-0.));
#11244 = PCURVE('',#10915,#11245);
#11245 = DEFINITIONAL_REPRESENTATION('',(#11246),#11250);
#11246 = LINE('',#11247,#11248);
#11247 = CARTESIAN_POINT('',(0.,-0.));
#11248 = VECTOR('',#11249,1.);
#11249 = DIRECTION('',(-0.,1.));
#11250 = ( GEOMETRIC_REPRESENTATION_CONTEXT(2) 
PARAMETRIC_REPRESENTATION_CONTEXT() REPRESENTATION_CONTEXT('2D SPACE',''
  ) );
#11251 = PCURVE('',#10943,#11252);
#11252 = DEFINITIONAL_REPRESENTATION('',(#11253),#11257);
#11253 = LINE('',#11254,#11255);
#11254 = CARTESIAN_POINT('',(-26.,-0.));
#11255 = VECTOR('',#11256,1.);
#11256 = DIRECTION('',(-0.,-1.));
#11257 = ( GEOMETRIC_REPRESENTATION_CONTEXT(2) 
PARAMETRIC_REPRESENTATION_CONTEXT() REPRESENTATION_CONTEXT('2D SPACE',''
  ) );
#11258 = ORIENTED_EDGE('',*,*,#10897,.T.);
#11259 = ORIENTED_EDGE('',*,*,#11260,.T.);
#11260 = EDGE_CURVE('',#10900,#11112,#11261,.T.);
#11261 = SURFACE_CURVE('',#11262,(#11266,#11273),.PCURVE_S1.);
#11262 = LINE('',#11263,#11264);
#11263 = CARTESIAN_POINT('',(1.71E+03,99.,1.496E+03));
#11264 = VECTOR('',#11265,1.);
#11265 = DIRECTION('',(-0.,1.,-0.));
#11266 = PCURVE('',#10915,#11267);
#11267 = DEFINITIONAL_REPRESENTATION('',(#11268),#11272);
#11268 = LINE('',#11269,#11270);
#11269 = CARTESIAN_POINT('',(-26.,0.));
#11270 = VECTOR('',#11271,1.);
#11271 = DIRECTION('',(-0.,1.));
#11272 = ( GEOMETRIC_REPRESENTATION_CONTEXT(2) 
PARAMETRIC_REPRESENTATION_CONTEXT() REPRESENTATION_CONTEXT('2D SPACE',''
  ) );
#11273 = PCURVE('',#10997,#11274);
#11274 = DEFINITIONAL_REPRESENTATION('',(#11275),#11279);
#11275 = LINE('',#11276,#11277);
#11276 = CARTESIAN_POINT('',(-26.,-0.));
#11277 = VECTOR('',#11278,1.);
#11278 = DIRECTION('',(-0.,-1.));
#11279 = ( GEOMETRIC_REPRESENTATION_CONTEXT(2) 
PARAMETRIC_REPRESENTATION_CONTEXT() REPRESENTATION_CONTEXT('2D SPACE',''
  ) );
#11280 = ORIENTED_EDGE('',*,*,#11109,.F.);
#11281 = ADVANCED_FACE('',(#11282),#10997,.F.);
#11282 = FACE_BOUND('',#11283,.T.);
#11283 = EDGE_LOOP('',(#11284,#11285,#11286,#11307));
#11284 = ORIENTED_EDGE('',*,*,#11260,.F.);
#11285 = ORIENTED_EDGE('',*,*,#10983,.T.);
#11286 = ORIENTED_EDGE('',*,*,#11287,.T.);
#11287 = EDGE_CURVE('',#10956,#11158,#11288,.T.);
#11288 = SURFACE_CURVE('',#11289,(#11293,#11300),.PCURVE_S1.);
#11289 = LINE('',#11290,#11291);
#11290 = CARTESIAN_POINT('',(1.71E+03,99.,1.47E+03));
#11291 = VECTOR('',#11292,1.);
#11292 = DIRECTION('',(-0.,1.,-0.));
#11293 = PCURVE('',#10997,#11294);
#11294 = DEFINITIONAL_REPRESENTATION('',(#11295),#11299);
#11295 = LINE('',#11296,#11297);
#11296 = CARTESIAN_POINT('',(-0.,-0.));
#11297 = VECTOR('',#11298,1.);
#11298 = DIRECTION('',(-0.,-1.));
#11299 = ( GEOMETRIC_REPRESENTATION_CONTEXT(2) 
PARAMETRIC_REPRESENTATION_CONTEXT() REPRESENTATION_CONTEXT('2D SPACE',''
  ) );
#11300 = PCURVE('',#10971,#11301);
#11301 = DEFINITIONAL_REPRESENTATION('',(#11302),#11306);
#11302 = LINE('',#11303,#11304);
#11303 = CARTESIAN_POINT('',(-26.,0.));
#11304 = VECTOR('',#11305,1.);
#11305 = DIRECTION('',(-0.,1.));
#11306 = ( GEOMETRIC_REPRESENTATION_CONTEXT(2) 
PARAMETRIC_REPRESENTATION_CONTEXT() REPRESENTATION_CONTEXT('2D SPACE',''
  ) );
#11307 = ORIENTED_EDGE('',*,*,#11180,.F.);
#11308 = ADVANCED_FACE('',(#11309),#10971,.T.);
#11309 = FACE_BOUND('',#11310,.F.);
#11310 = EDGE_LOOP('',(#11311,#11332,#11333,#11334));
#11311 = ORIENTED_EDGE('',*,*,#11312,.F.);
#11312 = EDGE_CURVE('',#10928,#11135,#11313,.T.);
#11313 = SURFACE_CURVE('',#11314,(#11318,#11325),.PCURVE_S1.);
#11314 = LINE('',#11315,#11316);
#11315 = CARTESIAN_POINT('',(1.736E+03,99.,1.47E+03));
#11316 = VECTOR('',#11317,1.);
#11317 = DIRECTION('',(-0.,1.,-0.));
#11318 = PCURVE('',#10971,#11319);
#11319 = DEFINITIONAL_REPRESENTATION('',(#11320),#11324);
#11320 = LINE('',#11321,#11322);
#11321 = CARTESIAN_POINT('',(0.,-0.));
#11322 = VECTOR('',#11323,1.);
#11323 = DIRECTION('',(-0.,1.));
#11324 = ( GEOMETRIC_REPRESENTATION_CONTEXT(2) 
PARAMETRIC_REPRESENTATION_CONTEXT() REPRESENTATION_CONTEXT('2D SPACE',''
  ) );
#11325 = PCURVE('',#10943,#11326);
#11326 = DEFINITIONAL_REPRESENTATION('',(#11327),#11331);
#11327 = LINE('',#11328,#11329);
#11328 = CARTESIAN_POINT('',(-0.,-0.));
#11329 = VECTOR('',#11330,1.);
#11330 = DIRECTION('',(-0.,-1.));
#11331 = ( GEOMETRIC_REPRESENTATION_CONTEXT(2) 
PARAMETRIC_REPRESENTATION_CONTEXT() REPRESENTATION_CONTEXT('2D SPACE',''
  ) );
#11332 = ORIENTED_EDGE('',*,*,#10955,.T.);
#11333 = ORIENTED_EDGE('',*,*,#11287,.T.);
#11334 = ORIENTED_EDGE('',*,*,#11157,.F.);
#11335 = ADVANCED_FACE('',(#11336),#10943,.T.);
#11336 = FACE_BOUND('',#11337,.F.);
#11337 = EDGE_LOOP('',(#11338,#11339,#11340,#11341));
#11338 = ORIENTED_EDGE('',*,*,#11238,.F.);
#11339 = ORIENTED_EDGE('',*,*,#10927,.T.);
#11340 = ORIENTED_EDGE('',*,*,#11312,.T.);
#11341 = ORIENTED_EDGE('',*,*,#11134,.F.);
#11342 = ( GEOMETRIC_REPRESENTATION_CONTEXT(3) 
GLOBAL_UNCERTAINTY_ASSIGNED_CONTEXT((#11346)) 
GLOBAL_UNIT_ASSIGNED_CONTEXT((#11343,#11344,#11345)) 
REPRESENTATION_CONTEXT('Context #1',
  '3D Context with UNIT and UNCERTAINTY') );
#11343 = ( LENGTH_UNIT() NAMED_UNIT(*) SI_UNIT(.MILLI.,.METRE.) );
#11344 = ( NAMED_UNIT(*) PLANE_ANGLE_UNIT() SI_UNIT($,.RADIAN.) );
#11345 = ( NAMED_UNIT(*) SI_UNIT($,.STERADIAN.) SOLID_ANGLE_UNIT() );
#11346 = UNCERTAINTY_MEASURE_WITH_UNIT(LENGTH_MEASURE(1.E-07),#11343,
  'distance_accuracy_value','confusion accuracy');
#11347 = CONTEXT_DEPENDENT_SHAPE_REPRESENTATION(#11348,#11350);
#11348 = ( REPRESENTATION_RELATIONSHIP('','',#10695,#10) 
REPRESENTATION_RELATIONSHIP_WITH_TRANSFORMATION(#11349) 
SHAPE_REPRESENTATION_RELATIONSHIP() );
#11349 = ITEM_DEFINED_TRANSFORMATION('','',#11,#75);
#11350 = PRODUCT_DEFINITION_SHAPE('Placement','Placement of an item',
  #11351);
#11351 = NEXT_ASSEMBLY_USAGE_OCCURRENCE('332','','',#5,#10690,$);
#11352 = PRODUCT_RELATED_PRODUCT_CATEGORY('part',$,(#10692));
#11353 = SHAPE_DEFINITION_REPRESENTATION(#11354,#11360);
#11354 = PRODUCT_DEFINITION_SHAPE('','',#11355);
#11355 = PRODUCT_DEFINITION('design','',#11356,#11359);
#11356 = PRODUCT_DEFINITION_FORMATION('','',#11357);
#11357 = PRODUCT('Open CASCADE STEP translator 7.9 12.17',
  'Open CASCADE STEP translator 7.9 12.17','',(#11358));
#11358 = PRODUCT_CONTEXT('',#2,'mechanical');
#11359 = PRODUCT_DEFINITION_CONTEXT('part definition',#2,'design');
#11360 = ADVANCED_BREP_SHAPE_REPRESENTATION('',(#11,#11361),#12007);
#11361 = MANIFOLD_SOLID_BREP('',#11362);
#11362 = CLOSED_SHELL('',(#11363,#11597,#11673,#11722,#11771,#11798,
    #11869,#11918,#11967,#11994));
#11363 = ADVANCED_FACE('',(#11364,#11483),#11378,.F.);
#11364 = FACE_BOUND('',#11365,.T.);
#11365 = EDGE_LOOP('',(#11366,#11401,#11429,#11457));
#11366 = ORIENTED_EDGE('',*,*,#11367,.F.);
#11367 = EDGE_CURVE('',#11368,#11370,#11372,.T.);
#11368 = VERTEX_POINT('',#11369);
#11369 = CARTESIAN_POINT('',(2.128E+03,70.,1.468E+03));
#11370 = VERTEX_POINT('',#11371);
#11371 = CARTESIAN_POINT('',(2.128E+03,70.,1.498E+03));
#11372 = SURFACE_CURVE('',#11373,(#11377,#11389),.PCURVE_S1.);
#11373 = LINE('',#11374,#11375);
#11374 = CARTESIAN_POINT('',(2.128E+03,70.,1.468E+03));
#11375 = VECTOR('',#11376,1.);
#11376 = DIRECTION('',(-0.,-0.,1.));
#11377 = PCURVE('',#11378,#11383);
#11378 = PLANE('',#11379);
#11379 = AXIS2_PLACEMENT_3D('',#11380,#11381,#11382);
#11380 = CARTESIAN_POINT('',(2.128E+03,70.,1.468E+03));
#11381 = DIRECTION('',(-1.,-0.,-0.));
#11382 = DIRECTION('',(0.,0.,-1.));
#11383 = DEFINITIONAL_REPRESENTATION('',(#11384),#11388);
#11384 = LINE('',#11385,#11386);
#11385 = CARTESIAN_POINT('',(-0.,-0.));
#11386 = VECTOR('',#11387,1.);
#11387 = DIRECTION('',(-1.,-0.));
#11388 = ( GEOMETRIC_REPRESENTATION_CONTEXT(2) 
PARAMETRIC_REPRESENTATION_CONTEXT() REPRESENTATION_CONTEXT('2D SPACE',''
  ) );
#11389 = PCURVE('',#11390,#11395);
#11390 = PLANE('',#11391);
#11391 = AXIS2_PLACEMENT_3D('',#11392,#11393,#11394);
#11392 = CARTESIAN_POINT('',(2.128E+03,70.,1.468E+03));
#11393 = DIRECTION('',(-0.,1.,-0.));
#11394 = DIRECTION('',(0.,0.,-1.));
#11395 = DEFINITIONAL_REPRESENTATION('',(#11396),#11400);
#11396 = LINE('',#11397,#11398);
#11397 = CARTESIAN_POINT('',(-0.,-0.));
#11398 = VECTOR('',#11399,1.);
#11399 = DIRECTION('',(-1.,0.));
#11400 = ( GEOMETRIC_REPRESENTATION_CONTEXT(2) 
PARAMETRIC_REPRESENTATION_CONTEXT() REPRESENTATION_CONTEXT('2D SPACE',''
  ) );
#11401 = ORIENTED_EDGE('',*,*,#11402,.T.);
#11402 = EDGE_CURVE('',#11368,#11403,#11405,.T.);
#11403 = VERTEX_POINT('',#11404);
#11404 = CARTESIAN_POINT('',(2.128E+03,100.,1.468E+03));
#11405 = SURFACE_CURVE('',#11406,(#11410,#11417),.PCURVE_S1.);
#11406 = LINE('',#11407,#11408);
#11407 = CARTESIAN_POINT('',(2.128E+03,70.,1.468E+03));
#11408 = VECTOR('',#11409,1.);
#11409 = DIRECTION('',(-0.,1.,-0.));
#11410 = PCURVE('',#11378,#11411);
#11411 = DEFINITIONAL_REPRESENTATION('',(#11412),#11416);
#11412 = LINE('',#11413,#11414);
#11413 = CARTESIAN_POINT('',(-0.,-0.));
#11414 = VECTOR('',#11415,1.);
#11415 = DIRECTION('',(-0.,-1.));
#11416 = ( GEOMETRIC_REPRESENTATION_CONTEXT(2) 
PARAMETRIC_REPRESENTATION_CONTEXT() REPRESENTATION_CONTEXT('2D SPACE',''
  ) );
#11417 = PCURVE('',#11418,#11423);
#11418 = PLANE('',#11419);
#11419 = AXIS2_PLACEMENT_3D('',#11420,#11421,#11422);
#11420 = CARTESIAN_POINT('',(2.128E+03,70.,1.468E+03));
#11421 = DIRECTION('',(-0.,-0.,1.));
#11422 = DIRECTION('',(1.,0.,0.));
#11423 = DEFINITIONAL_REPRESENTATION('',(#11424),#11428);
#11424 = LINE('',#11425,#11426);
#11425 = CARTESIAN_POINT('',(0.,-0.));
#11426 = VECTOR('',#11427,1.);
#11427 = DIRECTION('',(-0.,1.));
#11428 = ( GEOMETRIC_REPRESENTATION_CONTEXT(2) 
PARAMETRIC_REPRESENTATION_CONTEXT() REPRESENTATION_CONTEXT('2D SPACE',''
  ) );
#11429 = ORIENTED_EDGE('',*,*,#11430,.T.);
#11430 = EDGE_CURVE('',#11403,#11431,#11433,.T.);
#11431 = VERTEX_POINT('',#11432);
#11432 = CARTESIAN_POINT('',(2.128E+03,100.,1.498E+03));
#11433 = SURFACE_CURVE('',#11434,(#11438,#11445),.PCURVE_S1.);
#11434 = LINE('',#11435,#11436);
#11435 = CARTESIAN_POINT('',(2.128E+03,100.,1.468E+03));
#11436 = VECTOR('',#11437,1.);
#11437 = DIRECTION('',(-0.,-0.,1.));
#11438 = PCURVE('',#11378,#11439);
#11439 = DEFINITIONAL_REPRESENTATION('',(#11440),#11444);
#11440 = LINE('',#11441,#11442);
#11441 = CARTESIAN_POINT('',(-0.,-30.));
#11442 = VECTOR('',#11443,1.);
#11443 = DIRECTION('',(-1.,-0.));
#11444 = ( GEOMETRIC_REPRESENTATION_CONTEXT(2) 
PARAMETRIC_REPRESENTATION_CONTEXT() REPRESENTATION_CONTEXT('2D SPACE',''
  ) );
#11445 = PCURVE('',#11446,#11451);
#11446 = PLANE('',#11447);
#11447 = AXIS2_PLACEMENT_3D('',#11448,#11449,#11450);
#11448 = CARTESIAN_POINT('',(2.128E+03,100.,1.468E+03));
#11449 = DIRECTION('',(-0.,1.,-0.));
#11450 = DIRECTION('',(0.,0.,-1.));
#11451 = DEFINITIONAL_REPRESENTATION('',(#11452),#11456);
#11452 = LINE('',#11453,#11454);
#11453 = CARTESIAN_POINT('',(-0.,-0.));
#11454 = VECTOR('',#11455,1.);
#11455 = DIRECTION('',(-1.,0.));
#11456 = ( GEOMETRIC_REPRESENTATION_CONTEXT(2) 
PARAMETRIC_REPRESENTATION_CONTEXT() REPRESENTATION_CONTEXT('2D SPACE',''
  ) );
#11457 = ORIENTED_EDGE('',*,*,#11458,.F.);
#11458 = EDGE_CURVE('',#11370,#11431,#11459,.T.);
#11459 = SURFACE_CURVE('',#11460,(#11464,#11471),.PCURVE_S1.);
#11460 = LINE('',#11461,#11462);
#11461 = CARTESIAN_POINT('',(2.128E+03,70.,1.498E+03));
#11462 = VECTOR('',#11463,1.);
#11463 = DIRECTION('',(-0.,1.,-0.));
#11464 = PCURVE('',#11378,#11465);
#11465 = DEFINITIONAL_REPRESENTATION('',(#11466),#11470);
#11466 = LINE('',#11467,#11468);
#11467 = CARTESIAN_POINT('',(-30.,-0.));
#11468 = VECTOR('',#11469,1.);
#11469 = DIRECTION('',(-0.,-1.));
#11470 = ( GEOMETRIC_REPRESENTATION_CONTEXT(2) 
PARAMETRIC_REPRESENTATION_CONTEXT() REPRESENTATION_CONTEXT('2D SPACE',''
  ) );
#11471 = PCURVE('',#11472,#11477);
#11472 = PLANE('',#11473);
#11473 = AXIS2_PLACEMENT_3D('',#11474,#11475,#11476);
#11474 = CARTESIAN_POINT('',(2.128E+03,70.,1.498E+03));
#11475 = DIRECTION('',(-0.,-0.,1.));
#11476 = DIRECTION('',(1.,0.,0.));
#11477 = DEFINITIONAL_REPRESENTATION('',(#11478),#11482);
#11478 = LINE('',#11479,#11480);
#11479 = CARTESIAN_POINT('',(0.,-0.));
#11480 = VECTOR('',#11481,1.);
#11481 = DIRECTION('',(-0.,1.));
#11482 = ( GEOMETRIC_REPRESENTATION_CONTEXT(2) 
PARAMETRIC_REPRESENTATION_CONTEXT() REPRESENTATION_CONTEXT('2D SPACE',''
  ) );
#11483 = FACE_BOUND('',#11484,.T.);
#11484 = EDGE_LOOP('',(#11485,#11515,#11543,#11571));
#11485 = ORIENTED_EDGE('',*,*,#11486,.T.);
#11486 = EDGE_CURVE('',#11487,#11489,#11491,.T.);
#11487 = VERTEX_POINT('',#11488);
#11488 = CARTESIAN_POINT('',(2.128E+03,98.,1.47E+03));
#11489 = VERTEX_POINT('',#11490);
#11490 = CARTESIAN_POINT('',(2.128E+03,72.,1.47E+03));
#11491 = SURFACE_CURVE('',#11492,(#11496,#11503),.PCURVE_S1.);
#11492 = LINE('',#11493,#11494);
#11493 = CARTESIAN_POINT('',(2.128E+03,71.,1.47E+03));
#11494 = VECTOR('',#11495,1.);
#11495 = DIRECTION('',(-0.,-1.,-0.));
#11496 = PCURVE('',#11378,#11497);
#11497 = DEFINITIONAL_REPRESENTATION('',(#11498),#11502);
#11498 = LINE('',#11499,#11500);
#11499 = CARTESIAN_POINT('',(-2.,-1.));
#11500 = VECTOR('',#11501,1.);
#11501 = DIRECTION('',(-0.,1.));
#11502 = ( GEOMETRIC_REPRESENTATION_CONTEXT(2) 
PARAMETRIC_REPRESENTATION_CONTEXT() REPRESENTATION_CONTEXT('2D SPACE',''
  ) );
#11503 = PCURVE('',#11504,#11509);
#11504 = PLANE('',#11505);
#11505 = AXIS2_PLACEMENT_3D('',#11506,#11507,#11508);
#11506 = CARTESIAN_POINT('',(2.129E+03,72.,1.47E+03));
#11507 = DIRECTION('',(-0.,-0.,1.));
#11508 = DIRECTION('',(1.,0.,0.));
#11509 = DEFINITIONAL_REPRESENTATION('',(#11510),#11514);
#11510 = LINE('',#11511,#11512);
#11511 = CARTESIAN_POINT('',(-1.,-1.));
#11512 = VECTOR('',#11513,1.);
#11513 = DIRECTION('',(-0.,-1.));
#11514 = ( GEOMETRIC_REPRESENTATION_CONTEXT(2) 
PARAMETRIC_REPRESENTATION_CONTEXT() REPRESENTATION_CONTEXT('2D SPACE',''
  ) );
#11515 = ORIENTED_EDGE('',*,*,#11516,.T.);
#11516 = EDGE_CURVE('',#11489,#11517,#11519,.T.);
#11517 = VERTEX_POINT('',#11518);
#11518 = CARTESIAN_POINT('',(2.128E+03,72.,1.496E+03));
#11519 = SURFACE_CURVE('',#11520,(#11524,#11531),.PCURVE_S1.);
#11520 = LINE('',#11521,#11522);
#11521 = CARTESIAN_POINT('',(2.128E+03,72.,1.469E+03));
#11522 = VECTOR('',#11523,1.);
#11523 = DIRECTION('',(-0.,-0.,1.));
#11524 = PCURVE('',#11378,#11525);
#11525 = DEFINITIONAL_REPRESENTATION('',(#11526),#11530);
#11526 = LINE('',#11527,#11528);
#11527 = CARTESIAN_POINT('',(-1.,-2.));
#11528 = VECTOR('',#11529,1.);
#11529 = DIRECTION('',(-1.,-0.));
#11530 = ( GEOMETRIC_REPRESENTATION_CONTEXT(2) 
PARAMETRIC_REPRESENTATION_CONTEXT() REPRESENTATION_CONTEXT('2D SPACE',''
  ) );
#11531 = PCURVE('',#11532,#11537);
#11532 = PLANE('',#11533);
#11533 = AXIS2_PLACEMENT_3D('',#11534,#11535,#11536);
#11534 = CARTESIAN_POINT('',(2.129E+03,72.,1.47E+03));
#11535 = DIRECTION('',(-0.,1.,-0.));
#11536 = DIRECTION('',(0.,0.,-1.));
#11537 = DEFINITIONAL_REPRESENTATION('',(#11538),#11542);
#11538 = LINE('',#11539,#11540);
#11539 = CARTESIAN_POINT('',(1.,1.));
#11540 = VECTOR('',#11541,1.);
#11541 = DIRECTION('',(-1.,0.));
#11542 = ( GEOMETRIC_REPRESENTATION_CONTEXT(2) 
PARAMETRIC_REPRESENTATION_CONTEXT() REPRESENTATION_CONTEXT('2D SPACE',''
  ) );
#11543 = ORIENTED_EDGE('',*,*,#11544,.F.);
#11544 = EDGE_CURVE('',#11545,#11517,#11547,.T.);
#11545 = VERTEX_POINT('',#11546);
#11546 = CARTESIAN_POINT('',(2.128E+03,98.,1.496E+03));
#11547 = SURFACE_CURVE('',#11548,(#11552,#11559),.PCURVE_S1.);
#11548 = LINE('',#11549,#11550);
#11549 = CARTESIAN_POINT('',(2.128E+03,71.,1.496E+03));
#11550 = VECTOR('',#11551,1.);
#11551 = DIRECTION('',(-0.,-1.,-0.));
#11552 = PCURVE('',#11378,#11553);
#11553 = DEFINITIONAL_REPRESENTATION('',(#11554),#11558);
#11554 = LINE('',#11555,#11556);
#11555 = CARTESIAN_POINT('',(-28.,-1.));
#11556 = VECTOR('',#11557,1.);
#11557 = DIRECTION('',(-0.,1.));
#11558 = ( GEOMETRIC_REPRESENTATION_CONTEXT(2) 
PARAMETRIC_REPRESENTATION_CONTEXT() REPRESENTATION_CONTEXT('2D SPACE',''
  ) );
#11559 = PCURVE('',#11560,#11565);
#11560 = PLANE('',#11561);
#11561 = AXIS2_PLACEMENT_3D('',#11562,#11563,#11564);
#11562 = CARTESIAN_POINT('',(2.129E+03,72.,1.496E+03));
#11563 = DIRECTION('',(-0.,-0.,1.));
#11564 = DIRECTION('',(1.,0.,0.));
#11565 = DEFINITIONAL_REPRESENTATION('',(#11566),#11570);
#11566 = LINE('',#11567,#11568);
#11567 = CARTESIAN_POINT('',(-1.,-1.));
#11568 = VECTOR('',#11569,1.);
#11569 = DIRECTION('',(-0.,-1.));
#11570 = ( GEOMETRIC_REPRESENTATION_CONTEXT(2) 
PARAMETRIC_REPRESENTATION_CONTEXT() REPRESENTATION_CONTEXT('2D SPACE',''
  ) );
#11571 = ORIENTED_EDGE('',*,*,#11572,.F.);
#11572 = EDGE_CURVE('',#11487,#11545,#11573,.T.);
#11573 = SURFACE_CURVE('',#11574,(#11578,#11585),.PCURVE_S1.);
#11574 = LINE('',#11575,#11576);
#11575 = CARTESIAN_POINT('',(2.128E+03,98.,1.469E+03));
#11576 = VECTOR('',#11577,1.);
#11577 = DIRECTION('',(-0.,-0.,1.));
#11578 = PCURVE('',#11378,#11579);
#11579 = DEFINITIONAL_REPRESENTATION('',(#11580),#11584);
#11580 = LINE('',#11581,#11582);
#11581 = CARTESIAN_POINT('',(-1.,-28.));
#11582 = VECTOR('',#11583,1.);
#11583 = DIRECTION('',(-1.,-0.));
#11584 = ( GEOMETRIC_REPRESENTATION_CONTEXT(2) 
PARAMETRIC_REPRESENTATION_CONTEXT() REPRESENTATION_CONTEXT('2D SPACE',''
  ) );
#11585 = PCURVE('',#11586,#11591);
#11586 = PLANE('',#11587);
#11587 = AXIS2_PLACEMENT_3D('',#11588,#11589,#11590);
#11588 = CARTESIAN_POINT('',(2.129E+03,98.,1.47E+03));
#11589 = DIRECTION('',(-0.,1.,-0.));
#11590 = DIRECTION('',(0.,0.,-1.));
#11591 = DEFINITIONAL_REPRESENTATION('',(#11592),#11596);
#11592 = LINE('',#11593,#11594);
#11593 = CARTESIAN_POINT('',(1.,1.));
#11594 = VECTOR('',#11595,1.);
#11595 = DIRECTION('',(-1.,0.));
#11596 = ( GEOMETRIC_REPRESENTATION_CONTEXT(2) 
PARAMETRIC_REPRESENTATION_CONTEXT() REPRESENTATION_CONTEXT('2D SPACE',''
  ) );
#11597 = ADVANCED_FACE('',(#11598),#11390,.F.);
#11598 = FACE_BOUND('',#11599,.T.);
#11599 = EDGE_LOOP('',(#11600,#11623,#11624,#11647));
#11600 = ORIENTED_EDGE('',*,*,#11601,.F.);
#11601 = EDGE_CURVE('',#11368,#11602,#11604,.T.);
#11602 = VERTEX_POINT('',#11603);
#11603 = CARTESIAN_POINT('',(1.738E+03,70.,1.468E+03));
#11604 = SURFACE_CURVE('',#11605,(#11609,#11616),.PCURVE_S1.);
#11605 = LINE('',#11606,#11607);
#11606 = CARTESIAN_POINT('',(2.128E+03,70.,1.468E+03));
#11607 = VECTOR('',#11608,1.);
#11608 = DIRECTION('',(-1.,-0.,-0.));
#11609 = PCURVE('',#11390,#11610);
#11610 = DEFINITIONAL_REPRESENTATION('',(#11611),#11615);
#11611 = LINE('',#11612,#11613);
#11612 = CARTESIAN_POINT('',(-0.,-0.));
#11613 = VECTOR('',#11614,1.);
#11614 = DIRECTION('',(-0.,1.));
#11615 = ( GEOMETRIC_REPRESENTATION_CONTEXT(2) 
PARAMETRIC_REPRESENTATION_CONTEXT() REPRESENTATION_CONTEXT('2D SPACE',''
  ) );
#11616 = PCURVE('',#11418,#11617);
#11617 = DEFINITIONAL_REPRESENTATION('',(#11618),#11622);
#11618 = LINE('',#11619,#11620);
#11619 = CARTESIAN_POINT('',(0.,-0.));
#11620 = VECTOR('',#11621,1.);
#11621 = DIRECTION('',(-1.,0.));
#11622 = ( GEOMETRIC_REPRESENTATION_CONTEXT(2) 
PARAMETRIC_REPRESENTATION_CONTEXT() REPRESENTATION_CONTEXT('2D SPACE',''
  ) );
#11623 = ORIENTED_EDGE('',*,*,#11367,.T.);
#11624 = ORIENTED_EDGE('',*,*,#11625,.T.);
#11625 = EDGE_CURVE('',#11370,#11626,#11628,.T.);
#11626 = VERTEX_POINT('',#11627);
#11627 = CARTESIAN_POINT('',(1.738E+03,70.,1.498E+03));
#11628 = SURFACE_CURVE('',#11629,(#11633,#11640),.PCURVE_S1.);
#11629 = LINE('',#11630,#11631);
#11630 = CARTESIAN_POINT('',(2.128E+03,70.,1.498E+03));
#11631 = VECTOR('',#11632,1.);
#11632 = DIRECTION('',(-1.,-0.,-0.));
#11633 = PCURVE('',#11390,#11634);
#11634 = DEFINITIONAL_REPRESENTATION('',(#11635),#11639);
#11635 = LINE('',#11636,#11637);
#11636 = CARTESIAN_POINT('',(-30.,-0.));
#11637 = VECTOR('',#11638,1.);
#11638 = DIRECTION('',(-0.,1.));
#11639 = ( GEOMETRIC_REPRESENTATION_CONTEXT(2) 
PARAMETRIC_REPRESENTATION_CONTEXT() REPRESENTATION_CONTEXT('2D SPACE',''
  ) );
#11640 = PCURVE('',#11472,#11641);
#11641 = DEFINITIONAL_REPRESENTATION('',(#11642),#11646);
#11642 = LINE('',#11643,#11644);
#11643 = CARTESIAN_POINT('',(0.,-0.));
#11644 = VECTOR('',#11645,1.);
#11645 = DIRECTION('',(-1.,0.));
#11646 = ( GEOMETRIC_REPRESENTATION_CONTEXT(2) 
PARAMETRIC_REPRESENTATION_CONTEXT() REPRESENTATION_CONTEXT('2D SPACE',''
  ) );
#11647 = ORIENTED_EDGE('',*,*,#11648,.F.);
#11648 = EDGE_CURVE('',#11602,#11626,#11649,.T.);
#11649 = SURFACE_CURVE('',#11650,(#11654,#11661),.PCURVE_S1.);
#11650 = LINE('',#11651,#11652);
#11651 = CARTESIAN_POINT('',(1.738E+03,70.,1.468E+03));
#11652 = VECTOR('',#11653,1.);
#11653 = DIRECTION('',(-0.,-0.,1.));
#11654 = PCURVE('',#11390,#11655);
#11655 = DEFINITIONAL_REPRESENTATION('',(#11656),#11660);
#11656 = LINE('',#11657,#11658);
#11657 = CARTESIAN_POINT('',(-0.,390.));
#11658 = VECTOR('',#11659,1.);
#11659 = DIRECTION('',(-1.,0.));
#11660 = ( GEOMETRIC_REPRESENTATION_CONTEXT(2) 
PARAMETRIC_REPRESENTATION_CONTEXT() REPRESENTATION_CONTEXT('2D SPACE',''
  ) );
#11661 = PCURVE('',#11662,#11667);
#11662 = PLANE('',#11663);
#11663 = AXIS2_PLACEMENT_3D('',#11664,#11665,#11666);
#11664 = CARTESIAN_POINT('',(1.738E+03,70.,1.468E+03));
#11665 = DIRECTION('',(-1.,-0.,-0.));
#11666 = DIRECTION('',(0.,0.,-1.));
#11667 = DEFINITIONAL_REPRESENTATION('',(#11668),#11672);
#11668 = LINE('',#11669,#11670);
#11669 = CARTESIAN_POINT('',(-0.,-0.));
#11670 = VECTOR('',#11671,1.);
#11671 = DIRECTION('',(-1.,-0.));
#11672 = ( GEOMETRIC_REPRESENTATION_CONTEXT(2) 
PARAMETRIC_REPRESENTATION_CONTEXT() REPRESENTATION_CONTEXT('2D SPACE',''
  ) );
#11673 = ADVANCED_FACE('',(#11674),#11472,.T.);
#11674 = FACE_BOUND('',#11675,.F.);
#11675 = EDGE_LOOP('',(#11676,#11677,#11678,#11701));
#11676 = ORIENTED_EDGE('',*,*,#11458,.F.);
#11677 = ORIENTED_EDGE('',*,*,#11625,.T.);
#11678 = ORIENTED_EDGE('',*,*,#11679,.T.);
#11679 = EDGE_CURVE('',#11626,#11680,#11682,.T.);
#11680 = VERTEX_POINT('',#11681);
#11681 = CARTESIAN_POINT('',(1.738E+03,100.,1.498E+03));
#11682 = SURFACE_CURVE('',#11683,(#11687,#11694),.PCURVE_S1.);
#11683 = LINE('',#11684,#11685);
#11684 = CARTESIAN_POINT('',(1.738E+03,70.,1.498E+03));
#11685 = VECTOR('',#11686,1.);
#11686 = DIRECTION('',(-0.,1.,-0.));
#11687 = PCURVE('',#11472,#11688);
#11688 = DEFINITIONAL_REPRESENTATION('',(#11689),#11693);
#11689 = LINE('',#11690,#11691);
#11690 = CARTESIAN_POINT('',(-390.,0.));
#11691 = VECTOR('',#11692,1.);
#11692 = DIRECTION('',(-0.,1.));
#11693 = ( GEOMETRIC_REPRESENTATION_CONTEXT(2) 
PARAMETRIC_REPRESENTATION_CONTEXT() REPRESENTATION_CONTEXT('2D SPACE',''
  ) );
#11694 = PCURVE('',#11662,#11695);
#11695 = DEFINITIONAL_REPRESENTATION('',(#11696),#11700);
#11696 = LINE('',#11697,#11698);
#11697 = CARTESIAN_POINT('',(-30.,-0.));
#11698 = VECTOR('',#11699,1.);
#11699 = DIRECTION('',(-0.,-1.));
#11700 = ( GEOMETRIC_REPRESENTATION_CONTEXT(2) 
PARAMETRIC_REPRESENTATION_CONTEXT() REPRESENTATION_CONTEXT('2D SPACE',''
  ) );
#11701 = ORIENTED_EDGE('',*,*,#11702,.F.);
#11702 = EDGE_CURVE('',#11431,#11680,#11703,.T.);
#11703 = SURFACE_CURVE('',#11704,(#11708,#11715),.PCURVE_S1.);
#11704 = LINE('',#11705,#11706);
#11705 = CARTESIAN_POINT('',(2.128E+03,100.,1.498E+03));
#11706 = VECTOR('',#11707,1.);
#11707 = DIRECTION('',(-1.,-0.,-0.));
#11708 = PCURVE('',#11472,#11709);
#11709 = DEFINITIONAL_REPRESENTATION('',(#11710),#11714);
#11710 = LINE('',#11711,#11712);
#11711 = CARTESIAN_POINT('',(0.,30.));
#11712 = VECTOR('',#11713,1.);
#11713 = DIRECTION('',(-1.,0.));
#11714 = ( GEOMETRIC_REPRESENTATION_CONTEXT(2) 
PARAMETRIC_REPRESENTATION_CONTEXT() REPRESENTATION_CONTEXT('2D SPACE',''
  ) );
#11715 = PCURVE('',#11446,#11716);
#11716 = DEFINITIONAL_REPRESENTATION('',(#11717),#11721);
#11717 = LINE('',#11718,#11719);
#11718 = CARTESIAN_POINT('',(-30.,-0.));
#11719 = VECTOR('',#11720,1.);
#11720 = DIRECTION('',(-0.,1.));
#11721 = ( GEOMETRIC_REPRESENTATION_CONTEXT(2) 
PARAMETRIC_REPRESENTATION_CONTEXT() REPRESENTATION_CONTEXT('2D SPACE',''
  ) );
#11722 = ADVANCED_FACE('',(#11723),#11418,.F.);
#11723 = FACE_BOUND('',#11724,.T.);
#11724 = EDGE_LOOP('',(#11725,#11726,#11727,#11750));
#11725 = ORIENTED_EDGE('',*,*,#11402,.F.);
#11726 = ORIENTED_EDGE('',*,*,#11601,.T.);
#11727 = ORIENTED_EDGE('',*,*,#11728,.T.);
#11728 = EDGE_CURVE('',#11602,#11729,#11731,.T.);
#11729 = VERTEX_POINT('',#11730);
#11730 = CARTESIAN_POINT('',(1.738E+03,100.,1.468E+03));
#11731 = SURFACE_CURVE('',#11732,(#11736,#11743),.PCURVE_S1.);
#11732 = LINE('',#11733,#11734);
#11733 = CARTESIAN_POINT('',(1.738E+03,70.,1.468E+03));
#11734 = VECTOR('',#11735,1.);
#11735 = DIRECTION('',(-0.,1.,-0.));
#11736 = PCURVE('',#11418,#11737);
#11737 = DEFINITIONAL_REPRESENTATION('',(#11738),#11742);
#11738 = LINE('',#11739,#11740);
#11739 = CARTESIAN_POINT('',(-390.,0.));
#11740 = VECTOR('',#11741,1.);
#11741 = DIRECTION('',(-0.,1.));
#11742 = ( GEOMETRIC_REPRESENTATION_CONTEXT(2) 
PARAMETRIC_REPRESENTATION_CONTEXT() REPRESENTATION_CONTEXT('2D SPACE',''
  ) );
#11743 = PCURVE('',#11662,#11744);
#11744 = DEFINITIONAL_REPRESENTATION('',(#11745),#11749);
#11745 = LINE('',#11746,#11747);
#11746 = CARTESIAN_POINT('',(-0.,-0.));
#11747 = VECTOR('',#11748,1.);
#11748 = DIRECTION('',(-0.,-1.));
#11749 = ( GEOMETRIC_REPRESENTATION_CONTEXT(2) 
PARAMETRIC_REPRESENTATION_CONTEXT() REPRESENTATION_CONTEXT('2D SPACE',''
  ) );
#11750 = ORIENTED_EDGE('',*,*,#11751,.F.);
#11751 = EDGE_CURVE('',#11403,#11729,#11752,.T.);
#11752 = SURFACE_CURVE('',#11753,(#11757,#11764),.PCURVE_S1.);
#11753 = LINE('',#11754,#11755);
#11754 = CARTESIAN_POINT('',(2.128E+03,100.,1.468E+03));
#11755 = VECTOR('',#11756,1.);
#11756 = DIRECTION('',(-1.,-0.,-0.));
#11757 = PCURVE('',#11418,#11758);
#11758 = DEFINITIONAL_REPRESENTATION('',(#11759),#11763);
#11759 = LINE('',#11760,#11761);
#11760 = CARTESIAN_POINT('',(0.,30.));
#11761 = VECTOR('',#11762,1.);
#11762 = DIRECTION('',(-1.,0.));
#11763 = ( GEOMETRIC_REPRESENTATION_CONTEXT(2) 
PARAMETRIC_REPRESENTATION_CONTEXT() REPRESENTATION_CONTEXT('2D SPACE',''
  ) );
#11764 = PCURVE('',#11446,#11765);
#11765 = DEFINITIONAL_REPRESENTATION('',(#11766),#11770);
#11766 = LINE('',#11767,#11768);
#11767 = CARTESIAN_POINT('',(-0.,-0.));
#11768 = VECTOR('',#11769,1.);
#11769 = DIRECTION('',(-0.,1.));
#11770 = ( GEOMETRIC_REPRESENTATION_CONTEXT(2) 
PARAMETRIC_REPRESENTATION_CONTEXT() REPRESENTATION_CONTEXT('2D SPACE',''
  ) );
#11771 = ADVANCED_FACE('',(#11772),#11446,.T.);
#11772 = FACE_BOUND('',#11773,.F.);
#11773 = EDGE_LOOP('',(#11774,#11775,#11776,#11777));
#11774 = ORIENTED_EDGE('',*,*,#11751,.F.);
#11775 = ORIENTED_EDGE('',*,*,#11430,.T.);
#11776 = ORIENTED_EDGE('',*,*,#11702,.T.);
#11777 = ORIENTED_EDGE('',*,*,#11778,.F.);
#11778 = EDGE_CURVE('',#11729,#11680,#11779,.T.);
#11779 = SURFACE_CURVE('',#11780,(#11784,#11791),.PCURVE_S1.);
#11780 = LINE('',#11781,#11782);
#11781 = CARTESIAN_POINT('',(1.738E+03,100.,1.468E+03));
#11782 = VECTOR('',#11783,1.);
#11783 = DIRECTION('',(-0.,-0.,1.));
#11784 = PCURVE('',#11446,#11785);
#11785 = DEFINITIONAL_REPRESENTATION('',(#11786),#11790);
#11786 = LINE('',#11787,#11788);
#11787 = CARTESIAN_POINT('',(-0.,390.));
#11788 = VECTOR('',#11789,1.);
#11789 = DIRECTION('',(-1.,0.));
#11790 = ( GEOMETRIC_REPRESENTATION_CONTEXT(2) 
PARAMETRIC_REPRESENTATION_CONTEXT() REPRESENTATION_CONTEXT('2D SPACE',''
  ) );
#11791 = PCURVE('',#11662,#11792);
#11792 = DEFINITIONAL_REPRESENTATION('',(#11793),#11797);
#11793 = LINE('',#11794,#11795);
#11794 = CARTESIAN_POINT('',(-0.,-30.));
#11795 = VECTOR('',#11796,1.);
#11796 = DIRECTION('',(-1.,-0.));
#11797 = ( GEOMETRIC_REPRESENTATION_CONTEXT(2) 
PARAMETRIC_REPRESENTATION_CONTEXT() REPRESENTATION_CONTEXT('2D SPACE',''
  ) );
#11798 = ADVANCED_FACE('',(#11799),#11504,.T.);
#11799 = FACE_BOUND('',#11800,.F.);
#11800 = EDGE_LOOP('',(#11801,#11824,#11825,#11848));
#11801 = ORIENTED_EDGE('',*,*,#11802,.F.);
#11802 = EDGE_CURVE('',#11487,#11803,#11805,.T.);
#11803 = VERTEX_POINT('',#11804);
#11804 = CARTESIAN_POINT('',(1.738E+03,98.,1.47E+03));
#11805 = SURFACE_CURVE('',#11806,(#11810,#11817),.PCURVE_S1.);
#11806 = LINE('',#11807,#11808);
#11807 = CARTESIAN_POINT('',(2.129E+03,98.,1.47E+03));
#11808 = VECTOR('',#11809,1.);
#11809 = DIRECTION('',(-1.,-0.,-0.));
#11810 = PCURVE('',#11504,#11811);
#11811 = DEFINITIONAL_REPRESENTATION('',(#11812),#11816);
#11812 = LINE('',#11813,#11814);
#11813 = CARTESIAN_POINT('',(0.,26.));
#11814 = VECTOR('',#11815,1.);
#11815 = DIRECTION('',(-1.,0.));
#11816 = ( GEOMETRIC_REPRESENTATION_CONTEXT(2) 
PARAMETRIC_REPRESENTATION_CONTEXT() REPRESENTATION_CONTEXT('2D SPACE',''
  ) );
#11817 = PCURVE('',#11586,#11818);
#11818 = DEFINITIONAL_REPRESENTATION('',(#11819),#11823);
#11819 = LINE('',#11820,#11821);
#11820 = CARTESIAN_POINT('',(-0.,-0.));
#11821 = VECTOR('',#11822,1.);
#11822 = DIRECTION('',(-0.,1.));
#11823 = ( GEOMETRIC_REPRESENTATION_CONTEXT(2) 
PARAMETRIC_REPRESENTATION_CONTEXT() REPRESENTATION_CONTEXT('2D SPACE',''
  ) );
#11824 = ORIENTED_EDGE('',*,*,#11486,.T.);
#11825 = ORIENTED_EDGE('',*,*,#11826,.T.);
#11826 = EDGE_CURVE('',#11489,#11827,#11829,.T.);
#11827 = VERTEX_POINT('',#11828);
#11828 = CARTESIAN_POINT('',(1.738E+03,72.,1.47E+03));
#11829 = SURFACE_CURVE('',#11830,(#11834,#11841),.PCURVE_S1.);
#11830 = LINE('',#11831,#11832);
#11831 = CARTESIAN_POINT('',(2.129E+03,72.,1.47E+03));
#11832 = VECTOR('',#11833,1.);
#11833 = DIRECTION('',(-1.,-0.,-0.));
#11834 = PCURVE('',#11504,#11835);
#11835 = DEFINITIONAL_REPRESENTATION('',(#11836),#11840);
#11836 = LINE('',#11837,#11838);
#11837 = CARTESIAN_POINT('',(0.,-0.));
#11838 = VECTOR('',#11839,1.);
#11839 = DIRECTION('',(-1.,0.));
#11840 = ( GEOMETRIC_REPRESENTATION_CONTEXT(2) 
PARAMETRIC_REPRESENTATION_CONTEXT() REPRESENTATION_CONTEXT('2D SPACE',''
  ) );
#11841 = PCURVE('',#11532,#11842);
#11842 = DEFINITIONAL_REPRESENTATION('',(#11843),#11847);
#11843 = LINE('',#11844,#11845);
#11844 = CARTESIAN_POINT('',(-0.,-0.));
#11845 = VECTOR('',#11846,1.);
#11846 = DIRECTION('',(-0.,1.));
#11847 = ( GEOMETRIC_REPRESENTATION_CONTEXT(2) 
PARAMETRIC_REPRESENTATION_CONTEXT() REPRESENTATION_CONTEXT('2D SPACE',''
  ) );
#11848 = ORIENTED_EDGE('',*,*,#11849,.F.);
#11849 = EDGE_CURVE('',#11803,#11827,#11850,.T.);
#11850 = SURFACE_CURVE('',#11851,(#11855,#11862),.PCURVE_S1.);
#11851 = LINE('',#11852,#11853);
#11852 = CARTESIAN_POINT('',(1.738E+03,71.,1.47E+03));
#11853 = VECTOR('',#11854,1.);
#11854 = DIRECTION('',(-0.,-1.,-0.));
#11855 = PCURVE('',#11504,#11856);
#11856 = DEFINITIONAL_REPRESENTATION('',(#11857),#11861);
#11857 = LINE('',#11858,#11859);
#11858 = CARTESIAN_POINT('',(-391.,-1.));
#11859 = VECTOR('',#11860,1.);
#11860 = DIRECTION('',(-0.,-1.));
#11861 = ( GEOMETRIC_REPRESENTATION_CONTEXT(2) 
PARAMETRIC_REPRESENTATION_CONTEXT() REPRESENTATION_CONTEXT('2D SPACE',''
  ) );
#11862 = PCURVE('',#11662,#11863);
#11863 = DEFINITIONAL_REPRESENTATION('',(#11864),#11868);
#11864 = LINE('',#11865,#11866);
#11865 = CARTESIAN_POINT('',(-2.,-1.));
#11866 = VECTOR('',#11867,1.);
#11867 = DIRECTION('',(-0.,1.));
#11868 = ( GEOMETRIC_REPRESENTATION_CONTEXT(2) 
PARAMETRIC_REPRESENTATION_CONTEXT() REPRESENTATION_CONTEXT('2D SPACE',''
  ) );
#11869 = ADVANCED_FACE('',(#11870),#11586,.F.);
#11870 = FACE_BOUND('',#11871,.T.);
#11871 = EDGE_LOOP('',(#11872,#11873,#11874,#11897));
#11872 = ORIENTED_EDGE('',*,*,#11802,.F.);
#11873 = ORIENTED_EDGE('',*,*,#11572,.T.);
#11874 = ORIENTED_EDGE('',*,*,#11875,.T.);
#11875 = EDGE_CURVE('',#11545,#11876,#11878,.T.);
#11876 = VERTEX_POINT('',#11877);
#11877 = CARTESIAN_POINT('',(1.738E+03,98.,1.496E+03));
#11878 = SURFACE_CURVE('',#11879,(#11883,#11890),.PCURVE_S1.);
#11879 = LINE('',#11880,#11881);
#11880 = CARTESIAN_POINT('',(2.129E+03,98.,1.496E+03));
#11881 = VECTOR('',#11882,1.);
#11882 = DIRECTION('',(-1.,-0.,-0.));
#11883 = PCURVE('',#11586,#11884);
#11884 = DEFINITIONAL_REPRESENTATION('',(#11885),#11889);
#11885 = LINE('',#11886,#11887);
#11886 = CARTESIAN_POINT('',(-26.,-0.));
#11887 = VECTOR('',#11888,1.);
#11888 = DIRECTION('',(-0.,1.));
#11889 = ( GEOMETRIC_REPRESENTATION_CONTEXT(2) 
PARAMETRIC_REPRESENTATION_CONTEXT() REPRESENTATION_CONTEXT('2D SPACE',''
  ) );
#11890 = PCURVE('',#11560,#11891);
#11891 = DEFINITIONAL_REPRESENTATION('',(#11892),#11896);
#11892 = LINE('',#11893,#11894);
#11893 = CARTESIAN_POINT('',(0.,26.));
#11894 = VECTOR('',#11895,1.);
#11895 = DIRECTION('',(-1.,0.));
#11896 = ( GEOMETRIC_REPRESENTATION_CONTEXT(2) 
PARAMETRIC_REPRESENTATION_CONTEXT() REPRESENTATION_CONTEXT('2D SPACE',''
  ) );
#11897 = ORIENTED_EDGE('',*,*,#11898,.F.);
#11898 = EDGE_CURVE('',#11803,#11876,#11899,.T.);
#11899 = SURFACE_CURVE('',#11900,(#11904,#11911),.PCURVE_S1.);
#11900 = LINE('',#11901,#11902);
#11901 = CARTESIAN_POINT('',(1.738E+03,98.,1.469E+03));
#11902 = VECTOR('',#11903,1.);
#11903 = DIRECTION('',(-0.,-0.,1.));
#11904 = PCURVE('',#11586,#11905);
#11905 = DEFINITIONAL_REPRESENTATION('',(#11906),#11910);
#11906 = LINE('',#11907,#11908);
#11907 = CARTESIAN_POINT('',(1.,391.));
#11908 = VECTOR('',#11909,1.);
#11909 = DIRECTION('',(-1.,0.));
#11910 = ( GEOMETRIC_REPRESENTATION_CONTEXT(2) 
PARAMETRIC_REPRESENTATION_CONTEXT() REPRESENTATION_CONTEXT('2D SPACE',''
  ) );
#11911 = PCURVE('',#11662,#11912);
#11912 = DEFINITIONAL_REPRESENTATION('',(#11913),#11917);
#11913 = LINE('',#11914,#11915);
#11914 = CARTESIAN_POINT('',(-1.,-28.));
#11915 = VECTOR('',#11916,1.);
#11916 = DIRECTION('',(-1.,-0.));
#11917 = ( GEOMETRIC_REPRESENTATION_CONTEXT(2) 
PARAMETRIC_REPRESENTATION_CONTEXT() REPRESENTATION_CONTEXT('2D SPACE',''
  ) );
#11918 = ADVANCED_FACE('',(#11919),#11560,.F.);
#11919 = FACE_BOUND('',#11920,.T.);
#11920 = EDGE_LOOP('',(#11921,#11922,#11923,#11946));
#11921 = ORIENTED_EDGE('',*,*,#11875,.F.);
#11922 = ORIENTED_EDGE('',*,*,#11544,.T.);
#11923 = ORIENTED_EDGE('',*,*,#11924,.T.);
#11924 = EDGE_CURVE('',#11517,#11925,#11927,.T.);
#11925 = VERTEX_POINT('',#11926);
#11926 = CARTESIAN_POINT('',(1.738E+03,72.,1.496E+03));
#11927 = SURFACE_CURVE('',#11928,(#11932,#11939),.PCURVE_S1.);
#11928 = LINE('',#11929,#11930);
#11929 = CARTESIAN_POINT('',(2.129E+03,72.,1.496E+03));
#11930 = VECTOR('',#11931,1.);
#11931 = DIRECTION('',(-1.,-0.,-0.));
#11932 = PCURVE('',#11560,#11933);
#11933 = DEFINITIONAL_REPRESENTATION('',(#11934),#11938);
#11934 = LINE('',#11935,#11936);
#11935 = CARTESIAN_POINT('',(0.,-0.));
#11936 = VECTOR('',#11937,1.);
#11937 = DIRECTION('',(-1.,0.));
#11938 = ( GEOMETRIC_REPRESENTATION_CONTEXT(2) 
PARAMETRIC_REPRESENTATION_CONTEXT() REPRESENTATION_CONTEXT('2D SPACE',''
  ) );
#11939 = PCURVE('',#11532,#11940);
#11940 = DEFINITIONAL_REPRESENTATION('',(#11941),#11945);
#11941 = LINE('',#11942,#11943);
#11942 = CARTESIAN_POINT('',(-26.,-0.));
#11943 = VECTOR('',#11944,1.);
#11944 = DIRECTION('',(-0.,1.));
#11945 = ( GEOMETRIC_REPRESENTATION_CONTEXT(2) 
PARAMETRIC_REPRESENTATION_CONTEXT() REPRESENTATION_CONTEXT('2D SPACE',''
  ) );
#11946 = ORIENTED_EDGE('',*,*,#11947,.F.);
#11947 = EDGE_CURVE('',#11876,#11925,#11948,.T.);
#11948 = SURFACE_CURVE('',#11949,(#11953,#11960),.PCURVE_S1.);
#11949 = LINE('',#11950,#11951);
#11950 = CARTESIAN_POINT('',(1.738E+03,71.,1.496E+03));
#11951 = VECTOR('',#11952,1.);
#11952 = DIRECTION('',(-0.,-1.,-0.));
#11953 = PCURVE('',#11560,#11954);
#11954 = DEFINITIONAL_REPRESENTATION('',(#11955),#11959);
#11955 = LINE('',#11956,#11957);
#11956 = CARTESIAN_POINT('',(-391.,-1.));
#11957 = VECTOR('',#11958,1.);
#11958 = DIRECTION('',(-0.,-1.));
#11959 = ( GEOMETRIC_REPRESENTATION_CONTEXT(2) 
PARAMETRIC_REPRESENTATION_CONTEXT() REPRESENTATION_CONTEXT('2D SPACE',''
  ) );
#11960 = PCURVE('',#11662,#11961);
#11961 = DEFINITIONAL_REPRESENTATION('',(#11962),#11966);
#11962 = LINE('',#11963,#11964);
#11963 = CARTESIAN_POINT('',(-28.,-1.));
#11964 = VECTOR('',#11965,1.);
#11965 = DIRECTION('',(-0.,1.));
#11966 = ( GEOMETRIC_REPRESENTATION_CONTEXT(2) 
PARAMETRIC_REPRESENTATION_CONTEXT() REPRESENTATION_CONTEXT('2D SPACE',''
  ) );
#11967 = ADVANCED_FACE('',(#11968),#11532,.T.);
#11968 = FACE_BOUND('',#11969,.F.);
#11969 = EDGE_LOOP('',(#11970,#11971,#11972,#11973));
#11970 = ORIENTED_EDGE('',*,*,#11826,.F.);
#11971 = ORIENTED_EDGE('',*,*,#11516,.T.);
#11972 = ORIENTED_EDGE('',*,*,#11924,.T.);
#11973 = ORIENTED_EDGE('',*,*,#11974,.F.);
#11974 = EDGE_CURVE('',#11827,#11925,#11975,.T.);
#11975 = SURFACE_CURVE('',#11976,(#11980,#11987),.PCURVE_S1.);
#11976 = LINE('',#11977,#11978);
#11977 = CARTESIAN_POINT('',(1.738E+03,72.,1.469E+03));
#11978 = VECTOR('',#11979,1.);
#11979 = DIRECTION('',(-0.,-0.,1.));
#11980 = PCURVE('',#11532,#11981);
#11981 = DEFINITIONAL_REPRESENTATION('',(#11982),#11986);
#11982 = LINE('',#11983,#11984);
#11983 = CARTESIAN_POINT('',(1.,391.));
#11984 = VECTOR('',#11985,1.);
#11985 = DIRECTION('',(-1.,0.));
#11986 = ( GEOMETRIC_REPRESENTATION_CONTEXT(2) 
PARAMETRIC_REPRESENTATION_CONTEXT() REPRESENTATION_CONTEXT('2D SPACE',''
  ) );
#11987 = PCURVE('',#11662,#11988);
#11988 = DEFINITIONAL_REPRESENTATION('',(#11989),#11993);
#11989 = LINE('',#11990,#11991);
#11990 = CARTESIAN_POINT('',(-1.,-2.));
#11991 = VECTOR('',#11992,1.);
#11992 = DIRECTION('',(-1.,-0.));
#11993 = ( GEOMETRIC_REPRESENTATION_CONTEXT(2) 
PARAMETRIC_REPRESENTATION_CONTEXT() REPRESENTATION_CONTEXT('2D SPACE',''
  ) );
#11994 = ADVANCED_FACE('',(#11995,#12001),#11662,.T.);
#11995 = FACE_BOUND('',#11996,.F.);
#11996 = EDGE_LOOP('',(#11997,#11998,#11999,#12000));
#11997 = ORIENTED_EDGE('',*,*,#11648,.F.);
#11998 = ORIENTED_EDGE('',*,*,#11728,.T.);
#11999 = ORIENTED_EDGE('',*,*,#11778,.T.);
#12000 = ORIENTED_EDGE('',*,*,#11679,.F.);
#12001 = FACE_BOUND('',#12002,.F.);
#12002 = EDGE_LOOP('',(#12003,#12004,#12005,#12006));
#12003 = ORIENTED_EDGE('',*,*,#11849,.T.);
#12004 = ORIENTED_EDGE('',*,*,#11974,.T.);
#12005 = ORIENTED_EDGE('',*,*,#11947,.F.);
#12006 = ORIENTED_EDGE('',*,*,#11898,.F.);
#12007 = ( GEOMETRIC_REPRESENTATION_CONTEXT(3) 
GLOBAL_UNCERTAINTY_ASSIGNED_CONTEXT((#12011)) 
GLOBAL_UNIT_ASSIGNED_CONTEXT((#12008,#12009,#12010)) 
REPRESENTATION_CONTEXT('Context #1',
  '3D Context with UNIT and UNCERTAINTY') );
#12008 = ( LENGTH_UNIT() NAMED_UNIT(*) SI_UNIT(.MILLI.,.METRE.) );
#12009 = ( NAMED_UNIT(*) PLANE_ANGLE_UNIT() SI_UNIT($,.RADIAN.) );
#12010 = ( NAMED_UNIT(*) SI_UNIT($,.STERADIAN.) SOLID_ANGLE_UNIT() );
#12011 = UNCERTAINTY_MEASURE_WITH_UNIT(LENGTH_MEASURE(1.E-07),#12008,
  'distance_accuracy_value','confusion accuracy');
#12012 = CONTEXT_DEPENDENT_SHAPE_REPRESENTATION(#12013,#12015);
#12013 = ( REPRESENTATION_RELATIONSHIP('','',#11360,#10) 
REPRESENTATION_RELATIONSHIP_WITH_TRANSFORMATION(#12014) 
SHAPE_REPRESENTATION_RELATIONSHIP() );
#12014 = ITEM_DEFINED_TRANSFORMATION('','',#11,#79);
#12015 = PRODUCT_DEFINITION_SHAPE('Placement','Placement of an item',
  #12016);
#12016 = NEXT_ASSEMBLY_USAGE_OCCURRENCE('333','','',#5,#11355,$);
#12017 = PRODUCT_RELATED_PRODUCT_CATEGORY('part',$,(#11357));
#12018 = SHAPE_DEFINITION_REPRESENTATION(#12019,#12025);
#12019 = PRODUCT_DEFINITION_SHAPE('','',#12020);
#12020 = PRODUCT_DEFINITION('design','',#12021,#12024);
#12021 = PRODUCT_DEFINITION_FORMATION('','',#12022);
#12022 = PRODUCT('Open CASCADE STEP translator 7.9 12.18',
  'Open CASCADE STEP translator 7.9 12.18','',(#12023));
#12023 = PRODUCT_CONTEXT('',#2,'mechanical');
#12024 = PRODUCT_DEFINITION_CONTEXT('part definition',#2,'design');
#12025 = ADVANCED_BREP_SHAPE_REPRESENTATION('',(#11,#12026),#12672);
#12026 = MANIFOLD_SOLID_BREP('',#12027);
#12027 = CLOSED_SHELL('',(#12028,#12262,#12338,#12387,#12436,#12463,
    #12534,#12583,#12632,#12659));
#12028 = ADVANCED_FACE('',(#12029,#12148),#12043,.F.);
#12029 = FACE_BOUND('',#12030,.T.);
#12030 = EDGE_LOOP('',(#12031,#12066,#12094,#12122));
#12031 = ORIENTED_EDGE('',*,*,#12032,.F.);
#12032 = EDGE_CURVE('',#12033,#12035,#12037,.T.);
#12033 = VERTEX_POINT('',#12034);
#12034 = CARTESIAN_POINT('',(2.128E+03,1.E+03,1.468E+03));
#12035 = VERTEX_POINT('',#12036);
#12036 = CARTESIAN_POINT('',(2.128E+03,1.E+03,1.498E+03));
#12037 = SURFACE_CURVE('',#12038,(#12042,#12054),.PCURVE_S1.);
#12038 = LINE('',#12039,#12040);
#12039 = CARTESIAN_POINT('',(2.128E+03,1.E+03,1.468E+03));
#12040 = VECTOR('',#12041,1.);
#12041 = DIRECTION('',(-0.,-0.,1.));
#12042 = PCURVE('',#12043,#12048);
#12043 = PLANE('',#12044);
#12044 = AXIS2_PLACEMENT_3D('',#12045,#12046,#12047);
#12045 = CARTESIAN_POINT('',(2.128E+03,1.E+03,1.468E+03));
#12046 = DIRECTION('',(-1.,-0.,-0.));
#12047 = DIRECTION('',(0.,0.,-1.));
#12048 = DEFINITIONAL_REPRESENTATION('',(#12049),#12053);
#12049 = LINE('',#12050,#12051);
#12050 = CARTESIAN_POINT('',(-0.,-0.));
#12051 = VECTOR('',#12052,1.);
#12052 = DIRECTION('',(-1.,-0.));
#12053 = ( GEOMETRIC_REPRESENTATION_CONTEXT(2) 
PARAMETRIC_REPRESENTATION_CONTEXT() REPRESENTATION_CONTEXT('2D SPACE',''
  ) );
#12054 = PCURVE('',#12055,#12060);
#12055 = PLANE('',#12056);
#12056 = AXIS2_PLACEMENT_3D('',#12057,#12058,#12059);
#12057 = CARTESIAN_POINT('',(2.128E+03,1.E+03,1.468E+03));
#12058 = DIRECTION('',(-0.,1.,-0.));
#12059 = DIRECTION('',(0.,0.,-1.));
#12060 = DEFINITIONAL_REPRESENTATION('',(#12061),#12065);
#12061 = LINE('',#12062,#12063);
#12062 = CARTESIAN_POINT('',(-0.,-0.));
#12063 = VECTOR('',#12064,1.);
#12064 = DIRECTION('',(-1.,0.));
#12065 = ( GEOMETRIC_REPRESENTATION_CONTEXT(2) 
PARAMETRIC_REPRESENTATION_CONTEXT() REPRESENTATION_CONTEXT('2D SPACE',''
  ) );
#12066 = ORIENTED_EDGE('',*,*,#12067,.T.);
#12067 = EDGE_CURVE('',#12033,#12068,#12070,.T.);
#12068 = VERTEX_POINT('',#12069);
#12069 = CARTESIAN_POINT('',(2.128E+03,1.03E+03,1.468E+03));
#12070 = SURFACE_CURVE('',#12071,(#12075,#12082),.PCURVE_S1.);
#12071 = LINE('',#12072,#12073);
#12072 = CARTESIAN_POINT('',(2.128E+03,1.E+03,1.468E+03));
#12073 = VECTOR('',#12074,1.);
#12074 = DIRECTION('',(-0.,1.,-0.));
#12075 = PCURVE('',#12043,#12076);
#12076 = DEFINITIONAL_REPRESENTATION('',(#12077),#12081);
#12077 = LINE('',#12078,#12079);
#12078 = CARTESIAN_POINT('',(-0.,-0.));
#12079 = VECTOR('',#12080,1.);
#12080 = DIRECTION('',(-0.,-1.));
#12081 = ( GEOMETRIC_REPRESENTATION_CONTEXT(2) 
PARAMETRIC_REPRESENTATION_CONTEXT() REPRESENTATION_CONTEXT('2D SPACE',''
  ) );
#12082 = PCURVE('',#12083,#12088);
#12083 = PLANE('',#12084);
#12084 = AXIS2_PLACEMENT_3D('',#12085,#12086,#12087);
#12085 = CARTESIAN_POINT('',(2.128E+03,1.E+03,1.468E+03));
#12086 = DIRECTION('',(-0.,-0.,1.));
#12087 = DIRECTION('',(1.,0.,0.));
#12088 = DEFINITIONAL_REPRESENTATION('',(#12089),#12093);
#12089 = LINE('',#12090,#12091);
#12090 = CARTESIAN_POINT('',(0.,-0.));
#12091 = VECTOR('',#12092,1.);
#12092 = DIRECTION('',(-0.,1.));
#12093 = ( GEOMETRIC_REPRESENTATION_CONTEXT(2) 
PARAMETRIC_REPRESENTATION_CONTEXT() REPRESENTATION_CONTEXT('2D SPACE',''
  ) );
#12094 = ORIENTED_EDGE('',*,*,#12095,.T.);
#12095 = EDGE_CURVE('',#12068,#12096,#12098,.T.);
#12096 = VERTEX_POINT('',#12097);
#12097 = CARTESIAN_POINT('',(2.128E+03,1.03E+03,1.498E+03));
#12098 = SURFACE_CURVE('',#12099,(#12103,#12110),.PCURVE_S1.);
#12099 = LINE('',#12100,#12101);
#12100 = CARTESIAN_POINT('',(2.128E+03,1.03E+03,1.468E+03));
#12101 = VECTOR('',#12102,1.);
#12102 = DIRECTION('',(-0.,-0.,1.));
#12103 = PCURVE('',#12043,#12104);
#12104 = DEFINITIONAL_REPRESENTATION('',(#12105),#12109);
#12105 = LINE('',#12106,#12107);
#12106 = CARTESIAN_POINT('',(-0.,-30.));
#12107 = VECTOR('',#12108,1.);
#12108 = DIRECTION('',(-1.,-0.));
#12109 = ( GEOMETRIC_REPRESENTATION_CONTEXT(2) 
PARAMETRIC_REPRESENTATION_CONTEXT() REPRESENTATION_CONTEXT('2D SPACE',''
  ) );
#12110 = PCURVE('',#12111,#12116);
#12111 = PLANE('',#12112);
#12112 = AXIS2_PLACEMENT_3D('',#12113,#12114,#12115);
#12113 = CARTESIAN_POINT('',(2.128E+03,1.03E+03,1.468E+03));
#12114 = DIRECTION('',(-0.,1.,-0.));
#12115 = DIRECTION('',(0.,0.,-1.));
#12116 = DEFINITIONAL_REPRESENTATION('',(#12117),#12121);
#12117 = LINE('',#12118,#12119);
#12118 = CARTESIAN_POINT('',(-0.,-0.));
#12119 = VECTOR('',#12120,1.);
#12120 = DIRECTION('',(-1.,0.));
#12121 = ( GEOMETRIC_REPRESENTATION_CONTEXT(2) 
PARAMETRIC_REPRESENTATION_CONTEXT() REPRESENTATION_CONTEXT('2D SPACE',''
  ) );
#12122 = ORIENTED_EDGE('',*,*,#12123,.F.);
#12123 = EDGE_CURVE('',#12035,#12096,#12124,.T.);
#12124 = SURFACE_CURVE('',#12125,(#12129,#12136),.PCURVE_S1.);
#12125 = LINE('',#12126,#12127);
#12126 = CARTESIAN_POINT('',(2.128E+03,1.E+03,1.498E+03));
#12127 = VECTOR('',#12128,1.);
#12128 = DIRECTION('',(-0.,1.,-0.));
#12129 = PCURVE('',#12043,#12130);
#12130 = DEFINITIONAL_REPRESENTATION('',(#12131),#12135);
#12131 = LINE('',#12132,#12133);
#12132 = CARTESIAN_POINT('',(-30.,-0.));
#12133 = VECTOR('',#12134,1.);
#12134 = DIRECTION('',(-0.,-1.));
#12135 = ( GEOMETRIC_REPRESENTATION_CONTEXT(2) 
PARAMETRIC_REPRESENTATION_CONTEXT() REPRESENTATION_CONTEXT('2D SPACE',''
  ) );
#12136 = PCURVE('',#12137,#12142);
#12137 = PLANE('',#12138);
#12138 = AXIS2_PLACEMENT_3D('',#12139,#12140,#12141);
#12139 = CARTESIAN_POINT('',(2.128E+03,1.E+03,1.498E+03));
#12140 = DIRECTION('',(-0.,-0.,1.));
#12141 = DIRECTION('',(1.,0.,0.));
#12142 = DEFINITIONAL_REPRESENTATION('',(#12143),#12147);
#12143 = LINE('',#12144,#12145);
#12144 = CARTESIAN_POINT('',(0.,-0.));
#12145 = VECTOR('',#12146,1.);
#12146 = DIRECTION('',(-0.,1.));
#12147 = ( GEOMETRIC_REPRESENTATION_CONTEXT(2) 
PARAMETRIC_REPRESENTATION_CONTEXT() REPRESENTATION_CONTEXT('2D SPACE',''
  ) );
#12148 = FACE_BOUND('',#12149,.T.);
#12149 = EDGE_LOOP('',(#12150,#12180,#12208,#12236));
#12150 = ORIENTED_EDGE('',*,*,#12151,.T.);
#12151 = EDGE_CURVE('',#12152,#12154,#12156,.T.);
#12152 = VERTEX_POINT('',#12153);
#12153 = CARTESIAN_POINT('',(2.128E+03,1.028E+03,1.47E+03));
#12154 = VERTEX_POINT('',#12155);
#12155 = CARTESIAN_POINT('',(2.128E+03,1.002E+03,1.47E+03));
#12156 = SURFACE_CURVE('',#12157,(#12161,#12168),.PCURVE_S1.);
#12157 = LINE('',#12158,#12159);
#12158 = CARTESIAN_POINT('',(2.128E+03,1.001E+03,1.47E+03));
#12159 = VECTOR('',#12160,1.);
#12160 = DIRECTION('',(-0.,-1.,-0.));
#12161 = PCURVE('',#12043,#12162);
#12162 = DEFINITIONAL_REPRESENTATION('',(#12163),#12167);
#12163 = LINE('',#12164,#12165);
#12164 = CARTESIAN_POINT('',(-2.,-1.));
#12165 = VECTOR('',#12166,1.);
#12166 = DIRECTION('',(-0.,1.));
#12167 = ( GEOMETRIC_REPRESENTATION_CONTEXT(2) 
PARAMETRIC_REPRESENTATION_CONTEXT() REPRESENTATION_CONTEXT('2D SPACE',''
  ) );
#12168 = PCURVE('',#12169,#12174);
#12169 = PLANE('',#12170);
#12170 = AXIS2_PLACEMENT_3D('',#12171,#12172,#12173);
#12171 = CARTESIAN_POINT('',(2.129E+03,1.002E+03,1.47E+03));
#12172 = DIRECTION('',(-0.,-0.,1.));
#12173 = DIRECTION('',(1.,0.,0.));
#12174 = DEFINITIONAL_REPRESENTATION('',(#12175),#12179);
#12175 = LINE('',#12176,#12177);
#12176 = CARTESIAN_POINT('',(-1.,-1.));
#12177 = VECTOR('',#12178,1.);
#12178 = DIRECTION('',(-0.,-1.));
#12179 = ( GEOMETRIC_REPRESENTATION_CONTEXT(2) 
PARAMETRIC_REPRESENTATION_CONTEXT() REPRESENTATION_CONTEXT('2D SPACE',''
  ) );
#12180 = ORIENTED_EDGE('',*,*,#12181,.T.);
#12181 = EDGE_CURVE('',#12154,#12182,#12184,.T.);
#12182 = VERTEX_POINT('',#12183);
#12183 = CARTESIAN_POINT('',(2.128E+03,1.002E+03,1.496E+03));
#12184 = SURFACE_CURVE('',#12185,(#12189,#12196),.PCURVE_S1.);
#12185 = LINE('',#12186,#12187);
#12186 = CARTESIAN_POINT('',(2.128E+03,1.002E+03,1.469E+03));
#12187 = VECTOR('',#12188,1.);
#12188 = DIRECTION('',(-0.,-0.,1.));
#12189 = PCURVE('',#12043,#12190);
#12190 = DEFINITIONAL_REPRESENTATION('',(#12191),#12195);
#12191 = LINE('',#12192,#12193);
#12192 = CARTESIAN_POINT('',(-1.,-2.));
#12193 = VECTOR('',#12194,1.);
#12194 = DIRECTION('',(-1.,-0.));
#12195 = ( GEOMETRIC_REPRESENTATION_CONTEXT(2) 
PARAMETRIC_REPRESENTATION_CONTEXT() REPRESENTATION_CONTEXT('2D SPACE',''
  ) );
#12196 = PCURVE('',#12197,#12202);
#12197 = PLANE('',#12198);
#12198 = AXIS2_PLACEMENT_3D('',#12199,#12200,#12201);
#12199 = CARTESIAN_POINT('',(2.129E+03,1.002E+03,1.47E+03));
#12200 = DIRECTION('',(-0.,1.,-0.));
#12201 = DIRECTION('',(0.,0.,-1.));
#12202 = DEFINITIONAL_REPRESENTATION('',(#12203),#12207);
#12203 = LINE('',#12204,#12205);
#12204 = CARTESIAN_POINT('',(1.,1.));
#12205 = VECTOR('',#12206,1.);
#12206 = DIRECTION('',(-1.,0.));
#12207 = ( GEOMETRIC_REPRESENTATION_CONTEXT(2) 
PARAMETRIC_REPRESENTATION_CONTEXT() REPRESENTATION_CONTEXT('2D SPACE',''
  ) );
#12208 = ORIENTED_EDGE('',*,*,#12209,.F.);
#12209 = EDGE_CURVE('',#12210,#12182,#12212,.T.);
#12210 = VERTEX_POINT('',#12211);
#12211 = CARTESIAN_POINT('',(2.128E+03,1.028E+03,1.496E+03));
#12212 = SURFACE_CURVE('',#12213,(#12217,#12224),.PCURVE_S1.);
#12213 = LINE('',#12214,#12215);
#12214 = CARTESIAN_POINT('',(2.128E+03,1.001E+03,1.496E+03));
#12215 = VECTOR('',#12216,1.);
#12216 = DIRECTION('',(-0.,-1.,-0.));
#12217 = PCURVE('',#12043,#12218);
#12218 = DEFINITIONAL_REPRESENTATION('',(#12219),#12223);
#12219 = LINE('',#12220,#12221);
#12220 = CARTESIAN_POINT('',(-28.,-1.));
#12221 = VECTOR('',#12222,1.);
#12222 = DIRECTION('',(-0.,1.));
#12223 = ( GEOMETRIC_REPRESENTATION_CONTEXT(2) 
PARAMETRIC_REPRESENTATION_CONTEXT() REPRESENTATION_CONTEXT('2D SPACE',''
  ) );
#12224 = PCURVE('',#12225,#12230);
#12225 = PLANE('',#12226);
#12226 = AXIS2_PLACEMENT_3D('',#12227,#12228,#12229);
#12227 = CARTESIAN_POINT('',(2.129E+03,1.002E+03,1.496E+03));
#12228 = DIRECTION('',(-0.,-0.,1.));
#12229 = DIRECTION('',(1.,0.,0.));
#12230 = DEFINITIONAL_REPRESENTATION('',(#12231),#12235);
#12231 = LINE('',#12232,#12233);
#12232 = CARTESIAN_POINT('',(-1.,-1.));
#12233 = VECTOR('',#12234,1.);
#12234 = DIRECTION('',(-0.,-1.));
#12235 = ( GEOMETRIC_REPRESENTATION_CONTEXT(2) 
PARAMETRIC_REPRESENTATION_CONTEXT() REPRESENTATION_CONTEXT('2D SPACE',''
  ) );
#12236 = ORIENTED_EDGE('',*,*,#12237,.F.);
#12237 = EDGE_CURVE('',#12152,#12210,#12238,.T.);
#12238 = SURFACE_CURVE('',#12239,(#12243,#12250),.PCURVE_S1.);
#12239 = LINE('',#12240,#12241);
#12240 = CARTESIAN_POINT('',(2.128E+03,1.028E+03,1.469E+03));
#12241 = VECTOR('',#12242,1.);
#12242 = DIRECTION('',(-0.,-0.,1.));
#12243 = PCURVE('',#12043,#12244);
#12244 = DEFINITIONAL_REPRESENTATION('',(#12245),#12249);
#12245 = LINE('',#12246,#12247);
#12246 = CARTESIAN_POINT('',(-1.,-28.));
#12247 = VECTOR('',#12248,1.);
#12248 = DIRECTION('',(-1.,-0.));
#12249 = ( GEOMETRIC_REPRESENTATION_CONTEXT(2) 
PARAMETRIC_REPRESENTATION_CONTEXT() REPRESENTATION_CONTEXT('2D SPACE',''
  ) );
#12250 = PCURVE('',#12251,#12256);
#12251 = PLANE('',#12252);
#12252 = AXIS2_PLACEMENT_3D('',#12253,#12254,#12255);
#12253 = CARTESIAN_POINT('',(2.129E+03,1.028E+03,1.47E+03));
#12254 = DIRECTION('',(-0.,1.,-0.));
#12255 = DIRECTION('',(0.,0.,-1.));
#12256 = DEFINITIONAL_REPRESENTATION('',(#12257),#12261);
#12257 = LINE('',#12258,#12259);
#12258 = CARTESIAN_POINT('',(1.,1.));
#12259 = VECTOR('',#12260,1.);
#12260 = DIRECTION('',(-1.,0.));
#12261 = ( GEOMETRIC_REPRESENTATION_CONTEXT(2) 
PARAMETRIC_REPRESENTATION_CONTEXT() REPRESENTATION_CONTEXT('2D SPACE',''
  ) );
#12262 = ADVANCED_FACE('',(#12263),#12055,.F.);
#12263 = FACE_BOUND('',#12264,.T.);
#12264 = EDGE_LOOP('',(#12265,#12288,#12289,#12312));
#12265 = ORIENTED_EDGE('',*,*,#12266,.F.);
#12266 = EDGE_CURVE('',#12033,#12267,#12269,.T.);
#12267 = VERTEX_POINT('',#12268);
#12268 = CARTESIAN_POINT('',(1.738E+03,1.E+03,1.468E+03));
#12269 = SURFACE_CURVE('',#12270,(#12274,#12281),.PCURVE_S1.);
#12270 = LINE('',#12271,#12272);
#12271 = CARTESIAN_POINT('',(2.128E+03,1.E+03,1.468E+03));
#12272 = VECTOR('',#12273,1.);
#12273 = DIRECTION('',(-1.,-0.,-0.));
#12274 = PCURVE('',#12055,#12275);
#12275 = DEFINITIONAL_REPRESENTATION('',(#12276),#12280);
#12276 = LINE('',#12277,#12278);
#12277 = CARTESIAN_POINT('',(-0.,-0.));
#12278 = VECTOR('',#12279,1.);
#12279 = DIRECTION('',(-0.,1.));
#12280 = ( GEOMETRIC_REPRESENTATION_CONTEXT(2) 
PARAMETRIC_REPRESENTATION_CONTEXT() REPRESENTATION_CONTEXT('2D SPACE',''
  ) );
#12281 = PCURVE('',#12083,#12282);
#12282 = DEFINITIONAL_REPRESENTATION('',(#12283),#12287);
#12283 = LINE('',#12284,#12285);
#12284 = CARTESIAN_POINT('',(0.,-0.));
#12285 = VECTOR('',#12286,1.);
#12286 = DIRECTION('',(-1.,0.));
#12287 = ( GEOMETRIC_REPRESENTATION_CONTEXT(2) 
PARAMETRIC_REPRESENTATION_CONTEXT() REPRESENTATION_CONTEXT('2D SPACE',''
  ) );
#12288 = ORIENTED_EDGE('',*,*,#12032,.T.);
#12289 = ORIENTED_EDGE('',*,*,#12290,.T.);
#12290 = EDGE_CURVE('',#12035,#12291,#12293,.T.);
#12291 = VERTEX_POINT('',#12292);
#12292 = CARTESIAN_POINT('',(1.738E+03,1.E+03,1.498E+03));
#12293 = SURFACE_CURVE('',#12294,(#12298,#12305),.PCURVE_S1.);
#12294 = LINE('',#12295,#12296);
#12295 = CARTESIAN_POINT('',(2.128E+03,1.E+03,1.498E+03));
#12296 = VECTOR('',#12297,1.);
#12297 = DIRECTION('',(-1.,-0.,-0.));
#12298 = PCURVE('',#12055,#12299);
#12299 = DEFINITIONAL_REPRESENTATION('',(#12300),#12304);
#12300 = LINE('',#12301,#12302);
#12301 = CARTESIAN_POINT('',(-30.,-0.));
#12302 = VECTOR('',#12303,1.);
#12303 = DIRECTION('',(-0.,1.));
#12304 = ( GEOMETRIC_REPRESENTATION_CONTEXT(2) 
PARAMETRIC_REPRESENTATION_CONTEXT() REPRESENTATION_CONTEXT('2D SPACE',''
  ) );
#12305 = PCURVE('',#12137,#12306);
#12306 = DEFINITIONAL_REPRESENTATION('',(#12307),#12311);
#12307 = LINE('',#12308,#12309);
#12308 = CARTESIAN_POINT('',(0.,-0.));
#12309 = VECTOR('',#12310,1.);
#12310 = DIRECTION('',(-1.,0.));
#12311 = ( GEOMETRIC_REPRESENTATION_CONTEXT(2) 
PARAMETRIC_REPRESENTATION_CONTEXT() REPRESENTATION_CONTEXT('2D SPACE',''
  ) );
#12312 = ORIENTED_EDGE('',*,*,#12313,.F.);
#12313 = EDGE_CURVE('',#12267,#12291,#12314,.T.);
#12314 = SURFACE_CURVE('',#12315,(#12319,#12326),.PCURVE_S1.);
#12315 = LINE('',#12316,#12317);
#12316 = CARTESIAN_POINT('',(1.738E+03,1.E+03,1.468E+03));
#12317 = VECTOR('',#12318,1.);
#12318 = DIRECTION('',(-0.,-0.,1.));
#12319 = PCURVE('',#12055,#12320);
#12320 = DEFINITIONAL_REPRESENTATION('',(#12321),#12325);
#12321 = LINE('',#12322,#12323);
#12322 = CARTESIAN_POINT('',(-0.,390.));
#12323 = VECTOR('',#12324,1.);
#12324 = DIRECTION('',(-1.,0.));
#12325 = ( GEOMETRIC_REPRESENTATION_CONTEXT(2) 
PARAMETRIC_REPRESENTATION_CONTEXT() REPRESENTATION_CONTEXT('2D SPACE',''
  ) );
#12326 = PCURVE('',#12327,#12332);
#12327 = PLANE('',#12328);
#12328 = AXIS2_PLACEMENT_3D('',#12329,#12330,#12331);
#12329 = CARTESIAN_POINT('',(1.738E+03,1.E+03,1.468E+03));
#12330 = DIRECTION('',(-1.,-0.,-0.));
#12331 = DIRECTION('',(0.,0.,-1.));
#12332 = DEFINITIONAL_REPRESENTATION('',(#12333),#12337);
#12333 = LINE('',#12334,#12335);
#12334 = CARTESIAN_POINT('',(-0.,-0.));
#12335 = VECTOR('',#12336,1.);
#12336 = DIRECTION('',(-1.,-0.));
#12337 = ( GEOMETRIC_REPRESENTATION_CONTEXT(2) 
PARAMETRIC_REPRESENTATION_CONTEXT() REPRESENTATION_CONTEXT('2D SPACE',''
  ) );
#12338 = ADVANCED_FACE('',(#12339),#12137,.T.);
#12339 = FACE_BOUND('',#12340,.F.);
#12340 = EDGE_LOOP('',(#12341,#12342,#12343,#12366));
#12341 = ORIENTED_EDGE('',*,*,#12123,.F.);
#12342 = ORIENTED_EDGE('',*,*,#12290,.T.);
#12343 = ORIENTED_EDGE('',*,*,#12344,.T.);
#12344 = EDGE_CURVE('',#12291,#12345,#12347,.T.);
#12345 = VERTEX_POINT('',#12346);
#12346 = CARTESIAN_POINT('',(1.738E+03,1.03E+03,1.498E+03));
#12347 = SURFACE_CURVE('',#12348,(#12352,#12359),.PCURVE_S1.);
#12348 = LINE('',#12349,#12350);
#12349 = CARTESIAN_POINT('',(1.738E+03,1.E+03,1.498E+03));
#12350 = VECTOR('',#12351,1.);
#12351 = DIRECTION('',(-0.,1.,-0.));
#12352 = PCURVE('',#12137,#12353);
#12353 = DEFINITIONAL_REPRESENTATION('',(#12354),#12358);
#12354 = LINE('',#12355,#12356);
#12355 = CARTESIAN_POINT('',(-390.,0.));
#12356 = VECTOR('',#12357,1.);
#12357 = DIRECTION('',(-0.,1.));
#12358 = ( GEOMETRIC_REPRESENTATION_CONTEXT(2) 
PARAMETRIC_REPRESENTATION_CONTEXT() REPRESENTATION_CONTEXT('2D SPACE',''
  ) );
#12359 = PCURVE('',#12327,#12360);
#12360 = DEFINITIONAL_REPRESENTATION('',(#12361),#12365);
#12361 = LINE('',#12362,#12363);
#12362 = CARTESIAN_POINT('',(-30.,-0.));
#12363 = VECTOR('',#12364,1.);
#12364 = DIRECTION('',(-0.,-1.));
#12365 = ( GEOMETRIC_REPRESENTATION_CONTEXT(2) 
PARAMETRIC_REPRESENTATION_CONTEXT() REPRESENTATION_CONTEXT('2D SPACE',''
  ) );
#12366 = ORIENTED_EDGE('',*,*,#12367,.F.);
#12367 = EDGE_CURVE('',#12096,#12345,#12368,.T.);
#12368 = SURFACE_CURVE('',#12369,(#12373,#12380),.PCURVE_S1.);
#12369 = LINE('',#12370,#12371);
#12370 = CARTESIAN_POINT('',(2.128E+03,1.03E+03,1.498E+03));
#12371 = VECTOR('',#12372,1.);
#12372 = DIRECTION('',(-1.,-0.,-0.));
#12373 = PCURVE('',#12137,#12374);
#12374 = DEFINITIONAL_REPRESENTATION('',(#12375),#12379);
#12375 = LINE('',#12376,#12377);
#12376 = CARTESIAN_POINT('',(0.,30.));
#12377 = VECTOR('',#12378,1.);
#12378 = DIRECTION('',(-1.,0.));
#12379 = ( GEOMETRIC_REPRESENTATION_CONTEXT(2) 
PARAMETRIC_REPRESENTATION_CONTEXT() REPRESENTATION_CONTEXT('2D SPACE',''
  ) );
#12380 = PCURVE('',#12111,#12381);
#12381 = DEFINITIONAL_REPRESENTATION('',(#12382),#12386);
#12382 = LINE('',#12383,#12384);
#12383 = CARTESIAN_POINT('',(-30.,-0.));
#12384 = VECTOR('',#12385,1.);
#12385 = DIRECTION('',(-0.,1.));
#12386 = ( GEOMETRIC_REPRESENTATION_CONTEXT(2) 
PARAMETRIC_REPRESENTATION_CONTEXT() REPRESENTATION_CONTEXT('2D SPACE',''
  ) );
#12387 = ADVANCED_FACE('',(#12388),#12083,.F.);
#12388 = FACE_BOUND('',#12389,.T.);
#12389 = EDGE_LOOP('',(#12390,#12391,#12392,#12415));
#12390 = ORIENTED_EDGE('',*,*,#12067,.F.);
#12391 = ORIENTED_EDGE('',*,*,#12266,.T.);
#12392 = ORIENTED_EDGE('',*,*,#12393,.T.);
#12393 = EDGE_CURVE('',#12267,#12394,#12396,.T.);
#12394 = VERTEX_POINT('',#12395);
#12395 = CARTESIAN_POINT('',(1.738E+03,1.03E+03,1.468E+03));
#12396 = SURFACE_CURVE('',#12397,(#12401,#12408),.PCURVE_S1.);
#12397 = LINE('',#12398,#12399);
#12398 = CARTESIAN_POINT('',(1.738E+03,1.E+03,1.468E+03));
#12399 = VECTOR('',#12400,1.);
#12400 = DIRECTION('',(-0.,1.,-0.));
#12401 = PCURVE('',#12083,#12402);
#12402 = DEFINITIONAL_REPRESENTATION('',(#12403),#12407);
#12403 = LINE('',#12404,#12405);
#12404 = CARTESIAN_POINT('',(-390.,0.));
#12405 = VECTOR('',#12406,1.);
#12406 = DIRECTION('',(-0.,1.));
#12407 = ( GEOMETRIC_REPRESENTATION_CONTEXT(2) 
PARAMETRIC_REPRESENTATION_CONTEXT() REPRESENTATION_CONTEXT('2D SPACE',''
  ) );
#12408 = PCURVE('',#12327,#12409);
#12409 = DEFINITIONAL_REPRESENTATION('',(#12410),#12414);
#12410 = LINE('',#12411,#12412);
#12411 = CARTESIAN_POINT('',(-0.,-0.));
#12412 = VECTOR('',#12413,1.);
#12413 = DIRECTION('',(-0.,-1.));
#12414 = ( GEOMETRIC_REPRESENTATION_CONTEXT(2) 
PARAMETRIC_REPRESENTATION_CONTEXT() REPRESENTATION_CONTEXT('2D SPACE',''
  ) );
#12415 = ORIENTED_EDGE('',*,*,#12416,.F.);
#12416 = EDGE_CURVE('',#12068,#12394,#12417,.T.);
#12417 = SURFACE_CURVE('',#12418,(#12422,#12429),.PCURVE_S1.);
#12418 = LINE('',#12419,#12420);
#12419 = CARTESIAN_POINT('',(2.128E+03,1.03E+03,1.468E+03));
#12420 = VECTOR('',#12421,1.);
#12421 = DIRECTION('',(-1.,-0.,-0.));
#12422 = PCURVE('',#12083,#12423);
#12423 = DEFINITIONAL_REPRESENTATION('',(#12424),#12428);
#12424 = LINE('',#12425,#12426);
#12425 = CARTESIAN_POINT('',(0.,30.));
#12426 = VECTOR('',#12427,1.);
#12427 = DIRECTION('',(-1.,0.));
#12428 = ( GEOMETRIC_REPRESENTATION_CONTEXT(2) 
PARAMETRIC_REPRESENTATION_CONTEXT() REPRESENTATION_CONTEXT('2D SPACE',''
  ) );
#12429 = PCURVE('',#12111,#12430);
#12430 = DEFINITIONAL_REPRESENTATION('',(#12431),#12435);
#12431 = LINE('',#12432,#12433);
#12432 = CARTESIAN_POINT('',(-0.,-0.));
#12433 = VECTOR('',#12434,1.);
#12434 = DIRECTION('',(-0.,1.));
#12435 = ( GEOMETRIC_REPRESENTATION_CONTEXT(2) 
PARAMETRIC_REPRESENTATION_CONTEXT() REPRESENTATION_CONTEXT('2D SPACE',''
  ) );
#12436 = ADVANCED_FACE('',(#12437),#12111,.T.);
#12437 = FACE_BOUND('',#12438,.F.);
#12438 = EDGE_LOOP('',(#12439,#12440,#12441,#12442));
#12439 = ORIENTED_EDGE('',*,*,#12416,.F.);
#12440 = ORIENTED_EDGE('',*,*,#12095,.T.);
#12441 = ORIENTED_EDGE('',*,*,#12367,.T.);
#12442 = ORIENTED_EDGE('',*,*,#12443,.F.);
#12443 = EDGE_CURVE('',#12394,#12345,#12444,.T.);
#12444 = SURFACE_CURVE('',#12445,(#12449,#12456),.PCURVE_S1.);
#12445 = LINE('',#12446,#12447);
#12446 = CARTESIAN_POINT('',(1.738E+03,1.03E+03,1.468E+03));
#12447 = VECTOR('',#12448,1.);
#12448 = DIRECTION('',(-0.,-0.,1.));
#12449 = PCURVE('',#12111,#12450);
#12450 = DEFINITIONAL_REPRESENTATION('',(#12451),#12455);
#12451 = LINE('',#12452,#12453);
#12452 = CARTESIAN_POINT('',(-0.,390.));
#12453 = VECTOR('',#12454,1.);
#12454 = DIRECTION('',(-1.,0.));
#12455 = ( GEOMETRIC_REPRESENTATION_CONTEXT(2) 
PARAMETRIC_REPRESENTATION_CONTEXT() REPRESENTATION_CONTEXT('2D SPACE',''
  ) );
#12456 = PCURVE('',#12327,#12457);
#12457 = DEFINITIONAL_REPRESENTATION('',(#12458),#12462);
#12458 = LINE('',#12459,#12460);
#12459 = CARTESIAN_POINT('',(-0.,-30.));
#12460 = VECTOR('',#12461,1.);
#12461 = DIRECTION('',(-1.,-0.));
#12462 = ( GEOMETRIC_REPRESENTATION_CONTEXT(2) 
PARAMETRIC_REPRESENTATION_CONTEXT() REPRESENTATION_CONTEXT('2D SPACE',''
  ) );
#12463 = ADVANCED_FACE('',(#12464),#12169,.T.);
#12464 = FACE_BOUND('',#12465,.F.);
#12465 = EDGE_LOOP('',(#12466,#12489,#12490,#12513));
#12466 = ORIENTED_EDGE('',*,*,#12467,.F.);
#12467 = EDGE_CURVE('',#12152,#12468,#12470,.T.);
#12468 = VERTEX_POINT('',#12469);
#12469 = CARTESIAN_POINT('',(1.738E+03,1.028E+03,1.47E+03));
#12470 = SURFACE_CURVE('',#12471,(#12475,#12482),.PCURVE_S1.);
#12471 = LINE('',#12472,#12473);
#12472 = CARTESIAN_POINT('',(2.129E+03,1.028E+03,1.47E+03));
#12473 = VECTOR('',#12474,1.);
#12474 = DIRECTION('',(-1.,-0.,-0.));
#12475 = PCURVE('',#12169,#12476);
#12476 = DEFINITIONAL_REPRESENTATION('',(#12477),#12481);
#12477 = LINE('',#12478,#12479);
#12478 = CARTESIAN_POINT('',(0.,26.));
#12479 = VECTOR('',#12480,1.);
#12480 = DIRECTION('',(-1.,0.));
#12481 = ( GEOMETRIC_REPRESENTATION_CONTEXT(2) 
PARAMETRIC_REPRESENTATION_CONTEXT() REPRESENTATION_CONTEXT('2D SPACE',''
  ) );
#12482 = PCURVE('',#12251,#12483);
#12483 = DEFINITIONAL_REPRESENTATION('',(#12484),#12488);
#12484 = LINE('',#12485,#12486);
#12485 = CARTESIAN_POINT('',(-0.,-0.));
#12486 = VECTOR('',#12487,1.);
#12487 = DIRECTION('',(-0.,1.));
#12488 = ( GEOMETRIC_REPRESENTATION_CONTEXT(2) 
PARAMETRIC_REPRESENTATION_CONTEXT() REPRESENTATION_CONTEXT('2D SPACE',''
  ) );
#12489 = ORIENTED_EDGE('',*,*,#12151,.T.);
#12490 = ORIENTED_EDGE('',*,*,#12491,.T.);
#12491 = EDGE_CURVE('',#12154,#12492,#12494,.T.);
#12492 = VERTEX_POINT('',#12493);
#12493 = CARTESIAN_POINT('',(1.738E+03,1.002E+03,1.47E+03));
#12494 = SURFACE_CURVE('',#12495,(#12499,#12506),.PCURVE_S1.);
#12495 = LINE('',#12496,#12497);
#12496 = CARTESIAN_POINT('',(2.129E+03,1.002E+03,1.47E+03));
#12497 = VECTOR('',#12498,1.);
#12498 = DIRECTION('',(-1.,-0.,-0.));
#12499 = PCURVE('',#12169,#12500);
#12500 = DEFINITIONAL_REPRESENTATION('',(#12501),#12505);
#12501 = LINE('',#12502,#12503);
#12502 = CARTESIAN_POINT('',(0.,-0.));
#12503 = VECTOR('',#12504,1.);
#12504 = DIRECTION('',(-1.,0.));
#12505 = ( GEOMETRIC_REPRESENTATION_CONTEXT(2) 
PARAMETRIC_REPRESENTATION_CONTEXT() REPRESENTATION_CONTEXT('2D SPACE',''
  ) );
#12506 = PCURVE('',#12197,#12507);
#12507 = DEFINITIONAL_REPRESENTATION('',(#12508),#12512);
#12508 = LINE('',#12509,#12510);
#12509 = CARTESIAN_POINT('',(-0.,-0.));
#12510 = VECTOR('',#12511,1.);
#12511 = DIRECTION('',(-0.,1.));
#12512 = ( GEOMETRIC_REPRESENTATION_CONTEXT(2) 
PARAMETRIC_REPRESENTATION_CONTEXT() REPRESENTATION_CONTEXT('2D SPACE',''
  ) );
#12513 = ORIENTED_EDGE('',*,*,#12514,.F.);
#12514 = EDGE_CURVE('',#12468,#12492,#12515,.T.);
#12515 = SURFACE_CURVE('',#12516,(#12520,#12527),.PCURVE_S1.);
#12516 = LINE('',#12517,#12518);
#12517 = CARTESIAN_POINT('',(1.738E+03,1.001E+03,1.47E+03));
#12518 = VECTOR('',#12519,1.);
#12519 = DIRECTION('',(-0.,-1.,-0.));
#12520 = PCURVE('',#12169,#12521);
#12521 = DEFINITIONAL_REPRESENTATION('',(#12522),#12526);
#12522 = LINE('',#12523,#12524);
#12523 = CARTESIAN_POINT('',(-391.,-1.));
#12524 = VECTOR('',#12525,1.);
#12525 = DIRECTION('',(-0.,-1.));
#12526 = ( GEOMETRIC_REPRESENTATION_CONTEXT(2) 
PARAMETRIC_REPRESENTATION_CONTEXT() REPRESENTATION_CONTEXT('2D SPACE',''
  ) );
#12527 = PCURVE('',#12327,#12528);
#12528 = DEFINITIONAL_REPRESENTATION('',(#12529),#12533);
#12529 = LINE('',#12530,#12531);
#12530 = CARTESIAN_POINT('',(-2.,-1.));
#12531 = VECTOR('',#12532,1.);
#12532 = DIRECTION('',(-0.,1.));
#12533 = ( GEOMETRIC_REPRESENTATION_CONTEXT(2) 
PARAMETRIC_REPRESENTATION_CONTEXT() REPRESENTATION_CONTEXT('2D SPACE',''
  ) );
#12534 = ADVANCED_FACE('',(#12535),#12251,.F.);
#12535 = FACE_BOUND('',#12536,.T.);
#12536 = EDGE_LOOP('',(#12537,#12538,#12539,#12562));
#12537 = ORIENTED_EDGE('',*,*,#12467,.F.);
#12538 = ORIENTED_EDGE('',*,*,#12237,.T.);
#12539 = ORIENTED_EDGE('',*,*,#12540,.T.);
#12540 = EDGE_CURVE('',#12210,#12541,#12543,.T.);
#12541 = VERTEX_POINT('',#12542);
#12542 = CARTESIAN_POINT('',(1.738E+03,1.028E+03,1.496E+03));
#12543 = SURFACE_CURVE('',#12544,(#12548,#12555),.PCURVE_S1.);
#12544 = LINE('',#12545,#12546);
#12545 = CARTESIAN_POINT('',(2.129E+03,1.028E+03,1.496E+03));
#12546 = VECTOR('',#12547,1.);
#12547 = DIRECTION('',(-1.,-0.,-0.));
#12548 = PCURVE('',#12251,#12549);
#12549 = DEFINITIONAL_REPRESENTATION('',(#12550),#12554);
#12550 = LINE('',#12551,#12552);
#12551 = CARTESIAN_POINT('',(-26.,-0.));
#12552 = VECTOR('',#12553,1.);
#12553 = DIRECTION('',(-0.,1.));
#12554 = ( GEOMETRIC_REPRESENTATION_CONTEXT(2) 
PARAMETRIC_REPRESENTATION_CONTEXT() REPRESENTATION_CONTEXT('2D SPACE',''
  ) );
#12555 = PCURVE('',#12225,#12556);
#12556 = DEFINITIONAL_REPRESENTATION('',(#12557),#12561);
#12557 = LINE('',#12558,#12559);
#12558 = CARTESIAN_POINT('',(0.,26.));
#12559 = VECTOR('',#12560,1.);
#12560 = DIRECTION('',(-1.,0.));
#12561 = ( GEOMETRIC_REPRESENTATION_CONTEXT(2) 
PARAMETRIC_REPRESENTATION_CONTEXT() REPRESENTATION_CONTEXT('2D SPACE',''
  ) );
#12562 = ORIENTED_EDGE('',*,*,#12563,.F.);
#12563 = EDGE_CURVE('',#12468,#12541,#12564,.T.);
#12564 = SURFACE_CURVE('',#12565,(#12569,#12576),.PCURVE_S1.);
#12565 = LINE('',#12566,#12567);
#12566 = CARTESIAN_POINT('',(1.738E+03,1.028E+03,1.469E+03));
#12567 = VECTOR('',#12568,1.);
#12568 = DIRECTION('',(-0.,-0.,1.));
#12569 = PCURVE('',#12251,#12570);
#12570 = DEFINITIONAL_REPRESENTATION('',(#12571),#12575);
#12571 = LINE('',#12572,#12573);
#12572 = CARTESIAN_POINT('',(1.,391.));
#12573 = VECTOR('',#12574,1.);
#12574 = DIRECTION('',(-1.,0.));
#12575 = ( GEOMETRIC_REPRESENTATION_CONTEXT(2) 
PARAMETRIC_REPRESENTATION_CONTEXT() REPRESENTATION_CONTEXT('2D SPACE',''
  ) );
#12576 = PCURVE('',#12327,#12577);
#12577 = DEFINITIONAL_REPRESENTATION('',(#12578),#12582);
#12578 = LINE('',#12579,#12580);
#12579 = CARTESIAN_POINT('',(-1.,-28.));
#12580 = VECTOR('',#12581,1.);
#12581 = DIRECTION('',(-1.,-0.));
#12582 = ( GEOMETRIC_REPRESENTATION_CONTEXT(2) 
PARAMETRIC_REPRESENTATION_CONTEXT() REPRESENTATION_CONTEXT('2D SPACE',''
  ) );
#12583 = ADVANCED_FACE('',(#12584),#12225,.F.);
#12584 = FACE_BOUND('',#12585,.T.);
#12585 = EDGE_LOOP('',(#12586,#12587,#12588,#12611));
#12586 = ORIENTED_EDGE('',*,*,#12540,.F.);
#12587 = ORIENTED_EDGE('',*,*,#12209,.T.);
#12588 = ORIENTED_EDGE('',*,*,#12589,.T.);
#12589 = EDGE_CURVE('',#12182,#12590,#12592,.T.);
#12590 = VERTEX_POINT('',#12591);
#12591 = CARTESIAN_POINT('',(1.738E+03,1.002E+03,1.496E+03));
#12592 = SURFACE_CURVE('',#12593,(#12597,#12604),.PCURVE_S1.);
#12593 = LINE('',#12594,#12595);
#12594 = CARTESIAN_POINT('',(2.129E+03,1.002E+03,1.496E+03));
#12595 = VECTOR('',#12596,1.);
#12596 = DIRECTION('',(-1.,-0.,-0.));
#12597 = PCURVE('',#12225,#12598);
#12598 = DEFINITIONAL_REPRESENTATION('',(#12599),#12603);
#12599 = LINE('',#12600,#12601);
#12600 = CARTESIAN_POINT('',(0.,-0.));
#12601 = VECTOR('',#12602,1.);
#12602 = DIRECTION('',(-1.,0.));
#12603 = ( GEOMETRIC_REPRESENTATION_CONTEXT(2) 
PARAMETRIC_REPRESENTATION_CONTEXT() REPRESENTATION_CONTEXT('2D SPACE',''
  ) );
#12604 = PCURVE('',#12197,#12605);
#12605 = DEFINITIONAL_REPRESENTATION('',(#12606),#12610);
#12606 = LINE('',#12607,#12608);
#12607 = CARTESIAN_POINT('',(-26.,-0.));
#12608 = VECTOR('',#12609,1.);
#12609 = DIRECTION('',(-0.,1.));
#12610 = ( GEOMETRIC_REPRESENTATION_CONTEXT(2) 
PARAMETRIC_REPRESENTATION_CONTEXT() REPRESENTATION_CONTEXT('2D SPACE',''
  ) );
#12611 = ORIENTED_EDGE('',*,*,#12612,.F.);
#12612 = EDGE_CURVE('',#12541,#12590,#12613,.T.);
#12613 = SURFACE_CURVE('',#12614,(#12618,#12625),.PCURVE_S1.);
#12614 = LINE('',#12615,#12616);
#12615 = CARTESIAN_POINT('',(1.738E+03,1.001E+03,1.496E+03));
#12616 = VECTOR('',#12617,1.);
#12617 = DIRECTION('',(-0.,-1.,-0.));
#12618 = PCURVE('',#12225,#12619);
#12619 = DEFINITIONAL_REPRESENTATION('',(#12620),#12624);
#12620 = LINE('',#12621,#12622);
#12621 = CARTESIAN_POINT('',(-391.,-1.));
#12622 = VECTOR('',#12623,1.);
#12623 = DIRECTION('',(-0.,-1.));
#12624 = ( GEOMETRIC_REPRESENTATION_CONTEXT(2) 
PARAMETRIC_REPRESENTATION_CONTEXT() REPRESENTATION_CONTEXT('2D SPACE',''
  ) );
#12625 = PCURVE('',#12327,#12626);
#12626 = DEFINITIONAL_REPRESENTATION('',(#12627),#12631);
#12627 = LINE('',#12628,#12629);
#12628 = CARTESIAN_POINT('',(-28.,-1.));
#12629 = VECTOR('',#12630,1.);
#12630 = DIRECTION('',(-0.,1.));
#12631 = ( GEOMETRIC_REPRESENTATION_CONTEXT(2) 
PARAMETRIC_REPRESENTATION_CONTEXT() REPRESENTATION_CONTEXT('2D SPACE',''
  ) );
#12632 = ADVANCED_FACE('',(#12633),#12197,.T.);
#12633 = FACE_BOUND('',#12634,.F.);
#12634 = EDGE_LOOP('',(#12635,#12636,#12637,#12638));
#12635 = ORIENTED_EDGE('',*,*,#12491,.F.);
#12636 = ORIENTED_EDGE('',*,*,#12181,.T.);
#12637 = ORIENTED_EDGE('',*,*,#12589,.T.);
#12638 = ORIENTED_EDGE('',*,*,#12639,.F.);
#12639 = EDGE_CURVE('',#12492,#12590,#12640,.T.);
#12640 = SURFACE_CURVE('',#12641,(#12645,#12652),.PCURVE_S1.);
#12641 = LINE('',#12642,#12643);
#12642 = CARTESIAN_POINT('',(1.738E+03,1.002E+03,1.469E+03));
#12643 = VECTOR('',#12644,1.);
#12644 = DIRECTION('',(-0.,-0.,1.));
#12645 = PCURVE('',#12197,#12646);
#12646 = DEFINITIONAL_REPRESENTATION('',(#12647),#12651);
#12647 = LINE('',#12648,#12649);
#12648 = CARTESIAN_POINT('',(1.,391.));
#12649 = VECTOR('',#12650,1.);
#12650 = DIRECTION('',(-1.,0.));
#12651 = ( GEOMETRIC_REPRESENTATION_CONTEXT(2) 
PARAMETRIC_REPRESENTATION_CONTEXT() REPRESENTATION_CONTEXT('2D SPACE',''
  ) );
#12652 = PCURVE('',#12327,#12653);
#12653 = DEFINITIONAL_REPRESENTATION('',(#12654),#12658);
#12654 = LINE('',#12655,#12656);
#12655 = CARTESIAN_POINT('',(-1.,-2.));
#12656 = VECTOR('',#12657,1.);
#12657 = DIRECTION('',(-1.,-0.));
#12658 = ( GEOMETRIC_REPRESENTATION_CONTEXT(2) 
PARAMETRIC_REPRESENTATION_CONTEXT() REPRESENTATION_CONTEXT('2D SPACE',''
  ) );
#12659 = ADVANCED_FACE('',(#12660,#12666),#12327,.T.);
#12660 = FACE_BOUND('',#12661,.F.);
#12661 = EDGE_LOOP('',(#12662,#12663,#12664,#12665));
#12662 = ORIENTED_EDGE('',*,*,#12313,.F.);
#12663 = ORIENTED_EDGE('',*,*,#12393,.T.);
#12664 = ORIENTED_EDGE('',*,*,#12443,.T.);
#12665 = ORIENTED_EDGE('',*,*,#12344,.F.);
#12666 = FACE_BOUND('',#12667,.F.);
#12667 = EDGE_LOOP('',(#12668,#12669,#12670,#12671));
#12668 = ORIENTED_EDGE('',*,*,#12514,.T.);
#12669 = ORIENTED_EDGE('',*,*,#12639,.T.);
#12670 = ORIENTED_EDGE('',*,*,#12612,.F.);
#12671 = ORIENTED_EDGE('',*,*,#12563,.F.);
#12672 = ( GEOMETRIC_REPRESENTATION_CONTEXT(3) 
GLOBAL_UNCERTAINTY_ASSIGNED_CONTEXT((#12676)) 
GLOBAL_UNIT_ASSIGNED_CONTEXT((#12673,#12674,#12675)) 
REPRESENTATION_CONTEXT('Context #1',
  '3D Context with UNIT and UNCERTAINTY') );
#12673 = ( LENGTH_UNIT() NAMED_UNIT(*) SI_UNIT(.MILLI.,.METRE.) );
#12674 = ( NAMED_UNIT(*) PLANE_ANGLE_UNIT() SI_UNIT($,.RADIAN.) );
#12675 = ( NAMED_UNIT(*) SI_UNIT($,.STERADIAN.) SOLID_ANGLE_UNIT() );
#12676 = UNCERTAINTY_MEASURE_WITH_UNIT(LENGTH_MEASURE(1.E-07),#12673,
  'distance_accuracy_value','confusion accuracy');
#12677 = CONTEXT_DEPENDENT_SHAPE_REPRESENTATION(#12678,#12680);
#12678 = ( REPRESENTATION_RELATIONSHIP('','',#12025,#10) 
REPRESENTATION_RELATIONSHIP_WITH_TRANSFORMATION(#12679) 
SHAPE_REPRESENTATION_RELATIONSHIP() );
#12679 = ITEM_DEFINED_TRANSFORMATION('','',#11,#83);
#12680 = PRODUCT_DEFINITION_SHAPE('Placement','Placement of an item',
  #12681);
#12681 = NEXT_ASSEMBLY_USAGE_OCCURRENCE('334','','',#5,#12020,$);
#12682 = PRODUCT_RELATED_PRODUCT_CATEGORY('part',$,(#12022));
#12683 = SHAPE_DEFINITION_REPRESENTATION(#12684,#12690);
#12684 = PRODUCT_DEFINITION_SHAPE('','',#12685);
#12685 = PRODUCT_DEFINITION('design','',#12686,#12689);
#12686 = PRODUCT_DEFINITION_FORMATION('','',#12687);
#12687 = PRODUCT('Open CASCADE STEP translator 7.9 12.19',
  'Open CASCADE STEP translator 7.9 12.19','',(#12688));
#12688 = PRODUCT_CONTEXT('',#2,'mechanical');
#12689 = PRODUCT_DEFINITION_CONTEXT('part definition',#2,'design');
#12690 = ADVANCED_BREP_SHAPE_REPRESENTATION('',(#11,#12691),#13645);
#12691 = MANIFOLD_SOLID_BREP('',#12692);
#12692 = CLOSED_SHELL('',(#12693,#12813,#13113,#13162,#13395,#13422,
    #13449,#13476,#13503,#13530,#13557,#13584,#13611,#13638));
#12693 = ADVANCED_FACE('',(#12694),#12708,.F.);
#12694 = FACE_BOUND('',#12695,.T.);
#12695 = EDGE_LOOP('',(#12696,#12731,#12759,#12787));
#12696 = ORIENTED_EDGE('',*,*,#12697,.F.);
#12697 = EDGE_CURVE('',#12698,#12700,#12702,.T.);
#12698 = VERTEX_POINT('',#12699);
#12699 = CARTESIAN_POINT('',(2.158E+03,100.5,1.5E+03));
#12700 = VERTEX_POINT('',#12701);
#12701 = CARTESIAN_POINT('',(2.158E+03,999.5,1.5E+03));
#12702 = SURFACE_CURVE('',#12703,(#12707,#12719),.PCURVE_S1.);
#12703 = LINE('',#12704,#12705);
#12704 = CARTESIAN_POINT('',(2.158E+03,70.,1.5E+03));
#12705 = VECTOR('',#12706,1.);
#12706 = DIRECTION('',(-0.,1.,-0.));
#12707 = PCURVE('',#12708,#12713);
#12708 = PLANE('',#12709);
#12709 = AXIS2_PLACEMENT_3D('',#12710,#12711,#12712);
#12710 = CARTESIAN_POINT('',(2.158E+03,70.,1.498E+03));
#12711 = DIRECTION('',(-1.,-0.,-0.));
#12712 = DIRECTION('',(0.,0.,-1.));
#12713 = DEFINITIONAL_REPRESENTATION('',(#12714),#12718);
#12714 = LINE('',#12715,#12716);
#12715 = CARTESIAN_POINT('',(-2.,-0.));
#12716 = VECTOR('',#12717,1.);
#12717 = DIRECTION('',(-0.,-1.));
#12718 = ( GEOMETRIC_REPRESENTATION_CONTEXT(2) 
PARAMETRIC_REPRESENTATION_CONTEXT() REPRESENTATION_CONTEXT('2D SPACE',''
  ) );
#12719 = PCURVE('',#12720,#12725);
#12720 = PLANE('',#12721);
#12721 = AXIS2_PLACEMENT_3D('',#12722,#12723,#12724);
#12722 = CARTESIAN_POINT('',(2.158E+03,70.,1.5E+03));
#12723 = DIRECTION('',(-0.,-0.,1.));
#12724 = DIRECTION('',(1.,0.,0.));
#12725 = DEFINITIONAL_REPRESENTATION('',(#12726),#12730);
#12726 = LINE('',#12727,#12728);
#12727 = CARTESIAN_POINT('',(0.,-0.));
#12728 = VECTOR('',#12729,1.);
#12729 = DIRECTION('',(-0.,1.));
#12730 = ( GEOMETRIC_REPRESENTATION_CONTEXT(2) 
PARAMETRIC_REPRESENTATION_CONTEXT() REPRESENTATION_CONTEXT('2D SPACE',''
  ) );
#12731 = ORIENTED_EDGE('',*,*,#12732,.F.);
#12732 = EDGE_CURVE('',#12733,#12698,#12735,.T.);
#12733 = VERTEX_POINT('',#12734);
#12734 = CARTESIAN_POINT('',(2.158E+03,100.5,1.498E+03));
#12735 = SURFACE_CURVE('',#12736,(#12740,#12747),.PCURVE_S1.);
#12736 = LINE('',#12737,#12738);
#12737 = CARTESIAN_POINT('',(2.158E+03,100.5,1.4975E+03));
#12738 = VECTOR('',#12739,1.);
#12739 = DIRECTION('',(-0.,-0.,1.));
#12740 = PCURVE('',#12708,#12741);
#12741 = DEFINITIONAL_REPRESENTATION('',(#12742),#12746);
#12742 = LINE('',#12743,#12744);
#12743 = CARTESIAN_POINT('',(0.5,-30.5));
#12744 = VECTOR('',#12745,1.);
#12745 = DIRECTION('',(-1.,-0.));
#12746 = ( GEOMETRIC_REPRESENTATION_CONTEXT(2) 
PARAMETRIC_REPRESENTATION_CONTEXT() REPRESENTATION_CONTEXT('2D SPACE',''
  ) );
#12747 = PCURVE('',#12748,#12753);
#12748 = PLANE('',#12749);
#12749 = AXIS2_PLACEMENT_3D('',#12750,#12751,#12752);
#12750 = CARTESIAN_POINT('',(2.1585E+03,100.5,1.497E+03));
#12751 = DIRECTION('',(-0.,1.,-0.));
#12752 = DIRECTION('',(0.,0.,-1.));
#12753 = DEFINITIONAL_REPRESENTATION('',(#12754),#12758);
#12754 = LINE('',#12755,#12756);
#12755 = CARTESIAN_POINT('',(-0.5,0.5));
#12756 = VECTOR('',#12757,1.);
#12757 = DIRECTION('',(-1.,0.));
#12758 = ( GEOMETRIC_REPRESENTATION_CONTEXT(2) 
PARAMETRIC_REPRESENTATION_CONTEXT() REPRESENTATION_CONTEXT('2D SPACE',''
  ) );
#12759 = ORIENTED_EDGE('',*,*,#12760,.T.);
#12760 = EDGE_CURVE('',#12733,#12761,#12763,.T.);
#12761 = VERTEX_POINT('',#12762);
#12762 = CARTESIAN_POINT('',(2.158E+03,999.5,1.498E+03));
#12763 = SURFACE_CURVE('',#12764,(#12768,#12775),.PCURVE_S1.);
#12764 = LINE('',#12765,#12766);
#12765 = CARTESIAN_POINT('',(2.158E+03,70.,1.498E+03));
#12766 = VECTOR('',#12767,1.);
#12767 = DIRECTION('',(-0.,1.,-0.));
#12768 = PCURVE('',#12708,#12769);
#12769 = DEFINITIONAL_REPRESENTATION('',(#12770),#12774);
#12770 = LINE('',#12771,#12772);
#12771 = CARTESIAN_POINT('',(-0.,-0.));
#12772 = VECTOR('',#12773,1.);
#12773 = DIRECTION('',(-0.,-1.));
#12774 = ( GEOMETRIC_REPRESENTATION_CONTEXT(2) 
PARAMETRIC_REPRESENTATION_CONTEXT() REPRESENTATION_CONTEXT('2D SPACE',''
  ) );
#12775 = PCURVE('',#12776,#12781);
#12776 = PLANE('',#12777);
#12777 = AXIS2_PLACEMENT_3D('',#12778,#12779,#12780);
#12778 = CARTESIAN_POINT('',(2.158E+03,70.,1.498E+03));
#12779 = DIRECTION('',(-0.,-0.,1.));
#12780 = DIRECTION('',(1.,0.,0.));
#12781 = DEFINITIONAL_REPRESENTATION('',(#12782),#12786);
#12782 = LINE('',#12783,#12784);
#12783 = CARTESIAN_POINT('',(0.,-0.));
#12784 = VECTOR('',#12785,1.);
#12785 = DIRECTION('',(-0.,1.));
#12786 = ( GEOMETRIC_REPRESENTATION_CONTEXT(2) 
PARAMETRIC_REPRESENTATION_CONTEXT() REPRESENTATION_CONTEXT('2D SPACE',''
  ) );
#12787 = ORIENTED_EDGE('',*,*,#12788,.T.);
#12788 = EDGE_CURVE('',#12761,#12700,#12789,.T.);
#12789 = SURFACE_CURVE('',#12790,(#12794,#12801),.PCURVE_S1.);
#12790 = LINE('',#12791,#12792);
#12791 = CARTESIAN_POINT('',(2.158E+03,999.5,1.4975E+03));
#12792 = VECTOR('',#12793,1.);
#12793 = DIRECTION('',(-0.,-0.,1.));
#12794 = PCURVE('',#12708,#12795);
#12795 = DEFINITIONAL_REPRESENTATION('',(#12796),#12800);
#12796 = LINE('',#12797,#12798);
#12797 = CARTESIAN_POINT('',(0.5,-929.5));
#12798 = VECTOR('',#12799,1.);
#12799 = DIRECTION('',(-1.,-0.));
#12800 = ( GEOMETRIC_REPRESENTATION_CONTEXT(2) 
PARAMETRIC_REPRESENTATION_CONTEXT() REPRESENTATION_CONTEXT('2D SPACE',''
  ) );
#12801 = PCURVE('',#12802,#12807);
#12802 = PLANE('',#12803);
#12803 = AXIS2_PLACEMENT_3D('',#12804,#12805,#12806);
#12804 = CARTESIAN_POINT('',(2.1585E+03,999.5,1.497E+03));
#12805 = DIRECTION('',(-0.,1.,-0.));
#12806 = DIRECTION('',(0.,0.,-1.));
#12807 = DEFINITIONAL_REPRESENTATION('',(#12808),#12812);
#12808 = LINE('',#12809,#12810);
#12809 = CARTESIAN_POINT('',(-0.5,0.5));
#12810 = VECTOR('',#12811,1.);
#12811 = DIRECTION('',(-1.,0.));
#12812 = ( GEOMETRIC_REPRESENTATION_CONTEXT(2) 
PARAMETRIC_REPRESENTATION_CONTEXT() REPRESENTATION_CONTEXT('2D SPACE',''
  ) );
#12813 = ADVANCED_FACE('',(#12814),#12720,.T.);
#12814 = FACE_BOUND('',#12815,.F.);
#12815 = EDGE_LOOP('',(#12816,#12817,#12840,#12868,#12896,#12924,#12952,
    #12980,#13008,#13036,#13064,#13092));
#12816 = ORIENTED_EDGE('',*,*,#12697,.F.);
#12817 = ORIENTED_EDGE('',*,*,#12818,.F.);
#12818 = EDGE_CURVE('',#12819,#12698,#12821,.T.);
#12819 = VERTEX_POINT('',#12820);
#12820 = CARTESIAN_POINT('',(2.1275E+03,100.5,1.5E+03));
#12821 = SURFACE_CURVE('',#12822,(#12826,#12833),.PCURVE_S1.);
#12822 = LINE('',#12823,#12824);
#12823 = CARTESIAN_POINT('',(2.15825E+03,100.5,1.5E+03));
#12824 = VECTOR('',#12825,1.);
#12825 = DIRECTION('',(1.,-0.,0.));
#12826 = PCURVE('',#12720,#12827);
#12827 = DEFINITIONAL_REPRESENTATION('',(#12828),#12832);
#12828 = LINE('',#12829,#12830);
#12829 = CARTESIAN_POINT('',(0.25,30.5));
#12830 = VECTOR('',#12831,1.);
#12831 = DIRECTION('',(1.,-0.));
#12832 = ( GEOMETRIC_REPRESENTATION_CONTEXT(2) 
PARAMETRIC_REPRESENTATION_CONTEXT() REPRESENTATION_CONTEXT('2D SPACE',''
  ) );
#12833 = PCURVE('',#12748,#12834);
#12834 = DEFINITIONAL_REPRESENTATION('',(#12835),#12839);
#12835 = LINE('',#12836,#12837);
#12836 = CARTESIAN_POINT('',(-3.,0.25));
#12837 = VECTOR('',#12838,1.);
#12838 = DIRECTION('',(-0.,-1.));
#12839 = ( GEOMETRIC_REPRESENTATION_CONTEXT(2) 
PARAMETRIC_REPRESENTATION_CONTEXT() REPRESENTATION_CONTEXT('2D SPACE',''
  ) );
#12840 = ORIENTED_EDGE('',*,*,#12841,.F.);
#12841 = EDGE_CURVE('',#12842,#12819,#12844,.T.);
#12842 = VERTEX_POINT('',#12843);
#12843 = CARTESIAN_POINT('',(2.1275E+03,70.,1.5E+03));
#12844 = SURFACE_CURVE('',#12845,(#12849,#12856),.PCURVE_S1.);
#12845 = LINE('',#12846,#12847);
#12846 = CARTESIAN_POINT('',(2.1275E+03,69.75,1.5E+03));
#12847 = VECTOR('',#12848,1.);
#12848 = DIRECTION('',(-0.,1.,-0.));
#12849 = PCURVE('',#12720,#12850);
#12850 = DEFINITIONAL_REPRESENTATION('',(#12851),#12855);
#12851 = LINE('',#12852,#12853);
#12852 = CARTESIAN_POINT('',(-30.5,-0.25));
#12853 = VECTOR('',#12854,1.);
#12854 = DIRECTION('',(-0.,1.));
#12855 = ( GEOMETRIC_REPRESENTATION_CONTEXT(2) 
PARAMETRIC_REPRESENTATION_CONTEXT() REPRESENTATION_CONTEXT('2D SPACE',''
  ) );
#12856 = PCURVE('',#12857,#12862);
#12857 = PLANE('',#12858);
#12858 = AXIS2_PLACEMENT_3D('',#12859,#12860,#12861);
#12859 = CARTESIAN_POINT('',(2.1275E+03,69.5,1.497E+03));
#12860 = DIRECTION('',(-1.,-0.,-0.));
#12861 = DIRECTION('',(0.,0.,-1.));
#12862 = DEFINITIONAL_REPRESENTATION('',(#12863),#12867);
#12863 = LINE('',#12864,#12865);
#12864 = CARTESIAN_POINT('',(-3.,-0.25));
#12865 = VECTOR('',#12866,1.);
#12866 = DIRECTION('',(-0.,-1.));
#12867 = ( GEOMETRIC_REPRESENTATION_CONTEXT(2) 
PARAMETRIC_REPRESENTATION_CONTEXT() REPRESENTATION_CONTEXT('2D SPACE',''
  ) );
#12868 = ORIENTED_EDGE('',*,*,#12869,.T.);
#12869 = EDGE_CURVE('',#12842,#12870,#12872,.T.);
#12870 = VERTEX_POINT('',#12871);
#12871 = CARTESIAN_POINT('',(1.7385E+03,70.,1.5E+03));
#12872 = SURFACE_CURVE('',#12873,(#12877,#12884),.PCURVE_S1.);
#12873 = LINE('',#12874,#12875);
#12874 = CARTESIAN_POINT('',(2.158E+03,70.,1.5E+03));
#12875 = VECTOR('',#12876,1.);
#12876 = DIRECTION('',(-1.,-0.,-0.));
#12877 = PCURVE('',#12720,#12878);
#12878 = DEFINITIONAL_REPRESENTATION('',(#12879),#12883);
#12879 = LINE('',#12880,#12881);
#12880 = CARTESIAN_POINT('',(0.,-0.));
#12881 = VECTOR('',#12882,1.);
#12882 = DIRECTION('',(-1.,0.));
#12883 = ( GEOMETRIC_REPRESENTATION_CONTEXT(2) 
PARAMETRIC_REPRESENTATION_CONTEXT() REPRESENTATION_CONTEXT('2D SPACE',''
  ) );
#12884 = PCURVE('',#12885,#12890);
#12885 = PLANE('',#12886);
#12886 = AXIS2_PLACEMENT_3D('',#12887,#12888,#12889);
#12887 = CARTESIAN_POINT('',(2.158E+03,70.,1.498E+03));
#12888 = DIRECTION('',(-0.,1.,-0.));
#12889 = DIRECTION('',(0.,0.,-1.));
#12890 = DEFINITIONAL_REPRESENTATION('',(#12891),#12895);
#12891 = LINE('',#12892,#12893);
#12892 = CARTESIAN_POINT('',(-2.,-0.));
#12893 = VECTOR('',#12894,1.);
#12894 = DIRECTION('',(-0.,1.));
#12895 = ( GEOMETRIC_REPRESENTATION_CONTEXT(2) 
PARAMETRIC_REPRESENTATION_CONTEXT() REPRESENTATION_CONTEXT('2D SPACE',''
  ) );
#12896 = ORIENTED_EDGE('',*,*,#12897,.T.);
#12897 = EDGE_CURVE('',#12870,#12898,#12900,.T.);
#12898 = VERTEX_POINT('',#12899);
#12899 = CARTESIAN_POINT('',(1.7385E+03,100.5,1.5E+03));
#12900 = SURFACE_CURVE('',#12901,(#12905,#12912),.PCURVE_S1.);
#12901 = LINE('',#12902,#12903);
#12902 = CARTESIAN_POINT('',(1.7385E+03,69.75,1.5E+03));
#12903 = VECTOR('',#12904,1.);
#12904 = DIRECTION('',(-0.,1.,-0.));
#12905 = PCURVE('',#12720,#12906);
#12906 = DEFINITIONAL_REPRESENTATION('',(#12907),#12911);
#12907 = LINE('',#12908,#12909);
#12908 = CARTESIAN_POINT('',(-419.5,-0.25));
#12909 = VECTOR('',#12910,1.);
#12910 = DIRECTION('',(-0.,1.));
#12911 = ( GEOMETRIC_REPRESENTATION_CONTEXT(2) 
PARAMETRIC_REPRESENTATION_CONTEXT() REPRESENTATION_CONTEXT('2D SPACE',''
  ) );
#12912 = PCURVE('',#12913,#12918);
#12913 = PLANE('',#12914);
#12914 = AXIS2_PLACEMENT_3D('',#12915,#12916,#12917);
#12915 = CARTESIAN_POINT('',(1.7385E+03,69.5,1.497E+03));
#12916 = DIRECTION('',(-1.,-0.,-0.));
#12917 = DIRECTION('',(0.,0.,-1.));
#12918 = DEFINITIONAL_REPRESENTATION('',(#12919),#12923);
#12919 = LINE('',#12920,#12921);
#12920 = CARTESIAN_POINT('',(-3.,-0.25));
#12921 = VECTOR('',#12922,1.);
#12922 = DIRECTION('',(-0.,-1.));
#12923 = ( GEOMETRIC_REPRESENTATION_CONTEXT(2) 
PARAMETRIC_REPRESENTATION_CONTEXT() REPRESENTATION_CONTEXT('2D SPACE',''
  ) );
#12924 = ORIENTED_EDGE('',*,*,#12925,.F.);
#12925 = EDGE_CURVE('',#12926,#12898,#12928,.T.);
#12926 = VERTEX_POINT('',#12927);
#12927 = CARTESIAN_POINT('',(1.708E+03,100.5,1.5E+03));
#12928 = SURFACE_CURVE('',#12929,(#12933,#12940),.PCURVE_S1.);
#12929 = LINE('',#12930,#12931);
#12930 = CARTESIAN_POINT('',(1.94825E+03,100.5,1.5E+03));
#12931 = VECTOR('',#12932,1.);
#12932 = DIRECTION('',(1.,-0.,0.));
#12933 = PCURVE('',#12720,#12934);
#12934 = DEFINITIONAL_REPRESENTATION('',(#12935),#12939);
#12935 = LINE('',#12936,#12937);
#12936 = CARTESIAN_POINT('',(-209.75,30.5));
#12937 = VECTOR('',#12938,1.);
#12938 = DIRECTION('',(1.,-0.));
#12939 = ( GEOMETRIC_REPRESENTATION_CONTEXT(2) 
PARAMETRIC_REPRESENTATION_CONTEXT() REPRESENTATION_CONTEXT('2D SPACE',''
  ) );
#12940 = PCURVE('',#12941,#12946);
#12941 = PLANE('',#12942);
#12942 = AXIS2_PLACEMENT_3D('',#12943,#12944,#12945);
#12943 = CARTESIAN_POINT('',(1.7385E+03,100.5,1.497E+03));
#12944 = DIRECTION('',(-0.,1.,-0.));
#12945 = DIRECTION('',(0.,0.,-1.));
#12946 = DEFINITIONAL_REPRESENTATION('',(#12947),#12951);
#12947 = LINE('',#12948,#12949);
#12948 = CARTESIAN_POINT('',(-3.,-209.75));
#12949 = VECTOR('',#12950,1.);
#12950 = DIRECTION('',(-0.,-1.));
#12951 = ( GEOMETRIC_REPRESENTATION_CONTEXT(2) 
PARAMETRIC_REPRESENTATION_CONTEXT() REPRESENTATION_CONTEXT('2D SPACE',''
  ) );
#12952 = ORIENTED_EDGE('',*,*,#12953,.T.);
#12953 = EDGE_CURVE('',#12926,#12954,#12956,.T.);
#12954 = VERTEX_POINT('',#12955);
#12955 = CARTESIAN_POINT('',(1.708E+03,999.5,1.5E+03));
#12956 = SURFACE_CURVE('',#12957,(#12961,#12968),.PCURVE_S1.);
#12957 = LINE('',#12958,#12959);
#12958 = CARTESIAN_POINT('',(1.708E+03,70.,1.5E+03));
#12959 = VECTOR('',#12960,1.);
#12960 = DIRECTION('',(-0.,1.,-0.));
#12961 = PCURVE('',#12720,#12962);
#12962 = DEFINITIONAL_REPRESENTATION('',(#12963),#12967);
#12963 = LINE('',#12964,#12965);
#12964 = CARTESIAN_POINT('',(-450.,0.));
#12965 = VECTOR('',#12966,1.);
#12966 = DIRECTION('',(-0.,1.));
#12967 = ( GEOMETRIC_REPRESENTATION_CONTEXT(2) 
PARAMETRIC_REPRESENTATION_CONTEXT() REPRESENTATION_CONTEXT('2D SPACE',''
  ) );
#12968 = PCURVE('',#12969,#12974);
#12969 = PLANE('',#12970);
#12970 = AXIS2_PLACEMENT_3D('',#12971,#12972,#12973);
#12971 = CARTESIAN_POINT('',(1.708E+03,70.,1.498E+03));
#12972 = DIRECTION('',(-1.,-0.,-0.));
#12973 = DIRECTION('',(0.,0.,-1.));
#12974 = DEFINITIONAL_REPRESENTATION('',(#12975),#12979);
#12975 = LINE('',#12976,#12977);
#12976 = CARTESIAN_POINT('',(-2.,-0.));
#12977 = VECTOR('',#12978,1.);
#12978 = DIRECTION('',(-0.,-1.));
#12979 = ( GEOMETRIC_REPRESENTATION_CONTEXT(2) 
PARAMETRIC_REPRESENTATION_CONTEXT() REPRESENTATION_CONTEXT('2D SPACE',''
  ) );
#12980 = ORIENTED_EDGE('',*,*,#12981,.T.);
#12981 = EDGE_CURVE('',#12954,#12982,#12984,.T.);
#12982 = VERTEX_POINT('',#12983);
#12983 = CARTESIAN_POINT('',(1.7385E+03,999.5,1.5E+03));
#12984 = SURFACE_CURVE('',#12985,(#12989,#12996),.PCURVE_S1.);
#12985 = LINE('',#12986,#12987);
#12986 = CARTESIAN_POINT('',(1.94825E+03,999.5,1.5E+03));
#12987 = VECTOR('',#12988,1.);
#12988 = DIRECTION('',(1.,-0.,0.));
#12989 = PCURVE('',#12720,#12990);
#12990 = DEFINITIONAL_REPRESENTATION('',(#12991),#12995);
#12991 = LINE('',#12992,#12993);
#12992 = CARTESIAN_POINT('',(-209.75,929.5));
#12993 = VECTOR('',#12994,1.);
#12994 = DIRECTION('',(1.,-0.));
#12995 = ( GEOMETRIC_REPRESENTATION_CONTEXT(2) 
PARAMETRIC_REPRESENTATION_CONTEXT() REPRESENTATION_CONTEXT('2D SPACE',''
  ) );
#12996 = PCURVE('',#12997,#13002);
#12997 = PLANE('',#12998);
#12998 = AXIS2_PLACEMENT_3D('',#12999,#13000,#13001);
#12999 = CARTESIAN_POINT('',(1.7385E+03,999.5,1.497E+03));
#13000 = DIRECTION('',(-0.,1.,-0.));
#13001 = DIRECTION('',(0.,0.,-1.));
#13002 = DEFINITIONAL_REPRESENTATION('',(#13003),#13007);
#13003 = LINE('',#13004,#13005);
#13004 = CARTESIAN_POINT('',(-3.,-209.75));
#13005 = VECTOR('',#13006,1.);
#13006 = DIRECTION('',(-0.,-1.));
#13007 = ( GEOMETRIC_REPRESENTATION_CONTEXT(2) 
PARAMETRIC_REPRESENTATION_CONTEXT() REPRESENTATION_CONTEXT('2D SPACE',''
  ) );
#13008 = ORIENTED_EDGE('',*,*,#13009,.T.);
#13009 = EDGE_CURVE('',#12982,#13010,#13012,.T.);
#13010 = VERTEX_POINT('',#13011);
#13011 = CARTESIAN_POINT('',(1.7385E+03,1.03E+03,1.5E+03));
#13012 = SURFACE_CURVE('',#13013,(#13017,#13024),.PCURVE_S1.);
#13013 = LINE('',#13014,#13015);
#13014 = CARTESIAN_POINT('',(1.7385E+03,534.75,1.5E+03));
#13015 = VECTOR('',#13016,1.);
#13016 = DIRECTION('',(-0.,1.,-0.));
#13017 = PCURVE('',#12720,#13018);
#13018 = DEFINITIONAL_REPRESENTATION('',(#13019),#13023);
#13019 = LINE('',#13020,#13021);
#13020 = CARTESIAN_POINT('',(-419.5,464.75));
#13021 = VECTOR('',#13022,1.);
#13022 = DIRECTION('',(-0.,1.));
#13023 = ( GEOMETRIC_REPRESENTATION_CONTEXT(2) 
PARAMETRIC_REPRESENTATION_CONTEXT() REPRESENTATION_CONTEXT('2D SPACE',''
  ) );
#13024 = PCURVE('',#13025,#13030);
#13025 = PLANE('',#13026);
#13026 = AXIS2_PLACEMENT_3D('',#13027,#13028,#13029);
#13027 = CARTESIAN_POINT('',(1.7385E+03,999.5,1.497E+03));
#13028 = DIRECTION('',(-1.,-0.,-0.));
#13029 = DIRECTION('',(0.,0.,-1.));
#13030 = DEFINITIONAL_REPRESENTATION('',(#13031),#13035);
#13031 = LINE('',#13032,#13033);
#13032 = CARTESIAN_POINT('',(-3.,464.75));
#13033 = VECTOR('',#13034,1.);
#13034 = DIRECTION('',(-0.,-1.));
#13035 = ( GEOMETRIC_REPRESENTATION_CONTEXT(2) 
PARAMETRIC_REPRESENTATION_CONTEXT() REPRESENTATION_CONTEXT('2D SPACE',''
  ) );
#13036 = ORIENTED_EDGE('',*,*,#13037,.F.);
#13037 = EDGE_CURVE('',#13038,#13010,#13040,.T.);
#13038 = VERTEX_POINT('',#13039);
#13039 = CARTESIAN_POINT('',(2.1275E+03,1.03E+03,1.5E+03));
#13040 = SURFACE_CURVE('',#13041,(#13045,#13052),.PCURVE_S1.);
#13041 = LINE('',#13042,#13043);
#13042 = CARTESIAN_POINT('',(2.158E+03,1.03E+03,1.5E+03));
#13043 = VECTOR('',#13044,1.);
#13044 = DIRECTION('',(-1.,-0.,-0.));
#13045 = PCURVE('',#12720,#13046);
#13046 = DEFINITIONAL_REPRESENTATION('',(#13047),#13051);
#13047 = LINE('',#13048,#13049);
#13048 = CARTESIAN_POINT('',(0.,960.));
#13049 = VECTOR('',#13050,1.);
#13050 = DIRECTION('',(-1.,0.));
#13051 = ( GEOMETRIC_REPRESENTATION_CONTEXT(2) 
PARAMETRIC_REPRESENTATION_CONTEXT() REPRESENTATION_CONTEXT('2D SPACE',''
  ) );
#13052 = PCURVE('',#13053,#13058);
#13053 = PLANE('',#13054);
#13054 = AXIS2_PLACEMENT_3D('',#13055,#13056,#13057);
#13055 = CARTESIAN_POINT('',(2.158E+03,1.03E+03,1.498E+03));
#13056 = DIRECTION('',(-0.,1.,-0.));
#13057 = DIRECTION('',(0.,0.,-1.));
#13058 = DEFINITIONAL_REPRESENTATION('',(#13059),#13063);
#13059 = LINE('',#13060,#13061);
#13060 = CARTESIAN_POINT('',(-2.,-0.));
#13061 = VECTOR('',#13062,1.);
#13062 = DIRECTION('',(-0.,1.));
#13063 = ( GEOMETRIC_REPRESENTATION_CONTEXT(2) 
PARAMETRIC_REPRESENTATION_CONTEXT() REPRESENTATION_CONTEXT('2D SPACE',''
  ) );
#13064 = ORIENTED_EDGE('',*,*,#13065,.F.);
#13065 = EDGE_CURVE('',#13066,#13038,#13068,.T.);
#13066 = VERTEX_POINT('',#13067);
#13067 = CARTESIAN_POINT('',(2.1275E+03,999.5,1.5E+03));
#13068 = SURFACE_CURVE('',#13069,(#13073,#13080),.PCURVE_S1.);
#13069 = LINE('',#13070,#13071);
#13070 = CARTESIAN_POINT('',(2.1275E+03,534.75,1.5E+03));
#13071 = VECTOR('',#13072,1.);
#13072 = DIRECTION('',(-0.,1.,-0.));
#13073 = PCURVE('',#12720,#13074);
#13074 = DEFINITIONAL_REPRESENTATION('',(#13075),#13079);
#13075 = LINE('',#13076,#13077);
#13076 = CARTESIAN_POINT('',(-30.5,464.75));
#13077 = VECTOR('',#13078,1.);
#13078 = DIRECTION('',(-0.,1.));
#13079 = ( GEOMETRIC_REPRESENTATION_CONTEXT(2) 
PARAMETRIC_REPRESENTATION_CONTEXT() REPRESENTATION_CONTEXT('2D SPACE',''
  ) );
#13080 = PCURVE('',#13081,#13086);
#13081 = PLANE('',#13082);
#13082 = AXIS2_PLACEMENT_3D('',#13083,#13084,#13085);
#13083 = CARTESIAN_POINT('',(2.1275E+03,999.5,1.497E+03));
#13084 = DIRECTION('',(-1.,-0.,-0.));
#13085 = DIRECTION('',(0.,0.,-1.));
#13086 = DEFINITIONAL_REPRESENTATION('',(#13087),#13091);
#13087 = LINE('',#13088,#13089);
#13088 = CARTESIAN_POINT('',(-3.,464.75));
#13089 = VECTOR('',#13090,1.);
#13090 = DIRECTION('',(-0.,-1.));
#13091 = ( GEOMETRIC_REPRESENTATION_CONTEXT(2) 
PARAMETRIC_REPRESENTATION_CONTEXT() REPRESENTATION_CONTEXT('2D SPACE',''
  ) );
#13092 = ORIENTED_EDGE('',*,*,#13093,.T.);
#13093 = EDGE_CURVE('',#13066,#12700,#13094,.T.);
#13094 = SURFACE_CURVE('',#13095,(#13099,#13106),.PCURVE_S1.);
#13095 = LINE('',#13096,#13097);
#13096 = CARTESIAN_POINT('',(2.15825E+03,999.5,1.5E+03));
#13097 = VECTOR('',#13098,1.);
#13098 = DIRECTION('',(1.,-0.,0.));
#13099 = PCURVE('',#12720,#13100);
#13100 = DEFINITIONAL_REPRESENTATION('',(#13101),#13105);
#13101 = LINE('',#13102,#13103);
#13102 = CARTESIAN_POINT('',(0.25,929.5));
#13103 = VECTOR('',#13104,1.);
#13104 = DIRECTION('',(1.,-0.));
#13105 = ( GEOMETRIC_REPRESENTATION_CONTEXT(2) 
PARAMETRIC_REPRESENTATION_CONTEXT() REPRESENTATION_CONTEXT('2D SPACE',''
  ) );
#13106 = PCURVE('',#12802,#13107);
#13107 = DEFINITIONAL_REPRESENTATION('',(#13108),#13112);
#13108 = LINE('',#13109,#13110);
#13109 = CARTESIAN_POINT('',(-3.,0.25));
#13110 = VECTOR('',#13111,1.);
#13111 = DIRECTION('',(-0.,-1.));
#13112 = ( GEOMETRIC_REPRESENTATION_CONTEXT(2) 
PARAMETRIC_REPRESENTATION_CONTEXT() REPRESENTATION_CONTEXT('2D SPACE',''
  ) );
#13113 = ADVANCED_FACE('',(#13114),#12802,.T.);
#13114 = FACE_BOUND('',#13115,.F.);
#13115 = EDGE_LOOP('',(#13116,#13139,#13160,#13161));
#13116 = ORIENTED_EDGE('',*,*,#13117,.F.);
#13117 = EDGE_CURVE('',#13118,#13066,#13120,.T.);
#13118 = VERTEX_POINT('',#13119);
#13119 = CARTESIAN_POINT('',(2.1275E+03,999.5,1.498E+03));
#13120 = SURFACE_CURVE('',#13121,(#13125,#13132),.PCURVE_S1.);
#13121 = LINE('',#13122,#13123);
#13122 = CARTESIAN_POINT('',(2.1275E+03,999.5,1.497E+03));
#13123 = VECTOR('',#13124,1.);
#13124 = DIRECTION('',(-0.,-0.,1.));
#13125 = PCURVE('',#12802,#13126);
#13126 = DEFINITIONAL_REPRESENTATION('',(#13127),#13131);
#13127 = LINE('',#13128,#13129);
#13128 = CARTESIAN_POINT('',(-0.,31.));
#13129 = VECTOR('',#13130,1.);
#13130 = DIRECTION('',(-1.,0.));
#13131 = ( GEOMETRIC_REPRESENTATION_CONTEXT(2) 
PARAMETRIC_REPRESENTATION_CONTEXT() REPRESENTATION_CONTEXT('2D SPACE',''
  ) );
#13132 = PCURVE('',#13081,#13133);
#13133 = DEFINITIONAL_REPRESENTATION('',(#13134),#13138);
#13134 = LINE('',#13135,#13136);
#13135 = CARTESIAN_POINT('',(-0.,-0.));
#13136 = VECTOR('',#13137,1.);
#13137 = DIRECTION('',(-1.,-0.));
#13138 = ( GEOMETRIC_REPRESENTATION_CONTEXT(2) 
PARAMETRIC_REPRESENTATION_CONTEXT() REPRESENTATION_CONTEXT('2D SPACE',''
  ) );
#13139 = ORIENTED_EDGE('',*,*,#13140,.T.);
#13140 = EDGE_CURVE('',#13118,#12761,#13141,.T.);
#13141 = SURFACE_CURVE('',#13142,(#13146,#13153),.PCURVE_S1.);
#13142 = LINE('',#13143,#13144);
#13143 = CARTESIAN_POINT('',(2.15825E+03,999.5,1.498E+03));
#13144 = VECTOR('',#13145,1.);
#13145 = DIRECTION('',(1.,-0.,0.));
#13146 = PCURVE('',#12802,#13147);
#13147 = DEFINITIONAL_REPRESENTATION('',(#13148),#13152);
#13148 = LINE('',#13149,#13150);
#13149 = CARTESIAN_POINT('',(-1.,0.25));
#13150 = VECTOR('',#13151,1.);
#13151 = DIRECTION('',(-0.,-1.));
#13152 = ( GEOMETRIC_REPRESENTATION_CONTEXT(2) 
PARAMETRIC_REPRESENTATION_CONTEXT() REPRESENTATION_CONTEXT('2D SPACE',''
  ) );
#13153 = PCURVE('',#12776,#13154);
#13154 = DEFINITIONAL_REPRESENTATION('',(#13155),#13159);
#13155 = LINE('',#13156,#13157);
#13156 = CARTESIAN_POINT('',(0.25,929.5));
#13157 = VECTOR('',#13158,1.);
#13158 = DIRECTION('',(1.,-0.));
#13159 = ( GEOMETRIC_REPRESENTATION_CONTEXT(2) 
PARAMETRIC_REPRESENTATION_CONTEXT() REPRESENTATION_CONTEXT('2D SPACE',''
  ) );
#13160 = ORIENTED_EDGE('',*,*,#12788,.T.);
#13161 = ORIENTED_EDGE('',*,*,#13093,.F.);
#13162 = ADVANCED_FACE('',(#13163),#12776,.F.);
#13163 = FACE_BOUND('',#13164,.T.);
#13164 = EDGE_LOOP('',(#13165,#13166,#13189,#13212,#13235,#13258,#13281,
    #13304,#13327,#13350,#13373,#13394));
#13165 = ORIENTED_EDGE('',*,*,#12760,.F.);
#13166 = ORIENTED_EDGE('',*,*,#13167,.F.);
#13167 = EDGE_CURVE('',#13168,#12733,#13170,.T.);
#13168 = VERTEX_POINT('',#13169);
#13169 = CARTESIAN_POINT('',(2.1275E+03,100.5,1.498E+03));
#13170 = SURFACE_CURVE('',#13171,(#13175,#13182),.PCURVE_S1.);
#13171 = LINE('',#13172,#13173);
#13172 = CARTESIAN_POINT('',(2.15825E+03,100.5,1.498E+03));
#13173 = VECTOR('',#13174,1.);
#13174 = DIRECTION('',(1.,-0.,0.));
#13175 = PCURVE('',#12776,#13176);
#13176 = DEFINITIONAL_REPRESENTATION('',(#13177),#13181);
#13177 = LINE('',#13178,#13179);
#13178 = CARTESIAN_POINT('',(0.25,30.5));
#13179 = VECTOR('',#13180,1.);
#13180 = DIRECTION('',(1.,-0.));
#13181 = ( GEOMETRIC_REPRESENTATION_CONTEXT(2) 
PARAMETRIC_REPRESENTATION_CONTEXT() REPRESENTATION_CONTEXT('2D SPACE',''
  ) );
#13182 = PCURVE('',#12748,#13183);
#13183 = DEFINITIONAL_REPRESENTATION('',(#13184),#13188);
#13184 = LINE('',#13185,#13186);
#13185 = CARTESIAN_POINT('',(-1.,0.25));
#13186 = VECTOR('',#13187,1.);
#13187 = DIRECTION('',(-0.,-1.));
#13188 = ( GEOMETRIC_REPRESENTATION_CONTEXT(2) 
PARAMETRIC_REPRESENTATION_CONTEXT() REPRESENTATION_CONTEXT('2D SPACE',''
  ) );
#13189 = ORIENTED_EDGE('',*,*,#13190,.F.);
#13190 = EDGE_CURVE('',#13191,#13168,#13193,.T.);
#13191 = VERTEX_POINT('',#13192);
#13192 = CARTESIAN_POINT('',(2.1275E+03,70.,1.498E+03));
#13193 = SURFACE_CURVE('',#13194,(#13198,#13205),.PCURVE_S1.);
#13194 = LINE('',#13195,#13196);
#13195 = CARTESIAN_POINT('',(2.1275E+03,69.75,1.498E+03));
#13196 = VECTOR('',#13197,1.);
#13197 = DIRECTION('',(-0.,1.,-0.));
#13198 = PCURVE('',#12776,#13199);
#13199 = DEFINITIONAL_REPRESENTATION('',(#13200),#13204);
#13200 = LINE('',#13201,#13202);
#13201 = CARTESIAN_POINT('',(-30.5,-0.25));
#13202 = VECTOR('',#13203,1.);
#13203 = DIRECTION('',(-0.,1.));
#13204 = ( GEOMETRIC_REPRESENTATION_CONTEXT(2) 
PARAMETRIC_REPRESENTATION_CONTEXT() REPRESENTATION_CONTEXT('2D SPACE',''
  ) );
#13205 = PCURVE('',#12857,#13206);
#13206 = DEFINITIONAL_REPRESENTATION('',(#13207),#13211);
#13207 = LINE('',#13208,#13209);
#13208 = CARTESIAN_POINT('',(-1.,-0.25));
#13209 = VECTOR('',#13210,1.);
#13210 = DIRECTION('',(-0.,-1.));
#13211 = ( GEOMETRIC_REPRESENTATION_CONTEXT(2) 
PARAMETRIC_REPRESENTATION_CONTEXT() REPRESENTATION_CONTEXT('2D SPACE',''
  ) );
#13212 = ORIENTED_EDGE('',*,*,#13213,.T.);
#13213 = EDGE_CURVE('',#13191,#13214,#13216,.T.);
#13214 = VERTEX_POINT('',#13215);
#13215 = CARTESIAN_POINT('',(1.7385E+03,70.,1.498E+03));
#13216 = SURFACE_CURVE('',#13217,(#13221,#13228),.PCURVE_S1.);
#13217 = LINE('',#13218,#13219);
#13218 = CARTESIAN_POINT('',(2.158E+03,70.,1.498E+03));
#13219 = VECTOR('',#13220,1.);
#13220 = DIRECTION('',(-1.,-0.,-0.));
#13221 = PCURVE('',#12776,#13222);
#13222 = DEFINITIONAL_REPRESENTATION('',(#13223),#13227);
#13223 = LINE('',#13224,#13225);
#13224 = CARTESIAN_POINT('',(0.,-0.));
#13225 = VECTOR('',#13226,1.);
#13226 = DIRECTION('',(-1.,0.));
#13227 = ( GEOMETRIC_REPRESENTATION_CONTEXT(2) 
PARAMETRIC_REPRESENTATION_CONTEXT() REPRESENTATION_CONTEXT('2D SPACE',''
  ) );
#13228 = PCURVE('',#12885,#13229);
#13229 = DEFINITIONAL_REPRESENTATION('',(#13230),#13234);
#13230 = LINE('',#13231,#13232);
#13231 = CARTESIAN_POINT('',(-0.,-0.));
#13232 = VECTOR('',#13233,1.);
#13233 = DIRECTION('',(-0.,1.));
#13234 = ( GEOMETRIC_REPRESENTATION_CONTEXT(2) 
PARAMETRIC_REPRESENTATION_CONTEXT() REPRESENTATION_CONTEXT('2D SPACE',''
  ) );
#13235 = ORIENTED_EDGE('',*,*,#13236,.T.);
#13236 = EDGE_CURVE('',#13214,#13237,#13239,.T.);
#13237 = VERTEX_POINT('',#13238);
#13238 = CARTESIAN_POINT('',(1.7385E+03,100.5,1.498E+03));
#13239 = SURFACE_CURVE('',#13240,(#13244,#13251),.PCURVE_S1.);
#13240 = LINE('',#13241,#13242);
#13241 = CARTESIAN_POINT('',(1.7385E+03,69.75,1.498E+03));
#13242 = VECTOR('',#13243,1.);
#13243 = DIRECTION('',(-0.,1.,-0.));
#13244 = PCURVE('',#12776,#13245);
#13245 = DEFINITIONAL_REPRESENTATION('',(#13246),#13250);
#13246 = LINE('',#13247,#13248);
#13247 = CARTESIAN_POINT('',(-419.5,-0.25));
#13248 = VECTOR('',#13249,1.);
#13249 = DIRECTION('',(-0.,1.));
#13250 = ( GEOMETRIC_REPRESENTATION_CONTEXT(2) 
PARAMETRIC_REPRESENTATION_CONTEXT() REPRESENTATION_CONTEXT('2D SPACE',''
  ) );
#13251 = PCURVE('',#12913,#13252);
#13252 = DEFINITIONAL_REPRESENTATION('',(#13253),#13257);
#13253 = LINE('',#13254,#13255);
#13254 = CARTESIAN_POINT('',(-1.,-0.25));
#13255 = VECTOR('',#13256,1.);
#13256 = DIRECTION('',(-0.,-1.));
#13257 = ( GEOMETRIC_REPRESENTATION_CONTEXT(2) 
PARAMETRIC_REPRESENTATION_CONTEXT() REPRESENTATION_CONTEXT('2D SPACE',''
  ) );
#13258 = ORIENTED_EDGE('',*,*,#13259,.F.);
#13259 = EDGE_CURVE('',#13260,#13237,#13262,.T.);
#13260 = VERTEX_POINT('',#13261);
#13261 = CARTESIAN_POINT('',(1.708E+03,100.5,1.498E+03));
#13262 = SURFACE_CURVE('',#13263,(#13267,#13274),.PCURVE_S1.);
#13263 = LINE('',#13264,#13265);
#13264 = CARTESIAN_POINT('',(1.94825E+03,100.5,1.498E+03));
#13265 = VECTOR('',#13266,1.);
#13266 = DIRECTION('',(1.,-0.,0.));
#13267 = PCURVE('',#12776,#13268);
#13268 = DEFINITIONAL_REPRESENTATION('',(#13269),#13273);
#13269 = LINE('',#13270,#13271);
#13270 = CARTESIAN_POINT('',(-209.75,30.5));
#13271 = VECTOR('',#13272,1.);
#13272 = DIRECTION('',(1.,-0.));
#13273 = ( GEOMETRIC_REPRESENTATION_CONTEXT(2) 
PARAMETRIC_REPRESENTATION_CONTEXT() REPRESENTATION_CONTEXT('2D SPACE',''
  ) );
#13274 = PCURVE('',#12941,#13275);
#13275 = DEFINITIONAL_REPRESENTATION('',(#13276),#13280);
#13276 = LINE('',#13277,#13278);
#13277 = CARTESIAN_POINT('',(-1.,-209.75));
#13278 = VECTOR('',#13279,1.);
#13279 = DIRECTION('',(-0.,-1.));
#13280 = ( GEOMETRIC_REPRESENTATION_CONTEXT(2) 
PARAMETRIC_REPRESENTATION_CONTEXT() REPRESENTATION_CONTEXT('2D SPACE',''
  ) );
#13281 = ORIENTED_EDGE('',*,*,#13282,.T.);
#13282 = EDGE_CURVE('',#13260,#13283,#13285,.T.);
#13283 = VERTEX_POINT('',#13284);
#13284 = CARTESIAN_POINT('',(1.708E+03,999.5,1.498E+03));
#13285 = SURFACE_CURVE('',#13286,(#13290,#13297),.PCURVE_S1.);
#13286 = LINE('',#13287,#13288);
#13287 = CARTESIAN_POINT('',(1.708E+03,70.,1.498E+03));
#13288 = VECTOR('',#13289,1.);
#13289 = DIRECTION('',(-0.,1.,-0.));
#13290 = PCURVE('',#12776,#13291);
#13291 = DEFINITIONAL_REPRESENTATION('',(#13292),#13296);
#13292 = LINE('',#13293,#13294);
#13293 = CARTESIAN_POINT('',(-450.,0.));
#13294 = VECTOR('',#13295,1.);
#13295 = DIRECTION('',(-0.,1.));
#13296 = ( GEOMETRIC_REPRESENTATION_CONTEXT(2) 
PARAMETRIC_REPRESENTATION_CONTEXT() REPRESENTATION_CONTEXT('2D SPACE',''
  ) );
#13297 = PCURVE('',#12969,#13298);
#13298 = DEFINITIONAL_REPRESENTATION('',(#13299),#13303);
#13299 = LINE('',#13300,#13301);
#13300 = CARTESIAN_POINT('',(-0.,-0.));
#13301 = VECTOR('',#13302,1.);
#13302 = DIRECTION('',(-0.,-1.));
#13303 = ( GEOMETRIC_REPRESENTATION_CONTEXT(2) 
PARAMETRIC_REPRESENTATION_CONTEXT() REPRESENTATION_CONTEXT('2D SPACE',''
  ) );
#13304 = ORIENTED_EDGE('',*,*,#13305,.T.);
#13305 = EDGE_CURVE('',#13283,#13306,#13308,.T.);
#13306 = VERTEX_POINT('',#13307);
#13307 = CARTESIAN_POINT('',(1.7385E+03,999.5,1.498E+03));
#13308 = SURFACE_CURVE('',#13309,(#13313,#13320),.PCURVE_S1.);
#13309 = LINE('',#13310,#13311);
#13310 = CARTESIAN_POINT('',(1.94825E+03,999.5,1.498E+03));
#13311 = VECTOR('',#13312,1.);
#13312 = DIRECTION('',(1.,-0.,0.));
#13313 = PCURVE('',#12776,#13314);
#13314 = DEFINITIONAL_REPRESENTATION('',(#13315),#13319);
#13315 = LINE('',#13316,#13317);
#13316 = CARTESIAN_POINT('',(-209.75,929.5));
#13317 = VECTOR('',#13318,1.);
#13318 = DIRECTION('',(1.,-0.));
#13319 = ( GEOMETRIC_REPRESENTATION_CONTEXT(2) 
PARAMETRIC_REPRESENTATION_CONTEXT() REPRESENTATION_CONTEXT('2D SPACE',''
  ) );
#13320 = PCURVE('',#12997,#13321);
#13321 = DEFINITIONAL_REPRESENTATION('',(#13322),#13326);
#13322 = LINE('',#13323,#13324);
#13323 = CARTESIAN_POINT('',(-1.,-209.75));
#13324 = VECTOR('',#13325,1.);
#13325 = DIRECTION('',(-0.,-1.));
#13326 = ( GEOMETRIC_REPRESENTATION_CONTEXT(2) 
PARAMETRIC_REPRESENTATION_CONTEXT() REPRESENTATION_CONTEXT('2D SPACE',''
  ) );
#13327 = ORIENTED_EDGE('',*,*,#13328,.T.);
#13328 = EDGE_CURVE('',#13306,#13329,#13331,.T.);
#13329 = VERTEX_POINT('',#13330);
#13330 = CARTESIAN_POINT('',(1.7385E+03,1.03E+03,1.498E+03));
#13331 = SURFACE_CURVE('',#13332,(#13336,#13343),.PCURVE_S1.);
#13332 = LINE('',#13333,#13334);
#13333 = CARTESIAN_POINT('',(1.7385E+03,534.75,1.498E+03));
#13334 = VECTOR('',#13335,1.);
#13335 = DIRECTION('',(-0.,1.,-0.));
#13336 = PCURVE('',#12776,#13337);
#13337 = DEFINITIONAL_REPRESENTATION('',(#13338),#13342);
#13338 = LINE('',#13339,#13340);
#13339 = CARTESIAN_POINT('',(-419.5,464.75));
#13340 = VECTOR('',#13341,1.);
#13341 = DIRECTION('',(-0.,1.));
#13342 = ( GEOMETRIC_REPRESENTATION_CONTEXT(2) 
PARAMETRIC_REPRESENTATION_CONTEXT() REPRESENTATION_CONTEXT('2D SPACE',''
  ) );
#13343 = PCURVE('',#13025,#13344);
#13344 = DEFINITIONAL_REPRESENTATION('',(#13345),#13349);
#13345 = LINE('',#13346,#13347);
#13346 = CARTESIAN_POINT('',(-1.,464.75));
#13347 = VECTOR('',#13348,1.);
#13348 = DIRECTION('',(-0.,-1.));
#13349 = ( GEOMETRIC_REPRESENTATION_CONTEXT(2) 
PARAMETRIC_REPRESENTATION_CONTEXT() REPRESENTATION_CONTEXT('2D SPACE',''
  ) );
#13350 = ORIENTED_EDGE('',*,*,#13351,.F.);
#13351 = EDGE_CURVE('',#13352,#13329,#13354,.T.);
#13352 = VERTEX_POINT('',#13353);
#13353 = CARTESIAN_POINT('',(2.1275E+03,1.03E+03,1.498E+03));
#13354 = SURFACE_CURVE('',#13355,(#13359,#13366),.PCURVE_S1.);
#13355 = LINE('',#13356,#13357);
#13356 = CARTESIAN_POINT('',(2.158E+03,1.03E+03,1.498E+03));
#13357 = VECTOR('',#13358,1.);
#13358 = DIRECTION('',(-1.,-0.,-0.));
#13359 = PCURVE('',#12776,#13360);
#13360 = DEFINITIONAL_REPRESENTATION('',(#13361),#13365);
#13361 = LINE('',#13362,#13363);
#13362 = CARTESIAN_POINT('',(0.,960.));
#13363 = VECTOR('',#13364,1.);
#13364 = DIRECTION('',(-1.,0.));
#13365 = ( GEOMETRIC_REPRESENTATION_CONTEXT(2) 
PARAMETRIC_REPRESENTATION_CONTEXT() REPRESENTATION_CONTEXT('2D SPACE',''
  ) );
#13366 = PCURVE('',#13053,#13367);
#13367 = DEFINITIONAL_REPRESENTATION('',(#13368),#13372);
#13368 = LINE('',#13369,#13370);
#13369 = CARTESIAN_POINT('',(-0.,-0.));
#13370 = VECTOR('',#13371,1.);
#13371 = DIRECTION('',(-0.,1.));
#13372 = ( GEOMETRIC_REPRESENTATION_CONTEXT(2) 
PARAMETRIC_REPRESENTATION_CONTEXT() REPRESENTATION_CONTEXT('2D SPACE',''
  ) );
#13373 = ORIENTED_EDGE('',*,*,#13374,.F.);
#13374 = EDGE_CURVE('',#13118,#13352,#13375,.T.);
#13375 = SURFACE_CURVE('',#13376,(#13380,#13387),.PCURVE_S1.);
#13376 = LINE('',#13377,#13378);
#13377 = CARTESIAN_POINT('',(2.1275E+03,534.75,1.498E+03));
#13378 = VECTOR('',#13379,1.);
#13379 = DIRECTION('',(-0.,1.,-0.));
#13380 = PCURVE('',#12776,#13381);
#13381 = DEFINITIONAL_REPRESENTATION('',(#13382),#13386);
#13382 = LINE('',#13383,#13384);
#13383 = CARTESIAN_POINT('',(-30.5,464.75));
#13384 = VECTOR('',#13385,1.);
#13385 = DIRECTION('',(-0.,1.));
#13386 = ( GEOMETRIC_REPRESENTATION_CONTEXT(2) 
PARAMETRIC_REPRESENTATION_CONTEXT() REPRESENTATION_CONTEXT('2D SPACE',''
  ) );
#13387 = PCURVE('',#13081,#13388);
#13388 = DEFINITIONAL_REPRESENTATION('',(#13389),#13393);
#13389 = LINE('',#13390,#13391);
#13390 = CARTESIAN_POINT('',(-1.,464.75));
#13391 = VECTOR('',#13392,1.);
#13392 = DIRECTION('',(-0.,-1.));
#13393 = ( GEOMETRIC_REPRESENTATION_CONTEXT(2) 
PARAMETRIC_REPRESENTATION_CONTEXT() REPRESENTATION_CONTEXT('2D SPACE',''
  ) );
#13394 = ORIENTED_EDGE('',*,*,#13140,.T.);
#13395 = ADVANCED_FACE('',(#13396),#12748,.F.);
#13396 = FACE_BOUND('',#13397,.T.);
#13397 = EDGE_LOOP('',(#13398,#13419,#13420,#13421));
#13398 = ORIENTED_EDGE('',*,*,#13399,.F.);
#13399 = EDGE_CURVE('',#13168,#12819,#13400,.T.);
#13400 = SURFACE_CURVE('',#13401,(#13405,#13412),.PCURVE_S1.);
#13401 = LINE('',#13402,#13403);
#13402 = CARTESIAN_POINT('',(2.1275E+03,100.5,1.497E+03));
#13403 = VECTOR('',#13404,1.);
#13404 = DIRECTION('',(-0.,-0.,1.));
#13405 = PCURVE('',#12748,#13406);
#13406 = DEFINITIONAL_REPRESENTATION('',(#13407),#13411);
#13407 = LINE('',#13408,#13409);
#13408 = CARTESIAN_POINT('',(-0.,31.));
#13409 = VECTOR('',#13410,1.);
#13410 = DIRECTION('',(-1.,0.));
#13411 = ( GEOMETRIC_REPRESENTATION_CONTEXT(2) 
PARAMETRIC_REPRESENTATION_CONTEXT() REPRESENTATION_CONTEXT('2D SPACE',''
  ) );
#13412 = PCURVE('',#12857,#13413);
#13413 = DEFINITIONAL_REPRESENTATION('',(#13414),#13418);
#13414 = LINE('',#13415,#13416);
#13415 = CARTESIAN_POINT('',(-0.,-31.));
#13416 = VECTOR('',#13417,1.);
#13417 = DIRECTION('',(-1.,-0.));
#13418 = ( GEOMETRIC_REPRESENTATION_CONTEXT(2) 
PARAMETRIC_REPRESENTATION_CONTEXT() REPRESENTATION_CONTEXT('2D SPACE',''
  ) );
#13419 = ORIENTED_EDGE('',*,*,#13167,.T.);
#13420 = ORIENTED_EDGE('',*,*,#12732,.T.);
#13421 = ORIENTED_EDGE('',*,*,#12818,.F.);
#13422 = ADVANCED_FACE('',(#13423),#13081,.F.);
#13423 = FACE_BOUND('',#13424,.T.);
#13424 = EDGE_LOOP('',(#13425,#13426,#13427,#13448));
#13425 = ORIENTED_EDGE('',*,*,#13117,.F.);
#13426 = ORIENTED_EDGE('',*,*,#13374,.T.);
#13427 = ORIENTED_EDGE('',*,*,#13428,.F.);
#13428 = EDGE_CURVE('',#13038,#13352,#13429,.T.);
#13429 = SURFACE_CURVE('',#13430,(#13434,#13441),.PCURVE_S1.);
#13430 = LINE('',#13431,#13432);
#13431 = CARTESIAN_POINT('',(2.1275E+03,1.03E+03,1.4975E+03));
#13432 = VECTOR('',#13433,1.);
#13433 = DIRECTION('',(-0.,0.,-1.));
#13434 = PCURVE('',#13081,#13435);
#13435 = DEFINITIONAL_REPRESENTATION('',(#13436),#13440);
#13436 = LINE('',#13437,#13438);
#13437 = CARTESIAN_POINT('',(-0.5,-30.5));
#13438 = VECTOR('',#13439,1.);
#13439 = DIRECTION('',(1.,-0.));
#13440 = ( GEOMETRIC_REPRESENTATION_CONTEXT(2) 
PARAMETRIC_REPRESENTATION_CONTEXT() REPRESENTATION_CONTEXT('2D SPACE',''
  ) );
#13441 = PCURVE('',#13053,#13442);
#13442 = DEFINITIONAL_REPRESENTATION('',(#13443),#13447);
#13443 = LINE('',#13444,#13445);
#13444 = CARTESIAN_POINT('',(0.5,30.5));
#13445 = VECTOR('',#13446,1.);
#13446 = DIRECTION('',(1.,-0.));
#13447 = ( GEOMETRIC_REPRESENTATION_CONTEXT(2) 
PARAMETRIC_REPRESENTATION_CONTEXT() REPRESENTATION_CONTEXT('2D SPACE',''
  ) );
#13448 = ORIENTED_EDGE('',*,*,#13065,.F.);
#13449 = ADVANCED_FACE('',(#13450),#13053,.T.);
#13450 = FACE_BOUND('',#13451,.F.);
#13451 = EDGE_LOOP('',(#13452,#13453,#13454,#13455));
#13452 = ORIENTED_EDGE('',*,*,#13351,.F.);
#13453 = ORIENTED_EDGE('',*,*,#13428,.F.);
#13454 = ORIENTED_EDGE('',*,*,#13037,.T.);
#13455 = ORIENTED_EDGE('',*,*,#13456,.T.);
#13456 = EDGE_CURVE('',#13010,#13329,#13457,.T.);
#13457 = SURFACE_CURVE('',#13458,(#13462,#13469),.PCURVE_S1.);
#13458 = LINE('',#13459,#13460);
#13459 = CARTESIAN_POINT('',(1.7385E+03,1.03E+03,1.4975E+03));
#13460 = VECTOR('',#13461,1.);
#13461 = DIRECTION('',(-0.,0.,-1.));
#13462 = PCURVE('',#13053,#13463);
#13463 = DEFINITIONAL_REPRESENTATION('',(#13464),#13468);
#13464 = LINE('',#13465,#13466);
#13465 = CARTESIAN_POINT('',(0.5,419.5));
#13466 = VECTOR('',#13467,1.);
#13467 = DIRECTION('',(1.,-0.));
#13468 = ( GEOMETRIC_REPRESENTATION_CONTEXT(2) 
PARAMETRIC_REPRESENTATION_CONTEXT() REPRESENTATION_CONTEXT('2D SPACE',''
  ) );
#13469 = PCURVE('',#13025,#13470);
#13470 = DEFINITIONAL_REPRESENTATION('',(#13471),#13475);
#13471 = LINE('',#13472,#13473);
#13472 = CARTESIAN_POINT('',(-0.5,-30.5));
#13473 = VECTOR('',#13474,1.);
#13474 = DIRECTION('',(1.,-0.));
#13475 = ( GEOMETRIC_REPRESENTATION_CONTEXT(2) 
PARAMETRIC_REPRESENTATION_CONTEXT() REPRESENTATION_CONTEXT('2D SPACE',''
  ) );
#13476 = ADVANCED_FACE('',(#13477),#13025,.T.);
#13477 = FACE_BOUND('',#13478,.F.);
#13478 = EDGE_LOOP('',(#13479,#13500,#13501,#13502));
#13479 = ORIENTED_EDGE('',*,*,#13480,.F.);
#13480 = EDGE_CURVE('',#13306,#12982,#13481,.T.);
#13481 = SURFACE_CURVE('',#13482,(#13486,#13493),.PCURVE_S1.);
#13482 = LINE('',#13483,#13484);
#13483 = CARTESIAN_POINT('',(1.7385E+03,999.5,1.497E+03));
#13484 = VECTOR('',#13485,1.);
#13485 = DIRECTION('',(-0.,-0.,1.));
#13486 = PCURVE('',#13025,#13487);
#13487 = DEFINITIONAL_REPRESENTATION('',(#13488),#13492);
#13488 = LINE('',#13489,#13490);
#13489 = CARTESIAN_POINT('',(-0.,-0.));
#13490 = VECTOR('',#13491,1.);
#13491 = DIRECTION('',(-1.,-0.));
#13492 = ( GEOMETRIC_REPRESENTATION_CONTEXT(2) 
PARAMETRIC_REPRESENTATION_CONTEXT() REPRESENTATION_CONTEXT('2D SPACE',''
  ) );
#13493 = PCURVE('',#12997,#13494);
#13494 = DEFINITIONAL_REPRESENTATION('',(#13495),#13499);
#13495 = LINE('',#13496,#13497);
#13496 = CARTESIAN_POINT('',(-0.,-0.));
#13497 = VECTOR('',#13498,1.);
#13498 = DIRECTION('',(-1.,0.));
#13499 = ( GEOMETRIC_REPRESENTATION_CONTEXT(2) 
PARAMETRIC_REPRESENTATION_CONTEXT() REPRESENTATION_CONTEXT('2D SPACE',''
  ) );
#13500 = ORIENTED_EDGE('',*,*,#13328,.T.);
#13501 = ORIENTED_EDGE('',*,*,#13456,.F.);
#13502 = ORIENTED_EDGE('',*,*,#13009,.F.);
#13503 = ADVANCED_FACE('',(#13504),#12997,.T.);
#13504 = FACE_BOUND('',#13505,.F.);
#13505 = EDGE_LOOP('',(#13506,#13507,#13508,#13509));
#13506 = ORIENTED_EDGE('',*,*,#13305,.T.);
#13507 = ORIENTED_EDGE('',*,*,#13480,.T.);
#13508 = ORIENTED_EDGE('',*,*,#12981,.F.);
#13509 = ORIENTED_EDGE('',*,*,#13510,.F.);
#13510 = EDGE_CURVE('',#13283,#12954,#13511,.T.);
#13511 = SURFACE_CURVE('',#13512,(#13516,#13523),.PCURVE_S1.);
#13512 = LINE('',#13513,#13514);
#13513 = CARTESIAN_POINT('',(1.708E+03,999.5,1.4975E+03));
#13514 = VECTOR('',#13515,1.);
#13515 = DIRECTION('',(-0.,-0.,1.));
#13516 = PCURVE('',#12997,#13517);
#13517 = DEFINITIONAL_REPRESENTATION('',(#13518),#13522);
#13518 = LINE('',#13519,#13520);
#13519 = CARTESIAN_POINT('',(-0.5,30.5));
#13520 = VECTOR('',#13521,1.);
#13521 = DIRECTION('',(-1.,0.));
#13522 = ( GEOMETRIC_REPRESENTATION_CONTEXT(2) 
PARAMETRIC_REPRESENTATION_CONTEXT() REPRESENTATION_CONTEXT('2D SPACE',''
  ) );
#13523 = PCURVE('',#12969,#13524);
#13524 = DEFINITIONAL_REPRESENTATION('',(#13525),#13529);
#13525 = LINE('',#13526,#13527);
#13526 = CARTESIAN_POINT('',(0.5,-929.5));
#13527 = VECTOR('',#13528,1.);
#13528 = DIRECTION('',(-1.,-0.));
#13529 = ( GEOMETRIC_REPRESENTATION_CONTEXT(2) 
PARAMETRIC_REPRESENTATION_CONTEXT() REPRESENTATION_CONTEXT('2D SPACE',''
  ) );
#13530 = ADVANCED_FACE('',(#13531),#12969,.T.);
#13531 = FACE_BOUND('',#13532,.F.);
#13532 = EDGE_LOOP('',(#13533,#13534,#13555,#13556));
#13533 = ORIENTED_EDGE('',*,*,#12953,.F.);
#13534 = ORIENTED_EDGE('',*,*,#13535,.F.);
#13535 = EDGE_CURVE('',#13260,#12926,#13536,.T.);
#13536 = SURFACE_CURVE('',#13537,(#13541,#13548),.PCURVE_S1.);
#13537 = LINE('',#13538,#13539);
#13538 = CARTESIAN_POINT('',(1.708E+03,100.5,1.4975E+03));
#13539 = VECTOR('',#13540,1.);
#13540 = DIRECTION('',(-0.,-0.,1.));
#13541 = PCURVE('',#12969,#13542);
#13542 = DEFINITIONAL_REPRESENTATION('',(#13543),#13547);
#13543 = LINE('',#13544,#13545);
#13544 = CARTESIAN_POINT('',(0.5,-30.5));
#13545 = VECTOR('',#13546,1.);
#13546 = DIRECTION('',(-1.,-0.));
#13547 = ( GEOMETRIC_REPRESENTATION_CONTEXT(2) 
PARAMETRIC_REPRESENTATION_CONTEXT() REPRESENTATION_CONTEXT('2D SPACE',''
  ) );
#13548 = PCURVE('',#12941,#13549);
#13549 = DEFINITIONAL_REPRESENTATION('',(#13550),#13554);
#13550 = LINE('',#13551,#13552);
#13551 = CARTESIAN_POINT('',(-0.5,30.5));
#13552 = VECTOR('',#13553,1.);
#13553 = DIRECTION('',(-1.,0.));
#13554 = ( GEOMETRIC_REPRESENTATION_CONTEXT(2) 
PARAMETRIC_REPRESENTATION_CONTEXT() REPRESENTATION_CONTEXT('2D SPACE',''
  ) );
#13555 = ORIENTED_EDGE('',*,*,#13282,.T.);
#13556 = ORIENTED_EDGE('',*,*,#13510,.T.);
#13557 = ADVANCED_FACE('',(#13558),#12941,.F.);
#13558 = FACE_BOUND('',#13559,.T.);
#13559 = EDGE_LOOP('',(#13560,#13561,#13582,#13583));
#13560 = ORIENTED_EDGE('',*,*,#13259,.T.);
#13561 = ORIENTED_EDGE('',*,*,#13562,.T.);
#13562 = EDGE_CURVE('',#13237,#12898,#13563,.T.);
#13563 = SURFACE_CURVE('',#13564,(#13568,#13575),.PCURVE_S1.);
#13564 = LINE('',#13565,#13566);
#13565 = CARTESIAN_POINT('',(1.7385E+03,100.5,1.497E+03));
#13566 = VECTOR('',#13567,1.);
#13567 = DIRECTION('',(-0.,-0.,1.));
#13568 = PCURVE('',#12941,#13569);
#13569 = DEFINITIONAL_REPRESENTATION('',(#13570),#13574);
#13570 = LINE('',#13571,#13572);
#13571 = CARTESIAN_POINT('',(-0.,-0.));
#13572 = VECTOR('',#13573,1.);
#13573 = DIRECTION('',(-1.,0.));
#13574 = ( GEOMETRIC_REPRESENTATION_CONTEXT(2) 
PARAMETRIC_REPRESENTATION_CONTEXT() REPRESENTATION_CONTEXT('2D SPACE',''
  ) );
#13575 = PCURVE('',#12913,#13576);
#13576 = DEFINITIONAL_REPRESENTATION('',(#13577),#13581);
#13577 = LINE('',#13578,#13579);
#13578 = CARTESIAN_POINT('',(-0.,-31.));
#13579 = VECTOR('',#13580,1.);
#13580 = DIRECTION('',(-1.,-0.));
#13581 = ( GEOMETRIC_REPRESENTATION_CONTEXT(2) 
PARAMETRIC_REPRESENTATION_CONTEXT() REPRESENTATION_CONTEXT('2D SPACE',''
  ) );
#13582 = ORIENTED_EDGE('',*,*,#12925,.F.);
#13583 = ORIENTED_EDGE('',*,*,#13535,.F.);
#13584 = ADVANCED_FACE('',(#13585),#12913,.T.);
#13585 = FACE_BOUND('',#13586,.F.);
#13586 = EDGE_LOOP('',(#13587,#13588,#13589,#13610));
#13587 = ORIENTED_EDGE('',*,*,#13562,.T.);
#13588 = ORIENTED_EDGE('',*,*,#12897,.F.);
#13589 = ORIENTED_EDGE('',*,*,#13590,.T.);
#13590 = EDGE_CURVE('',#12870,#13214,#13591,.T.);
#13591 = SURFACE_CURVE('',#13592,(#13596,#13603),.PCURVE_S1.);
#13592 = LINE('',#13593,#13594);
#13593 = CARTESIAN_POINT('',(1.7385E+03,70.,1.4975E+03));
#13594 = VECTOR('',#13595,1.);
#13595 = DIRECTION('',(-0.,0.,-1.));
#13596 = PCURVE('',#12913,#13597);
#13597 = DEFINITIONAL_REPRESENTATION('',(#13598),#13602);
#13598 = LINE('',#13599,#13600);
#13599 = CARTESIAN_POINT('',(-0.5,-0.5));
#13600 = VECTOR('',#13601,1.);
#13601 = DIRECTION('',(1.,-0.));
#13602 = ( GEOMETRIC_REPRESENTATION_CONTEXT(2) 
PARAMETRIC_REPRESENTATION_CONTEXT() REPRESENTATION_CONTEXT('2D SPACE',''
  ) );
#13603 = PCURVE('',#12885,#13604);
#13604 = DEFINITIONAL_REPRESENTATION('',(#13605),#13609);
#13605 = LINE('',#13606,#13607);
#13606 = CARTESIAN_POINT('',(0.5,419.5));
#13607 = VECTOR('',#13608,1.);
#13608 = DIRECTION('',(1.,-0.));
#13609 = ( GEOMETRIC_REPRESENTATION_CONTEXT(2) 
PARAMETRIC_REPRESENTATION_CONTEXT() REPRESENTATION_CONTEXT('2D SPACE',''
  ) );
#13610 = ORIENTED_EDGE('',*,*,#13236,.T.);
#13611 = ADVANCED_FACE('',(#13612),#12885,.F.);
#13612 = FACE_BOUND('',#13613,.T.);
#13613 = EDGE_LOOP('',(#13614,#13615,#13636,#13637));
#13614 = ORIENTED_EDGE('',*,*,#13213,.F.);
#13615 = ORIENTED_EDGE('',*,*,#13616,.F.);
#13616 = EDGE_CURVE('',#12842,#13191,#13617,.T.);
#13617 = SURFACE_CURVE('',#13618,(#13622,#13629),.PCURVE_S1.);
#13618 = LINE('',#13619,#13620);
#13619 = CARTESIAN_POINT('',(2.1275E+03,70.,1.4975E+03));
#13620 = VECTOR('',#13621,1.);
#13621 = DIRECTION('',(-0.,0.,-1.));
#13622 = PCURVE('',#12885,#13623);
#13623 = DEFINITIONAL_REPRESENTATION('',(#13624),#13628);
#13624 = LINE('',#13625,#13626);
#13625 = CARTESIAN_POINT('',(0.5,30.5));
#13626 = VECTOR('',#13627,1.);
#13627 = DIRECTION('',(1.,-0.));
#13628 = ( GEOMETRIC_REPRESENTATION_CONTEXT(2) 
PARAMETRIC_REPRESENTATION_CONTEXT() REPRESENTATION_CONTEXT('2D SPACE',''
  ) );
#13629 = PCURVE('',#12857,#13630);
#13630 = DEFINITIONAL_REPRESENTATION('',(#13631),#13635);
#13631 = LINE('',#13632,#13633);
#13632 = CARTESIAN_POINT('',(-0.5,-0.5));
#13633 = VECTOR('',#13634,1.);
#13634 = DIRECTION('',(1.,-0.));
#13635 = ( GEOMETRIC_REPRESENTATION_CONTEXT(2) 
PARAMETRIC_REPRESENTATION_CONTEXT() REPRESENTATION_CONTEXT('2D SPACE',''
  ) );
#13636 = ORIENTED_EDGE('',*,*,#12869,.T.);
#13637 = ORIENTED_EDGE('',*,*,#13590,.T.);
#13638 = ADVANCED_FACE('',(#13639),#12857,.F.);
#13639 = FACE_BOUND('',#13640,.T.);
#13640 = EDGE_LOOP('',(#13641,#13642,#13643,#13644));
#13641 = ORIENTED_EDGE('',*,*,#13399,.T.);
#13642 = ORIENTED_EDGE('',*,*,#12841,.F.);
#13643 = ORIENTED_EDGE('',*,*,#13616,.T.);
#13644 = ORIENTED_EDGE('',*,*,#13190,.T.);
#13645 = ( GEOMETRIC_REPRESENTATION_CONTEXT(3) 
GLOBAL_UNCERTAINTY_ASSIGNED_CONTEXT((#13649)) 
GLOBAL_UNIT_ASSIGNED_CONTEXT((#13646,#13647,#13648)) 
REPRESENTATION_CONTEXT('Context #1',
  '3D Context with UNIT and UNCERTAINTY') );
#13646 = ( LENGTH_UNIT() NAMED_UNIT(*) SI_UNIT(.MILLI.,.METRE.) );
#13647 = ( NAMED_UNIT(*) PLANE_ANGLE_UNIT() SI_UNIT($,.RADIAN.) );
#13648 = ( NAMED_UNIT(*) SI_UNIT($,.STERADIAN.) SOLID_ANGLE_UNIT() );
#13649 = UNCERTAINTY_MEASURE_WITH_UNIT(LENGTH_MEASURE(2.E-07),#13646,
  'distance_accuracy_value','confusion accuracy');
#13650 = CONTEXT_DEPENDENT_SHAPE_REPRESENTATION(#13651,#13653);
#13651 = ( REPRESENTATION_RELATIONSHIP('','',#12690,#10) 
REPRESENTATION_RELATIONSHIP_WITH_TRANSFORMATION(#13652) 
SHAPE_REPRESENTATION_RELATIONSHIP() );
#13652 = ITEM_DEFINED_TRANSFORMATION('','',#11,#87);
#13653 = PRODUCT_DEFINITION_SHAPE('Placement','Placement of an item',
  #13654);
#13654 = NEXT_ASSEMBLY_USAGE_OCCURRENCE('335','','',#5,#12685,$);
#13655 = PRODUCT_RELATED_PRODUCT_CATEGORY('part',$,(#12687));
ENDSEC;
END-ISO-10303-21;
