ISO-10303-21;
HEADER;
FILE_DESCRIPTION(('Open CASCADE Model'),'2;1');
FILE_NAME('Open CASCADE Shape Model','2026-09-26T18:32:03',('Author'),(
    'Open CASCADE'),'Open CASCADE STEP processor 7.9','Open CASCADE 7.9'
  ,'Unknown');
FILE_SCHEMA(('AUTOMOTIVE_DESIGN { 1 0 10303 214 1 1 1 1 }'));
ENDSEC;
DATA;
#1 = APPLICATION_PROTOCOL_DEFINITION('international standard',
  'automotive_design',2000,#2);
#2 = APPLICATION_CONTEXT(
  'core data for automotive mechanical design processes');
#3 = SHAPE_DEFINITION_REPRESENTATION(#4,#10);
#4 = PRODUCT_DEFINITION_SHAPE('','',#5);
#5 = PRODUCT_DEFINITION('design','',#6,#9);
#6 = PRODUCT_DEFINITION_FORMATION('','',#7);
#7 = PRODUCT('Open CASCADE STEP translator 7.9 13',
  'Open CASCADE STEP translator 7.9 13','',(#8));
#8 = PRODUCT_CONTEXT('',#2,'mechanical');
#9 = PRODUCT_DEFINITION_CONTEXT('part definition',#2,'design');
#10 = SHAPE_REPRESENTATION('',(#11,#15,#19,#23,#27),#31);
#11 = AXIS2_PLACEMENT_3D('',#12,#13,#14);
#12 = CARTESIAN_POINT('',(0.,0.,0.));
#13 = DIRECTION('',(0.,0.,1.));
#14 = DIRECTION('',(1.,0.,-0.));
#15 = AXIS2_PLACEMENT_3D('',#16,#17,#18);
#16 = CARTESIAN_POINT('',(0.,0.,0.));
#17 = DIRECTION('',(0.,0.,1.));
#18 = DIRECTION('',(1.,0.,-0.));
#19 = AXIS2_PLACEMENT_3D('',#20,#21,#22);
#20 = CARTESIAN_POINT('',(0.,0.,0.));
#21 = DIRECTION('',(0.,0.,1.));
#22 = DIRECTION('',(1.,0.,-0.));
#23 = AXIS2_PLACEMENT_3D('',#24,#25,#26);
#24 = CARTESIAN_POINT('',(0.,0.,0.));
#25 = DIRECTION('',(0.,0.,1.));
#26 = DIRECTION('',(1.,0.,-0.));
#27 = AXIS2_PLACEMENT_3D('',#28,#29,#30);
#28 = CARTESIAN_POINT('',(0.,0.,0.));
#29 = DIRECTION('',(0.,0.,1.));
#30 = DIRECTION('',(1.,0.,-0.));
#31 = ( GEOMETRIC_REPRESENTATION_CONTEXT(3) 
GLOBAL_UNCERTAINTY_ASSIGNED_CONTEXT((#35)) GLOBAL_UNIT_ASSIGNED_CONTEXT(
(#32,#33,#34)) REPRESENTATION_CONTEXT('Context #1',
  '3D Context with UNIT and UNCERTAINTY') );
#32 = ( LENGTH_UNIT() NAMED_UNIT(*) SI_UNIT(.MILLI.,.METRE.) );
#33 = ( NAMED_UNIT(*) PLANE_ANGLE_UNIT() SI_UNIT($,.RADIAN.) );
#34 = ( NAMED_UNIT(*) SI_UNIT($,.STERADIAN.) SOLID_ANGLE_UNIT() );
#35 = UNCERTAINTY_MEASURE_WITH_UNIT(LENGTH_MEASURE(1.E-07),#32,
  'distance_accuracy_value','confusion accuracy');
#36 = PRODUCT_RELATED_PRODUCT_CATEGORY('part',$,(#7));
#37 = SHAPE_DEFINITION_REPRESENTATION(#38,#44);
#38 = PRODUCT_DEFINITION_SHAPE('','',#39);
#39 = PRODUCT_DEFINITION('design','',#40,#43);
#40 = PRODUCT_DEFINITION_FORMATION('','',#41);
#41 = PRODUCT('Open CASCADE STEP translator 7.9 13.1',
  'Open CASCADE STEP translator 7.9 13.1','',(#42));
#42 = PRODUCT_CONTEXT('',#2,'mechanical');
#43 = PRODUCT_DEFINITION_CONTEXT('part definition',#2,'design');
#44 = ADVANCED_BREP_SHAPE_REPRESENTATION('',(#11,#45),#2331);
#45 = MANIFOLD_SOLID_BREP('',#46);
#46 = CLOSED_SHELL('',(#47,#167,#243,#416,#465,#627,#634,#661,#688,#715,
    #742,#903,#1073,#1149,#1225,#1333,#1382,#1463,#1571,#1620,#1701,
    #1728,#1755,#1762,#1817,#1872,#1879,#1934,#1989,#2024,#2028,#2032,
    #2062,#2201,#2249,#2298,#2324));
#47 = ADVANCED_FACE('',(#48),#62,.F.);
#48 = FACE_BOUND('',#49,.F.);
#49 = EDGE_LOOP('',(#50,#85,#113,#141));
#50 = ORIENTED_EDGE('',*,*,#51,.F.);
#51 = EDGE_CURVE('',#52,#54,#56,.T.);
#52 = VERTEX_POINT('',#53);
#53 = CARTESIAN_POINT('',(95.,110.,237.));
#54 = VERTEX_POINT('',#55);
#55 = CARTESIAN_POINT('',(95.,110.,245.));
#56 = SURFACE_CURVE('',#57,(#61,#73),.PCURVE_S1.);
#57 = LINE('',#58,#59);
#58 = CARTESIAN_POINT('',(95.,110.,237.));
#59 = VECTOR('',#60,1.);
#60 = DIRECTION('',(0.,0.,1.));
#61 = PCURVE('',#62,#67);
#62 = PLANE('',#63);
#63 = AXIS2_PLACEMENT_3D('',#64,#65,#66);
#64 = CARTESIAN_POINT('',(95.,110.,237.));
#65 = DIRECTION('',(1.,0.,-0.));
#66 = DIRECTION('',(0.,0.,1.));
#67 = DEFINITIONAL_REPRESENTATION('',(#68),#72);
#68 = LINE('',#69,#70);
#69 = CARTESIAN_POINT('',(0.,0.));
#70 = VECTOR('',#71,1.);
#71 = DIRECTION('',(1.,0.));
#72 = ( GEOMETRIC_REPRESENTATION_CONTEXT(2) 
PARAMETRIC_REPRESENTATION_CONTEXT() REPRESENTATION_CONTEXT('2D SPACE',''
  ) );
#73 = PCURVE('',#74,#79);
#74 = PLANE('',#75);
#75 = AXIS2_PLACEMENT_3D('',#76,#77,#78);
#76 = CARTESIAN_POINT('',(95.,110.,237.));
#77 = DIRECTION('',(-0.,1.,0.));
#78 = DIRECTION('',(0.,0.,1.));
#79 = DEFINITIONAL_REPRESENTATION('',(#80),#84);
#80 = LINE('',#81,#82);
#81 = CARTESIAN_POINT('',(0.,0.));
#82 = VECTOR('',#83,1.);
#83 = DIRECTION('',(1.,0.));
#84 = ( GEOMETRIC_REPRESENTATION_CONTEXT(2) 
PARAMETRIC_REPRESENTATION_CONTEXT() REPRESENTATION_CONTEXT('2D SPACE',''
  ) );
#85 = ORIENTED_EDGE('',*,*,#86,.T.);
#86 = EDGE_CURVE('',#52,#87,#89,.T.);
#87 = VERTEX_POINT('',#88);
#88 = CARTESIAN_POINT('',(95.,220.,237.));
#89 = SURFACE_CURVE('',#90,(#94,#101),.PCURVE_S1.);
#90 = LINE('',#91,#92);
#91 = CARTESIAN_POINT('',(95.,110.,237.));
#92 = VECTOR('',#93,1.);
#93 = DIRECTION('',(-0.,1.,0.));
#94 = PCURVE('',#62,#95);
#95 = DEFINITIONAL_REPRESENTATION('',(#96),#100);
#96 = LINE('',#97,#98);
#97 = CARTESIAN_POINT('',(0.,0.));
#98 = VECTOR('',#99,1.);
#99 = DIRECTION('',(0.,-1.));
#100 = ( GEOMETRIC_REPRESENTATION_CONTEXT(2) 
PARAMETRIC_REPRESENTATION_CONTEXT() REPRESENTATION_CONTEXT('2D SPACE',''
  ) );
#101 = PCURVE('',#102,#107);
#102 = PLANE('',#103);
#103 = AXIS2_PLACEMENT_3D('',#104,#105,#106);
#104 = CARTESIAN_POINT('',(95.,110.,237.));
#105 = DIRECTION('',(0.,0.,1.));
#106 = DIRECTION('',(1.,0.,-0.));
#107 = DEFINITIONAL_REPRESENTATION('',(#108),#112);
#108 = LINE('',#109,#110);
#109 = CARTESIAN_POINT('',(0.,0.));
#110 = VECTOR('',#111,1.);
#111 = DIRECTION('',(0.,1.));
#112 = ( GEOMETRIC_REPRESENTATION_CONTEXT(2) 
PARAMETRIC_REPRESENTATION_CONTEXT() REPRESENTATION_CONTEXT('2D SPACE',''
  ) );
#113 = ORIENTED_EDGE('',*,*,#114,.T.);
#114 = EDGE_CURVE('',#87,#115,#117,.T.);
#115 = VERTEX_POINT('',#116);
#116 = CARTESIAN_POINT('',(95.,220.,245.));
#117 = SURFACE_CURVE('',#118,(#122,#129),.PCURVE_S1.);
#118 = LINE('',#119,#120);
#119 = CARTESIAN_POINT('',(95.,220.,237.));
#120 = VECTOR('',#121,1.);
#121 = DIRECTION('',(0.,0.,1.));
#122 = PCURVE('',#62,#123);
#123 = DEFINITIONAL_REPRESENTATION('',(#124),#128);
#124 = LINE('',#125,#126);
#125 = CARTESIAN_POINT('',(0.,-110.));
#126 = VECTOR('',#127,1.);
#127 = DIRECTION('',(1.,0.));
#128 = ( GEOMETRIC_REPRESENTATION_CONTEXT(2) 
PARAMETRIC_REPRESENTATION_CONTEXT() REPRESENTATION_CONTEXT('2D SPACE',''
  ) );
#129 = PCURVE('',#130,#135);
#130 = PLANE('',#131);
#131 = AXIS2_PLACEMENT_3D('',#132,#133,#134);
#132 = CARTESIAN_POINT('',(95.,220.,237.));
#133 = DIRECTION('',(-0.,1.,0.));
#134 = DIRECTION('',(0.,0.,1.));
#135 = DEFINITIONAL_REPRESENTATION('',(#136),#140);
#136 = LINE('',#137,#138);
#137 = CARTESIAN_POINT('',(0.,0.));
#138 = VECTOR('',#139,1.);
#139 = DIRECTION('',(1.,0.));
#140 = ( GEOMETRIC_REPRESENTATION_CONTEXT(2) 
PARAMETRIC_REPRESENTATION_CONTEXT() REPRESENTATION_CONTEXT('2D SPACE',''
  ) );
#141 = ORIENTED_EDGE('',*,*,#142,.F.);
#142 = EDGE_CURVE('',#54,#115,#143,.T.);
#143 = SURFACE_CURVE('',#144,(#148,#155),.PCURVE_S1.);
#144 = LINE('',#145,#146);
#145 = CARTESIAN_POINT('',(95.,110.,245.));
#146 = VECTOR('',#147,1.);
#147 = DIRECTION('',(-0.,1.,0.));
#148 = PCURVE('',#62,#149);
#149 = DEFINITIONAL_REPRESENTATION('',(#150),#154);
#150 = LINE('',#151,#152);
#151 = CARTESIAN_POINT('',(8.,0.));
#152 = VECTOR('',#153,1.);
#153 = DIRECTION('',(0.,-1.));
#154 = ( GEOMETRIC_REPRESENTATION_CONTEXT(2) 
PARAMETRIC_REPRESENTATION_CONTEXT() REPRESENTATION_CONTEXT('2D SPACE',''
  ) );
#155 = PCURVE('',#156,#161);
#156 = PLANE('',#157);
#157 = AXIS2_PLACEMENT_3D('',#158,#159,#160);
#158 = CARTESIAN_POINT('',(95.,110.,245.));
#159 = DIRECTION('',(0.,0.,1.));
#160 = DIRECTION('',(1.,0.,-0.));
#161 = DEFINITIONAL_REPRESENTATION('',(#162),#166);
#162 = LINE('',#163,#164);
#163 = CARTESIAN_POINT('',(0.,0.));
#164 = VECTOR('',#165,1.);
#165 = DIRECTION('',(0.,1.));
#166 = ( GEOMETRIC_REPRESENTATION_CONTEXT(2) 
PARAMETRIC_REPRESENTATION_CONTEXT() REPRESENTATION_CONTEXT('2D SPACE',''
  ) );
#167 = ADVANCED_FACE('',(#168),#74,.F.);
#168 = FACE_BOUND('',#169,.F.);
#169 = EDGE_LOOP('',(#170,#193,#194,#217));
#170 = ORIENTED_EDGE('',*,*,#171,.F.);
#171 = EDGE_CURVE('',#52,#172,#174,.T.);
#172 = VERTEX_POINT('',#173);
#173 = CARTESIAN_POINT('',(235.,110.,237.));
#174 = SURFACE_CURVE('',#175,(#179,#186),.PCURVE_S1.);
#175 = LINE('',#176,#177);
#176 = CARTESIAN_POINT('',(95.,110.,237.));
#177 = VECTOR('',#178,1.);
#178 = DIRECTION('',(1.,0.,-0.));
#179 = PCURVE('',#74,#180);
#180 = DEFINITIONAL_REPRESENTATION('',(#181),#185);
#181 = LINE('',#182,#183);
#182 = CARTESIAN_POINT('',(0.,0.));
#183 = VECTOR('',#184,1.);
#184 = DIRECTION('',(0.,1.));
#185 = ( GEOMETRIC_REPRESENTATION_CONTEXT(2) 
PARAMETRIC_REPRESENTATION_CONTEXT() REPRESENTATION_CONTEXT('2D SPACE',''
  ) );
#186 = PCURVE('',#102,#187);
#187 = DEFINITIONAL_REPRESENTATION('',(#188),#192);
#188 = LINE('',#189,#190);
#189 = CARTESIAN_POINT('',(0.,0.));
#190 = VECTOR('',#191,1.);
#191 = DIRECTION('',(1.,0.));
#192 = ( GEOMETRIC_REPRESENTATION_CONTEXT(2) 
PARAMETRIC_REPRESENTATION_CONTEXT() REPRESENTATION_CONTEXT('2D SPACE',''
  ) );
#193 = ORIENTED_EDGE('',*,*,#51,.T.);
#194 = ORIENTED_EDGE('',*,*,#195,.T.);
#195 = EDGE_CURVE('',#54,#196,#198,.T.);
#196 = VERTEX_POINT('',#197);
#197 = CARTESIAN_POINT('',(235.,110.,245.));
#198 = SURFACE_CURVE('',#199,(#203,#210),.PCURVE_S1.);
#199 = LINE('',#200,#201);
#200 = CARTESIAN_POINT('',(95.,110.,245.));
#201 = VECTOR('',#202,1.);
#202 = DIRECTION('',(1.,0.,-0.));
#203 = PCURVE('',#74,#204);
#204 = DEFINITIONAL_REPRESENTATION('',(#205),#209);
#205 = LINE('',#206,#207);
#206 = CARTESIAN_POINT('',(8.,0.));
#207 = VECTOR('',#208,1.);
#208 = DIRECTION('',(0.,1.));
#209 = ( GEOMETRIC_REPRESENTATION_CONTEXT(2) 
PARAMETRIC_REPRESENTATION_CONTEXT() REPRESENTATION_CONTEXT('2D SPACE',''
  ) );
#210 = PCURVE('',#156,#211);
#211 = DEFINITIONAL_REPRESENTATION('',(#212),#216);
#212 = LINE('',#213,#214);
#213 = CARTESIAN_POINT('',(0.,0.));
#214 = VECTOR('',#215,1.);
#215 = DIRECTION('',(1.,0.));
#216 = ( GEOMETRIC_REPRESENTATION_CONTEXT(2) 
PARAMETRIC_REPRESENTATION_CONTEXT() REPRESENTATION_CONTEXT('2D SPACE',''
  ) );
#217 = ORIENTED_EDGE('',*,*,#218,.F.);
#218 = EDGE_CURVE('',#172,#196,#219,.T.);
#219 = SURFACE_CURVE('',#220,(#224,#231),.PCURVE_S1.);
#220 = LINE('',#221,#222);
#221 = CARTESIAN_POINT('',(235.,110.,237.));
#222 = VECTOR('',#223,1.);
#223 = DIRECTION('',(0.,0.,1.));
#224 = PCURVE('',#74,#225);
#225 = DEFINITIONAL_REPRESENTATION('',(#226),#230);
#226 = LINE('',#227,#228);
#227 = CARTESIAN_POINT('',(0.,140.));
#228 = VECTOR('',#229,1.);
#229 = DIRECTION('',(1.,0.));
#230 = ( GEOMETRIC_REPRESENTATION_CONTEXT(2) 
PARAMETRIC_REPRESENTATION_CONTEXT() REPRESENTATION_CONTEXT('2D SPACE',''
  ) );
#231 = PCURVE('',#232,#237);
#232 = PLANE('',#233);
#233 = AXIS2_PLACEMENT_3D('',#234,#235,#236);
#234 = CARTESIAN_POINT('',(235.,110.,237.));
#235 = DIRECTION('',(1.,0.,-0.));
#236 = DIRECTION('',(0.,0.,1.));
#237 = DEFINITIONAL_REPRESENTATION('',(#238),#242);
#238 = LINE('',#239,#240);
#239 = CARTESIAN_POINT('',(0.,0.));
#240 = VECTOR('',#241,1.);
#241 = DIRECTION('',(1.,0.));
#242 = ( GEOMETRIC_REPRESENTATION_CONTEXT(2) 
PARAMETRIC_REPRESENTATION_CONTEXT() REPRESENTATION_CONTEXT('2D SPACE',''
  ) );
#243 = ADVANCED_FACE('',(#244,#292,#323,#354,#385),#156,.T.);
#244 = FACE_BOUND('',#245,.T.);
#245 = EDGE_LOOP('',(#246,#247,#248,#271));
#246 = ORIENTED_EDGE('',*,*,#142,.F.);
#247 = ORIENTED_EDGE('',*,*,#195,.T.);
#248 = ORIENTED_EDGE('',*,*,#249,.T.);
#249 = EDGE_CURVE('',#196,#250,#252,.T.);
#250 = VERTEX_POINT('',#251);
#251 = CARTESIAN_POINT('',(235.,220.,245.));
#252 = SURFACE_CURVE('',#253,(#257,#264),.PCURVE_S1.);
#253 = LINE('',#254,#255);
#254 = CARTESIAN_POINT('',(235.,110.,245.));
#255 = VECTOR('',#256,1.);
#256 = DIRECTION('',(-0.,1.,0.));
#257 = PCURVE('',#156,#258);
#258 = DEFINITIONAL_REPRESENTATION('',(#259),#263);
#259 = LINE('',#260,#261);
#260 = CARTESIAN_POINT('',(140.,0.));
#261 = VECTOR('',#262,1.);
#262 = DIRECTION('',(0.,1.));
#263 = ( GEOMETRIC_REPRESENTATION_CONTEXT(2) 
PARAMETRIC_REPRESENTATION_CONTEXT() REPRESENTATION_CONTEXT('2D SPACE',''
  ) );
#264 = PCURVE('',#232,#265);
#265 = DEFINITIONAL_REPRESENTATION('',(#266),#270);
#266 = LINE('',#267,#268);
#267 = CARTESIAN_POINT('',(8.,0.));
#268 = VECTOR('',#269,1.);
#269 = DIRECTION('',(0.,-1.));
#270 = ( GEOMETRIC_REPRESENTATION_CONTEXT(2) 
PARAMETRIC_REPRESENTATION_CONTEXT() REPRESENTATION_CONTEXT('2D SPACE',''
  ) );
#271 = ORIENTED_EDGE('',*,*,#272,.F.);
#272 = EDGE_CURVE('',#115,#250,#273,.T.);
#273 = SURFACE_CURVE('',#274,(#278,#285),.PCURVE_S1.);
#274 = LINE('',#275,#276);
#275 = CARTESIAN_POINT('',(95.,220.,245.));
#276 = VECTOR('',#277,1.);
#277 = DIRECTION('',(1.,0.,-0.));
#278 = PCURVE('',#156,#279);
#279 = DEFINITIONAL_REPRESENTATION('',(#280),#284);
#280 = LINE('',#281,#282);
#281 = CARTESIAN_POINT('',(0.,110.));
#282 = VECTOR('',#283,1.);
#283 = DIRECTION('',(1.,0.));
#284 = ( GEOMETRIC_REPRESENTATION_CONTEXT(2) 
PARAMETRIC_REPRESENTATION_CONTEXT() REPRESENTATION_CONTEXT('2D SPACE',''
  ) );
#285 = PCURVE('',#130,#286);
#286 = DEFINITIONAL_REPRESENTATION('',(#287),#291);
#287 = LINE('',#288,#289);
#288 = CARTESIAN_POINT('',(8.,0.));
#289 = VECTOR('',#290,1.);
#290 = DIRECTION('',(0.,1.));
#291 = ( GEOMETRIC_REPRESENTATION_CONTEXT(2) 
PARAMETRIC_REPRESENTATION_CONTEXT() REPRESENTATION_CONTEXT('2D SPACE',''
  ) );
#292 = FACE_BOUND('',#293,.T.);
#293 = EDGE_LOOP('',(#294));
#294 = ORIENTED_EDGE('',*,*,#295,.F.);
#295 = EDGE_CURVE('',#296,#296,#298,.T.);
#296 = VERTEX_POINT('',#297);
#297 = CARTESIAN_POINT('',(116.5,125.,245.));
#298 = SURFACE_CURVE('',#299,(#304,#311),.PCURVE_S1.);
#299 = CIRCLE('',#300,6.5);
#300 = AXIS2_PLACEMENT_3D('',#301,#302,#303);
#301 = CARTESIAN_POINT('',(110.,125.,245.));
#302 = DIRECTION('',(0.,0.,1.));
#303 = DIRECTION('',(1.,0.,-0.));
#304 = PCURVE('',#156,#305);
#305 = DEFINITIONAL_REPRESENTATION('',(#306),#310);
#306 = CIRCLE('',#307,6.5);
#307 = AXIS2_PLACEMENT_2D('',#308,#309);
#308 = CARTESIAN_POINT('',(15.,15.));
#309 = DIRECTION('',(1.,0.));
#310 = ( GEOMETRIC_REPRESENTATION_CONTEXT(2) 
PARAMETRIC_REPRESENTATION_CONTEXT() REPRESENTATION_CONTEXT('2D SPACE',''
  ) );
#311 = PCURVE('',#312,#317);
#312 = CYLINDRICAL_SURFACE('',#313,6.5);
#313 = AXIS2_PLACEMENT_3D('',#314,#315,#316);
#314 = CARTESIAN_POINT('',(110.,125.,236.));
#315 = DIRECTION('',(0.,0.,1.));
#316 = DIRECTION('',(1.,0.,-0.));
#317 = DEFINITIONAL_REPRESENTATION('',(#318),#322);
#318 = LINE('',#319,#320);
#319 = CARTESIAN_POINT('',(0.,9.));
#320 = VECTOR('',#321,1.);
#321 = DIRECTION('',(1.,0.));
#322 = ( GEOMETRIC_REPRESENTATION_CONTEXT(2) 
PARAMETRIC_REPRESENTATION_CONTEXT() REPRESENTATION_CONTEXT('2D SPACE',''
  ) );
#323 = FACE_BOUND('',#324,.T.);
#324 = EDGE_LOOP('',(#325));
#325 = ORIENTED_EDGE('',*,*,#326,.F.);
#326 = EDGE_CURVE('',#327,#327,#329,.T.);
#327 = VERTEX_POINT('',#328);
#328 = CARTESIAN_POINT('',(226.5,125.,245.));
#329 = SURFACE_CURVE('',#330,(#335,#342),.PCURVE_S1.);
#330 = CIRCLE('',#331,6.5);
#331 = AXIS2_PLACEMENT_3D('',#332,#333,#334);
#332 = CARTESIAN_POINT('',(220.,125.,245.));
#333 = DIRECTION('',(0.,0.,1.));
#334 = DIRECTION('',(1.,0.,-0.));
#335 = PCURVE('',#156,#336);
#336 = DEFINITIONAL_REPRESENTATION('',(#337),#341);
#337 = CIRCLE('',#338,6.5);
#338 = AXIS2_PLACEMENT_2D('',#339,#340);
#339 = CARTESIAN_POINT('',(125.,15.));
#340 = DIRECTION('',(1.,0.));
#341 = ( GEOMETRIC_REPRESENTATION_CONTEXT(2) 
PARAMETRIC_REPRESENTATION_CONTEXT() REPRESENTATION_CONTEXT('2D SPACE',''
  ) );
#342 = PCURVE('',#343,#348);
#343 = CYLINDRICAL_SURFACE('',#344,6.5);
#344 = AXIS2_PLACEMENT_3D('',#345,#346,#347);
#345 = CARTESIAN_POINT('',(220.,125.,236.));
#346 = DIRECTION('',(0.,0.,1.));
#347 = DIRECTION('',(1.,0.,-0.));
#348 = DEFINITIONAL_REPRESENTATION('',(#349),#353);
#349 = LINE('',#350,#351);
#350 = CARTESIAN_POINT('',(0.,9.));
#351 = VECTOR('',#352,1.);
#352 = DIRECTION('',(1.,0.));
#353 = ( GEOMETRIC_REPRESENTATION_CONTEXT(2) 
PARAMETRIC_REPRESENTATION_CONTEXT() REPRESENTATION_CONTEXT('2D SPACE',''
  ) );
#354 = FACE_BOUND('',#355,.T.);
#355 = EDGE_LOOP('',(#356));
#356 = ORIENTED_EDGE('',*,*,#357,.F.);
#357 = EDGE_CURVE('',#358,#358,#360,.T.);
#358 = VERTEX_POINT('',#359);
#359 = CARTESIAN_POINT('',(116.5,205.,245.));
#360 = SURFACE_CURVE('',#361,(#366,#373),.PCURVE_S1.);
#361 = CIRCLE('',#362,6.5);
#362 = AXIS2_PLACEMENT_3D('',#363,#364,#365);
#363 = CARTESIAN_POINT('',(110.,205.,245.));
#364 = DIRECTION('',(0.,0.,1.));
#365 = DIRECTION('',(1.,0.,-0.));
#366 = PCURVE('',#156,#367);
#367 = DEFINITIONAL_REPRESENTATION('',(#368),#372);
#368 = CIRCLE('',#369,6.5);
#369 = AXIS2_PLACEMENT_2D('',#370,#371);
#370 = CARTESIAN_POINT('',(15.,95.));
#371 = DIRECTION('',(1.,0.));
#372 = ( GEOMETRIC_REPRESENTATION_CONTEXT(2) 
PARAMETRIC_REPRESENTATION_CONTEXT() REPRESENTATION_CONTEXT('2D SPACE',''
  ) );
#373 = PCURVE('',#374,#379);
#374 = CYLINDRICAL_SURFACE('',#375,6.5);
#375 = AXIS2_PLACEMENT_3D('',#376,#377,#378);
#376 = CARTESIAN_POINT('',(110.,205.,236.));
#377 = DIRECTION('',(0.,0.,1.));
#378 = DIRECTION('',(1.,0.,-0.));
#379 = DEFINITIONAL_REPRESENTATION('',(#380),#384);
#380 = LINE('',#381,#382);
#381 = CARTESIAN_POINT('',(0.,9.));
#382 = VECTOR('',#383,1.);
#383 = DIRECTION('',(1.,0.));
#384 = ( GEOMETRIC_REPRESENTATION_CONTEXT(2) 
PARAMETRIC_REPRESENTATION_CONTEXT() REPRESENTATION_CONTEXT('2D SPACE',''
  ) );
#385 = FACE_BOUND('',#386,.T.);
#386 = EDGE_LOOP('',(#387));
#387 = ORIENTED_EDGE('',*,*,#388,.F.);
#388 = EDGE_CURVE('',#389,#389,#391,.T.);
#389 = VERTEX_POINT('',#390);
#390 = CARTESIAN_POINT('',(226.5,205.,245.));
#391 = SURFACE_CURVE('',#392,(#397,#404),.PCURVE_S1.);
#392 = CIRCLE('',#393,6.5);
#393 = AXIS2_PLACEMENT_3D('',#394,#395,#396);
#394 = CARTESIAN_POINT('',(220.,205.,245.));
#395 = DIRECTION('',(0.,0.,1.));
#396 = DIRECTION('',(1.,0.,-0.));
#397 = PCURVE('',#156,#398);
#398 = DEFINITIONAL_REPRESENTATION('',(#399),#403);
#399 = CIRCLE('',#400,6.5);
#400 = AXIS2_PLACEMENT_2D('',#401,#402);
#401 = CARTESIAN_POINT('',(125.,95.));
#402 = DIRECTION('',(1.,0.));
#403 = ( GEOMETRIC_REPRESENTATION_CONTEXT(2) 
PARAMETRIC_REPRESENTATION_CONTEXT() REPRESENTATION_CONTEXT('2D SPACE',''
  ) );
#404 = PCURVE('',#405,#410);
#405 = CYLINDRICAL_SURFACE('',#406,6.5);
#406 = AXIS2_PLACEMENT_3D('',#407,#408,#409);
#407 = CARTESIAN_POINT('',(220.,205.,236.));
#408 = DIRECTION('',(0.,0.,1.));
#409 = DIRECTION('',(1.,0.,-0.));
#410 = DEFINITIONAL_REPRESENTATION('',(#411),#415);
#411 = LINE('',#412,#413);
#412 = CARTESIAN_POINT('',(0.,9.));
#413 = VECTOR('',#414,1.);
#414 = DIRECTION('',(1.,0.));
#415 = ( GEOMETRIC_REPRESENTATION_CONTEXT(2) 
PARAMETRIC_REPRESENTATION_CONTEXT() REPRESENTATION_CONTEXT('2D SPACE',''
  ) );
#416 = ADVANCED_FACE('',(#417),#130,.T.);
#417 = FACE_BOUND('',#418,.T.);
#418 = EDGE_LOOP('',(#419,#442,#443,#444));
#419 = ORIENTED_EDGE('',*,*,#420,.F.);
#420 = EDGE_CURVE('',#87,#421,#423,.T.);
#421 = VERTEX_POINT('',#422);
#422 = CARTESIAN_POINT('',(235.,220.,237.));
#423 = SURFACE_CURVE('',#424,(#428,#435),.PCURVE_S1.);
#424 = LINE('',#425,#426);
#425 = CARTESIAN_POINT('',(95.,220.,237.));
#426 = VECTOR('',#427,1.);
#427 = DIRECTION('',(1.,0.,-0.));
#428 = PCURVE('',#130,#429);
#429 = DEFINITIONAL_REPRESENTATION('',(#430),#434);
#430 = LINE('',#431,#432);
#431 = CARTESIAN_POINT('',(0.,0.));
#432 = VECTOR('',#433,1.);
#433 = DIRECTION('',(0.,1.));
#434 = ( GEOMETRIC_REPRESENTATION_CONTEXT(2) 
PARAMETRIC_REPRESENTATION_CONTEXT() REPRESENTATION_CONTEXT('2D SPACE',''
  ) );
#435 = PCURVE('',#102,#436);
#436 = DEFINITIONAL_REPRESENTATION('',(#437),#441);
#437 = LINE('',#438,#439);
#438 = CARTESIAN_POINT('',(0.,110.));
#439 = VECTOR('',#440,1.);
#440 = DIRECTION('',(1.,0.));
#441 = ( GEOMETRIC_REPRESENTATION_CONTEXT(2) 
PARAMETRIC_REPRESENTATION_CONTEXT() REPRESENTATION_CONTEXT('2D SPACE',''
  ) );
#442 = ORIENTED_EDGE('',*,*,#114,.T.);
#443 = ORIENTED_EDGE('',*,*,#272,.T.);
#444 = ORIENTED_EDGE('',*,*,#445,.F.);
#445 = EDGE_CURVE('',#421,#250,#446,.T.);
#446 = SURFACE_CURVE('',#447,(#451,#458),.PCURVE_S1.);
#447 = LINE('',#448,#449);
#448 = CARTESIAN_POINT('',(235.,220.,237.));
#449 = VECTOR('',#450,1.);
#450 = DIRECTION('',(0.,0.,1.));
#451 = PCURVE('',#130,#452);
#452 = DEFINITIONAL_REPRESENTATION('',(#453),#457);
#453 = LINE('',#454,#455);
#454 = CARTESIAN_POINT('',(0.,140.));
#455 = VECTOR('',#456,1.);
#456 = DIRECTION('',(1.,0.));
#457 = ( GEOMETRIC_REPRESENTATION_CONTEXT(2) 
PARAMETRIC_REPRESENTATION_CONTEXT() REPRESENTATION_CONTEXT('2D SPACE',''
  ) );
#458 = PCURVE('',#232,#459);
#459 = DEFINITIONAL_REPRESENTATION('',(#460),#464);
#460 = LINE('',#461,#462);
#461 = CARTESIAN_POINT('',(0.,-110.));
#462 = VECTOR('',#463,1.);
#463 = DIRECTION('',(1.,0.));
#464 = ( GEOMETRIC_REPRESENTATION_CONTEXT(2) 
PARAMETRIC_REPRESENTATION_CONTEXT() REPRESENTATION_CONTEXT('2D SPACE',''
  ) );
#465 = ADVANCED_FACE('',(#466,#492,#518,#544,#570,#601),#102,.F.);
#466 = FACE_BOUND('',#467,.F.);
#467 = EDGE_LOOP('',(#468,#469,#470,#491));
#468 = ORIENTED_EDGE('',*,*,#86,.F.);
#469 = ORIENTED_EDGE('',*,*,#171,.T.);
#470 = ORIENTED_EDGE('',*,*,#471,.T.);
#471 = EDGE_CURVE('',#172,#421,#472,.T.);
#472 = SURFACE_CURVE('',#473,(#477,#484),.PCURVE_S1.);
#473 = LINE('',#474,#475);
#474 = CARTESIAN_POINT('',(235.,110.,237.));
#475 = VECTOR('',#476,1.);
#476 = DIRECTION('',(-0.,1.,0.));
#477 = PCURVE('',#102,#478);
#478 = DEFINITIONAL_REPRESENTATION('',(#479),#483);
#479 = LINE('',#480,#481);
#480 = CARTESIAN_POINT('',(140.,0.));
#481 = VECTOR('',#482,1.);
#482 = DIRECTION('',(0.,1.));
#483 = ( GEOMETRIC_REPRESENTATION_CONTEXT(2) 
PARAMETRIC_REPRESENTATION_CONTEXT() REPRESENTATION_CONTEXT('2D SPACE',''
  ) );
#484 = PCURVE('',#232,#485);
#485 = DEFINITIONAL_REPRESENTATION('',(#486),#490);
#486 = LINE('',#487,#488);
#487 = CARTESIAN_POINT('',(0.,0.));
#488 = VECTOR('',#489,1.);
#489 = DIRECTION('',(0.,-1.));
#490 = ( GEOMETRIC_REPRESENTATION_CONTEXT(2) 
PARAMETRIC_REPRESENTATION_CONTEXT() REPRESENTATION_CONTEXT('2D SPACE',''
  ) );
#491 = ORIENTED_EDGE('',*,*,#420,.F.);
#492 = FACE_BOUND('',#493,.F.);
#493 = EDGE_LOOP('',(#494));
#494 = ORIENTED_EDGE('',*,*,#495,.F.);
#495 = EDGE_CURVE('',#496,#496,#498,.T.);
#496 = VERTEX_POINT('',#497);
#497 = CARTESIAN_POINT('',(116.5,125.,237.));
#498 = SURFACE_CURVE('',#499,(#504,#511),.PCURVE_S1.);
#499 = CIRCLE('',#500,6.5);
#500 = AXIS2_PLACEMENT_3D('',#501,#502,#503);
#501 = CARTESIAN_POINT('',(110.,125.,237.));
#502 = DIRECTION('',(0.,0.,1.));
#503 = DIRECTION('',(1.,0.,-0.));
#504 = PCURVE('',#102,#505);
#505 = DEFINITIONAL_REPRESENTATION('',(#506),#510);
#506 = CIRCLE('',#507,6.5);
#507 = AXIS2_PLACEMENT_2D('',#508,#509);
#508 = CARTESIAN_POINT('',(15.,15.));
#509 = DIRECTION('',(1.,0.));
#510 = ( GEOMETRIC_REPRESENTATION_CONTEXT(2) 
PARAMETRIC_REPRESENTATION_CONTEXT() REPRESENTATION_CONTEXT('2D SPACE',''
  ) );
#511 = PCURVE('',#312,#512);
#512 = DEFINITIONAL_REPRESENTATION('',(#513),#517);
#513 = LINE('',#514,#515);
#514 = CARTESIAN_POINT('',(0.,1.));
#515 = VECTOR('',#516,1.);
#516 = DIRECTION('',(1.,0.));
#517 = ( GEOMETRIC_REPRESENTATION_CONTEXT(2) 
PARAMETRIC_REPRESENTATION_CONTEXT() REPRESENTATION_CONTEXT('2D SPACE',''
  ) );
#518 = FACE_BOUND('',#519,.F.);
#519 = EDGE_LOOP('',(#520));
#520 = ORIENTED_EDGE('',*,*,#521,.F.);
#521 = EDGE_CURVE('',#522,#522,#524,.T.);
#522 = VERTEX_POINT('',#523);
#523 = CARTESIAN_POINT('',(226.5,125.,237.));
#524 = SURFACE_CURVE('',#525,(#530,#537),.PCURVE_S1.);
#525 = CIRCLE('',#526,6.5);
#526 = AXIS2_PLACEMENT_3D('',#527,#528,#529);
#527 = CARTESIAN_POINT('',(220.,125.,237.));
#528 = DIRECTION('',(0.,0.,1.));
#529 = DIRECTION('',(1.,0.,-0.));
#530 = PCURVE('',#102,#531);
#531 = DEFINITIONAL_REPRESENTATION('',(#532),#536);
#532 = CIRCLE('',#533,6.5);
#533 = AXIS2_PLACEMENT_2D('',#534,#535);
#534 = CARTESIAN_POINT('',(125.,15.));
#535 = DIRECTION('',(1.,0.));
#536 = ( GEOMETRIC_REPRESENTATION_CONTEXT(2) 
PARAMETRIC_REPRESENTATION_CONTEXT() REPRESENTATION_CONTEXT('2D SPACE',''
  ) );
#537 = PCURVE('',#343,#538);
#538 = DEFINITIONAL_REPRESENTATION('',(#539),#543);
#539 = LINE('',#540,#541);
#540 = CARTESIAN_POINT('',(0.,1.));
#541 = VECTOR('',#542,1.);
#542 = DIRECTION('',(1.,0.));
#543 = ( GEOMETRIC_REPRESENTATION_CONTEXT(2) 
PARAMETRIC_REPRESENTATION_CONTEXT() REPRESENTATION_CONTEXT('2D SPACE',''
  ) );
#544 = FACE_BOUND('',#545,.F.);
#545 = EDGE_LOOP('',(#546));
#546 = ORIENTED_EDGE('',*,*,#547,.F.);
#547 = EDGE_CURVE('',#548,#548,#550,.T.);
#548 = VERTEX_POINT('',#549);
#549 = CARTESIAN_POINT('',(116.5,205.,237.));
#550 = SURFACE_CURVE('',#551,(#556,#563),.PCURVE_S1.);
#551 = CIRCLE('',#552,6.5);
#552 = AXIS2_PLACEMENT_3D('',#553,#554,#555);
#553 = CARTESIAN_POINT('',(110.,205.,237.));
#554 = DIRECTION('',(0.,0.,1.));
#555 = DIRECTION('',(1.,0.,-0.));
#556 = PCURVE('',#102,#557);
#557 = DEFINITIONAL_REPRESENTATION('',(#558),#562);
#558 = CIRCLE('',#559,6.5);
#559 = AXIS2_PLACEMENT_2D('',#560,#561);
#560 = CARTESIAN_POINT('',(15.,95.));
#561 = DIRECTION('',(1.,0.));
#562 = ( GEOMETRIC_REPRESENTATION_CONTEXT(2) 
PARAMETRIC_REPRESENTATION_CONTEXT() REPRESENTATION_CONTEXT('2D SPACE',''
  ) );
#563 = PCURVE('',#374,#564);
#564 = DEFINITIONAL_REPRESENTATION('',(#565),#569);
#565 = LINE('',#566,#567);
#566 = CARTESIAN_POINT('',(0.,1.));
#567 = VECTOR('',#568,1.);
#568 = DIRECTION('',(1.,0.));
#569 = ( GEOMETRIC_REPRESENTATION_CONTEXT(2) 
PARAMETRIC_REPRESENTATION_CONTEXT() REPRESENTATION_CONTEXT('2D SPACE',''
  ) );
#570 = FACE_BOUND('',#571,.F.);
#571 = EDGE_LOOP('',(#572));
#572 = ORIENTED_EDGE('',*,*,#573,.F.);
#573 = EDGE_CURVE('',#574,#574,#576,.T.);
#574 = VERTEX_POINT('',#575);
#575 = CARTESIAN_POINT('',(213.,165.,237.));
#576 = SURFACE_CURVE('',#577,(#582,#589),.PCURVE_S1.);
#577 = CIRCLE('',#578,48.);
#578 = AXIS2_PLACEMENT_3D('',#579,#580,#581);
#579 = CARTESIAN_POINT('',(165.,165.,237.));
#580 = DIRECTION('',(0.,0.,1.));
#581 = DIRECTION('',(1.,0.,-0.));
#582 = PCURVE('',#102,#583);
#583 = DEFINITIONAL_REPRESENTATION('',(#584),#588);
#584 = CIRCLE('',#585,48.);
#585 = AXIS2_PLACEMENT_2D('',#586,#587);
#586 = CARTESIAN_POINT('',(70.,55.));
#587 = DIRECTION('',(1.,0.));
#588 = ( GEOMETRIC_REPRESENTATION_CONTEXT(2) 
PARAMETRIC_REPRESENTATION_CONTEXT() REPRESENTATION_CONTEXT('2D SPACE',''
  ) );
#589 = PCURVE('',#590,#595);
#590 = CYLINDRICAL_SURFACE('',#591,48.);
#591 = AXIS2_PLACEMENT_3D('',#592,#593,#594);
#592 = CARTESIAN_POINT('',(165.,165.,212.));
#593 = DIRECTION('',(0.,0.,1.));
#594 = DIRECTION('',(1.,0.,-0.));
#595 = DEFINITIONAL_REPRESENTATION('',(#596),#600);
#596 = LINE('',#597,#598);
#597 = CARTESIAN_POINT('',(0.,25.));
#598 = VECTOR('',#599,1.);
#599 = DIRECTION('',(1.,0.));
#600 = ( GEOMETRIC_REPRESENTATION_CONTEXT(2) 
PARAMETRIC_REPRESENTATION_CONTEXT() REPRESENTATION_CONTEXT('2D SPACE',''
  ) );
#601 = FACE_BOUND('',#602,.F.);
#602 = EDGE_LOOP('',(#603));
#603 = ORIENTED_EDGE('',*,*,#604,.F.);
#604 = EDGE_CURVE('',#605,#605,#607,.T.);
#605 = VERTEX_POINT('',#606);
#606 = CARTESIAN_POINT('',(226.5,205.,237.));
#607 = SURFACE_CURVE('',#608,(#613,#620),.PCURVE_S1.);
#608 = CIRCLE('',#609,6.5);
#609 = AXIS2_PLACEMENT_3D('',#610,#611,#612);
#610 = CARTESIAN_POINT('',(220.,205.,237.));
#611 = DIRECTION('',(0.,0.,1.));
#612 = DIRECTION('',(1.,0.,-0.));
#613 = PCURVE('',#102,#614);
#614 = DEFINITIONAL_REPRESENTATION('',(#615),#619);
#615 = CIRCLE('',#616,6.5);
#616 = AXIS2_PLACEMENT_2D('',#617,#618);
#617 = CARTESIAN_POINT('',(125.,95.));
#618 = DIRECTION('',(1.,0.));
#619 = ( GEOMETRIC_REPRESENTATION_CONTEXT(2) 
PARAMETRIC_REPRESENTATION_CONTEXT() REPRESENTATION_CONTEXT('2D SPACE',''
  ) );
#620 = PCURVE('',#405,#621);
#621 = DEFINITIONAL_REPRESENTATION('',(#622),#626);
#622 = LINE('',#623,#624);
#623 = CARTESIAN_POINT('',(0.,1.));
#624 = VECTOR('',#625,1.);
#625 = DIRECTION('',(1.,0.));
#626 = ( GEOMETRIC_REPRESENTATION_CONTEXT(2) 
PARAMETRIC_REPRESENTATION_CONTEXT() REPRESENTATION_CONTEXT('2D SPACE',''
  ) );
#627 = ADVANCED_FACE('',(#628),#232,.T.);
#628 = FACE_BOUND('',#629,.T.);
#629 = EDGE_LOOP('',(#630,#631,#632,#633));
#630 = ORIENTED_EDGE('',*,*,#218,.F.);
#631 = ORIENTED_EDGE('',*,*,#471,.T.);
#632 = ORIENTED_EDGE('',*,*,#445,.T.);
#633 = ORIENTED_EDGE('',*,*,#249,.F.);
#634 = ADVANCED_FACE('',(#635),#312,.F.);
#635 = FACE_BOUND('',#636,.F.);
#636 = EDGE_LOOP('',(#637,#638,#659,#660));
#637 = ORIENTED_EDGE('',*,*,#295,.F.);
#638 = ORIENTED_EDGE('',*,*,#639,.F.);
#639 = EDGE_CURVE('',#496,#296,#640,.T.);
#640 = SEAM_CURVE('',#641,(#645,#652),.PCURVE_S1.);
#641 = LINE('',#642,#643);
#642 = CARTESIAN_POINT('',(116.5,125.,236.));
#643 = VECTOR('',#644,1.);
#644 = DIRECTION('',(0.,0.,1.));
#645 = PCURVE('',#312,#646);
#646 = DEFINITIONAL_REPRESENTATION('',(#647),#651);
#647 = LINE('',#648,#649);
#648 = CARTESIAN_POINT('',(6.28318530718,-0.));
#649 = VECTOR('',#650,1.);
#650 = DIRECTION('',(0.,1.));
#651 = ( GEOMETRIC_REPRESENTATION_CONTEXT(2) 
PARAMETRIC_REPRESENTATION_CONTEXT() REPRESENTATION_CONTEXT('2D SPACE',''
  ) );
#652 = PCURVE('',#312,#653);
#653 = DEFINITIONAL_REPRESENTATION('',(#654),#658);
#654 = LINE('',#655,#656);
#655 = CARTESIAN_POINT('',(0.,-0.));
#656 = VECTOR('',#657,1.);
#657 = DIRECTION('',(0.,1.));
#658 = ( GEOMETRIC_REPRESENTATION_CONTEXT(2) 
PARAMETRIC_REPRESENTATION_CONTEXT() REPRESENTATION_CONTEXT('2D SPACE',''
  ) );
#659 = ORIENTED_EDGE('',*,*,#495,.T.);
#660 = ORIENTED_EDGE('',*,*,#639,.T.);
#661 = ADVANCED_FACE('',(#662),#343,.F.);
#662 = FACE_BOUND('',#663,.F.);
#663 = EDGE_LOOP('',(#664,#665,#686,#687));
#664 = ORIENTED_EDGE('',*,*,#326,.F.);
#665 = ORIENTED_EDGE('',*,*,#666,.F.);
#666 = EDGE_CURVE('',#522,#327,#667,.T.);
#667 = SEAM_CURVE('',#668,(#672,#679),.PCURVE_S1.);
#668 = LINE('',#669,#670);
#669 = CARTESIAN_POINT('',(226.5,125.,236.));
#670 = VECTOR('',#671,1.);
#671 = DIRECTION('',(0.,0.,1.));
#672 = PCURVE('',#343,#673);
#673 = DEFINITIONAL_REPRESENTATION('',(#674),#678);
#674 = LINE('',#675,#676);
#675 = CARTESIAN_POINT('',(6.28318530718,-0.));
#676 = VECTOR('',#677,1.);
#677 = DIRECTION('',(0.,1.));
#678 = ( GEOMETRIC_REPRESENTATION_CONTEXT(2) 
PARAMETRIC_REPRESENTATION_CONTEXT() REPRESENTATION_CONTEXT('2D SPACE',''
  ) );
#679 = PCURVE('',#343,#680);
#680 = DEFINITIONAL_REPRESENTATION('',(#681),#685);
#681 = LINE('',#682,#683);
#682 = CARTESIAN_POINT('',(0.,-0.));
#683 = VECTOR('',#684,1.);
#684 = DIRECTION('',(0.,1.));
#685 = ( GEOMETRIC_REPRESENTATION_CONTEXT(2) 
PARAMETRIC_REPRESENTATION_CONTEXT() REPRESENTATION_CONTEXT('2D SPACE',''
  ) );
#686 = ORIENTED_EDGE('',*,*,#521,.T.);
#687 = ORIENTED_EDGE('',*,*,#666,.T.);
#688 = ADVANCED_FACE('',(#689),#374,.F.);
#689 = FACE_BOUND('',#690,.F.);
#690 = EDGE_LOOP('',(#691,#692,#713,#714));
#691 = ORIENTED_EDGE('',*,*,#357,.F.);
#692 = ORIENTED_EDGE('',*,*,#693,.F.);
#693 = EDGE_CURVE('',#548,#358,#694,.T.);
#694 = SEAM_CURVE('',#695,(#699,#706),.PCURVE_S1.);
#695 = LINE('',#696,#697);
#696 = CARTESIAN_POINT('',(116.5,205.,236.));
#697 = VECTOR('',#698,1.);
#698 = DIRECTION('',(0.,0.,1.));
#699 = PCURVE('',#374,#700);
#700 = DEFINITIONAL_REPRESENTATION('',(#701),#705);
#701 = LINE('',#702,#703);
#702 = CARTESIAN_POINT('',(6.28318530718,-0.));
#703 = VECTOR('',#704,1.);
#704 = DIRECTION('',(0.,1.));
#705 = ( GEOMETRIC_REPRESENTATION_CONTEXT(2) 
PARAMETRIC_REPRESENTATION_CONTEXT() REPRESENTATION_CONTEXT('2D SPACE',''
  ) );
#706 = PCURVE('',#374,#707);
#707 = DEFINITIONAL_REPRESENTATION('',(#708),#712);
#708 = LINE('',#709,#710);
#709 = CARTESIAN_POINT('',(0.,-0.));
#710 = VECTOR('',#711,1.);
#711 = DIRECTION('',(0.,1.));
#712 = ( GEOMETRIC_REPRESENTATION_CONTEXT(2) 
PARAMETRIC_REPRESENTATION_CONTEXT() REPRESENTATION_CONTEXT('2D SPACE',''
  ) );
#713 = ORIENTED_EDGE('',*,*,#547,.T.);
#714 = ORIENTED_EDGE('',*,*,#693,.T.);
#715 = ADVANCED_FACE('',(#716),#405,.F.);
#716 = FACE_BOUND('',#717,.F.);
#717 = EDGE_LOOP('',(#718,#719,#740,#741));
#718 = ORIENTED_EDGE('',*,*,#388,.F.);
#719 = ORIENTED_EDGE('',*,*,#720,.F.);
#720 = EDGE_CURVE('',#605,#389,#721,.T.);
#721 = SEAM_CURVE('',#722,(#726,#733),.PCURVE_S1.);
#722 = LINE('',#723,#724);
#723 = CARTESIAN_POINT('',(226.5,205.,236.));
#724 = VECTOR('',#725,1.);
#725 = DIRECTION('',(0.,0.,1.));
#726 = PCURVE('',#405,#727);
#727 = DEFINITIONAL_REPRESENTATION('',(#728),#732);
#728 = LINE('',#729,#730);
#729 = CARTESIAN_POINT('',(6.28318530718,-0.));
#730 = VECTOR('',#731,1.);
#731 = DIRECTION('',(0.,1.));
#732 = ( GEOMETRIC_REPRESENTATION_CONTEXT(2) 
PARAMETRIC_REPRESENTATION_CONTEXT() REPRESENTATION_CONTEXT('2D SPACE',''
  ) );
#733 = PCURVE('',#405,#734);
#734 = DEFINITIONAL_REPRESENTATION('',(#735),#739);
#735 = LINE('',#736,#737);
#736 = CARTESIAN_POINT('',(0.,-0.));
#737 = VECTOR('',#738,1.);
#738 = DIRECTION('',(0.,1.));
#739 = ( GEOMETRIC_REPRESENTATION_CONTEXT(2) 
PARAMETRIC_REPRESENTATION_CONTEXT() REPRESENTATION_CONTEXT('2D SPACE',''
  ) );
#740 = ORIENTED_EDGE('',*,*,#604,.T.);
#741 = ORIENTED_EDGE('',*,*,#720,.T.);
#742 = ADVANCED_FACE('',(#743),#590,.T.);
#743 = FACE_BOUND('',#744,.T.);
#744 = EDGE_LOOP('',(#745,#746,#769,#798,#827,#851,#880,#902));
#745 = ORIENTED_EDGE('',*,*,#573,.F.);
#746 = ORIENTED_EDGE('',*,*,#747,.F.);
#747 = EDGE_CURVE('',#748,#574,#750,.T.);
#748 = VERTEX_POINT('',#749);
#749 = CARTESIAN_POINT('',(213.,165.,212.));
#750 = SEAM_CURVE('',#751,(#755,#762),.PCURVE_S1.);
#751 = LINE('',#752,#753);
#752 = CARTESIAN_POINT('',(213.,165.,212.));
#753 = VECTOR('',#754,1.);
#754 = DIRECTION('',(0.,0.,1.));
#755 = PCURVE('',#590,#756);
#756 = DEFINITIONAL_REPRESENTATION('',(#757),#761);
#757 = LINE('',#758,#759);
#758 = CARTESIAN_POINT('',(6.28318530718,-0.));
#759 = VECTOR('',#760,1.);
#760 = DIRECTION('',(0.,1.));
#761 = ( GEOMETRIC_REPRESENTATION_CONTEXT(2) 
PARAMETRIC_REPRESENTATION_CONTEXT() REPRESENTATION_CONTEXT('2D SPACE',''
  ) );
#762 = PCURVE('',#590,#763);
#763 = DEFINITIONAL_REPRESENTATION('',(#764),#768);
#764 = LINE('',#765,#766);
#765 = CARTESIAN_POINT('',(0.,-0.));
#766 = VECTOR('',#767,1.);
#767 = DIRECTION('',(0.,1.));
#768 = ( GEOMETRIC_REPRESENTATION_CONTEXT(2) 
PARAMETRIC_REPRESENTATION_CONTEXT() REPRESENTATION_CONTEXT('2D SPACE',''
  ) );
#769 = ORIENTED_EDGE('',*,*,#770,.T.);
#770 = EDGE_CURVE('',#748,#771,#773,.T.);
#771 = VERTEX_POINT('',#772);
#772 = CARTESIAN_POINT('',(203.24918299781,193.99999999999,212.));
#773 = SURFACE_CURVE('',#774,(#779,#786),.PCURVE_S1.);
#774 = CIRCLE('',#775,48.);
#775 = AXIS2_PLACEMENT_3D('',#776,#777,#778);
#776 = CARTESIAN_POINT('',(165.,165.,212.));
#777 = DIRECTION('',(0.,0.,1.));
#778 = DIRECTION('',(1.,0.,-0.));
#779 = PCURVE('',#590,#780);
#780 = DEFINITIONAL_REPRESENTATION('',(#781),#785);
#781 = LINE('',#782,#783);
#782 = CARTESIAN_POINT('',(0.,0.));
#783 = VECTOR('',#784,1.);
#784 = DIRECTION('',(1.,0.));
#785 = ( GEOMETRIC_REPRESENTATION_CONTEXT(2) 
PARAMETRIC_REPRESENTATION_CONTEXT() REPRESENTATION_CONTEXT('2D SPACE',''
  ) );
#786 = PCURVE('',#787,#792);
#787 = PLANE('',#788);
#788 = AXIS2_PLACEMENT_3D('',#789,#790,#791);
#789 = CARTESIAN_POINT('',(165.,165.,212.));
#790 = DIRECTION('',(0.,0.,1.));
#791 = DIRECTION('',(1.,0.,-0.));
#792 = DEFINITIONAL_REPRESENTATION('',(#793),#797);
#793 = CIRCLE('',#794,48.);
#794 = AXIS2_PLACEMENT_2D('',#795,#796);
#795 = CARTESIAN_POINT('',(0.,0.));
#796 = DIRECTION('',(1.,0.));
#797 = ( GEOMETRIC_REPRESENTATION_CONTEXT(2) 
PARAMETRIC_REPRESENTATION_CONTEXT() REPRESENTATION_CONTEXT('2D SPACE',''
  ) );
#798 = ORIENTED_EDGE('',*,*,#799,.T.);
#799 = EDGE_CURVE('',#771,#800,#802,.T.);
#800 = VERTEX_POINT('',#801);
#801 = CARTESIAN_POINT('',(195.57776970284,202.,212.));
#802 = SURFACE_CURVE('',#803,(#808,#815),.PCURVE_S1.);
#803 = CIRCLE('',#804,48.);
#804 = AXIS2_PLACEMENT_3D('',#805,#806,#807);
#805 = CARTESIAN_POINT('',(165.,165.,212.));
#806 = DIRECTION('',(0.,0.,1.));
#807 = DIRECTION('',(1.,0.,-0.));
#808 = PCURVE('',#590,#809);
#809 = DEFINITIONAL_REPRESENTATION('',(#810),#814);
#810 = LINE('',#811,#812);
#811 = CARTESIAN_POINT('',(0.,0.));
#812 = VECTOR('',#813,1.);
#813 = DIRECTION('',(1.,0.));
#814 = ( GEOMETRIC_REPRESENTATION_CONTEXT(2) 
PARAMETRIC_REPRESENTATION_CONTEXT() REPRESENTATION_CONTEXT('2D SPACE',''
  ) );
#815 = PCURVE('',#816,#821);
#816 = PLANE('',#817);
#817 = AXIS2_PLACEMENT_3D('',#818,#819,#820);
#818 = CARTESIAN_POINT('',(140.,194.,212.));
#819 = DIRECTION('',(0.,0.,1.));
#820 = DIRECTION('',(1.,0.,-0.));
#821 = DEFINITIONAL_REPRESENTATION('',(#822),#826);
#822 = CIRCLE('',#823,48.);
#823 = AXIS2_PLACEMENT_2D('',#824,#825);
#824 = CARTESIAN_POINT('',(25.,-29.));
#825 = DIRECTION('',(1.,0.));
#826 = ( GEOMETRIC_REPRESENTATION_CONTEXT(2) 
PARAMETRIC_REPRESENTATION_CONTEXT() REPRESENTATION_CONTEXT('2D SPACE',''
  ) );
#827 = ORIENTED_EDGE('',*,*,#828,.T.);
#828 = EDGE_CURVE('',#800,#829,#831,.T.);
#829 = VERTEX_POINT('',#830);
#830 = CARTESIAN_POINT('',(195.57776970284,128.,212.));
#831 = SURFACE_CURVE('',#832,(#837,#844),.PCURVE_S1.);
#832 = CIRCLE('',#833,48.);
#833 = AXIS2_PLACEMENT_3D('',#834,#835,#836);
#834 = CARTESIAN_POINT('',(165.,165.,212.));
#835 = DIRECTION('',(0.,0.,1.));
#836 = DIRECTION('',(1.,0.,-0.));
#837 = PCURVE('',#590,#838);
#838 = DEFINITIONAL_REPRESENTATION('',(#839),#843);
#839 = LINE('',#840,#841);
#840 = CARTESIAN_POINT('',(0.,0.));
#841 = VECTOR('',#842,1.);
#842 = DIRECTION('',(1.,0.));
#843 = ( GEOMETRIC_REPRESENTATION_CONTEXT(2) 
PARAMETRIC_REPRESENTATION_CONTEXT() REPRESENTATION_CONTEXT('2D SPACE',''
  ) );
#844 = PCURVE('',#787,#845);
#845 = DEFINITIONAL_REPRESENTATION('',(#846),#850);
#846 = CIRCLE('',#847,48.);
#847 = AXIS2_PLACEMENT_2D('',#848,#849);
#848 = CARTESIAN_POINT('',(0.,0.));
#849 = DIRECTION('',(1.,0.));
#850 = ( GEOMETRIC_REPRESENTATION_CONTEXT(2) 
PARAMETRIC_REPRESENTATION_CONTEXT() REPRESENTATION_CONTEXT('2D SPACE',''
  ) );
#851 = ORIENTED_EDGE('',*,*,#852,.T.);
#852 = EDGE_CURVE('',#829,#853,#855,.T.);
#853 = VERTEX_POINT('',#854);
#854 = CARTESIAN_POINT('',(203.24918299781,136.,212.));
#855 = SURFACE_CURVE('',#856,(#861,#868),.PCURVE_S1.);
#856 = CIRCLE('',#857,48.);
#857 = AXIS2_PLACEMENT_3D('',#858,#859,#860);
#858 = CARTESIAN_POINT('',(165.,165.,212.));
#859 = DIRECTION('',(0.,0.,1.));
#860 = DIRECTION('',(1.,0.,-0.));
#861 = PCURVE('',#590,#862);
#862 = DEFINITIONAL_REPRESENTATION('',(#863),#867);
#863 = LINE('',#864,#865);
#864 = CARTESIAN_POINT('',(0.,0.));
#865 = VECTOR('',#866,1.);
#866 = DIRECTION('',(1.,0.));
#867 = ( GEOMETRIC_REPRESENTATION_CONTEXT(2) 
PARAMETRIC_REPRESENTATION_CONTEXT() REPRESENTATION_CONTEXT('2D SPACE',''
  ) );
#868 = PCURVE('',#869,#874);
#869 = PLANE('',#870);
#870 = AXIS2_PLACEMENT_3D('',#871,#872,#873);
#871 = CARTESIAN_POINT('',(140.,128.,212.));
#872 = DIRECTION('',(0.,0.,1.));
#873 = DIRECTION('',(1.,0.,-0.));
#874 = DEFINITIONAL_REPRESENTATION('',(#875),#879);
#875 = CIRCLE('',#876,48.);
#876 = AXIS2_PLACEMENT_2D('',#877,#878);
#877 = CARTESIAN_POINT('',(25.,37.));
#878 = DIRECTION('',(1.,0.));
#879 = ( GEOMETRIC_REPRESENTATION_CONTEXT(2) 
PARAMETRIC_REPRESENTATION_CONTEXT() REPRESENTATION_CONTEXT('2D SPACE',''
  ) );
#880 = ORIENTED_EDGE('',*,*,#881,.T.);
#881 = EDGE_CURVE('',#853,#748,#882,.T.);
#882 = SURFACE_CURVE('',#883,(#888,#895),.PCURVE_S1.);
#883 = CIRCLE('',#884,48.);
#884 = AXIS2_PLACEMENT_3D('',#885,#886,#887);
#885 = CARTESIAN_POINT('',(165.,165.,212.));
#886 = DIRECTION('',(0.,0.,1.));
#887 = DIRECTION('',(1.,0.,-0.));
#888 = PCURVE('',#590,#889);
#889 = DEFINITIONAL_REPRESENTATION('',(#890),#894);
#890 = LINE('',#891,#892);
#891 = CARTESIAN_POINT('',(0.,0.));
#892 = VECTOR('',#893,1.);
#893 = DIRECTION('',(1.,0.));
#894 = ( GEOMETRIC_REPRESENTATION_CONTEXT(2) 
PARAMETRIC_REPRESENTATION_CONTEXT() REPRESENTATION_CONTEXT('2D SPACE',''
  ) );
#895 = PCURVE('',#787,#896);
#896 = DEFINITIONAL_REPRESENTATION('',(#897),#901);
#897 = CIRCLE('',#898,48.);
#898 = AXIS2_PLACEMENT_2D('',#899,#900);
#899 = CARTESIAN_POINT('',(0.,0.));
#900 = DIRECTION('',(1.,0.));
#901 = ( GEOMETRIC_REPRESENTATION_CONTEXT(2) 
PARAMETRIC_REPRESENTATION_CONTEXT() REPRESENTATION_CONTEXT('2D SPACE',''
  ) );
#902 = ORIENTED_EDGE('',*,*,#747,.T.);
#903 = ADVANCED_FACE('',(#904),#787,.F.);
#904 = FACE_BOUND('',#905,.F.);
#905 = EDGE_LOOP('',(#906,#934,#935,#936,#964,#992,#1018,#1019,#1047));
#906 = ORIENTED_EDGE('',*,*,#907,.T.);
#907 = EDGE_CURVE('',#908,#853,#910,.T.);
#908 = VERTEX_POINT('',#909);
#909 = CARTESIAN_POINT('',(140.,136.,212.));
#910 = SURFACE_CURVE('',#911,(#915,#922),.PCURVE_S1.);
#911 = LINE('',#912,#913);
#912 = CARTESIAN_POINT('',(140.,136.,212.));
#913 = VECTOR('',#914,1.);
#914 = DIRECTION('',(1.,0.,-0.));
#915 = PCURVE('',#787,#916);
#916 = DEFINITIONAL_REPRESENTATION('',(#917),#921);
#917 = LINE('',#918,#919);
#918 = CARTESIAN_POINT('',(-25.,-29.));
#919 = VECTOR('',#920,1.);
#920 = DIRECTION('',(1.,0.));
#921 = ( GEOMETRIC_REPRESENTATION_CONTEXT(2) 
PARAMETRIC_REPRESENTATION_CONTEXT() REPRESENTATION_CONTEXT('2D SPACE',''
  ) );
#922 = PCURVE('',#923,#928);
#923 = PLANE('',#924);
#924 = AXIS2_PLACEMENT_3D('',#925,#926,#927);
#925 = CARTESIAN_POINT('',(140.,136.,85.));
#926 = DIRECTION('',(-0.,1.,0.));
#927 = DIRECTION('',(0.,0.,1.));
#928 = DEFINITIONAL_REPRESENTATION('',(#929),#933);
#929 = LINE('',#930,#931);
#930 = CARTESIAN_POINT('',(127.,0.));
#931 = VECTOR('',#932,1.);
#932 = DIRECTION('',(0.,1.));
#933 = ( GEOMETRIC_REPRESENTATION_CONTEXT(2) 
PARAMETRIC_REPRESENTATION_CONTEXT() REPRESENTATION_CONTEXT('2D SPACE',''
  ) );
#934 = ORIENTED_EDGE('',*,*,#881,.T.);
#935 = ORIENTED_EDGE('',*,*,#770,.T.);
#936 = ORIENTED_EDGE('',*,*,#937,.F.);
#937 = EDGE_CURVE('',#938,#771,#940,.T.);
#938 = VERTEX_POINT('',#939);
#939 = CARTESIAN_POINT('',(140.,194.,212.));
#940 = SURFACE_CURVE('',#941,(#945,#952),.PCURVE_S1.);
#941 = LINE('',#942,#943);
#942 = CARTESIAN_POINT('',(140.,194.,212.));
#943 = VECTOR('',#944,1.);
#944 = DIRECTION('',(1.,0.,-0.));
#945 = PCURVE('',#787,#946);
#946 = DEFINITIONAL_REPRESENTATION('',(#947),#951);
#947 = LINE('',#948,#949);
#948 = CARTESIAN_POINT('',(-25.,29.));
#949 = VECTOR('',#950,1.);
#950 = DIRECTION('',(1.,0.));
#951 = ( GEOMETRIC_REPRESENTATION_CONTEXT(2) 
PARAMETRIC_REPRESENTATION_CONTEXT() REPRESENTATION_CONTEXT('2D SPACE',''
  ) );
#952 = PCURVE('',#953,#958);
#953 = PLANE('',#954);
#954 = AXIS2_PLACEMENT_3D('',#955,#956,#957);
#955 = CARTESIAN_POINT('',(140.,194.,85.));
#956 = DIRECTION('',(-0.,1.,0.));
#957 = DIRECTION('',(0.,0.,1.));
#958 = DEFINITIONAL_REPRESENTATION('',(#959),#963);
#959 = LINE('',#960,#961);
#960 = CARTESIAN_POINT('',(127.,0.));
#961 = VECTOR('',#962,1.);
#962 = DIRECTION('',(0.,1.));
#963 = ( GEOMETRIC_REPRESENTATION_CONTEXT(2) 
PARAMETRIC_REPRESENTATION_CONTEXT() REPRESENTATION_CONTEXT('2D SPACE',''
  ) );
#964 = ORIENTED_EDGE('',*,*,#965,.T.);
#965 = EDGE_CURVE('',#938,#966,#968,.T.);
#966 = VERTEX_POINT('',#967);
#967 = CARTESIAN_POINT('',(140.,202.,212.));
#968 = SURFACE_CURVE('',#969,(#973,#980),.PCURVE_S1.);
#969 = LINE('',#970,#971);
#970 = CARTESIAN_POINT('',(140.,194.,212.));
#971 = VECTOR('',#972,1.);
#972 = DIRECTION('',(-0.,1.,0.));
#973 = PCURVE('',#787,#974);
#974 = DEFINITIONAL_REPRESENTATION('',(#975),#979);
#975 = LINE('',#976,#977);
#976 = CARTESIAN_POINT('',(-25.,29.));
#977 = VECTOR('',#978,1.);
#978 = DIRECTION('',(0.,1.));
#979 = ( GEOMETRIC_REPRESENTATION_CONTEXT(2) 
PARAMETRIC_REPRESENTATION_CONTEXT() REPRESENTATION_CONTEXT('2D SPACE',''
  ) );
#980 = PCURVE('',#981,#986);
#981 = PLANE('',#982);
#982 = AXIS2_PLACEMENT_3D('',#983,#984,#985);
#983 = CARTESIAN_POINT('',(140.,194.,85.));
#984 = DIRECTION('',(1.,0.,-0.));
#985 = DIRECTION('',(0.,0.,1.));
#986 = DEFINITIONAL_REPRESENTATION('',(#987),#991);
#987 = LINE('',#988,#989);
#988 = CARTESIAN_POINT('',(127.,0.));
#989 = VECTOR('',#990,1.);
#990 = DIRECTION('',(0.,-1.));
#991 = ( GEOMETRIC_REPRESENTATION_CONTEXT(2) 
PARAMETRIC_REPRESENTATION_CONTEXT() REPRESENTATION_CONTEXT('2D SPACE',''
  ) );
#992 = ORIENTED_EDGE('',*,*,#993,.T.);
#993 = EDGE_CURVE('',#966,#800,#994,.T.);
#994 = SURFACE_CURVE('',#995,(#999,#1006),.PCURVE_S1.);
#995 = LINE('',#996,#997);
#996 = CARTESIAN_POINT('',(140.,202.,212.));
#997 = VECTOR('',#998,1.);
#998 = DIRECTION('',(1.,0.,-0.));
#999 = PCURVE('',#787,#1000);
#1000 = DEFINITIONAL_REPRESENTATION('',(#1001),#1005);
#1001 = LINE('',#1002,#1003);
#1002 = CARTESIAN_POINT('',(-25.,37.));
#1003 = VECTOR('',#1004,1.);
#1004 = DIRECTION('',(1.,0.));
#1005 = ( GEOMETRIC_REPRESENTATION_CONTEXT(2) 
PARAMETRIC_REPRESENTATION_CONTEXT() REPRESENTATION_CONTEXT('2D SPACE',''
  ) );
#1006 = PCURVE('',#1007,#1012);
#1007 = PLANE('',#1008);
#1008 = AXIS2_PLACEMENT_3D('',#1009,#1010,#1011);
#1009 = CARTESIAN_POINT('',(140.,202.,85.));
#1010 = DIRECTION('',(-0.,1.,0.));
#1011 = DIRECTION('',(0.,0.,1.));
#1012 = DEFINITIONAL_REPRESENTATION('',(#1013),#1017);
#1013 = LINE('',#1014,#1015);
#1014 = CARTESIAN_POINT('',(127.,0.));
#1015 = VECTOR('',#1016,1.);
#1016 = DIRECTION('',(0.,1.));
#1017 = ( GEOMETRIC_REPRESENTATION_CONTEXT(2) 
PARAMETRIC_REPRESENTATION_CONTEXT() REPRESENTATION_CONTEXT('2D SPACE',''
  ) );
#1018 = ORIENTED_EDGE('',*,*,#828,.T.);
#1019 = ORIENTED_EDGE('',*,*,#1020,.F.);
#1020 = EDGE_CURVE('',#1021,#829,#1023,.T.);
#1021 = VERTEX_POINT('',#1022);
#1022 = CARTESIAN_POINT('',(140.,128.,212.));
#1023 = SURFACE_CURVE('',#1024,(#1028,#1035),.PCURVE_S1.);
#1024 = LINE('',#1025,#1026);
#1025 = CARTESIAN_POINT('',(140.,128.,212.));
#1026 = VECTOR('',#1027,1.);
#1027 = DIRECTION('',(1.,0.,-0.));
#1028 = PCURVE('',#787,#1029);
#1029 = DEFINITIONAL_REPRESENTATION('',(#1030),#1034);
#1030 = LINE('',#1031,#1032);
#1031 = CARTESIAN_POINT('',(-25.,-37.));
#1032 = VECTOR('',#1033,1.);
#1033 = DIRECTION('',(1.,0.));
#1034 = ( GEOMETRIC_REPRESENTATION_CONTEXT(2) 
PARAMETRIC_REPRESENTATION_CONTEXT() REPRESENTATION_CONTEXT('2D SPACE',''
  ) );
#1035 = PCURVE('',#1036,#1041);
#1036 = PLANE('',#1037);
#1037 = AXIS2_PLACEMENT_3D('',#1038,#1039,#1040);
#1038 = CARTESIAN_POINT('',(140.,128.,85.));
#1039 = DIRECTION('',(-0.,1.,0.));
#1040 = DIRECTION('',(0.,0.,1.));
#1041 = DEFINITIONAL_REPRESENTATION('',(#1042),#1046);
#1042 = LINE('',#1043,#1044);
#1043 = CARTESIAN_POINT('',(127.,0.));
#1044 = VECTOR('',#1045,1.);
#1045 = DIRECTION('',(0.,1.));
#1046 = ( GEOMETRIC_REPRESENTATION_CONTEXT(2) 
PARAMETRIC_REPRESENTATION_CONTEXT() REPRESENTATION_CONTEXT('2D SPACE',''
  ) );
#1047 = ORIENTED_EDGE('',*,*,#1048,.T.);
#1048 = EDGE_CURVE('',#1021,#908,#1049,.T.);
#1049 = SURFACE_CURVE('',#1050,(#1054,#1061),.PCURVE_S1.);
#1050 = LINE('',#1051,#1052);
#1051 = CARTESIAN_POINT('',(140.,128.,212.));
#1052 = VECTOR('',#1053,1.);
#1053 = DIRECTION('',(-0.,1.,0.));
#1054 = PCURVE('',#787,#1055);
#1055 = DEFINITIONAL_REPRESENTATION('',(#1056),#1060);
#1056 = LINE('',#1057,#1058);
#1057 = CARTESIAN_POINT('',(-25.,-37.));
#1058 = VECTOR('',#1059,1.);
#1059 = DIRECTION('',(0.,1.));
#1060 = ( GEOMETRIC_REPRESENTATION_CONTEXT(2) 
PARAMETRIC_REPRESENTATION_CONTEXT() REPRESENTATION_CONTEXT('2D SPACE',''
  ) );
#1061 = PCURVE('',#1062,#1067);
#1062 = PLANE('',#1063);
#1063 = AXIS2_PLACEMENT_3D('',#1064,#1065,#1066);
#1064 = CARTESIAN_POINT('',(140.,128.,85.));
#1065 = DIRECTION('',(1.,0.,-0.));
#1066 = DIRECTION('',(0.,0.,1.));
#1067 = DEFINITIONAL_REPRESENTATION('',(#1068),#1072);
#1068 = LINE('',#1069,#1070);
#1069 = CARTESIAN_POINT('',(127.,0.));
#1070 = VECTOR('',#1071,1.);
#1071 = DIRECTION('',(0.,-1.));
#1072 = ( GEOMETRIC_REPRESENTATION_CONTEXT(2) 
PARAMETRIC_REPRESENTATION_CONTEXT() REPRESENTATION_CONTEXT('2D SPACE',''
  ) );
#1073 = ADVANCED_FACE('',(#1074),#869,.T.);
#1074 = FACE_BOUND('',#1075,.T.);
#1075 = EDGE_LOOP('',(#1076,#1099,#1100,#1123));
#1076 = ORIENTED_EDGE('',*,*,#1077,.F.);
#1077 = EDGE_CURVE('',#853,#1078,#1080,.T.);
#1078 = VERTEX_POINT('',#1079);
#1079 = CARTESIAN_POINT('',(245.,136.,212.));
#1080 = SURFACE_CURVE('',#1081,(#1085,#1092),.PCURVE_S1.);
#1081 = LINE('',#1082,#1083);
#1082 = CARTESIAN_POINT('',(140.,136.,212.));
#1083 = VECTOR('',#1084,1.);
#1084 = DIRECTION('',(1.,0.,-0.));
#1085 = PCURVE('',#869,#1086);
#1086 = DEFINITIONAL_REPRESENTATION('',(#1087),#1091);
#1087 = LINE('',#1088,#1089);
#1088 = CARTESIAN_POINT('',(0.,8.));
#1089 = VECTOR('',#1090,1.);
#1090 = DIRECTION('',(1.,0.));
#1091 = ( GEOMETRIC_REPRESENTATION_CONTEXT(2) 
PARAMETRIC_REPRESENTATION_CONTEXT() REPRESENTATION_CONTEXT('2D SPACE',''
  ) );
#1092 = PCURVE('',#923,#1093);
#1093 = DEFINITIONAL_REPRESENTATION('',(#1094),#1098);
#1094 = LINE('',#1095,#1096);
#1095 = CARTESIAN_POINT('',(127.,0.));
#1096 = VECTOR('',#1097,1.);
#1097 = DIRECTION('',(0.,1.));
#1098 = ( GEOMETRIC_REPRESENTATION_CONTEXT(2) 
PARAMETRIC_REPRESENTATION_CONTEXT() REPRESENTATION_CONTEXT('2D SPACE',''
  ) );
#1099 = ORIENTED_EDGE('',*,*,#852,.F.);
#1100 = ORIENTED_EDGE('',*,*,#1101,.T.);
#1101 = EDGE_CURVE('',#829,#1102,#1104,.T.);
#1102 = VERTEX_POINT('',#1103);
#1103 = CARTESIAN_POINT('',(245.,128.,212.));
#1104 = SURFACE_CURVE('',#1105,(#1109,#1116),.PCURVE_S1.);
#1105 = LINE('',#1106,#1107);
#1106 = CARTESIAN_POINT('',(140.,128.,212.));
#1107 = VECTOR('',#1108,1.);
#1108 = DIRECTION('',(1.,0.,-0.));
#1109 = PCURVE('',#869,#1110);
#1110 = DEFINITIONAL_REPRESENTATION('',(#1111),#1115);
#1111 = LINE('',#1112,#1113);
#1112 = CARTESIAN_POINT('',(0.,0.));
#1113 = VECTOR('',#1114,1.);
#1114 = DIRECTION('',(1.,0.));
#1115 = ( GEOMETRIC_REPRESENTATION_CONTEXT(2) 
PARAMETRIC_REPRESENTATION_CONTEXT() REPRESENTATION_CONTEXT('2D SPACE',''
  ) );
#1116 = PCURVE('',#1036,#1117);
#1117 = DEFINITIONAL_REPRESENTATION('',(#1118),#1122);
#1118 = LINE('',#1119,#1120);
#1119 = CARTESIAN_POINT('',(127.,0.));
#1120 = VECTOR('',#1121,1.);
#1121 = DIRECTION('',(0.,1.));
#1122 = ( GEOMETRIC_REPRESENTATION_CONTEXT(2) 
PARAMETRIC_REPRESENTATION_CONTEXT() REPRESENTATION_CONTEXT('2D SPACE',''
  ) );
#1123 = ORIENTED_EDGE('',*,*,#1124,.T.);
#1124 = EDGE_CURVE('',#1102,#1078,#1125,.T.);
#1125 = SURFACE_CURVE('',#1126,(#1130,#1137),.PCURVE_S1.);
#1126 = LINE('',#1127,#1128);
#1127 = CARTESIAN_POINT('',(245.,128.,212.));
#1128 = VECTOR('',#1129,1.);
#1129 = DIRECTION('',(-0.,1.,0.));
#1130 = PCURVE('',#869,#1131);
#1131 = DEFINITIONAL_REPRESENTATION('',(#1132),#1136);
#1132 = LINE('',#1133,#1134);
#1133 = CARTESIAN_POINT('',(105.,0.));
#1134 = VECTOR('',#1135,1.);
#1135 = DIRECTION('',(0.,1.));
#1136 = ( GEOMETRIC_REPRESENTATION_CONTEXT(2) 
PARAMETRIC_REPRESENTATION_CONTEXT() REPRESENTATION_CONTEXT('2D SPACE',''
  ) );
#1137 = PCURVE('',#1138,#1143);
#1138 = PLANE('',#1139);
#1139 = AXIS2_PLACEMENT_3D('',#1140,#1141,#1142);
#1140 = CARTESIAN_POINT('',(245.,128.,85.));
#1141 = DIRECTION('',(1.,0.,-0.));
#1142 = DIRECTION('',(0.,0.,1.));
#1143 = DEFINITIONAL_REPRESENTATION('',(#1144),#1148);
#1144 = LINE('',#1145,#1146);
#1145 = CARTESIAN_POINT('',(127.,0.));
#1146 = VECTOR('',#1147,1.);
#1147 = DIRECTION('',(0.,-1.));
#1148 = ( GEOMETRIC_REPRESENTATION_CONTEXT(2) 
PARAMETRIC_REPRESENTATION_CONTEXT() REPRESENTATION_CONTEXT('2D SPACE',''
  ) );
#1149 = ADVANCED_FACE('',(#1150),#816,.T.);
#1150 = FACE_BOUND('',#1151,.T.);
#1151 = EDGE_LOOP('',(#1152,#1175,#1176,#1199));
#1152 = ORIENTED_EDGE('',*,*,#1153,.F.);
#1153 = EDGE_CURVE('',#800,#1154,#1156,.T.);
#1154 = VERTEX_POINT('',#1155);
#1155 = CARTESIAN_POINT('',(245.,202.,212.));
#1156 = SURFACE_CURVE('',#1157,(#1161,#1168),.PCURVE_S1.);
#1157 = LINE('',#1158,#1159);
#1158 = CARTESIAN_POINT('',(140.,202.,212.));
#1159 = VECTOR('',#1160,1.);
#1160 = DIRECTION('',(1.,0.,-0.));
#1161 = PCURVE('',#816,#1162);
#1162 = DEFINITIONAL_REPRESENTATION('',(#1163),#1167);
#1163 = LINE('',#1164,#1165);
#1164 = CARTESIAN_POINT('',(0.,8.));
#1165 = VECTOR('',#1166,1.);
#1166 = DIRECTION('',(1.,0.));
#1167 = ( GEOMETRIC_REPRESENTATION_CONTEXT(2) 
PARAMETRIC_REPRESENTATION_CONTEXT() REPRESENTATION_CONTEXT('2D SPACE',''
  ) );
#1168 = PCURVE('',#1007,#1169);
#1169 = DEFINITIONAL_REPRESENTATION('',(#1170),#1174);
#1170 = LINE('',#1171,#1172);
#1171 = CARTESIAN_POINT('',(127.,0.));
#1172 = VECTOR('',#1173,1.);
#1173 = DIRECTION('',(0.,1.));
#1174 = ( GEOMETRIC_REPRESENTATION_CONTEXT(2) 
PARAMETRIC_REPRESENTATION_CONTEXT() REPRESENTATION_CONTEXT('2D SPACE',''
  ) );
#1175 = ORIENTED_EDGE('',*,*,#799,.F.);
#1176 = ORIENTED_EDGE('',*,*,#1177,.T.);
#1177 = EDGE_CURVE('',#771,#1178,#1180,.T.);
#1178 = VERTEX_POINT('',#1179);
#1179 = CARTESIAN_POINT('',(245.,194.,212.));
#1180 = SURFACE_CURVE('',#1181,(#1185,#1192),.PCURVE_S1.);
#1181 = LINE('',#1182,#1183);
#1182 = CARTESIAN_POINT('',(140.,194.,212.));
#1183 = VECTOR('',#1184,1.);
#1184 = DIRECTION('',(1.,0.,-0.));
#1185 = PCURVE('',#816,#1186);
#1186 = DEFINITIONAL_REPRESENTATION('',(#1187),#1191);
#1187 = LINE('',#1188,#1189);
#1188 = CARTESIAN_POINT('',(0.,0.));
#1189 = VECTOR('',#1190,1.);
#1190 = DIRECTION('',(1.,0.));
#1191 = ( GEOMETRIC_REPRESENTATION_CONTEXT(2) 
PARAMETRIC_REPRESENTATION_CONTEXT() REPRESENTATION_CONTEXT('2D SPACE',''
  ) );
#1192 = PCURVE('',#953,#1193);
#1193 = DEFINITIONAL_REPRESENTATION('',(#1194),#1198);
#1194 = LINE('',#1195,#1196);
#1195 = CARTESIAN_POINT('',(127.,0.));
#1196 = VECTOR('',#1197,1.);
#1197 = DIRECTION('',(0.,1.));
#1198 = ( GEOMETRIC_REPRESENTATION_CONTEXT(2) 
PARAMETRIC_REPRESENTATION_CONTEXT() REPRESENTATION_CONTEXT('2D SPACE',''
  ) );
#1199 = ORIENTED_EDGE('',*,*,#1200,.T.);
#1200 = EDGE_CURVE('',#1178,#1154,#1201,.T.);
#1201 = SURFACE_CURVE('',#1202,(#1206,#1213),.PCURVE_S1.);
#1202 = LINE('',#1203,#1204);
#1203 = CARTESIAN_POINT('',(245.,194.,212.));
#1204 = VECTOR('',#1205,1.);
#1205 = DIRECTION('',(-0.,1.,0.));
#1206 = PCURVE('',#816,#1207);
#1207 = DEFINITIONAL_REPRESENTATION('',(#1208),#1212);
#1208 = LINE('',#1209,#1210);
#1209 = CARTESIAN_POINT('',(105.,0.));
#1210 = VECTOR('',#1211,1.);
#1211 = DIRECTION('',(0.,1.));
#1212 = ( GEOMETRIC_REPRESENTATION_CONTEXT(2) 
PARAMETRIC_REPRESENTATION_CONTEXT() REPRESENTATION_CONTEXT('2D SPACE',''
  ) );
#1213 = PCURVE('',#1214,#1219);
#1214 = PLANE('',#1215);
#1215 = AXIS2_PLACEMENT_3D('',#1216,#1217,#1218);
#1216 = CARTESIAN_POINT('',(245.,194.,85.));
#1217 = DIRECTION('',(1.,0.,-0.));
#1218 = DIRECTION('',(0.,0.,1.));
#1219 = DEFINITIONAL_REPRESENTATION('',(#1220),#1224);
#1220 = LINE('',#1221,#1222);
#1221 = CARTESIAN_POINT('',(127.,0.));
#1222 = VECTOR('',#1223,1.);
#1223 = DIRECTION('',(0.,-1.));
#1224 = ( GEOMETRIC_REPRESENTATION_CONTEXT(2) 
PARAMETRIC_REPRESENTATION_CONTEXT() REPRESENTATION_CONTEXT('2D SPACE',''
  ) );
#1225 = ADVANCED_FACE('',(#1226,#1302),#923,.T.);
#1226 = FACE_BOUND('',#1227,.T.);
#1227 = EDGE_LOOP('',(#1228,#1258,#1279,#1280,#1281));
#1228 = ORIENTED_EDGE('',*,*,#1229,.F.);
#1229 = EDGE_CURVE('',#1230,#1232,#1234,.T.);
#1230 = VERTEX_POINT('',#1231);
#1231 = CARTESIAN_POINT('',(140.,136.,85.));
#1232 = VERTEX_POINT('',#1233);
#1233 = CARTESIAN_POINT('',(245.,136.,85.));
#1234 = SURFACE_CURVE('',#1235,(#1239,#1246),.PCURVE_S1.);
#1235 = LINE('',#1236,#1237);
#1236 = CARTESIAN_POINT('',(140.,136.,85.));
#1237 = VECTOR('',#1238,1.);
#1238 = DIRECTION('',(1.,0.,-0.));
#1239 = PCURVE('',#923,#1240);
#1240 = DEFINITIONAL_REPRESENTATION('',(#1241),#1245);
#1241 = LINE('',#1242,#1243);
#1242 = CARTESIAN_POINT('',(0.,0.));
#1243 = VECTOR('',#1244,1.);
#1244 = DIRECTION('',(0.,1.));
#1245 = ( GEOMETRIC_REPRESENTATION_CONTEXT(2) 
PARAMETRIC_REPRESENTATION_CONTEXT() REPRESENTATION_CONTEXT('2D SPACE',''
  ) );
#1246 = PCURVE('',#1247,#1252);
#1247 = PLANE('',#1248);
#1248 = AXIS2_PLACEMENT_3D('',#1249,#1250,#1251);
#1249 = CARTESIAN_POINT('',(140.,128.,85.));
#1250 = DIRECTION('',(0.,0.,1.));
#1251 = DIRECTION('',(1.,0.,-0.));
#1252 = DEFINITIONAL_REPRESENTATION('',(#1253),#1257);
#1253 = LINE('',#1254,#1255);
#1254 = CARTESIAN_POINT('',(0.,8.));
#1255 = VECTOR('',#1256,1.);
#1256 = DIRECTION('',(1.,0.));
#1257 = ( GEOMETRIC_REPRESENTATION_CONTEXT(2) 
PARAMETRIC_REPRESENTATION_CONTEXT() REPRESENTATION_CONTEXT('2D SPACE',''
  ) );
#1258 = ORIENTED_EDGE('',*,*,#1259,.T.);
#1259 = EDGE_CURVE('',#1230,#908,#1260,.T.);
#1260 = SURFACE_CURVE('',#1261,(#1265,#1272),.PCURVE_S1.);
#1261 = LINE('',#1262,#1263);
#1262 = CARTESIAN_POINT('',(140.,136.,85.));
#1263 = VECTOR('',#1264,1.);
#1264 = DIRECTION('',(0.,0.,1.));
#1265 = PCURVE('',#923,#1266);
#1266 = DEFINITIONAL_REPRESENTATION('',(#1267),#1271);
#1267 = LINE('',#1268,#1269);
#1268 = CARTESIAN_POINT('',(0.,0.));
#1269 = VECTOR('',#1270,1.);
#1270 = DIRECTION('',(1.,0.));
#1271 = ( GEOMETRIC_REPRESENTATION_CONTEXT(2) 
PARAMETRIC_REPRESENTATION_CONTEXT() REPRESENTATION_CONTEXT('2D SPACE',''
  ) );
#1272 = PCURVE('',#1062,#1273);
#1273 = DEFINITIONAL_REPRESENTATION('',(#1274),#1278);
#1274 = LINE('',#1275,#1276);
#1275 = CARTESIAN_POINT('',(0.,-8.));
#1276 = VECTOR('',#1277,1.);
#1277 = DIRECTION('',(1.,0.));
#1278 = ( GEOMETRIC_REPRESENTATION_CONTEXT(2) 
PARAMETRIC_REPRESENTATION_CONTEXT() REPRESENTATION_CONTEXT('2D SPACE',''
  ) );
#1279 = ORIENTED_EDGE('',*,*,#907,.T.);
#1280 = ORIENTED_EDGE('',*,*,#1077,.T.);
#1281 = ORIENTED_EDGE('',*,*,#1282,.F.);
#1282 = EDGE_CURVE('',#1232,#1078,#1283,.T.);
#1283 = SURFACE_CURVE('',#1284,(#1288,#1295),.PCURVE_S1.);
#1284 = LINE('',#1285,#1286);
#1285 = CARTESIAN_POINT('',(245.,136.,85.));
#1286 = VECTOR('',#1287,1.);
#1287 = DIRECTION('',(0.,0.,1.));
#1288 = PCURVE('',#923,#1289);
#1289 = DEFINITIONAL_REPRESENTATION('',(#1290),#1294);
#1290 = LINE('',#1291,#1292);
#1291 = CARTESIAN_POINT('',(0.,105.));
#1292 = VECTOR('',#1293,1.);
#1293 = DIRECTION('',(1.,0.));
#1294 = ( GEOMETRIC_REPRESENTATION_CONTEXT(2) 
PARAMETRIC_REPRESENTATION_CONTEXT() REPRESENTATION_CONTEXT('2D SPACE',''
  ) );
#1295 = PCURVE('',#1138,#1296);
#1296 = DEFINITIONAL_REPRESENTATION('',(#1297),#1301);
#1297 = LINE('',#1298,#1299);
#1298 = CARTESIAN_POINT('',(0.,-8.));
#1299 = VECTOR('',#1300,1.);
#1300 = DIRECTION('',(1.,0.));
#1301 = ( GEOMETRIC_REPRESENTATION_CONTEXT(2) 
PARAMETRIC_REPRESENTATION_CONTEXT() REPRESENTATION_CONTEXT('2D SPACE',''
  ) );
#1302 = FACE_BOUND('',#1303,.T.);
#1303 = EDGE_LOOP('',(#1304));
#1304 = ORIENTED_EDGE('',*,*,#1305,.F.);
#1305 = EDGE_CURVE('',#1306,#1306,#1308,.T.);
#1306 = VERTEX_POINT('',#1307);
#1307 = CARTESIAN_POINT('',(220.,136.,110.));
#1308 = SURFACE_CURVE('',#1309,(#1314,#1321),.PCURVE_S1.);
#1309 = CIRCLE('',#1310,10.);
#1310 = AXIS2_PLACEMENT_3D('',#1311,#1312,#1313);
#1311 = CARTESIAN_POINT('',(220.,136.,100.));
#1312 = DIRECTION('',(0.,1.,0.));
#1313 = DIRECTION('',(0.,-0.,1.));
#1314 = PCURVE('',#923,#1315);
#1315 = DEFINITIONAL_REPRESENTATION('',(#1316),#1320);
#1316 = CIRCLE('',#1317,10.);
#1317 = AXIS2_PLACEMENT_2D('',#1318,#1319);
#1318 = CARTESIAN_POINT('',(15.,80.));
#1319 = DIRECTION('',(1.,0.));
#1320 = ( GEOMETRIC_REPRESENTATION_CONTEXT(2) 
PARAMETRIC_REPRESENTATION_CONTEXT() REPRESENTATION_CONTEXT('2D SPACE',''
  ) );
#1321 = PCURVE('',#1322,#1327);
#1322 = CYLINDRICAL_SURFACE('',#1323,10.);
#1323 = AXIS2_PLACEMENT_3D('',#1324,#1325,#1326);
#1324 = CARTESIAN_POINT('',(220.,126.,100.));
#1325 = DIRECTION('',(0.,1.,0.));
#1326 = DIRECTION('',(0.,-0.,1.));
#1327 = DEFINITIONAL_REPRESENTATION('',(#1328),#1332);
#1328 = LINE('',#1329,#1330);
#1329 = CARTESIAN_POINT('',(0.,10.));
#1330 = VECTOR('',#1331,1.);
#1331 = DIRECTION('',(1.,0.));
#1332 = ( GEOMETRIC_REPRESENTATION_CONTEXT(2) 
PARAMETRIC_REPRESENTATION_CONTEXT() REPRESENTATION_CONTEXT('2D SPACE',''
  ) );
#1333 = ADVANCED_FACE('',(#1334),#1062,.F.);
#1334 = FACE_BOUND('',#1335,.F.);
#1335 = EDGE_LOOP('',(#1336,#1359,#1380,#1381));
#1336 = ORIENTED_EDGE('',*,*,#1337,.F.);
#1337 = EDGE_CURVE('',#1338,#1021,#1340,.T.);
#1338 = VERTEX_POINT('',#1339);
#1339 = CARTESIAN_POINT('',(140.,128.,85.));
#1340 = SURFACE_CURVE('',#1341,(#1345,#1352),.PCURVE_S1.);
#1341 = LINE('',#1342,#1343);
#1342 = CARTESIAN_POINT('',(140.,128.,85.));
#1343 = VECTOR('',#1344,1.);
#1344 = DIRECTION('',(0.,0.,1.));
#1345 = PCURVE('',#1062,#1346);
#1346 = DEFINITIONAL_REPRESENTATION('',(#1347),#1351);
#1347 = LINE('',#1348,#1349);
#1348 = CARTESIAN_POINT('',(0.,0.));
#1349 = VECTOR('',#1350,1.);
#1350 = DIRECTION('',(1.,0.));
#1351 = ( GEOMETRIC_REPRESENTATION_CONTEXT(2) 
PARAMETRIC_REPRESENTATION_CONTEXT() REPRESENTATION_CONTEXT('2D SPACE',''
  ) );
#1352 = PCURVE('',#1036,#1353);
#1353 = DEFINITIONAL_REPRESENTATION('',(#1354),#1358);
#1354 = LINE('',#1355,#1356);
#1355 = CARTESIAN_POINT('',(0.,0.));
#1356 = VECTOR('',#1357,1.);
#1357 = DIRECTION('',(1.,0.));
#1358 = ( GEOMETRIC_REPRESENTATION_CONTEXT(2) 
PARAMETRIC_REPRESENTATION_CONTEXT() REPRESENTATION_CONTEXT('2D SPACE',''
  ) );
#1359 = ORIENTED_EDGE('',*,*,#1360,.T.);
#1360 = EDGE_CURVE('',#1338,#1230,#1361,.T.);
#1361 = SURFACE_CURVE('',#1362,(#1366,#1373),.PCURVE_S1.);
#1362 = LINE('',#1363,#1364);
#1363 = CARTESIAN_POINT('',(140.,128.,85.));
#1364 = VECTOR('',#1365,1.);
#1365 = DIRECTION('',(-0.,1.,0.));
#1366 = PCURVE('',#1062,#1367);
#1367 = DEFINITIONAL_REPRESENTATION('',(#1368),#1372);
#1368 = LINE('',#1369,#1370);
#1369 = CARTESIAN_POINT('',(0.,0.));
#1370 = VECTOR('',#1371,1.);
#1371 = DIRECTION('',(0.,-1.));
#1372 = ( GEOMETRIC_REPRESENTATION_CONTEXT(2) 
PARAMETRIC_REPRESENTATION_CONTEXT() REPRESENTATION_CONTEXT('2D SPACE',''
  ) );
#1373 = PCURVE('',#1247,#1374);
#1374 = DEFINITIONAL_REPRESENTATION('',(#1375),#1379);
#1375 = LINE('',#1376,#1377);
#1376 = CARTESIAN_POINT('',(0.,0.));
#1377 = VECTOR('',#1378,1.);
#1378 = DIRECTION('',(0.,1.));
#1379 = ( GEOMETRIC_REPRESENTATION_CONTEXT(2) 
PARAMETRIC_REPRESENTATION_CONTEXT() REPRESENTATION_CONTEXT('2D SPACE',''
  ) );
#1380 = ORIENTED_EDGE('',*,*,#1259,.T.);
#1381 = ORIENTED_EDGE('',*,*,#1048,.F.);
#1382 = ADVANCED_FACE('',(#1383,#1432),#1036,.F.);
#1383 = FACE_BOUND('',#1384,.F.);
#1384 = EDGE_LOOP('',(#1385,#1408,#1409,#1410,#1411));
#1385 = ORIENTED_EDGE('',*,*,#1386,.F.);
#1386 = EDGE_CURVE('',#1338,#1387,#1389,.T.);
#1387 = VERTEX_POINT('',#1388);
#1388 = CARTESIAN_POINT('',(245.,128.,85.));
#1389 = SURFACE_CURVE('',#1390,(#1394,#1401),.PCURVE_S1.);
#1390 = LINE('',#1391,#1392);
#1391 = CARTESIAN_POINT('',(140.,128.,85.));
#1392 = VECTOR('',#1393,1.);
#1393 = DIRECTION('',(1.,0.,-0.));
#1394 = PCURVE('',#1036,#1395);
#1395 = DEFINITIONAL_REPRESENTATION('',(#1396),#1400);
#1396 = LINE('',#1397,#1398);
#1397 = CARTESIAN_POINT('',(0.,0.));
#1398 = VECTOR('',#1399,1.);
#1399 = DIRECTION('',(0.,1.));
#1400 = ( GEOMETRIC_REPRESENTATION_CONTEXT(2) 
PARAMETRIC_REPRESENTATION_CONTEXT() REPRESENTATION_CONTEXT('2D SPACE',''
  ) );
#1401 = PCURVE('',#1247,#1402);
#1402 = DEFINITIONAL_REPRESENTATION('',(#1403),#1407);
#1403 = LINE('',#1404,#1405);
#1404 = CARTESIAN_POINT('',(0.,0.));
#1405 = VECTOR('',#1406,1.);
#1406 = DIRECTION('',(1.,0.));
#1407 = ( GEOMETRIC_REPRESENTATION_CONTEXT(2) 
PARAMETRIC_REPRESENTATION_CONTEXT() REPRESENTATION_CONTEXT('2D SPACE',''
  ) );
#1408 = ORIENTED_EDGE('',*,*,#1337,.T.);
#1409 = ORIENTED_EDGE('',*,*,#1020,.T.);
#1410 = ORIENTED_EDGE('',*,*,#1101,.T.);
#1411 = ORIENTED_EDGE('',*,*,#1412,.F.);
#1412 = EDGE_CURVE('',#1387,#1102,#1413,.T.);
#1413 = SURFACE_CURVE('',#1414,(#1418,#1425),.PCURVE_S1.);
#1414 = LINE('',#1415,#1416);
#1415 = CARTESIAN_POINT('',(245.,128.,85.));
#1416 = VECTOR('',#1417,1.);
#1417 = DIRECTION('',(0.,0.,1.));
#1418 = PCURVE('',#1036,#1419);
#1419 = DEFINITIONAL_REPRESENTATION('',(#1420),#1424);
#1420 = LINE('',#1421,#1422);
#1421 = CARTESIAN_POINT('',(0.,105.));
#1422 = VECTOR('',#1423,1.);
#1423 = DIRECTION('',(1.,0.));
#1424 = ( GEOMETRIC_REPRESENTATION_CONTEXT(2) 
PARAMETRIC_REPRESENTATION_CONTEXT() REPRESENTATION_CONTEXT('2D SPACE',''
  ) );
#1425 = PCURVE('',#1138,#1426);
#1426 = DEFINITIONAL_REPRESENTATION('',(#1427),#1431);
#1427 = LINE('',#1428,#1429);
#1428 = CARTESIAN_POINT('',(0.,0.));
#1429 = VECTOR('',#1430,1.);
#1430 = DIRECTION('',(1.,0.));
#1431 = ( GEOMETRIC_REPRESENTATION_CONTEXT(2) 
PARAMETRIC_REPRESENTATION_CONTEXT() REPRESENTATION_CONTEXT('2D SPACE',''
  ) );
#1432 = FACE_BOUND('',#1433,.F.);
#1433 = EDGE_LOOP('',(#1434));
#1434 = ORIENTED_EDGE('',*,*,#1435,.F.);
#1435 = EDGE_CURVE('',#1436,#1436,#1438,.T.);
#1436 = VERTEX_POINT('',#1437);
#1437 = CARTESIAN_POINT('',(220.,128.,110.));
#1438 = SURFACE_CURVE('',#1439,(#1444,#1451),.PCURVE_S1.);
#1439 = CIRCLE('',#1440,10.);
#1440 = AXIS2_PLACEMENT_3D('',#1441,#1442,#1443);
#1441 = CARTESIAN_POINT('',(220.,128.,100.));
#1442 = DIRECTION('',(0.,1.,0.));
#1443 = DIRECTION('',(0.,-0.,1.));
#1444 = PCURVE('',#1036,#1445);
#1445 = DEFINITIONAL_REPRESENTATION('',(#1446),#1450);
#1446 = CIRCLE('',#1447,10.);
#1447 = AXIS2_PLACEMENT_2D('',#1448,#1449);
#1448 = CARTESIAN_POINT('',(15.,80.));
#1449 = DIRECTION('',(1.,0.));
#1450 = ( GEOMETRIC_REPRESENTATION_CONTEXT(2) 
PARAMETRIC_REPRESENTATION_CONTEXT() REPRESENTATION_CONTEXT('2D SPACE',''
  ) );
#1451 = PCURVE('',#1452,#1457);
#1452 = CYLINDRICAL_SURFACE('',#1453,10.);
#1453 = AXIS2_PLACEMENT_3D('',#1454,#1455,#1456);
#1454 = CARTESIAN_POINT('',(220.,126.,100.));
#1455 = DIRECTION('',(0.,1.,0.));
#1456 = DIRECTION('',(0.,-0.,1.));
#1457 = DEFINITIONAL_REPRESENTATION('',(#1458),#1462);
#1458 = LINE('',#1459,#1460);
#1459 = CARTESIAN_POINT('',(0.,2.));
#1460 = VECTOR('',#1461,1.);
#1461 = DIRECTION('',(1.,0.));
#1462 = ( GEOMETRIC_REPRESENTATION_CONTEXT(2) 
PARAMETRIC_REPRESENTATION_CONTEXT() REPRESENTATION_CONTEXT('2D SPACE',''
  ) );
#1463 = ADVANCED_FACE('',(#1464,#1540),#1007,.T.);
#1464 = FACE_BOUND('',#1465,.T.);
#1465 = EDGE_LOOP('',(#1466,#1496,#1517,#1518,#1519));
#1466 = ORIENTED_EDGE('',*,*,#1467,.F.);
#1467 = EDGE_CURVE('',#1468,#1470,#1472,.T.);
#1468 = VERTEX_POINT('',#1469);
#1469 = CARTESIAN_POINT('',(140.,202.,85.));
#1470 = VERTEX_POINT('',#1471);
#1471 = CARTESIAN_POINT('',(245.,202.,85.));
#1472 = SURFACE_CURVE('',#1473,(#1477,#1484),.PCURVE_S1.);
#1473 = LINE('',#1474,#1475);
#1474 = CARTESIAN_POINT('',(140.,202.,85.));
#1475 = VECTOR('',#1476,1.);
#1476 = DIRECTION('',(1.,0.,-0.));
#1477 = PCURVE('',#1007,#1478);
#1478 = DEFINITIONAL_REPRESENTATION('',(#1479),#1483);
#1479 = LINE('',#1480,#1481);
#1480 = CARTESIAN_POINT('',(0.,0.));
#1481 = VECTOR('',#1482,1.);
#1482 = DIRECTION('',(0.,1.));
#1483 = ( GEOMETRIC_REPRESENTATION_CONTEXT(2) 
PARAMETRIC_REPRESENTATION_CONTEXT() REPRESENTATION_CONTEXT('2D SPACE',''
  ) );
#1484 = PCURVE('',#1485,#1490);
#1485 = PLANE('',#1486);
#1486 = AXIS2_PLACEMENT_3D('',#1487,#1488,#1489);
#1487 = CARTESIAN_POINT('',(140.,194.,85.));
#1488 = DIRECTION('',(0.,0.,1.));
#1489 = DIRECTION('',(1.,0.,-0.));
#1490 = DEFINITIONAL_REPRESENTATION('',(#1491),#1495);
#1491 = LINE('',#1492,#1493);
#1492 = CARTESIAN_POINT('',(0.,8.));
#1493 = VECTOR('',#1494,1.);
#1494 = DIRECTION('',(1.,0.));
#1495 = ( GEOMETRIC_REPRESENTATION_CONTEXT(2) 
PARAMETRIC_REPRESENTATION_CONTEXT() REPRESENTATION_CONTEXT('2D SPACE',''
  ) );
#1496 = ORIENTED_EDGE('',*,*,#1497,.T.);
#1497 = EDGE_CURVE('',#1468,#966,#1498,.T.);
#1498 = SURFACE_CURVE('',#1499,(#1503,#1510),.PCURVE_S1.);
#1499 = LINE('',#1500,#1501);
#1500 = CARTESIAN_POINT('',(140.,202.,85.));
#1501 = VECTOR('',#1502,1.);
#1502 = DIRECTION('',(0.,0.,1.));
#1503 = PCURVE('',#1007,#1504);
#1504 = DEFINITIONAL_REPRESENTATION('',(#1505),#1509);
#1505 = LINE('',#1506,#1507);
#1506 = CARTESIAN_POINT('',(0.,0.));
#1507 = VECTOR('',#1508,1.);
#1508 = DIRECTION('',(1.,0.));
#1509 = ( GEOMETRIC_REPRESENTATION_CONTEXT(2) 
PARAMETRIC_REPRESENTATION_CONTEXT() REPRESENTATION_CONTEXT('2D SPACE',''
  ) );
#1510 = PCURVE('',#981,#1511);
#1511 = DEFINITIONAL_REPRESENTATION('',(#1512),#1516);
#1512 = LINE('',#1513,#1514);
#1513 = CARTESIAN_POINT('',(0.,-8.));
#1514 = VECTOR('',#1515,1.);
#1515 = DIRECTION('',(1.,0.));
#1516 = ( GEOMETRIC_REPRESENTATION_CONTEXT(2) 
PARAMETRIC_REPRESENTATION_CONTEXT() REPRESENTATION_CONTEXT('2D SPACE',''
  ) );
#1517 = ORIENTED_EDGE('',*,*,#993,.T.);
#1518 = ORIENTED_EDGE('',*,*,#1153,.T.);
#1519 = ORIENTED_EDGE('',*,*,#1520,.F.);
#1520 = EDGE_CURVE('',#1470,#1154,#1521,.T.);
#1521 = SURFACE_CURVE('',#1522,(#1526,#1533),.PCURVE_S1.);
#1522 = LINE('',#1523,#1524);
#1523 = CARTESIAN_POINT('',(245.,202.,85.));
#1524 = VECTOR('',#1525,1.);
#1525 = DIRECTION('',(0.,0.,1.));
#1526 = PCURVE('',#1007,#1527);
#1527 = DEFINITIONAL_REPRESENTATION('',(#1528),#1532);
#1528 = LINE('',#1529,#1530);
#1529 = CARTESIAN_POINT('',(0.,105.));
#1530 = VECTOR('',#1531,1.);
#1531 = DIRECTION('',(1.,0.));
#1532 = ( GEOMETRIC_REPRESENTATION_CONTEXT(2) 
PARAMETRIC_REPRESENTATION_CONTEXT() REPRESENTATION_CONTEXT('2D SPACE',''
  ) );
#1533 = PCURVE('',#1214,#1534);
#1534 = DEFINITIONAL_REPRESENTATION('',(#1535),#1539);
#1535 = LINE('',#1536,#1537);
#1536 = CARTESIAN_POINT('',(0.,-8.));
#1537 = VECTOR('',#1538,1.);
#1538 = DIRECTION('',(1.,0.));
#1539 = ( GEOMETRIC_REPRESENTATION_CONTEXT(2) 
PARAMETRIC_REPRESENTATION_CONTEXT() REPRESENTATION_CONTEXT('2D SPACE',''
  ) );
#1540 = FACE_BOUND('',#1541,.T.);
#1541 = EDGE_LOOP('',(#1542));
#1542 = ORIENTED_EDGE('',*,*,#1543,.F.);
#1543 = EDGE_CURVE('',#1544,#1544,#1546,.T.);
#1544 = VERTEX_POINT('',#1545);
#1545 = CARTESIAN_POINT('',(220.,202.,110.));
#1546 = SURFACE_CURVE('',#1547,(#1552,#1559),.PCURVE_S1.);
#1547 = CIRCLE('',#1548,10.);
#1548 = AXIS2_PLACEMENT_3D('',#1549,#1550,#1551);
#1549 = CARTESIAN_POINT('',(220.,202.,100.));
#1550 = DIRECTION('',(0.,1.,0.));
#1551 = DIRECTION('',(0.,-0.,1.));
#1552 = PCURVE('',#1007,#1553);
#1553 = DEFINITIONAL_REPRESENTATION('',(#1554),#1558);
#1554 = CIRCLE('',#1555,10.);
#1555 = AXIS2_PLACEMENT_2D('',#1556,#1557);
#1556 = CARTESIAN_POINT('',(15.,80.));
#1557 = DIRECTION('',(1.,0.));
#1558 = ( GEOMETRIC_REPRESENTATION_CONTEXT(2) 
PARAMETRIC_REPRESENTATION_CONTEXT() REPRESENTATION_CONTEXT('2D SPACE',''
  ) );
#1559 = PCURVE('',#1560,#1565);
#1560 = CYLINDRICAL_SURFACE('',#1561,10.);
#1561 = AXIS2_PLACEMENT_3D('',#1562,#1563,#1564);
#1562 = CARTESIAN_POINT('',(220.,126.,100.));
#1563 = DIRECTION('',(0.,1.,0.));
#1564 = DIRECTION('',(0.,-0.,1.));
#1565 = DEFINITIONAL_REPRESENTATION('',(#1566),#1570);
#1566 = LINE('',#1567,#1568);
#1567 = CARTESIAN_POINT('',(0.,76.));
#1568 = VECTOR('',#1569,1.);
#1569 = DIRECTION('',(1.,0.));
#1570 = ( GEOMETRIC_REPRESENTATION_CONTEXT(2) 
PARAMETRIC_REPRESENTATION_CONTEXT() REPRESENTATION_CONTEXT('2D SPACE',''
  ) );
#1571 = ADVANCED_FACE('',(#1572),#981,.F.);
#1572 = FACE_BOUND('',#1573,.F.);
#1573 = EDGE_LOOP('',(#1574,#1597,#1618,#1619));
#1574 = ORIENTED_EDGE('',*,*,#1575,.F.);
#1575 = EDGE_CURVE('',#1576,#938,#1578,.T.);
#1576 = VERTEX_POINT('',#1577);
#1577 = CARTESIAN_POINT('',(140.,194.,85.));
#1578 = SURFACE_CURVE('',#1579,(#1583,#1590),.PCURVE_S1.);
#1579 = LINE('',#1580,#1581);
#1580 = CARTESIAN_POINT('',(140.,194.,85.));
#1581 = VECTOR('',#1582,1.);
#1582 = DIRECTION('',(0.,0.,1.));
#1583 = PCURVE('',#981,#1584);
#1584 = DEFINITIONAL_REPRESENTATION('',(#1585),#1589);
#1585 = LINE('',#1586,#1587);
#1586 = CARTESIAN_POINT('',(0.,0.));
#1587 = VECTOR('',#1588,1.);
#1588 = DIRECTION('',(1.,0.));
#1589 = ( GEOMETRIC_REPRESENTATION_CONTEXT(2) 
PARAMETRIC_REPRESENTATION_CONTEXT() REPRESENTATION_CONTEXT('2D SPACE',''
  ) );
#1590 = PCURVE('',#953,#1591);
#1591 = DEFINITIONAL_REPRESENTATION('',(#1592),#1596);
#1592 = LINE('',#1593,#1594);
#1593 = CARTESIAN_POINT('',(0.,0.));
#1594 = VECTOR('',#1595,1.);
#1595 = DIRECTION('',(1.,0.));
#1596 = ( GEOMETRIC_REPRESENTATION_CONTEXT(2) 
PARAMETRIC_REPRESENTATION_CONTEXT() REPRESENTATION_CONTEXT('2D SPACE',''
  ) );
#1597 = ORIENTED_EDGE('',*,*,#1598,.T.);
#1598 = EDGE_CURVE('',#1576,#1468,#1599,.T.);
#1599 = SURFACE_CURVE('',#1600,(#1604,#1611),.PCURVE_S1.);
#1600 = LINE('',#1601,#1602);
#1601 = CARTESIAN_POINT('',(140.,194.,85.));
#1602 = VECTOR('',#1603,1.);
#1603 = DIRECTION('',(-0.,1.,0.));
#1604 = PCURVE('',#981,#1605);
#1605 = DEFINITIONAL_REPRESENTATION('',(#1606),#1610);
#1606 = LINE('',#1607,#1608);
#1607 = CARTESIAN_POINT('',(0.,0.));
#1608 = VECTOR('',#1609,1.);
#1609 = DIRECTION('',(0.,-1.));
#1610 = ( GEOMETRIC_REPRESENTATION_CONTEXT(2) 
PARAMETRIC_REPRESENTATION_CONTEXT() REPRESENTATION_CONTEXT('2D SPACE',''
  ) );
#1611 = PCURVE('',#1485,#1612);
#1612 = DEFINITIONAL_REPRESENTATION('',(#1613),#1617);
#1613 = LINE('',#1614,#1615);
#1614 = CARTESIAN_POINT('',(0.,0.));
#1615 = VECTOR('',#1616,1.);
#1616 = DIRECTION('',(0.,1.));
#1617 = ( GEOMETRIC_REPRESENTATION_CONTEXT(2) 
PARAMETRIC_REPRESENTATION_CONTEXT() REPRESENTATION_CONTEXT('2D SPACE',''
  ) );
#1618 = ORIENTED_EDGE('',*,*,#1497,.T.);
#1619 = ORIENTED_EDGE('',*,*,#965,.F.);
#1620 = ADVANCED_FACE('',(#1621,#1670),#953,.F.);
#1621 = FACE_BOUND('',#1622,.F.);
#1622 = EDGE_LOOP('',(#1623,#1646,#1647,#1648,#1649));
#1623 = ORIENTED_EDGE('',*,*,#1624,.F.);
#1624 = EDGE_CURVE('',#1576,#1625,#1627,.T.);
#1625 = VERTEX_POINT('',#1626);
#1626 = CARTESIAN_POINT('',(245.,194.,85.));
#1627 = SURFACE_CURVE('',#1628,(#1632,#1639),.PCURVE_S1.);
#1628 = LINE('',#1629,#1630);
#1629 = CARTESIAN_POINT('',(140.,194.,85.));
#1630 = VECTOR('',#1631,1.);
#1631 = DIRECTION('',(1.,0.,-0.));
#1632 = PCURVE('',#953,#1633);
#1633 = DEFINITIONAL_REPRESENTATION('',(#1634),#1638);
#1634 = LINE('',#1635,#1636);
#1635 = CARTESIAN_POINT('',(0.,0.));
#1636 = VECTOR('',#1637,1.);
#1637 = DIRECTION('',(0.,1.));
#1638 = ( GEOMETRIC_REPRESENTATION_CONTEXT(2) 
PARAMETRIC_REPRESENTATION_CONTEXT() REPRESENTATION_CONTEXT('2D SPACE',''
  ) );
#1639 = PCURVE('',#1485,#1640);
#1640 = DEFINITIONAL_REPRESENTATION('',(#1641),#1645);
#1641 = LINE('',#1642,#1643);
#1642 = CARTESIAN_POINT('',(0.,0.));
#1643 = VECTOR('',#1644,1.);
#1644 = DIRECTION('',(1.,0.));
#1645 = ( GEOMETRIC_REPRESENTATION_CONTEXT(2) 
PARAMETRIC_REPRESENTATION_CONTEXT() REPRESENTATION_CONTEXT('2D SPACE',''
  ) );
#1646 = ORIENTED_EDGE('',*,*,#1575,.T.);
#1647 = ORIENTED_EDGE('',*,*,#937,.T.);
#1648 = ORIENTED_EDGE('',*,*,#1177,.T.);
#1649 = ORIENTED_EDGE('',*,*,#1650,.F.);
#1650 = EDGE_CURVE('',#1625,#1178,#1651,.T.);
#1651 = SURFACE_CURVE('',#1652,(#1656,#1663),.PCURVE_S1.);
#1652 = LINE('',#1653,#1654);
#1653 = CARTESIAN_POINT('',(245.,194.,85.));
#1654 = VECTOR('',#1655,1.);
#1655 = DIRECTION('',(0.,0.,1.));
#1656 = PCURVE('',#953,#1657);
#1657 = DEFINITIONAL_REPRESENTATION('',(#1658),#1662);
#1658 = LINE('',#1659,#1660);
#1659 = CARTESIAN_POINT('',(0.,105.));
#1660 = VECTOR('',#1661,1.);
#1661 = DIRECTION('',(1.,0.));
#1662 = ( GEOMETRIC_REPRESENTATION_CONTEXT(2) 
PARAMETRIC_REPRESENTATION_CONTEXT() REPRESENTATION_CONTEXT('2D SPACE',''
  ) );
#1663 = PCURVE('',#1214,#1664);
#1664 = DEFINITIONAL_REPRESENTATION('',(#1665),#1669);
#1665 = LINE('',#1666,#1667);
#1666 = CARTESIAN_POINT('',(0.,0.));
#1667 = VECTOR('',#1668,1.);
#1668 = DIRECTION('',(1.,0.));
#1669 = ( GEOMETRIC_REPRESENTATION_CONTEXT(2) 
PARAMETRIC_REPRESENTATION_CONTEXT() REPRESENTATION_CONTEXT('2D SPACE',''
  ) );
#1670 = FACE_BOUND('',#1671,.F.);
#1671 = EDGE_LOOP('',(#1672));
#1672 = ORIENTED_EDGE('',*,*,#1673,.F.);
#1673 = EDGE_CURVE('',#1674,#1674,#1676,.T.);
#1674 = VERTEX_POINT('',#1675);
#1675 = CARTESIAN_POINT('',(220.,194.,110.));
#1676 = SURFACE_CURVE('',#1677,(#1682,#1689),.PCURVE_S1.);
#1677 = CIRCLE('',#1678,10.);
#1678 = AXIS2_PLACEMENT_3D('',#1679,#1680,#1681);
#1679 = CARTESIAN_POINT('',(220.,194.,100.));
#1680 = DIRECTION('',(0.,1.,0.));
#1681 = DIRECTION('',(0.,-0.,1.));
#1682 = PCURVE('',#953,#1683);
#1683 = DEFINITIONAL_REPRESENTATION('',(#1684),#1688);
#1684 = CIRCLE('',#1685,10.);
#1685 = AXIS2_PLACEMENT_2D('',#1686,#1687);
#1686 = CARTESIAN_POINT('',(15.,80.));
#1687 = DIRECTION('',(1.,0.));
#1688 = ( GEOMETRIC_REPRESENTATION_CONTEXT(2) 
PARAMETRIC_REPRESENTATION_CONTEXT() REPRESENTATION_CONTEXT('2D SPACE',''
  ) );
#1689 = PCURVE('',#1690,#1695);
#1690 = CYLINDRICAL_SURFACE('',#1691,10.);
#1691 = AXIS2_PLACEMENT_3D('',#1692,#1693,#1694);
#1692 = CARTESIAN_POINT('',(220.,126.,100.));
#1693 = DIRECTION('',(0.,1.,0.));
#1694 = DIRECTION('',(0.,-0.,1.));
#1695 = DEFINITIONAL_REPRESENTATION('',(#1696),#1700);
#1696 = LINE('',#1697,#1698);
#1697 = CARTESIAN_POINT('',(0.,68.));
#1698 = VECTOR('',#1699,1.);
#1699 = DIRECTION('',(1.,0.));
#1700 = ( GEOMETRIC_REPRESENTATION_CONTEXT(2) 
PARAMETRIC_REPRESENTATION_CONTEXT() REPRESENTATION_CONTEXT('2D SPACE',''
  ) );
#1701 = ADVANCED_FACE('',(#1702),#1138,.T.);
#1702 = FACE_BOUND('',#1703,.T.);
#1703 = EDGE_LOOP('',(#1704,#1705,#1726,#1727));
#1704 = ORIENTED_EDGE('',*,*,#1412,.F.);
#1705 = ORIENTED_EDGE('',*,*,#1706,.T.);
#1706 = EDGE_CURVE('',#1387,#1232,#1707,.T.);
#1707 = SURFACE_CURVE('',#1708,(#1712,#1719),.PCURVE_S1.);
#1708 = LINE('',#1709,#1710);
#1709 = CARTESIAN_POINT('',(245.,128.,85.));
#1710 = VECTOR('',#1711,1.);
#1711 = DIRECTION('',(-0.,1.,0.));
#1712 = PCURVE('',#1138,#1713);
#1713 = DEFINITIONAL_REPRESENTATION('',(#1714),#1718);
#1714 = LINE('',#1715,#1716);
#1715 = CARTESIAN_POINT('',(0.,0.));
#1716 = VECTOR('',#1717,1.);
#1717 = DIRECTION('',(0.,-1.));
#1718 = ( GEOMETRIC_REPRESENTATION_CONTEXT(2) 
PARAMETRIC_REPRESENTATION_CONTEXT() REPRESENTATION_CONTEXT('2D SPACE',''
  ) );
#1719 = PCURVE('',#1247,#1720);
#1720 = DEFINITIONAL_REPRESENTATION('',(#1721),#1725);
#1721 = LINE('',#1722,#1723);
#1722 = CARTESIAN_POINT('',(105.,0.));
#1723 = VECTOR('',#1724,1.);
#1724 = DIRECTION('',(0.,1.));
#1725 = ( GEOMETRIC_REPRESENTATION_CONTEXT(2) 
PARAMETRIC_REPRESENTATION_CONTEXT() REPRESENTATION_CONTEXT('2D SPACE',''
  ) );
#1726 = ORIENTED_EDGE('',*,*,#1282,.T.);
#1727 = ORIENTED_EDGE('',*,*,#1124,.F.);
#1728 = ADVANCED_FACE('',(#1729),#1214,.T.);
#1729 = FACE_BOUND('',#1730,.T.);
#1730 = EDGE_LOOP('',(#1731,#1732,#1753,#1754));
#1731 = ORIENTED_EDGE('',*,*,#1650,.F.);
#1732 = ORIENTED_EDGE('',*,*,#1733,.T.);
#1733 = EDGE_CURVE('',#1625,#1470,#1734,.T.);
#1734 = SURFACE_CURVE('',#1735,(#1739,#1746),.PCURVE_S1.);
#1735 = LINE('',#1736,#1737);
#1736 = CARTESIAN_POINT('',(245.,194.,85.));
#1737 = VECTOR('',#1738,1.);
#1738 = DIRECTION('',(-0.,1.,0.));
#1739 = PCURVE('',#1214,#1740);
#1740 = DEFINITIONAL_REPRESENTATION('',(#1741),#1745);
#1741 = LINE('',#1742,#1743);
#1742 = CARTESIAN_POINT('',(0.,0.));
#1743 = VECTOR('',#1744,1.);
#1744 = DIRECTION('',(0.,-1.));
#1745 = ( GEOMETRIC_REPRESENTATION_CONTEXT(2) 
PARAMETRIC_REPRESENTATION_CONTEXT() REPRESENTATION_CONTEXT('2D SPACE',''
  ) );
#1746 = PCURVE('',#1485,#1747);
#1747 = DEFINITIONAL_REPRESENTATION('',(#1748),#1752);
#1748 = LINE('',#1749,#1750);
#1749 = CARTESIAN_POINT('',(105.,0.));
#1750 = VECTOR('',#1751,1.);
#1751 = DIRECTION('',(0.,1.));
#1752 = ( GEOMETRIC_REPRESENTATION_CONTEXT(2) 
PARAMETRIC_REPRESENTATION_CONTEXT() REPRESENTATION_CONTEXT('2D SPACE',''
  ) );
#1753 = ORIENTED_EDGE('',*,*,#1520,.T.);
#1754 = ORIENTED_EDGE('',*,*,#1200,.F.);
#1755 = ADVANCED_FACE('',(#1756),#1247,.F.);
#1756 = FACE_BOUND('',#1757,.F.);
#1757 = EDGE_LOOP('',(#1758,#1759,#1760,#1761));
#1758 = ORIENTED_EDGE('',*,*,#1360,.F.);
#1759 = ORIENTED_EDGE('',*,*,#1386,.T.);
#1760 = ORIENTED_EDGE('',*,*,#1706,.T.);
#1761 = ORIENTED_EDGE('',*,*,#1229,.F.);
#1762 = ADVANCED_FACE('',(#1763),#1322,.T.);
#1763 = FACE_BOUND('',#1764,.T.);
#1764 = EDGE_LOOP('',(#1765,#1794,#1815,#1816));
#1765 = ORIENTED_EDGE('',*,*,#1766,.F.);
#1766 = EDGE_CURVE('',#1767,#1767,#1769,.T.);
#1767 = VERTEX_POINT('',#1768);
#1768 = CARTESIAN_POINT('',(220.,140.,110.));
#1769 = SURFACE_CURVE('',#1770,(#1775,#1782),.PCURVE_S1.);
#1770 = CIRCLE('',#1771,10.);
#1771 = AXIS2_PLACEMENT_3D('',#1772,#1773,#1774);
#1772 = CARTESIAN_POINT('',(220.,140.,100.));
#1773 = DIRECTION('',(0.,1.,0.));
#1774 = DIRECTION('',(0.,-0.,1.));
#1775 = PCURVE('',#1322,#1776);
#1776 = DEFINITIONAL_REPRESENTATION('',(#1777),#1781);
#1777 = LINE('',#1778,#1779);
#1778 = CARTESIAN_POINT('',(0.,14.));
#1779 = VECTOR('',#1780,1.);
#1780 = DIRECTION('',(1.,0.));
#1781 = ( GEOMETRIC_REPRESENTATION_CONTEXT(2) 
PARAMETRIC_REPRESENTATION_CONTEXT() REPRESENTATION_CONTEXT('2D SPACE',''
  ) );
#1782 = PCURVE('',#1783,#1788);
#1783 = PLANE('',#1784);
#1784 = AXIS2_PLACEMENT_3D('',#1785,#1786,#1787);
#1785 = CARTESIAN_POINT('',(220.,140.,100.));
#1786 = DIRECTION('',(0.,1.,0.));
#1787 = DIRECTION('',(0.,-0.,1.));
#1788 = DEFINITIONAL_REPRESENTATION('',(#1789),#1793);
#1789 = CIRCLE('',#1790,10.);
#1790 = AXIS2_PLACEMENT_2D('',#1791,#1792);
#1791 = CARTESIAN_POINT('',(0.,0.));
#1792 = DIRECTION('',(1.,0.));
#1793 = ( GEOMETRIC_REPRESENTATION_CONTEXT(2) 
PARAMETRIC_REPRESENTATION_CONTEXT() REPRESENTATION_CONTEXT('2D SPACE',''
  ) );
#1794 = ORIENTED_EDGE('',*,*,#1795,.F.);
#1795 = EDGE_CURVE('',#1306,#1767,#1796,.T.);
#1796 = SEAM_CURVE('',#1797,(#1801,#1808),.PCURVE_S1.);
#1797 = LINE('',#1798,#1799);
#1798 = CARTESIAN_POINT('',(220.,126.,110.));
#1799 = VECTOR('',#1800,1.);
#1800 = DIRECTION('',(0.,1.,0.));
#1801 = PCURVE('',#1322,#1802);
#1802 = DEFINITIONAL_REPRESENTATION('',(#1803),#1807);
#1803 = LINE('',#1804,#1805);
#1804 = CARTESIAN_POINT('',(6.28318530718,-0.));
#1805 = VECTOR('',#1806,1.);
#1806 = DIRECTION('',(0.,1.));
#1807 = ( GEOMETRIC_REPRESENTATION_CONTEXT(2) 
PARAMETRIC_REPRESENTATION_CONTEXT() REPRESENTATION_CONTEXT('2D SPACE',''
  ) );
#1808 = PCURVE('',#1322,#1809);
#1809 = DEFINITIONAL_REPRESENTATION('',(#1810),#1814);
#1810 = LINE('',#1811,#1812);
#1811 = CARTESIAN_POINT('',(0.,-0.));
#1812 = VECTOR('',#1813,1.);
#1813 = DIRECTION('',(0.,1.));
#1814 = ( GEOMETRIC_REPRESENTATION_CONTEXT(2) 
PARAMETRIC_REPRESENTATION_CONTEXT() REPRESENTATION_CONTEXT('2D SPACE',''
  ) );
#1815 = ORIENTED_EDGE('',*,*,#1305,.T.);
#1816 = ORIENTED_EDGE('',*,*,#1795,.T.);
#1817 = ADVANCED_FACE('',(#1818),#1452,.T.);
#1818 = FACE_BOUND('',#1819,.T.);
#1819 = EDGE_LOOP('',(#1820,#1821,#1844,#1871));
#1820 = ORIENTED_EDGE('',*,*,#1435,.F.);
#1821 = ORIENTED_EDGE('',*,*,#1822,.F.);
#1822 = EDGE_CURVE('',#1823,#1436,#1825,.T.);
#1823 = VERTEX_POINT('',#1824);
#1824 = CARTESIAN_POINT('',(220.,126.,110.));
#1825 = SEAM_CURVE('',#1826,(#1830,#1837),.PCURVE_S1.);
#1826 = LINE('',#1827,#1828);
#1827 = CARTESIAN_POINT('',(220.,126.,110.));
#1828 = VECTOR('',#1829,1.);
#1829 = DIRECTION('',(0.,1.,0.));
#1830 = PCURVE('',#1452,#1831);
#1831 = DEFINITIONAL_REPRESENTATION('',(#1832),#1836);
#1832 = LINE('',#1833,#1834);
#1833 = CARTESIAN_POINT('',(6.28318530718,-0.));
#1834 = VECTOR('',#1835,1.);
#1835 = DIRECTION('',(0.,1.));
#1836 = ( GEOMETRIC_REPRESENTATION_CONTEXT(2) 
PARAMETRIC_REPRESENTATION_CONTEXT() REPRESENTATION_CONTEXT('2D SPACE',''
  ) );
#1837 = PCURVE('',#1452,#1838);
#1838 = DEFINITIONAL_REPRESENTATION('',(#1839),#1843);
#1839 = LINE('',#1840,#1841);
#1840 = CARTESIAN_POINT('',(0.,-0.));
#1841 = VECTOR('',#1842,1.);
#1842 = DIRECTION('',(0.,1.));
#1843 = ( GEOMETRIC_REPRESENTATION_CONTEXT(2) 
PARAMETRIC_REPRESENTATION_CONTEXT() REPRESENTATION_CONTEXT('2D SPACE',''
  ) );
#1844 = ORIENTED_EDGE('',*,*,#1845,.T.);
#1845 = EDGE_CURVE('',#1823,#1823,#1846,.T.);
#1846 = SURFACE_CURVE('',#1847,(#1852,#1859),.PCURVE_S1.);
#1847 = CIRCLE('',#1848,10.);
#1848 = AXIS2_PLACEMENT_3D('',#1849,#1850,#1851);
#1849 = CARTESIAN_POINT('',(220.,126.,100.));
#1850 = DIRECTION('',(0.,1.,0.));
#1851 = DIRECTION('',(0.,-0.,1.));
#1852 = PCURVE('',#1452,#1853);
#1853 = DEFINITIONAL_REPRESENTATION('',(#1854),#1858);
#1854 = LINE('',#1855,#1856);
#1855 = CARTESIAN_POINT('',(0.,0.));
#1856 = VECTOR('',#1857,1.);
#1857 = DIRECTION('',(1.,0.));
#1858 = ( GEOMETRIC_REPRESENTATION_CONTEXT(2) 
PARAMETRIC_REPRESENTATION_CONTEXT() REPRESENTATION_CONTEXT('2D SPACE',''
  ) );
#1859 = PCURVE('',#1860,#1865);
#1860 = PLANE('',#1861);
#1861 = AXIS2_PLACEMENT_3D('',#1862,#1863,#1864);
#1862 = CARTESIAN_POINT('',(220.,126.,100.));
#1863 = DIRECTION('',(0.,1.,0.));
#1864 = DIRECTION('',(0.,-0.,1.));
#1865 = DEFINITIONAL_REPRESENTATION('',(#1866),#1870);
#1866 = CIRCLE('',#1867,10.);
#1867 = AXIS2_PLACEMENT_2D('',#1868,#1869);
#1868 = CARTESIAN_POINT('',(0.,0.));
#1869 = DIRECTION('',(1.,0.));
#1870 = ( GEOMETRIC_REPRESENTATION_CONTEXT(2) 
PARAMETRIC_REPRESENTATION_CONTEXT() REPRESENTATION_CONTEXT('2D SPACE',''
  ) );
#1871 = ORIENTED_EDGE('',*,*,#1822,.T.);
#1872 = ADVANCED_FACE('',(#1873),#1485,.F.);
#1873 = FACE_BOUND('',#1874,.F.);
#1874 = EDGE_LOOP('',(#1875,#1876,#1877,#1878));
#1875 = ORIENTED_EDGE('',*,*,#1598,.F.);
#1876 = ORIENTED_EDGE('',*,*,#1624,.T.);
#1877 = ORIENTED_EDGE('',*,*,#1733,.T.);
#1878 = ORIENTED_EDGE('',*,*,#1467,.F.);
#1879 = ADVANCED_FACE('',(#1880),#1560,.T.);
#1880 = FACE_BOUND('',#1881,.T.);
#1881 = EDGE_LOOP('',(#1882,#1905,#1932,#1933));
#1882 = ORIENTED_EDGE('',*,*,#1883,.T.);
#1883 = EDGE_CURVE('',#1544,#1884,#1886,.T.);
#1884 = VERTEX_POINT('',#1885);
#1885 = CARTESIAN_POINT('',(220.,204.,110.));
#1886 = SEAM_CURVE('',#1887,(#1891,#1898),.PCURVE_S1.);
#1887 = LINE('',#1888,#1889);
#1888 = CARTESIAN_POINT('',(220.,126.,110.));
#1889 = VECTOR('',#1890,1.);
#1890 = DIRECTION('',(0.,1.,0.));
#1891 = PCURVE('',#1560,#1892);
#1892 = DEFINITIONAL_REPRESENTATION('',(#1893),#1897);
#1893 = LINE('',#1894,#1895);
#1894 = CARTESIAN_POINT('',(6.28318530718,-0.));
#1895 = VECTOR('',#1896,1.);
#1896 = DIRECTION('',(0.,1.));
#1897 = ( GEOMETRIC_REPRESENTATION_CONTEXT(2) 
PARAMETRIC_REPRESENTATION_CONTEXT() REPRESENTATION_CONTEXT('2D SPACE',''
  ) );
#1898 = PCURVE('',#1560,#1899);
#1899 = DEFINITIONAL_REPRESENTATION('',(#1900),#1904);
#1900 = LINE('',#1901,#1902);
#1901 = CARTESIAN_POINT('',(0.,-0.));
#1902 = VECTOR('',#1903,1.);
#1903 = DIRECTION('',(0.,1.));
#1904 = ( GEOMETRIC_REPRESENTATION_CONTEXT(2) 
PARAMETRIC_REPRESENTATION_CONTEXT() REPRESENTATION_CONTEXT('2D SPACE',''
  ) );
#1905 = ORIENTED_EDGE('',*,*,#1906,.F.);
#1906 = EDGE_CURVE('',#1884,#1884,#1907,.T.);
#1907 = SURFACE_CURVE('',#1908,(#1913,#1920),.PCURVE_S1.);
#1908 = CIRCLE('',#1909,10.);
#1909 = AXIS2_PLACEMENT_3D('',#1910,#1911,#1912);
#1910 = CARTESIAN_POINT('',(220.,204.,100.));
#1911 = DIRECTION('',(0.,1.,0.));
#1912 = DIRECTION('',(0.,-0.,1.));
#1913 = PCURVE('',#1560,#1914);
#1914 = DEFINITIONAL_REPRESENTATION('',(#1915),#1919);
#1915 = LINE('',#1916,#1917);
#1916 = CARTESIAN_POINT('',(0.,78.));
#1917 = VECTOR('',#1918,1.);
#1918 = DIRECTION('',(1.,0.));
#1919 = ( GEOMETRIC_REPRESENTATION_CONTEXT(2) 
PARAMETRIC_REPRESENTATION_CONTEXT() REPRESENTATION_CONTEXT('2D SPACE',''
  ) );
#1920 = PCURVE('',#1921,#1926);
#1921 = PLANE('',#1922);
#1922 = AXIS2_PLACEMENT_3D('',#1923,#1924,#1925);
#1923 = CARTESIAN_POINT('',(220.,204.,100.));
#1924 = DIRECTION('',(0.,1.,0.));
#1925 = DIRECTION('',(0.,-0.,1.));
#1926 = DEFINITIONAL_REPRESENTATION('',(#1927),#1931);
#1927 = CIRCLE('',#1928,10.);
#1928 = AXIS2_PLACEMENT_2D('',#1929,#1930);
#1929 = CARTESIAN_POINT('',(0.,0.));
#1930 = DIRECTION('',(1.,0.));
#1931 = ( GEOMETRIC_REPRESENTATION_CONTEXT(2) 
PARAMETRIC_REPRESENTATION_CONTEXT() REPRESENTATION_CONTEXT('2D SPACE',''
  ) );
#1932 = ORIENTED_EDGE('',*,*,#1883,.F.);
#1933 = ORIENTED_EDGE('',*,*,#1543,.T.);
#1934 = ADVANCED_FACE('',(#1935),#1690,.T.);
#1935 = FACE_BOUND('',#1936,.T.);
#1936 = EDGE_LOOP('',(#1937,#1938,#1961,#1988));
#1937 = ORIENTED_EDGE('',*,*,#1673,.F.);
#1938 = ORIENTED_EDGE('',*,*,#1939,.F.);
#1939 = EDGE_CURVE('',#1940,#1674,#1942,.T.);
#1940 = VERTEX_POINT('',#1941);
#1941 = CARTESIAN_POINT('',(220.,190.,110.));
#1942 = SEAM_CURVE('',#1943,(#1947,#1954),.PCURVE_S1.);
#1943 = LINE('',#1944,#1945);
#1944 = CARTESIAN_POINT('',(220.,126.,110.));
#1945 = VECTOR('',#1946,1.);
#1946 = DIRECTION('',(0.,1.,0.));
#1947 = PCURVE('',#1690,#1948);
#1948 = DEFINITIONAL_REPRESENTATION('',(#1949),#1953);
#1949 = LINE('',#1950,#1951);
#1950 = CARTESIAN_POINT('',(6.28318530718,-0.));
#1951 = VECTOR('',#1952,1.);
#1952 = DIRECTION('',(0.,1.));
#1953 = ( GEOMETRIC_REPRESENTATION_CONTEXT(2) 
PARAMETRIC_REPRESENTATION_CONTEXT() REPRESENTATION_CONTEXT('2D SPACE',''
  ) );
#1954 = PCURVE('',#1690,#1955);
#1955 = DEFINITIONAL_REPRESENTATION('',(#1956),#1960);
#1956 = LINE('',#1957,#1958);
#1957 = CARTESIAN_POINT('',(0.,-0.));
#1958 = VECTOR('',#1959,1.);
#1959 = DIRECTION('',(0.,1.));
#1960 = ( GEOMETRIC_REPRESENTATION_CONTEXT(2) 
PARAMETRIC_REPRESENTATION_CONTEXT() REPRESENTATION_CONTEXT('2D SPACE',''
  ) );
#1961 = ORIENTED_EDGE('',*,*,#1962,.T.);
#1962 = EDGE_CURVE('',#1940,#1940,#1963,.T.);
#1963 = SURFACE_CURVE('',#1964,(#1969,#1976),.PCURVE_S1.);
#1964 = CIRCLE('',#1965,10.);
#1965 = AXIS2_PLACEMENT_3D('',#1966,#1967,#1968);
#1966 = CARTESIAN_POINT('',(220.,190.,100.));
#1967 = DIRECTION('',(0.,1.,0.));
#1968 = DIRECTION('',(0.,-0.,1.));
#1969 = PCURVE('',#1690,#1970);
#1970 = DEFINITIONAL_REPRESENTATION('',(#1971),#1975);
#1971 = LINE('',#1972,#1973);
#1972 = CARTESIAN_POINT('',(0.,64.));
#1973 = VECTOR('',#1974,1.);
#1974 = DIRECTION('',(1.,0.));
#1975 = ( GEOMETRIC_REPRESENTATION_CONTEXT(2) 
PARAMETRIC_REPRESENTATION_CONTEXT() REPRESENTATION_CONTEXT('2D SPACE',''
  ) );
#1976 = PCURVE('',#1977,#1982);
#1977 = PLANE('',#1978);
#1978 = AXIS2_PLACEMENT_3D('',#1979,#1980,#1981);
#1979 = CARTESIAN_POINT('',(220.,190.,100.));
#1980 = DIRECTION('',(0.,1.,0.));
#1981 = DIRECTION('',(0.,-0.,1.));
#1982 = DEFINITIONAL_REPRESENTATION('',(#1983),#1987);
#1983 = CIRCLE('',#1984,10.);
#1984 = AXIS2_PLACEMENT_2D('',#1985,#1986);
#1985 = CARTESIAN_POINT('',(0.,0.));
#1986 = DIRECTION('',(1.,0.));
#1987 = ( GEOMETRIC_REPRESENTATION_CONTEXT(2) 
PARAMETRIC_REPRESENTATION_CONTEXT() REPRESENTATION_CONTEXT('2D SPACE',''
  ) );
#1988 = ORIENTED_EDGE('',*,*,#1939,.T.);
#1989 = ADVANCED_FACE('',(#1990,#2021),#1783,.F.);
#1990 = FACE_BOUND('',#1991,.F.);
#1991 = EDGE_LOOP('',(#1992));
#1992 = ORIENTED_EDGE('',*,*,#1993,.T.);
#1993 = EDGE_CURVE('',#1994,#1994,#1996,.T.);
#1994 = VERTEX_POINT('',#1995);
#1995 = CARTESIAN_POINT('',(220.,140.,200.));
#1996 = SURFACE_CURVE('',#1997,(#2002,#2009),.PCURVE_S1.);
#1997 = CIRCLE('',#1998,100.);
#1998 = AXIS2_PLACEMENT_3D('',#1999,#2000,#2001);
#1999 = CARTESIAN_POINT('',(220.,140.,100.));
#2000 = DIRECTION('',(0.,1.,0.));
#2001 = DIRECTION('',(0.,-0.,1.));
#2002 = PCURVE('',#1783,#2003);
#2003 = DEFINITIONAL_REPRESENTATION('',(#2004),#2008);
#2004 = CIRCLE('',#2005,100.);
#2005 = AXIS2_PLACEMENT_2D('',#2006,#2007);
#2006 = CARTESIAN_POINT('',(0.,0.));
#2007 = DIRECTION('',(1.,0.));
#2008 = ( GEOMETRIC_REPRESENTATION_CONTEXT(2) 
PARAMETRIC_REPRESENTATION_CONTEXT() REPRESENTATION_CONTEXT('2D SPACE',''
  ) );
#2009 = PCURVE('',#2010,#2015);
#2010 = CYLINDRICAL_SURFACE('',#2011,100.);
#2011 = AXIS2_PLACEMENT_3D('',#2012,#2013,#2014);
#2012 = CARTESIAN_POINT('',(220.,140.,100.));
#2013 = DIRECTION('',(0.,1.,0.));
#2014 = DIRECTION('',(0.,-0.,1.));
#2015 = DEFINITIONAL_REPRESENTATION('',(#2016),#2020);
#2016 = LINE('',#2017,#2018);
#2017 = CARTESIAN_POINT('',(0.,0.));
#2018 = VECTOR('',#2019,1.);
#2019 = DIRECTION('',(1.,0.));
#2020 = ( GEOMETRIC_REPRESENTATION_CONTEXT(2) 
PARAMETRIC_REPRESENTATION_CONTEXT() REPRESENTATION_CONTEXT('2D SPACE',''
  ) );
#2021 = FACE_BOUND('',#2022,.F.);
#2022 = EDGE_LOOP('',(#2023));
#2023 = ORIENTED_EDGE('',*,*,#1766,.F.);
#2024 = ADVANCED_FACE('',(#2025),#1860,.F.);
#2025 = FACE_BOUND('',#2026,.T.);
#2026 = EDGE_LOOP('',(#2027));
#2027 = ORIENTED_EDGE('',*,*,#1845,.F.);
#2028 = ADVANCED_FACE('',(#2029),#1921,.T.);
#2029 = FACE_BOUND('',#2030,.T.);
#2030 = EDGE_LOOP('',(#2031));
#2031 = ORIENTED_EDGE('',*,*,#1906,.T.);
#2032 = ADVANCED_FACE('',(#2033,#2059),#1977,.T.);
#2033 = FACE_BOUND('',#2034,.T.);
#2034 = EDGE_LOOP('',(#2035));
#2035 = ORIENTED_EDGE('',*,*,#2036,.T.);
#2036 = EDGE_CURVE('',#2037,#2037,#2039,.T.);
#2037 = VERTEX_POINT('',#2038);
#2038 = CARTESIAN_POINT('',(220.,190.,200.));
#2039 = SURFACE_CURVE('',#2040,(#2045,#2052),.PCURVE_S1.);
#2040 = CIRCLE('',#2041,100.);
#2041 = AXIS2_PLACEMENT_3D('',#2042,#2043,#2044);
#2042 = CARTESIAN_POINT('',(220.,190.,100.));
#2043 = DIRECTION('',(0.,1.,0.));
#2044 = DIRECTION('',(0.,-0.,1.));
#2045 = PCURVE('',#1977,#2046);
#2046 = DEFINITIONAL_REPRESENTATION('',(#2047),#2051);
#2047 = CIRCLE('',#2048,100.);
#2048 = AXIS2_PLACEMENT_2D('',#2049,#2050);
#2049 = CARTESIAN_POINT('',(0.,0.));
#2050 = DIRECTION('',(1.,0.));
#2051 = ( GEOMETRIC_REPRESENTATION_CONTEXT(2) 
PARAMETRIC_REPRESENTATION_CONTEXT() REPRESENTATION_CONTEXT('2D SPACE',''
  ) );
#2052 = PCURVE('',#2010,#2053);
#2053 = DEFINITIONAL_REPRESENTATION('',(#2054),#2058);
#2054 = LINE('',#2055,#2056);
#2055 = CARTESIAN_POINT('',(0.,50.));
#2056 = VECTOR('',#2057,1.);
#2057 = DIRECTION('',(1.,0.));
#2058 = ( GEOMETRIC_REPRESENTATION_CONTEXT(2) 
PARAMETRIC_REPRESENTATION_CONTEXT() REPRESENTATION_CONTEXT('2D SPACE',''
  ) );
#2059 = FACE_BOUND('',#2060,.T.);
#2060 = EDGE_LOOP('',(#2061));
#2061 = ORIENTED_EDGE('',*,*,#1962,.F.);
#2062 = ADVANCED_FACE('',(#2063,#2089),#2010,.T.);
#2063 = FACE_BOUND('',#2064,.T.);
#2064 = EDGE_LOOP('',(#2065,#2086,#2087,#2088));
#2065 = ORIENTED_EDGE('',*,*,#2066,.T.);
#2066 = EDGE_CURVE('',#1994,#2037,#2067,.T.);
#2067 = SEAM_CURVE('',#2068,(#2072,#2079),.PCURVE_S1.);
#2068 = LINE('',#2069,#2070);
#2069 = CARTESIAN_POINT('',(220.,140.,200.));
#2070 = VECTOR('',#2071,1.);
#2071 = DIRECTION('',(0.,1.,0.));
#2072 = PCURVE('',#2010,#2073);
#2073 = DEFINITIONAL_REPRESENTATION('',(#2074),#2078);
#2074 = LINE('',#2075,#2076);
#2075 = CARTESIAN_POINT('',(6.28318530718,-0.));
#2076 = VECTOR('',#2077,1.);
#2077 = DIRECTION('',(0.,1.));
#2078 = ( GEOMETRIC_REPRESENTATION_CONTEXT(2) 
PARAMETRIC_REPRESENTATION_CONTEXT() REPRESENTATION_CONTEXT('2D SPACE',''
  ) );
#2079 = PCURVE('',#2010,#2080);
#2080 = DEFINITIONAL_REPRESENTATION('',(#2081),#2085);
#2081 = LINE('',#2082,#2083);
#2082 = CARTESIAN_POINT('',(0.,-0.));
#2083 = VECTOR('',#2084,1.);
#2084 = DIRECTION('',(0.,1.));
#2085 = ( GEOMETRIC_REPRESENTATION_CONTEXT(2) 
PARAMETRIC_REPRESENTATION_CONTEXT() REPRESENTATION_CONTEXT('2D SPACE',''
  ) );
#2086 = ORIENTED_EDGE('',*,*,#2036,.F.);
#2087 = ORIENTED_EDGE('',*,*,#2066,.F.);
#2088 = ORIENTED_EDGE('',*,*,#1993,.T.);
#2089 = FACE_BOUND('',#2090,.T.);
#2090 = EDGE_LOOP('',(#2091,#2122,#2148,#2177));
#2091 = ORIENTED_EDGE('',*,*,#2092,.F.);
#2092 = EDGE_CURVE('',#2093,#2095,#2097,.T.);
#2093 = VERTEX_POINT('',#2094);
#2094 = CARTESIAN_POINT('',(150.,153.,171.41428428542));
#2095 = VERTEX_POINT('',#2096);
#2096 = CARTESIAN_POINT('',(150.60259370841,153.,172.));
#2097 = SURFACE_CURVE('',#2098,(#2103,#2110),.PCURVE_S1.);
#2098 = CIRCLE('',#2099,100.);
#2099 = AXIS2_PLACEMENT_3D('',#2100,#2101,#2102);
#2100 = CARTESIAN_POINT('',(220.,153.,100.));
#2101 = DIRECTION('',(0.,1.,0.));
#2102 = DIRECTION('',(0.,-0.,1.));
#2103 = PCURVE('',#2010,#2104);
#2104 = DEFINITIONAL_REPRESENTATION('',(#2105),#2109);
#2105 = LINE('',#2106,#2107);
#2106 = CARTESIAN_POINT('',(0.,13.));
#2107 = VECTOR('',#2108,1.);
#2108 = DIRECTION('',(1.,0.));
#2109 = ( GEOMETRIC_REPRESENTATION_CONTEXT(2) 
PARAMETRIC_REPRESENTATION_CONTEXT() REPRESENTATION_CONTEXT('2D SPACE',''
  ) );
#2110 = PCURVE('',#2111,#2116);
#2111 = PLANE('',#2112);
#2112 = AXIS2_PLACEMENT_3D('',#2113,#2114,#2115);
#2113 = CARTESIAN_POINT('',(150.,153.,160.));
#2114 = DIRECTION('',(-0.,1.,0.));
#2115 = DIRECTION('',(0.,0.,1.));
#2116 = DEFINITIONAL_REPRESENTATION('',(#2117),#2121);
#2117 = CIRCLE('',#2118,100.);
#2118 = AXIS2_PLACEMENT_2D('',#2119,#2120);
#2119 = CARTESIAN_POINT('',(-60.,70.));
#2120 = DIRECTION('',(1.,0.));
#2121 = ( GEOMETRIC_REPRESENTATION_CONTEXT(2) 
PARAMETRIC_REPRESENTATION_CONTEXT() REPRESENTATION_CONTEXT('2D SPACE',''
  ) );
#2122 = ORIENTED_EDGE('',*,*,#2123,.T.);
#2123 = EDGE_CURVE('',#2093,#2124,#2126,.T.);
#2124 = VERTEX_POINT('',#2125);
#2125 = CARTESIAN_POINT('',(150.,177.,171.41428428542));
#2126 = SURFACE_CURVE('',#2127,(#2131,#2137),.PCURVE_S1.);
#2127 = LINE('',#2128,#2129);
#2128 = CARTESIAN_POINT('',(150.,140.,171.41428428542));
#2129 = VECTOR('',#2130,1.);
#2130 = DIRECTION('',(0.,1.,0.));
#2131 = PCURVE('',#2010,#2132);
#2132 = DEFINITIONAL_REPRESENTATION('',(#2133),#2136);
#2133 = B_SPLINE_CURVE_WITH_KNOTS('',1,(#2134,#2135),.UNSPECIFIED.,.F.,
  .F.,(2,2),(10.6,39.4),.PIECEWISE_BEZIER_KNOTS.);
#2134 = CARTESIAN_POINT('',(5.507787810569,10.6));
#2135 = CARTESIAN_POINT('',(5.507787810569,39.4));
#2136 = ( GEOMETRIC_REPRESENTATION_CONTEXT(2) 
PARAMETRIC_REPRESENTATION_CONTEXT() REPRESENTATION_CONTEXT('2D SPACE',''
  ) );
#2137 = PCURVE('',#2138,#2143);
#2138 = PLANE('',#2139);
#2139 = AXIS2_PLACEMENT_3D('',#2140,#2141,#2142);
#2140 = CARTESIAN_POINT('',(150.,153.,160.));
#2141 = DIRECTION('',(1.,0.,-0.));
#2142 = DIRECTION('',(0.,0.,1.));
#2143 = DEFINITIONAL_REPRESENTATION('',(#2144),#2147);
#2144 = B_SPLINE_CURVE_WITH_KNOTS('',1,(#2145,#2146),.UNSPECIFIED.,.F.,
  .F.,(2,2),(10.6,39.4),.PIECEWISE_BEZIER_KNOTS.);
#2145 = CARTESIAN_POINT('',(11.414284285428,2.4));
#2146 = CARTESIAN_POINT('',(11.414284285428,-26.4));
#2147 = ( GEOMETRIC_REPRESENTATION_CONTEXT(2) 
PARAMETRIC_REPRESENTATION_CONTEXT() REPRESENTATION_CONTEXT('2D SPACE',''
  ) );
#2148 = ORIENTED_EDGE('',*,*,#2149,.T.);
#2149 = EDGE_CURVE('',#2124,#2150,#2152,.T.);
#2150 = VERTEX_POINT('',#2151);
#2151 = CARTESIAN_POINT('',(150.60259370841,177.,172.));
#2152 = SURFACE_CURVE('',#2153,(#2158,#2165),.PCURVE_S1.);
#2153 = CIRCLE('',#2154,100.);
#2154 = AXIS2_PLACEMENT_3D('',#2155,#2156,#2157);
#2155 = CARTESIAN_POINT('',(220.,177.,100.));
#2156 = DIRECTION('',(0.,1.,0.));
#2157 = DIRECTION('',(0.,-0.,1.));
#2158 = PCURVE('',#2010,#2159);
#2159 = DEFINITIONAL_REPRESENTATION('',(#2160),#2164);
#2160 = LINE('',#2161,#2162);
#2161 = CARTESIAN_POINT('',(0.,37.));
#2162 = VECTOR('',#2163,1.);
#2163 = DIRECTION('',(1.,0.));
#2164 = ( GEOMETRIC_REPRESENTATION_CONTEXT(2) 
PARAMETRIC_REPRESENTATION_CONTEXT() REPRESENTATION_CONTEXT('2D SPACE',''
  ) );
#2165 = PCURVE('',#2166,#2171);
#2166 = PLANE('',#2167);
#2167 = AXIS2_PLACEMENT_3D('',#2168,#2169,#2170);
#2168 = CARTESIAN_POINT('',(150.,177.,160.));
#2169 = DIRECTION('',(-0.,1.,0.));
#2170 = DIRECTION('',(0.,0.,1.));
#2171 = DEFINITIONAL_REPRESENTATION('',(#2172),#2176);
#2172 = CIRCLE('',#2173,100.);
#2173 = AXIS2_PLACEMENT_2D('',#2174,#2175);
#2174 = CARTESIAN_POINT('',(-60.,70.));
#2175 = DIRECTION('',(1.,0.));
#2176 = ( GEOMETRIC_REPRESENTATION_CONTEXT(2) 
PARAMETRIC_REPRESENTATION_CONTEXT() REPRESENTATION_CONTEXT('2D SPACE',''
  ) );
#2177 = ORIENTED_EDGE('',*,*,#2178,.F.);
#2178 = EDGE_CURVE('',#2095,#2150,#2179,.T.);
#2179 = SURFACE_CURVE('',#2180,(#2184,#2190),.PCURVE_S1.);
#2180 = LINE('',#2181,#2182);
#2181 = CARTESIAN_POINT('',(150.60259370841,140.,172.));
#2182 = VECTOR('',#2183,1.);
#2183 = DIRECTION('',(0.,1.,0.));
#2184 = PCURVE('',#2010,#2185);
#2185 = DEFINITIONAL_REPRESENTATION('',(#2186),#2189);
#2186 = B_SPLINE_CURVE_WITH_KNOTS('',1,(#2187,#2188),.UNSPECIFIED.,.F.,
  .F.,(2,2),(10.6,39.4),.PIECEWISE_BEZIER_KNOTS.);
#2187 = CARTESIAN_POINT('',(5.516191299318,10.6));
#2188 = CARTESIAN_POINT('',(5.516191299318,39.4));
#2189 = ( GEOMETRIC_REPRESENTATION_CONTEXT(2) 
PARAMETRIC_REPRESENTATION_CONTEXT() REPRESENTATION_CONTEXT('2D SPACE',''
  ) );
#2190 = PCURVE('',#2191,#2196);
#2191 = PLANE('',#2192);
#2192 = AXIS2_PLACEMENT_3D('',#2193,#2194,#2195);
#2193 = CARTESIAN_POINT('',(150.,153.,172.));
#2194 = DIRECTION('',(0.,0.,1.));
#2195 = DIRECTION('',(1.,0.,-0.));
#2196 = DEFINITIONAL_REPRESENTATION('',(#2197),#2200);
#2197 = B_SPLINE_CURVE_WITH_KNOTS('',1,(#2198,#2199),.UNSPECIFIED.,.F.,
  .F.,(2,2),(10.6,39.4),.PIECEWISE_BEZIER_KNOTS.);
#2198 = CARTESIAN_POINT('',(0.60259370841,-2.4));
#2199 = CARTESIAN_POINT('',(0.60259370841,26.4));
#2200 = ( GEOMETRIC_REPRESENTATION_CONTEXT(2) 
PARAMETRIC_REPRESENTATION_CONTEXT() REPRESENTATION_CONTEXT('2D SPACE',''
  ) );
#2201 = ADVANCED_FACE('',(#2202),#2111,.F.);
#2202 = FACE_BOUND('',#2203,.F.);
#2203 = EDGE_LOOP('',(#2204,#2205,#2228));
#2204 = ORIENTED_EDGE('',*,*,#2092,.F.);
#2205 = ORIENTED_EDGE('',*,*,#2206,.T.);
#2206 = EDGE_CURVE('',#2093,#2207,#2209,.T.);
#2207 = VERTEX_POINT('',#2208);
#2208 = CARTESIAN_POINT('',(150.,153.,172.));
#2209 = SURFACE_CURVE('',#2210,(#2214,#2221),.PCURVE_S1.);
#2210 = LINE('',#2211,#2212);
#2211 = CARTESIAN_POINT('',(150.,153.,160.));
#2212 = VECTOR('',#2213,1.);
#2213 = DIRECTION('',(0.,0.,1.));
#2214 = PCURVE('',#2111,#2215);
#2215 = DEFINITIONAL_REPRESENTATION('',(#2216),#2220);
#2216 = LINE('',#2217,#2218);
#2217 = CARTESIAN_POINT('',(0.,0.));
#2218 = VECTOR('',#2219,1.);
#2219 = DIRECTION('',(1.,0.));
#2220 = ( GEOMETRIC_REPRESENTATION_CONTEXT(2) 
PARAMETRIC_REPRESENTATION_CONTEXT() REPRESENTATION_CONTEXT('2D SPACE',''
  ) );
#2221 = PCURVE('',#2138,#2222);
#2222 = DEFINITIONAL_REPRESENTATION('',(#2223),#2227);
#2223 = LINE('',#2224,#2225);
#2224 = CARTESIAN_POINT('',(0.,0.));
#2225 = VECTOR('',#2226,1.);
#2226 = DIRECTION('',(1.,0.));
#2227 = ( GEOMETRIC_REPRESENTATION_CONTEXT(2) 
PARAMETRIC_REPRESENTATION_CONTEXT() REPRESENTATION_CONTEXT('2D SPACE',''
  ) );
#2228 = ORIENTED_EDGE('',*,*,#2229,.T.);
#2229 = EDGE_CURVE('',#2207,#2095,#2230,.T.);
#2230 = SURFACE_CURVE('',#2231,(#2235,#2242),.PCURVE_S1.);
#2231 = LINE('',#2232,#2233);
#2232 = CARTESIAN_POINT('',(150.,153.,172.));
#2233 = VECTOR('',#2234,1.);
#2234 = DIRECTION('',(1.,0.,-0.));
#2235 = PCURVE('',#2111,#2236);
#2236 = DEFINITIONAL_REPRESENTATION('',(#2237),#2241);
#2237 = LINE('',#2238,#2239);
#2238 = CARTESIAN_POINT('',(12.,0.));
#2239 = VECTOR('',#2240,1.);
#2240 = DIRECTION('',(0.,1.));
#2241 = ( GEOMETRIC_REPRESENTATION_CONTEXT(2) 
PARAMETRIC_REPRESENTATION_CONTEXT() REPRESENTATION_CONTEXT('2D SPACE',''
  ) );
#2242 = PCURVE('',#2191,#2243);
#2243 = DEFINITIONAL_REPRESENTATION('',(#2244),#2248);
#2244 = LINE('',#2245,#2246);
#2245 = CARTESIAN_POINT('',(0.,0.));
#2246 = VECTOR('',#2247,1.);
#2247 = DIRECTION('',(1.,0.));
#2248 = ( GEOMETRIC_REPRESENTATION_CONTEXT(2) 
PARAMETRIC_REPRESENTATION_CONTEXT() REPRESENTATION_CONTEXT('2D SPACE',''
  ) );
#2249 = ADVANCED_FACE('',(#2250),#2191,.T.);
#2250 = FACE_BOUND('',#2251,.T.);
#2251 = EDGE_LOOP('',(#2252,#2275,#2296,#2297));
#2252 = ORIENTED_EDGE('',*,*,#2253,.F.);
#2253 = EDGE_CURVE('',#2254,#2150,#2256,.T.);
#2254 = VERTEX_POINT('',#2255);
#2255 = CARTESIAN_POINT('',(150.,177.,172.));
#2256 = SURFACE_CURVE('',#2257,(#2261,#2268),.PCURVE_S1.);
#2257 = LINE('',#2258,#2259);
#2258 = CARTESIAN_POINT('',(150.,177.,172.));
#2259 = VECTOR('',#2260,1.);
#2260 = DIRECTION('',(1.,0.,-0.));
#2261 = PCURVE('',#2191,#2262);
#2262 = DEFINITIONAL_REPRESENTATION('',(#2263),#2267);
#2263 = LINE('',#2264,#2265);
#2264 = CARTESIAN_POINT('',(0.,24.));
#2265 = VECTOR('',#2266,1.);
#2266 = DIRECTION('',(1.,0.));
#2267 = ( GEOMETRIC_REPRESENTATION_CONTEXT(2) 
PARAMETRIC_REPRESENTATION_CONTEXT() REPRESENTATION_CONTEXT('2D SPACE',''
  ) );
#2268 = PCURVE('',#2166,#2269);
#2269 = DEFINITIONAL_REPRESENTATION('',(#2270),#2274);
#2270 = LINE('',#2271,#2272);
#2271 = CARTESIAN_POINT('',(12.,0.));
#2272 = VECTOR('',#2273,1.);
#2273 = DIRECTION('',(0.,1.));
#2274 = ( GEOMETRIC_REPRESENTATION_CONTEXT(2) 
PARAMETRIC_REPRESENTATION_CONTEXT() REPRESENTATION_CONTEXT('2D SPACE',''
  ) );
#2275 = ORIENTED_EDGE('',*,*,#2276,.F.);
#2276 = EDGE_CURVE('',#2207,#2254,#2277,.T.);
#2277 = SURFACE_CURVE('',#2278,(#2282,#2289),.PCURVE_S1.);
#2278 = LINE('',#2279,#2280);
#2279 = CARTESIAN_POINT('',(150.,153.,172.));
#2280 = VECTOR('',#2281,1.);
#2281 = DIRECTION('',(-0.,1.,0.));
#2282 = PCURVE('',#2191,#2283);
#2283 = DEFINITIONAL_REPRESENTATION('',(#2284),#2288);
#2284 = LINE('',#2285,#2286);
#2285 = CARTESIAN_POINT('',(0.,0.));
#2286 = VECTOR('',#2287,1.);
#2287 = DIRECTION('',(0.,1.));
#2288 = ( GEOMETRIC_REPRESENTATION_CONTEXT(2) 
PARAMETRIC_REPRESENTATION_CONTEXT() REPRESENTATION_CONTEXT('2D SPACE',''
  ) );
#2289 = PCURVE('',#2138,#2290);
#2290 = DEFINITIONAL_REPRESENTATION('',(#2291),#2295);
#2291 = LINE('',#2292,#2293);
#2292 = CARTESIAN_POINT('',(12.,0.));
#2293 = VECTOR('',#2294,1.);
#2294 = DIRECTION('',(0.,-1.));
#2295 = ( GEOMETRIC_REPRESENTATION_CONTEXT(2) 
PARAMETRIC_REPRESENTATION_CONTEXT() REPRESENTATION_CONTEXT('2D SPACE',''
  ) );
#2296 = ORIENTED_EDGE('',*,*,#2229,.T.);
#2297 = ORIENTED_EDGE('',*,*,#2178,.T.);
#2298 = ADVANCED_FACE('',(#2299),#2166,.T.);
#2299 = FACE_BOUND('',#2300,.T.);
#2300 = EDGE_LOOP('',(#2301,#2302,#2323));
#2301 = ORIENTED_EDGE('',*,*,#2149,.F.);
#2302 = ORIENTED_EDGE('',*,*,#2303,.T.);
#2303 = EDGE_CURVE('',#2124,#2254,#2304,.T.);
#2304 = SURFACE_CURVE('',#2305,(#2309,#2316),.PCURVE_S1.);
#2305 = LINE('',#2306,#2307);
#2306 = CARTESIAN_POINT('',(150.,177.,160.));
#2307 = VECTOR('',#2308,1.);
#2308 = DIRECTION('',(0.,0.,1.));
#2309 = PCURVE('',#2166,#2310);
#2310 = DEFINITIONAL_REPRESENTATION('',(#2311),#2315);
#2311 = LINE('',#2312,#2313);
#2312 = CARTESIAN_POINT('',(0.,0.));
#2313 = VECTOR('',#2314,1.);
#2314 = DIRECTION('',(1.,0.));
#2315 = ( GEOMETRIC_REPRESENTATION_CONTEXT(2) 
PARAMETRIC_REPRESENTATION_CONTEXT() REPRESENTATION_CONTEXT('2D SPACE',''
  ) );
#2316 = PCURVE('',#2138,#2317);
#2317 = DEFINITIONAL_REPRESENTATION('',(#2318),#2322);
#2318 = LINE('',#2319,#2320);
#2319 = CARTESIAN_POINT('',(0.,-24.));
#2320 = VECTOR('',#2321,1.);
#2321 = DIRECTION('',(1.,0.));
#2322 = ( GEOMETRIC_REPRESENTATION_CONTEXT(2) 
PARAMETRIC_REPRESENTATION_CONTEXT() REPRESENTATION_CONTEXT('2D SPACE',''
  ) );
#2323 = ORIENTED_EDGE('',*,*,#2253,.T.);
#2324 = ADVANCED_FACE('',(#2325),#2138,.F.);
#2325 = FACE_BOUND('',#2326,.F.);
#2326 = EDGE_LOOP('',(#2327,#2328,#2329,#2330));
#2327 = ORIENTED_EDGE('',*,*,#2206,.F.);
#2328 = ORIENTED_EDGE('',*,*,#2123,.T.);
#2329 = ORIENTED_EDGE('',*,*,#2303,.T.);
#2330 = ORIENTED_EDGE('',*,*,#2276,.F.);
#2331 = ( GEOMETRIC_REPRESENTATION_CONTEXT(3) 
GLOBAL_UNCERTAINTY_ASSIGNED_CONTEXT((#2335)) 
GLOBAL_UNIT_ASSIGNED_CONTEXT((#2332,#2333,#2334)) REPRESENTATION_CONTEXT
('Context #1','3D Context with UNIT and UNCERTAINTY') );
#2332 = ( LENGTH_UNIT() NAMED_UNIT(*) SI_UNIT(.MILLI.,.METRE.) );
#2333 = ( NAMED_UNIT(*) PLANE_ANGLE_UNIT() SI_UNIT($,.RADIAN.) );
#2334 = ( NAMED_UNIT(*) SI_UNIT($,.STERADIAN.) SOLID_ANGLE_UNIT() );
#2335 = UNCERTAINTY_MEASURE_WITH_UNIT(LENGTH_MEASURE(1.E-07),#2332,
  'distance_accuracy_value','confusion accuracy');
#2336 = CONTEXT_DEPENDENT_SHAPE_REPRESENTATION(#2337,#2339);
#2337 = ( REPRESENTATION_RELATIONSHIP('','',#44,#10) 
REPRESENTATION_RELATIONSHIP_WITH_TRANSFORMATION(#2338) 
SHAPE_REPRESENTATION_RELATIONSHIP() );
#2338 = ITEM_DEFINED_TRANSFORMATION('','',#11,#15);
#2339 = PRODUCT_DEFINITION_SHAPE('Placement','Placement of an item',
  #2340);
#2340 = NEXT_ASSEMBLY_USAGE_OCCURRENCE('336','','',#5,#39,$);
#2341 = PRODUCT_RELATED_PRODUCT_CATEGORY('part',$,(#41));
#2342 = SHAPE_DEFINITION_REPRESENTATION(#2343,#2349);
#2343 = PRODUCT_DEFINITION_SHAPE('','',#2344);
#2344 = PRODUCT_DEFINITION('design','',#2345,#2348);
#2345 = PRODUCT_DEFINITION_FORMATION('','',#2346);
#2346 = PRODUCT('Open CASCADE STEP translator 7.9 13.2',
  'Open CASCADE STEP translator 7.9 13.2','',(#2347));
#2347 = PRODUCT_CONTEXT('',#2,'mechanical');
#2348 = PRODUCT_DEFINITION_CONTEXT('part definition',#2,'design');
#2349 = ADVANCED_BREP_SHAPE_REPRESENTATION('',(#11,#2350),#4636);
#2350 = MANIFOLD_SOLID_BREP('',#2351);
#2351 = CLOSED_SHELL('',(#2352,#2472,#2548,#2721,#2770,#2932,#2939,#2966
    ,#2993,#3020,#3047,#3208,#3378,#3454,#3530,#3638,#3687,#3768,#3876,
    #3925,#4006,#4033,#4060,#4067,#4122,#4177,#4184,#4239,#4294,#4298,
    #4333,#4363,#4367,#4506,#4577,#4603,#4630));
#2352 = ADVANCED_FACE('',(#2353),#2367,.F.);
#2353 = FACE_BOUND('',#2354,.F.);
#2354 = EDGE_LOOP('',(#2355,#2390,#2418,#2446));
#2355 = ORIENTED_EDGE('',*,*,#2356,.F.);
#2356 = EDGE_CURVE('',#2357,#2359,#2361,.T.);
#2357 = VERTEX_POINT('',#2358);
#2358 = CARTESIAN_POINT('',(1.965E+03,110.,237.));
#2359 = VERTEX_POINT('',#2360);
#2360 = CARTESIAN_POINT('',(1.965E+03,110.,245.));
#2361 = SURFACE_CURVE('',#2362,(#2366,#2378),.PCURVE_S1.);
#2362 = LINE('',#2363,#2364);
#2363 = CARTESIAN_POINT('',(1.965E+03,110.,237.));
#2364 = VECTOR('',#2365,1.);
#2365 = DIRECTION('',(0.,0.,1.));
#2366 = PCURVE('',#2367,#2372);
#2367 = PLANE('',#2368);
#2368 = AXIS2_PLACEMENT_3D('',#2369,#2370,#2371);
#2369 = CARTESIAN_POINT('',(1.965E+03,110.,237.));
#2370 = DIRECTION('',(1.,0.,-0.));
#2371 = DIRECTION('',(0.,0.,1.));
#2372 = DEFINITIONAL_REPRESENTATION('',(#2373),#2377);
#2373 = LINE('',#2374,#2375);
#2374 = CARTESIAN_POINT('',(0.,0.));
#2375 = VECTOR('',#2376,1.);
#2376 = DIRECTION('',(1.,0.));
#2377 = ( GEOMETRIC_REPRESENTATION_CONTEXT(2) 
PARAMETRIC_REPRESENTATION_CONTEXT() REPRESENTATION_CONTEXT('2D SPACE',''
  ) );
#2378 = PCURVE('',#2379,#2384);
#2379 = PLANE('',#2380);
#2380 = AXIS2_PLACEMENT_3D('',#2381,#2382,#2383);
#2381 = CARTESIAN_POINT('',(1.965E+03,110.,237.));
#2382 = DIRECTION('',(-0.,1.,0.));
#2383 = DIRECTION('',(0.,0.,1.));
#2384 = DEFINITIONAL_REPRESENTATION('',(#2385),#2389);
#2385 = LINE('',#2386,#2387);
#2386 = CARTESIAN_POINT('',(0.,0.));
#2387 = VECTOR('',#2388,1.);
#2388 = DIRECTION('',(1.,0.));
#2389 = ( GEOMETRIC_REPRESENTATION_CONTEXT(2) 
PARAMETRIC_REPRESENTATION_CONTEXT() REPRESENTATION_CONTEXT('2D SPACE',''
  ) );
#2390 = ORIENTED_EDGE('',*,*,#2391,.T.);
#2391 = EDGE_CURVE('',#2357,#2392,#2394,.T.);
#2392 = VERTEX_POINT('',#2393);
#2393 = CARTESIAN_POINT('',(1.965E+03,220.,237.));
#2394 = SURFACE_CURVE('',#2395,(#2399,#2406),.PCURVE_S1.);
#2395 = LINE('',#2396,#2397);
#2396 = CARTESIAN_POINT('',(1.965E+03,110.,237.));
#2397 = VECTOR('',#2398,1.);
#2398 = DIRECTION('',(-0.,1.,0.));
#2399 = PCURVE('',#2367,#2400);
#2400 = DEFINITIONAL_REPRESENTATION('',(#2401),#2405);
#2401 = LINE('',#2402,#2403);
#2402 = CARTESIAN_POINT('',(0.,0.));
#2403 = VECTOR('',#2404,1.);
#2404 = DIRECTION('',(0.,-1.));
#2405 = ( GEOMETRIC_REPRESENTATION_CONTEXT(2) 
PARAMETRIC_REPRESENTATION_CONTEXT() REPRESENTATION_CONTEXT('2D SPACE',''
  ) );
#2406 = PCURVE('',#2407,#2412);
#2407 = PLANE('',#2408);
#2408 = AXIS2_PLACEMENT_3D('',#2409,#2410,#2411);
#2409 = CARTESIAN_POINT('',(1.965E+03,110.,237.));
#2410 = DIRECTION('',(0.,0.,1.));
#2411 = DIRECTION('',(1.,0.,-0.));
#2412 = DEFINITIONAL_REPRESENTATION('',(#2413),#2417);
#2413 = LINE('',#2414,#2415);
#2414 = CARTESIAN_POINT('',(0.,0.));
#2415 = VECTOR('',#2416,1.);
#2416 = DIRECTION('',(0.,1.));
#2417 = ( GEOMETRIC_REPRESENTATION_CONTEXT(2) 
PARAMETRIC_REPRESENTATION_CONTEXT() REPRESENTATION_CONTEXT('2D SPACE',''
  ) );
#2418 = ORIENTED_EDGE('',*,*,#2419,.T.);
#2419 = EDGE_CURVE('',#2392,#2420,#2422,.T.);
#2420 = VERTEX_POINT('',#2421);
#2421 = CARTESIAN_POINT('',(1.965E+03,220.,245.));
#2422 = SURFACE_CURVE('',#2423,(#2427,#2434),.PCURVE_S1.);
#2423 = LINE('',#2424,#2425);
#2424 = CARTESIAN_POINT('',(1.965E+03,220.,237.));
#2425 = VECTOR('',#2426,1.);
#2426 = DIRECTION('',(0.,0.,1.));
#2427 = PCURVE('',#2367,#2428);
#2428 = DEFINITIONAL_REPRESENTATION('',(#2429),#2433);
#2429 = LINE('',#2430,#2431);
#2430 = CARTESIAN_POINT('',(0.,-110.));
#2431 = VECTOR('',#2432,1.);
#2432 = DIRECTION('',(1.,0.));
#2433 = ( GEOMETRIC_REPRESENTATION_CONTEXT(2) 
PARAMETRIC_REPRESENTATION_CONTEXT() REPRESENTATION_CONTEXT('2D SPACE',''
  ) );
#2434 = PCURVE('',#2435,#2440);
#2435 = PLANE('',#2436);
#2436 = AXIS2_PLACEMENT_3D('',#2437,#2438,#2439);
#2437 = CARTESIAN_POINT('',(1.965E+03,220.,237.));
#2438 = DIRECTION('',(-0.,1.,0.));
#2439 = DIRECTION('',(0.,0.,1.));
#2440 = DEFINITIONAL_REPRESENTATION('',(#2441),#2445);
#2441 = LINE('',#2442,#2443);
#2442 = CARTESIAN_POINT('',(0.,0.));
#2443 = VECTOR('',#2444,1.);
#2444 = DIRECTION('',(1.,0.));
#2445 = ( GEOMETRIC_REPRESENTATION_CONTEXT(2) 
PARAMETRIC_REPRESENTATION_CONTEXT() REPRESENTATION_CONTEXT('2D SPACE',''
  ) );
#2446 = ORIENTED_EDGE('',*,*,#2447,.F.);
#2447 = EDGE_CURVE('',#2359,#2420,#2448,.T.);
#2448 = SURFACE_CURVE('',#2449,(#2453,#2460),.PCURVE_S1.);
#2449 = LINE('',#2450,#2451);
#2450 = CARTESIAN_POINT('',(1.965E+03,110.,245.));
#2451 = VECTOR('',#2452,1.);
#2452 = DIRECTION('',(-0.,1.,0.));
#2453 = PCURVE('',#2367,#2454);
#2454 = DEFINITIONAL_REPRESENTATION('',(#2455),#2459);
#2455 = LINE('',#2456,#2457);
#2456 = CARTESIAN_POINT('',(8.,0.));
#2457 = VECTOR('',#2458,1.);
#2458 = DIRECTION('',(0.,-1.));
#2459 = ( GEOMETRIC_REPRESENTATION_CONTEXT(2) 
PARAMETRIC_REPRESENTATION_CONTEXT() REPRESENTATION_CONTEXT('2D SPACE',''
  ) );
#2460 = PCURVE('',#2461,#2466);
#2461 = PLANE('',#2462);
#2462 = AXIS2_PLACEMENT_3D('',#2463,#2464,#2465);
#2463 = CARTESIAN_POINT('',(1.965E+03,110.,245.));
#2464 = DIRECTION('',(0.,0.,1.));
#2465 = DIRECTION('',(1.,0.,-0.));
#2466 = DEFINITIONAL_REPRESENTATION('',(#2467),#2471);
#2467 = LINE('',#2468,#2469);
#2468 = CARTESIAN_POINT('',(0.,0.));
#2469 = VECTOR('',#2470,1.);
#2470 = DIRECTION('',(0.,1.));
#2471 = ( GEOMETRIC_REPRESENTATION_CONTEXT(2) 
PARAMETRIC_REPRESENTATION_CONTEXT() REPRESENTATION_CONTEXT('2D SPACE',''
  ) );
#2472 = ADVANCED_FACE('',(#2473),#2379,.F.);
#2473 = FACE_BOUND('',#2474,.F.);
#2474 = EDGE_LOOP('',(#2475,#2498,#2499,#2522));
#2475 = ORIENTED_EDGE('',*,*,#2476,.F.);
#2476 = EDGE_CURVE('',#2357,#2477,#2479,.T.);
#2477 = VERTEX_POINT('',#2478);
#2478 = CARTESIAN_POINT('',(2.105E+03,110.,237.));
#2479 = SURFACE_CURVE('',#2480,(#2484,#2491),.PCURVE_S1.);
#2480 = LINE('',#2481,#2482);
#2481 = CARTESIAN_POINT('',(1.965E+03,110.,237.));
#2482 = VECTOR('',#2483,1.);
#2483 = DIRECTION('',(1.,0.,-0.));
#2484 = PCURVE('',#2379,#2485);
#2485 = DEFINITIONAL_REPRESENTATION('',(#2486),#2490);
#2486 = LINE('',#2487,#2488);
#2487 = CARTESIAN_POINT('',(0.,0.));
#2488 = VECTOR('',#2489,1.);
#2489 = DIRECTION('',(0.,1.));
#2490 = ( GEOMETRIC_REPRESENTATION_CONTEXT(2) 
PARAMETRIC_REPRESENTATION_CONTEXT() REPRESENTATION_CONTEXT('2D SPACE',''
  ) );
#2491 = PCURVE('',#2407,#2492);
#2492 = DEFINITIONAL_REPRESENTATION('',(#2493),#2497);
#2493 = LINE('',#2494,#2495);
#2494 = CARTESIAN_POINT('',(0.,0.));
#2495 = VECTOR('',#2496,1.);
#2496 = DIRECTION('',(1.,0.));
#2497 = ( GEOMETRIC_REPRESENTATION_CONTEXT(2) 
PARAMETRIC_REPRESENTATION_CONTEXT() REPRESENTATION_CONTEXT('2D SPACE',''
  ) );
#2498 = ORIENTED_EDGE('',*,*,#2356,.T.);
#2499 = ORIENTED_EDGE('',*,*,#2500,.T.);
#2500 = EDGE_CURVE('',#2359,#2501,#2503,.T.);
#2501 = VERTEX_POINT('',#2502);
#2502 = CARTESIAN_POINT('',(2.105E+03,110.,245.));
#2503 = SURFACE_CURVE('',#2504,(#2508,#2515),.PCURVE_S1.);
#2504 = LINE('',#2505,#2506);
#2505 = CARTESIAN_POINT('',(1.965E+03,110.,245.));
#2506 = VECTOR('',#2507,1.);
#2507 = DIRECTION('',(1.,0.,-0.));
#2508 = PCURVE('',#2379,#2509);
#2509 = DEFINITIONAL_REPRESENTATION('',(#2510),#2514);
#2510 = LINE('',#2511,#2512);
#2511 = CARTESIAN_POINT('',(8.,0.));
#2512 = VECTOR('',#2513,1.);
#2513 = DIRECTION('',(0.,1.));
#2514 = ( GEOMETRIC_REPRESENTATION_CONTEXT(2) 
PARAMETRIC_REPRESENTATION_CONTEXT() REPRESENTATION_CONTEXT('2D SPACE',''
  ) );
#2515 = PCURVE('',#2461,#2516);
#2516 = DEFINITIONAL_REPRESENTATION('',(#2517),#2521);
#2517 = LINE('',#2518,#2519);
#2518 = CARTESIAN_POINT('',(0.,0.));
#2519 = VECTOR('',#2520,1.);
#2520 = DIRECTION('',(1.,0.));
#2521 = ( GEOMETRIC_REPRESENTATION_CONTEXT(2) 
PARAMETRIC_REPRESENTATION_CONTEXT() REPRESENTATION_CONTEXT('2D SPACE',''
  ) );
#2522 = ORIENTED_EDGE('',*,*,#2523,.F.);
#2523 = EDGE_CURVE('',#2477,#2501,#2524,.T.);
#2524 = SURFACE_CURVE('',#2525,(#2529,#2536),.PCURVE_S1.);
#2525 = LINE('',#2526,#2527);
#2526 = CARTESIAN_POINT('',(2.105E+03,110.,237.));
#2527 = VECTOR('',#2528,1.);
#2528 = DIRECTION('',(0.,0.,1.));
#2529 = PCURVE('',#2379,#2530);
#2530 = DEFINITIONAL_REPRESENTATION('',(#2531),#2535);
#2531 = LINE('',#2532,#2533);
#2532 = CARTESIAN_POINT('',(0.,140.));
#2533 = VECTOR('',#2534,1.);
#2534 = DIRECTION('',(1.,0.));
#2535 = ( GEOMETRIC_REPRESENTATION_CONTEXT(2) 
PARAMETRIC_REPRESENTATION_CONTEXT() REPRESENTATION_CONTEXT('2D SPACE',''
  ) );
#2536 = PCURVE('',#2537,#2542);
#2537 = PLANE('',#2538);
#2538 = AXIS2_PLACEMENT_3D('',#2539,#2540,#2541);
#2539 = CARTESIAN_POINT('',(2.105E+03,110.,237.));
#2540 = DIRECTION('',(1.,0.,-0.));
#2541 = DIRECTION('',(0.,0.,1.));
#2542 = DEFINITIONAL_REPRESENTATION('',(#2543),#2547);
#2543 = LINE('',#2544,#2545);
#2544 = CARTESIAN_POINT('',(0.,0.));
#2545 = VECTOR('',#2546,1.);
#2546 = DIRECTION('',(1.,0.));
#2547 = ( GEOMETRIC_REPRESENTATION_CONTEXT(2) 
PARAMETRIC_REPRESENTATION_CONTEXT() REPRESENTATION_CONTEXT('2D SPACE',''
  ) );
#2548 = ADVANCED_FACE('',(#2549,#2597,#2628,#2659,#2690),#2461,.T.);
#2549 = FACE_BOUND('',#2550,.T.);
#2550 = EDGE_LOOP('',(#2551,#2552,#2553,#2576));
#2551 = ORIENTED_EDGE('',*,*,#2447,.F.);
#2552 = ORIENTED_EDGE('',*,*,#2500,.T.);
#2553 = ORIENTED_EDGE('',*,*,#2554,.T.);
#2554 = EDGE_CURVE('',#2501,#2555,#2557,.T.);
#2555 = VERTEX_POINT('',#2556);
#2556 = CARTESIAN_POINT('',(2.105E+03,220.,245.));
#2557 = SURFACE_CURVE('',#2558,(#2562,#2569),.PCURVE_S1.);
#2558 = LINE('',#2559,#2560);
#2559 = CARTESIAN_POINT('',(2.105E+03,110.,245.));
#2560 = VECTOR('',#2561,1.);
#2561 = DIRECTION('',(-0.,1.,0.));
#2562 = PCURVE('',#2461,#2563);
#2563 = DEFINITIONAL_REPRESENTATION('',(#2564),#2568);
#2564 = LINE('',#2565,#2566);
#2565 = CARTESIAN_POINT('',(140.,0.));
#2566 = VECTOR('',#2567,1.);
#2567 = DIRECTION('',(0.,1.));
#2568 = ( GEOMETRIC_REPRESENTATION_CONTEXT(2) 
PARAMETRIC_REPRESENTATION_CONTEXT() REPRESENTATION_CONTEXT('2D SPACE',''
  ) );
#2569 = PCURVE('',#2537,#2570);
#2570 = DEFINITIONAL_REPRESENTATION('',(#2571),#2575);
#2571 = LINE('',#2572,#2573);
#2572 = CARTESIAN_POINT('',(8.,0.));
#2573 = VECTOR('',#2574,1.);
#2574 = DIRECTION('',(0.,-1.));
#2575 = ( GEOMETRIC_REPRESENTATION_CONTEXT(2) 
PARAMETRIC_REPRESENTATION_CONTEXT() REPRESENTATION_CONTEXT('2D SPACE',''
  ) );
#2576 = ORIENTED_EDGE('',*,*,#2577,.F.);
#2577 = EDGE_CURVE('',#2420,#2555,#2578,.T.);
#2578 = SURFACE_CURVE('',#2579,(#2583,#2590),.PCURVE_S1.);
#2579 = LINE('',#2580,#2581);
#2580 = CARTESIAN_POINT('',(1.965E+03,220.,245.));
#2581 = VECTOR('',#2582,1.);
#2582 = DIRECTION('',(1.,0.,-0.));
#2583 = PCURVE('',#2461,#2584);
#2584 = DEFINITIONAL_REPRESENTATION('',(#2585),#2589);
#2585 = LINE('',#2586,#2587);
#2586 = CARTESIAN_POINT('',(0.,110.));
#2587 = VECTOR('',#2588,1.);
#2588 = DIRECTION('',(1.,0.));
#2589 = ( GEOMETRIC_REPRESENTATION_CONTEXT(2) 
PARAMETRIC_REPRESENTATION_CONTEXT() REPRESENTATION_CONTEXT('2D SPACE',''
  ) );
#2590 = PCURVE('',#2435,#2591);
#2591 = DEFINITIONAL_REPRESENTATION('',(#2592),#2596);
#2592 = LINE('',#2593,#2594);
#2593 = CARTESIAN_POINT('',(8.,0.));
#2594 = VECTOR('',#2595,1.);
#2595 = DIRECTION('',(0.,1.));
#2596 = ( GEOMETRIC_REPRESENTATION_CONTEXT(2) 
PARAMETRIC_REPRESENTATION_CONTEXT() REPRESENTATION_CONTEXT('2D SPACE',''
  ) );
#2597 = FACE_BOUND('',#2598,.T.);
#2598 = EDGE_LOOP('',(#2599));
#2599 = ORIENTED_EDGE('',*,*,#2600,.F.);
#2600 = EDGE_CURVE('',#2601,#2601,#2603,.T.);
#2601 = VERTEX_POINT('',#2602);
#2602 = CARTESIAN_POINT('',(1.9865E+03,125.,245.));
#2603 = SURFACE_CURVE('',#2604,(#2609,#2616),.PCURVE_S1.);
#2604 = CIRCLE('',#2605,6.5);
#2605 = AXIS2_PLACEMENT_3D('',#2606,#2607,#2608);
#2606 = CARTESIAN_POINT('',(1.98E+03,125.,245.));
#2607 = DIRECTION('',(0.,0.,1.));
#2608 = DIRECTION('',(1.,0.,-0.));
#2609 = PCURVE('',#2461,#2610);
#2610 = DEFINITIONAL_REPRESENTATION('',(#2611),#2615);
#2611 = CIRCLE('',#2612,6.5);
#2612 = AXIS2_PLACEMENT_2D('',#2613,#2614);
#2613 = CARTESIAN_POINT('',(15.,15.));
#2614 = DIRECTION('',(1.,0.));
#2615 = ( GEOMETRIC_REPRESENTATION_CONTEXT(2) 
PARAMETRIC_REPRESENTATION_CONTEXT() REPRESENTATION_CONTEXT('2D SPACE',''
  ) );
#2616 = PCURVE('',#2617,#2622);
#2617 = CYLINDRICAL_SURFACE('',#2618,6.5);
#2618 = AXIS2_PLACEMENT_3D('',#2619,#2620,#2621);
#2619 = CARTESIAN_POINT('',(1.98E+03,125.,236.));
#2620 = DIRECTION('',(0.,0.,1.));
#2621 = DIRECTION('',(1.,0.,-0.));
#2622 = DEFINITIONAL_REPRESENTATION('',(#2623),#2627);
#2623 = LINE('',#2624,#2625);
#2624 = CARTESIAN_POINT('',(0.,9.));
#2625 = VECTOR('',#2626,1.);
#2626 = DIRECTION('',(1.,0.));
#2627 = ( GEOMETRIC_REPRESENTATION_CONTEXT(2) 
PARAMETRIC_REPRESENTATION_CONTEXT() REPRESENTATION_CONTEXT('2D SPACE',''
  ) );
#2628 = FACE_BOUND('',#2629,.T.);
#2629 = EDGE_LOOP('',(#2630));
#2630 = ORIENTED_EDGE('',*,*,#2631,.F.);
#2631 = EDGE_CURVE('',#2632,#2632,#2634,.T.);
#2632 = VERTEX_POINT('',#2633);
#2633 = CARTESIAN_POINT('',(2.0965E+03,125.,245.));
#2634 = SURFACE_CURVE('',#2635,(#2640,#2647),.PCURVE_S1.);
#2635 = CIRCLE('',#2636,6.5);
#2636 = AXIS2_PLACEMENT_3D('',#2637,#2638,#2639);
#2637 = CARTESIAN_POINT('',(2.09E+03,125.,245.));
#2638 = DIRECTION('',(0.,0.,1.));
#2639 = DIRECTION('',(1.,0.,-0.));
#2640 = PCURVE('',#2461,#2641);
#2641 = DEFINITIONAL_REPRESENTATION('',(#2642),#2646);
#2642 = CIRCLE('',#2643,6.5);
#2643 = AXIS2_PLACEMENT_2D('',#2644,#2645);
#2644 = CARTESIAN_POINT('',(125.,15.));
#2645 = DIRECTION('',(1.,0.));
#2646 = ( GEOMETRIC_REPRESENTATION_CONTEXT(2) 
PARAMETRIC_REPRESENTATION_CONTEXT() REPRESENTATION_CONTEXT('2D SPACE',''
  ) );
#2647 = PCURVE('',#2648,#2653);
#2648 = CYLINDRICAL_SURFACE('',#2649,6.5);
#2649 = AXIS2_PLACEMENT_3D('',#2650,#2651,#2652);
#2650 = CARTESIAN_POINT('',(2.09E+03,125.,236.));
#2651 = DIRECTION('',(0.,0.,1.));
#2652 = DIRECTION('',(1.,0.,-0.));
#2653 = DEFINITIONAL_REPRESENTATION('',(#2654),#2658);
#2654 = LINE('',#2655,#2656);
#2655 = CARTESIAN_POINT('',(0.,9.));
#2656 = VECTOR('',#2657,1.);
#2657 = DIRECTION('',(1.,0.));
#2658 = ( GEOMETRIC_REPRESENTATION_CONTEXT(2) 
PARAMETRIC_REPRESENTATION_CONTEXT() REPRESENTATION_CONTEXT('2D SPACE',''
  ) );
#2659 = FACE_BOUND('',#2660,.T.);
#2660 = EDGE_LOOP('',(#2661));
#2661 = ORIENTED_EDGE('',*,*,#2662,.F.);
#2662 = EDGE_CURVE('',#2663,#2663,#2665,.T.);
#2663 = VERTEX_POINT('',#2664);
#2664 = CARTESIAN_POINT('',(1.9865E+03,205.,245.));
#2665 = SURFACE_CURVE('',#2666,(#2671,#2678),.PCURVE_S1.);
#2666 = CIRCLE('',#2667,6.5);
#2667 = AXIS2_PLACEMENT_3D('',#2668,#2669,#2670);
#2668 = CARTESIAN_POINT('',(1.98E+03,205.,245.));
#2669 = DIRECTION('',(0.,0.,1.));
#2670 = DIRECTION('',(1.,0.,-0.));
#2671 = PCURVE('',#2461,#2672);
#2672 = DEFINITIONAL_REPRESENTATION('',(#2673),#2677);
#2673 = CIRCLE('',#2674,6.5);
#2674 = AXIS2_PLACEMENT_2D('',#2675,#2676);
#2675 = CARTESIAN_POINT('',(15.,95.));
#2676 = DIRECTION('',(1.,0.));
#2677 = ( GEOMETRIC_REPRESENTATION_CONTEXT(2) 
PARAMETRIC_REPRESENTATION_CONTEXT() REPRESENTATION_CONTEXT('2D SPACE',''
  ) );
#2678 = PCURVE('',#2679,#2684);
#2679 = CYLINDRICAL_SURFACE('',#2680,6.5);
#2680 = AXIS2_PLACEMENT_3D('',#2681,#2682,#2683);
#2681 = CARTESIAN_POINT('',(1.98E+03,205.,236.));
#2682 = DIRECTION('',(0.,0.,1.));
#2683 = DIRECTION('',(1.,0.,-0.));
#2684 = DEFINITIONAL_REPRESENTATION('',(#2685),#2689);
#2685 = LINE('',#2686,#2687);
#2686 = CARTESIAN_POINT('',(0.,9.));
#2687 = VECTOR('',#2688,1.);
#2688 = DIRECTION('',(1.,0.));
#2689 = ( GEOMETRIC_REPRESENTATION_CONTEXT(2) 
PARAMETRIC_REPRESENTATION_CONTEXT() REPRESENTATION_CONTEXT('2D SPACE',''
  ) );
#2690 = FACE_BOUND('',#2691,.T.);
#2691 = EDGE_LOOP('',(#2692));
#2692 = ORIENTED_EDGE('',*,*,#2693,.F.);
#2693 = EDGE_CURVE('',#2694,#2694,#2696,.T.);
#2694 = VERTEX_POINT('',#2695);
#2695 = CARTESIAN_POINT('',(2.0965E+03,205.,245.));
#2696 = SURFACE_CURVE('',#2697,(#2702,#2709),.PCURVE_S1.);
#2697 = CIRCLE('',#2698,6.5);
#2698 = AXIS2_PLACEMENT_3D('',#2699,#2700,#2701);
#2699 = CARTESIAN_POINT('',(2.09E+03,205.,245.));
#2700 = DIRECTION('',(0.,0.,1.));
#2701 = DIRECTION('',(1.,0.,-0.));
#2702 = PCURVE('',#2461,#2703);
#2703 = DEFINITIONAL_REPRESENTATION('',(#2704),#2708);
#2704 = CIRCLE('',#2705,6.5);
#2705 = AXIS2_PLACEMENT_2D('',#2706,#2707);
#2706 = CARTESIAN_POINT('',(125.,95.));
#2707 = DIRECTION('',(1.,0.));
#2708 = ( GEOMETRIC_REPRESENTATION_CONTEXT(2) 
PARAMETRIC_REPRESENTATION_CONTEXT() REPRESENTATION_CONTEXT('2D SPACE',''
  ) );
#2709 = PCURVE('',#2710,#2715);
#2710 = CYLINDRICAL_SURFACE('',#2711,6.5);
#2711 = AXIS2_PLACEMENT_3D('',#2712,#2713,#2714);
#2712 = CARTESIAN_POINT('',(2.09E+03,205.,236.));
#2713 = DIRECTION('',(0.,0.,1.));
#2714 = DIRECTION('',(1.,0.,-0.));
#2715 = DEFINITIONAL_REPRESENTATION('',(#2716),#2720);
#2716 = LINE('',#2717,#2718);
#2717 = CARTESIAN_POINT('',(0.,9.));
#2718 = VECTOR('',#2719,1.);
#2719 = DIRECTION('',(1.,0.));
#2720 = ( GEOMETRIC_REPRESENTATION_CONTEXT(2) 
PARAMETRIC_REPRESENTATION_CONTEXT() REPRESENTATION_CONTEXT('2D SPACE',''
  ) );
#2721 = ADVANCED_FACE('',(#2722),#2435,.T.);
#2722 = FACE_BOUND('',#2723,.T.);
#2723 = EDGE_LOOP('',(#2724,#2747,#2748,#2749));
#2724 = ORIENTED_EDGE('',*,*,#2725,.F.);
#2725 = EDGE_CURVE('',#2392,#2726,#2728,.T.);
#2726 = VERTEX_POINT('',#2727);
#2727 = CARTESIAN_POINT('',(2.105E+03,220.,237.));
#2728 = SURFACE_CURVE('',#2729,(#2733,#2740),.PCURVE_S1.);
#2729 = LINE('',#2730,#2731);
#2730 = CARTESIAN_POINT('',(1.965E+03,220.,237.));
#2731 = VECTOR('',#2732,1.);
#2732 = DIRECTION('',(1.,0.,-0.));
#2733 = PCURVE('',#2435,#2734);
#2734 = DEFINITIONAL_REPRESENTATION('',(#2735),#2739);
#2735 = LINE('',#2736,#2737);
#2736 = CARTESIAN_POINT('',(0.,0.));
#2737 = VECTOR('',#2738,1.);
#2738 = DIRECTION('',(0.,1.));
#2739 = ( GEOMETRIC_REPRESENTATION_CONTEXT(2) 
PARAMETRIC_REPRESENTATION_CONTEXT() REPRESENTATION_CONTEXT('2D SPACE',''
  ) );
#2740 = PCURVE('',#2407,#2741);
#2741 = DEFINITIONAL_REPRESENTATION('',(#2742),#2746);
#2742 = LINE('',#2743,#2744);
#2743 = CARTESIAN_POINT('',(0.,110.));
#2744 = VECTOR('',#2745,1.);
#2745 = DIRECTION('',(1.,0.));
#2746 = ( GEOMETRIC_REPRESENTATION_CONTEXT(2) 
PARAMETRIC_REPRESENTATION_CONTEXT() REPRESENTATION_CONTEXT('2D SPACE',''
  ) );
#2747 = ORIENTED_EDGE('',*,*,#2419,.T.);
#2748 = ORIENTED_EDGE('',*,*,#2577,.T.);
#2749 = ORIENTED_EDGE('',*,*,#2750,.F.);
#2750 = EDGE_CURVE('',#2726,#2555,#2751,.T.);
#2751 = SURFACE_CURVE('',#2752,(#2756,#2763),.PCURVE_S1.);
#2752 = LINE('',#2753,#2754);
#2753 = CARTESIAN_POINT('',(2.105E+03,220.,237.));
#2754 = VECTOR('',#2755,1.);
#2755 = DIRECTION('',(0.,0.,1.));
#2756 = PCURVE('',#2435,#2757);
#2757 = DEFINITIONAL_REPRESENTATION('',(#2758),#2762);
#2758 = LINE('',#2759,#2760);
#2759 = CARTESIAN_POINT('',(0.,140.));
#2760 = VECTOR('',#2761,1.);
#2761 = DIRECTION('',(1.,0.));
#2762 = ( GEOMETRIC_REPRESENTATION_CONTEXT(2) 
PARAMETRIC_REPRESENTATION_CONTEXT() REPRESENTATION_CONTEXT('2D SPACE',''
  ) );
#2763 = PCURVE('',#2537,#2764);
#2764 = DEFINITIONAL_REPRESENTATION('',(#2765),#2769);
#2765 = LINE('',#2766,#2767);
#2766 = CARTESIAN_POINT('',(0.,-110.));
#2767 = VECTOR('',#2768,1.);
#2768 = DIRECTION('',(1.,0.));
#2769 = ( GEOMETRIC_REPRESENTATION_CONTEXT(2) 
PARAMETRIC_REPRESENTATION_CONTEXT() REPRESENTATION_CONTEXT('2D SPACE',''
  ) );
#2770 = ADVANCED_FACE('',(#2771,#2797,#2823,#2849,#2875,#2906),#2407,.F.
  );
#2771 = FACE_BOUND('',#2772,.F.);
#2772 = EDGE_LOOP('',(#2773,#2774,#2775,#2796));
#2773 = ORIENTED_EDGE('',*,*,#2391,.F.);
#2774 = ORIENTED_EDGE('',*,*,#2476,.T.);
#2775 = ORIENTED_EDGE('',*,*,#2776,.T.);
#2776 = EDGE_CURVE('',#2477,#2726,#2777,.T.);
#2777 = SURFACE_CURVE('',#2778,(#2782,#2789),.PCURVE_S1.);
#2778 = LINE('',#2779,#2780);
#2779 = CARTESIAN_POINT('',(2.105E+03,110.,237.));
#2780 = VECTOR('',#2781,1.);
#2781 = DIRECTION('',(-0.,1.,0.));
#2782 = PCURVE('',#2407,#2783);
#2783 = DEFINITIONAL_REPRESENTATION('',(#2784),#2788);
#2784 = LINE('',#2785,#2786);
#2785 = CARTESIAN_POINT('',(140.,0.));
#2786 = VECTOR('',#2787,1.);
#2787 = DIRECTION('',(0.,1.));
#2788 = ( GEOMETRIC_REPRESENTATION_CONTEXT(2) 
PARAMETRIC_REPRESENTATION_CONTEXT() REPRESENTATION_CONTEXT('2D SPACE',''
  ) );
#2789 = PCURVE('',#2537,#2790);
#2790 = DEFINITIONAL_REPRESENTATION('',(#2791),#2795);
#2791 = LINE('',#2792,#2793);
#2792 = CARTESIAN_POINT('',(0.,0.));
#2793 = VECTOR('',#2794,1.);
#2794 = DIRECTION('',(0.,-1.));
#2795 = ( GEOMETRIC_REPRESENTATION_CONTEXT(2) 
PARAMETRIC_REPRESENTATION_CONTEXT() REPRESENTATION_CONTEXT('2D SPACE',''
  ) );
#2796 = ORIENTED_EDGE('',*,*,#2725,.F.);
#2797 = FACE_BOUND('',#2798,.F.);
#2798 = EDGE_LOOP('',(#2799));
#2799 = ORIENTED_EDGE('',*,*,#2800,.F.);
#2800 = EDGE_CURVE('',#2801,#2801,#2803,.T.);
#2801 = VERTEX_POINT('',#2802);
#2802 = CARTESIAN_POINT('',(1.9865E+03,125.,237.));
#2803 = SURFACE_CURVE('',#2804,(#2809,#2816),.PCURVE_S1.);
#2804 = CIRCLE('',#2805,6.5);
#2805 = AXIS2_PLACEMENT_3D('',#2806,#2807,#2808);
#2806 = CARTESIAN_POINT('',(1.98E+03,125.,237.));
#2807 = DIRECTION('',(0.,0.,1.));
#2808 = DIRECTION('',(1.,0.,-0.));
#2809 = PCURVE('',#2407,#2810);
#2810 = DEFINITIONAL_REPRESENTATION('',(#2811),#2815);
#2811 = CIRCLE('',#2812,6.5);
#2812 = AXIS2_PLACEMENT_2D('',#2813,#2814);
#2813 = CARTESIAN_POINT('',(15.,15.));
#2814 = DIRECTION('',(1.,0.));
#2815 = ( GEOMETRIC_REPRESENTATION_CONTEXT(2) 
PARAMETRIC_REPRESENTATION_CONTEXT() REPRESENTATION_CONTEXT('2D SPACE',''
  ) );
#2816 = PCURVE('',#2617,#2817);
#2817 = DEFINITIONAL_REPRESENTATION('',(#2818),#2822);
#2818 = LINE('',#2819,#2820);
#2819 = CARTESIAN_POINT('',(0.,1.));
#2820 = VECTOR('',#2821,1.);
#2821 = DIRECTION('',(1.,0.));
#2822 = ( GEOMETRIC_REPRESENTATION_CONTEXT(2) 
PARAMETRIC_REPRESENTATION_CONTEXT() REPRESENTATION_CONTEXT('2D SPACE',''
  ) );
#2823 = FACE_BOUND('',#2824,.F.);
#2824 = EDGE_LOOP('',(#2825));
#2825 = ORIENTED_EDGE('',*,*,#2826,.F.);
#2826 = EDGE_CURVE('',#2827,#2827,#2829,.T.);
#2827 = VERTEX_POINT('',#2828);
#2828 = CARTESIAN_POINT('',(2.0965E+03,125.,237.));
#2829 = SURFACE_CURVE('',#2830,(#2835,#2842),.PCURVE_S1.);
#2830 = CIRCLE('',#2831,6.5);
#2831 = AXIS2_PLACEMENT_3D('',#2832,#2833,#2834);
#2832 = CARTESIAN_POINT('',(2.09E+03,125.,237.));
#2833 = DIRECTION('',(0.,0.,1.));
#2834 = DIRECTION('',(1.,0.,-0.));
#2835 = PCURVE('',#2407,#2836);
#2836 = DEFINITIONAL_REPRESENTATION('',(#2837),#2841);
#2837 = CIRCLE('',#2838,6.5);
#2838 = AXIS2_PLACEMENT_2D('',#2839,#2840);
#2839 = CARTESIAN_POINT('',(125.,15.));
#2840 = DIRECTION('',(1.,0.));
#2841 = ( GEOMETRIC_REPRESENTATION_CONTEXT(2) 
PARAMETRIC_REPRESENTATION_CONTEXT() REPRESENTATION_CONTEXT('2D SPACE',''
  ) );
#2842 = PCURVE('',#2648,#2843);
#2843 = DEFINITIONAL_REPRESENTATION('',(#2844),#2848);
#2844 = LINE('',#2845,#2846);
#2845 = CARTESIAN_POINT('',(0.,1.));
#2846 = VECTOR('',#2847,1.);
#2847 = DIRECTION('',(1.,0.));
#2848 = ( GEOMETRIC_REPRESENTATION_CONTEXT(2) 
PARAMETRIC_REPRESENTATION_CONTEXT() REPRESENTATION_CONTEXT('2D SPACE',''
  ) );
#2849 = FACE_BOUND('',#2850,.F.);
#2850 = EDGE_LOOP('',(#2851));
#2851 = ORIENTED_EDGE('',*,*,#2852,.F.);
#2852 = EDGE_CURVE('',#2853,#2853,#2855,.T.);
#2853 = VERTEX_POINT('',#2854);
#2854 = CARTESIAN_POINT('',(1.9865E+03,205.,237.));
#2855 = SURFACE_CURVE('',#2856,(#2861,#2868),.PCURVE_S1.);
#2856 = CIRCLE('',#2857,6.5);
#2857 = AXIS2_PLACEMENT_3D('',#2858,#2859,#2860);
#2858 = CARTESIAN_POINT('',(1.98E+03,205.,237.));
#2859 = DIRECTION('',(0.,0.,1.));
#2860 = DIRECTION('',(1.,0.,-0.));
#2861 = PCURVE('',#2407,#2862);
#2862 = DEFINITIONAL_REPRESENTATION('',(#2863),#2867);
#2863 = CIRCLE('',#2864,6.5);
#2864 = AXIS2_PLACEMENT_2D('',#2865,#2866);
#2865 = CARTESIAN_POINT('',(15.,95.));
#2866 = DIRECTION('',(1.,0.));
#2867 = ( GEOMETRIC_REPRESENTATION_CONTEXT(2) 
PARAMETRIC_REPRESENTATION_CONTEXT() REPRESENTATION_CONTEXT('2D SPACE',''
  ) );
#2868 = PCURVE('',#2679,#2869);
#2869 = DEFINITIONAL_REPRESENTATION('',(#2870),#2874);
#2870 = LINE('',#2871,#2872);
#2871 = CARTESIAN_POINT('',(0.,1.));
#2872 = VECTOR('',#2873,1.);
#2873 = DIRECTION('',(1.,0.));
#2874 = ( GEOMETRIC_REPRESENTATION_CONTEXT(2) 
PARAMETRIC_REPRESENTATION_CONTEXT() REPRESENTATION_CONTEXT('2D SPACE',''
  ) );
#2875 = FACE_BOUND('',#2876,.F.);
#2876 = EDGE_LOOP('',(#2877));
#2877 = ORIENTED_EDGE('',*,*,#2878,.F.);
#2878 = EDGE_CURVE('',#2879,#2879,#2881,.T.);
#2879 = VERTEX_POINT('',#2880);
#2880 = CARTESIAN_POINT('',(2.083E+03,165.,237.));
#2881 = SURFACE_CURVE('',#2882,(#2887,#2894),.PCURVE_S1.);
#2882 = CIRCLE('',#2883,48.);
#2883 = AXIS2_PLACEMENT_3D('',#2884,#2885,#2886);
#2884 = CARTESIAN_POINT('',(2.035E+03,165.,237.));
#2885 = DIRECTION('',(0.,0.,1.));
#2886 = DIRECTION('',(1.,0.,-0.));
#2887 = PCURVE('',#2407,#2888);
#2888 = DEFINITIONAL_REPRESENTATION('',(#2889),#2893);
#2889 = CIRCLE('',#2890,48.);
#2890 = AXIS2_PLACEMENT_2D('',#2891,#2892);
#2891 = CARTESIAN_POINT('',(70.,55.));
#2892 = DIRECTION('',(1.,0.));
#2893 = ( GEOMETRIC_REPRESENTATION_CONTEXT(2) 
PARAMETRIC_REPRESENTATION_CONTEXT() REPRESENTATION_CONTEXT('2D SPACE',''
  ) );
#2894 = PCURVE('',#2895,#2900);
#2895 = CYLINDRICAL_SURFACE('',#2896,48.);
#2896 = AXIS2_PLACEMENT_3D('',#2897,#2898,#2899);
#2897 = CARTESIAN_POINT('',(2.035E+03,165.,212.));
#2898 = DIRECTION('',(0.,0.,1.));
#2899 = DIRECTION('',(1.,0.,-0.));
#2900 = DEFINITIONAL_REPRESENTATION('',(#2901),#2905);
#2901 = LINE('',#2902,#2903);
#2902 = CARTESIAN_POINT('',(0.,25.));
#2903 = VECTOR('',#2904,1.);
#2904 = DIRECTION('',(1.,0.));
#2905 = ( GEOMETRIC_REPRESENTATION_CONTEXT(2) 
PARAMETRIC_REPRESENTATION_CONTEXT() REPRESENTATION_CONTEXT('2D SPACE',''
  ) );
#2906 = FACE_BOUND('',#2907,.F.);
#2907 = EDGE_LOOP('',(#2908));
#2908 = ORIENTED_EDGE('',*,*,#2909,.F.);
#2909 = EDGE_CURVE('',#2910,#2910,#2912,.T.);
#2910 = VERTEX_POINT('',#2911);
#2911 = CARTESIAN_POINT('',(2.0965E+03,205.,237.));
#2912 = SURFACE_CURVE('',#2913,(#2918,#2925),.PCURVE_S1.);
#2913 = CIRCLE('',#2914,6.5);
#2914 = AXIS2_PLACEMENT_3D('',#2915,#2916,#2917);
#2915 = CARTESIAN_POINT('',(2.09E+03,205.,237.));
#2916 = DIRECTION('',(0.,0.,1.));
#2917 = DIRECTION('',(1.,0.,-0.));
#2918 = PCURVE('',#2407,#2919);
#2919 = DEFINITIONAL_REPRESENTATION('',(#2920),#2924);
#2920 = CIRCLE('',#2921,6.5);
#2921 = AXIS2_PLACEMENT_2D('',#2922,#2923);
#2922 = CARTESIAN_POINT('',(125.,95.));
#2923 = DIRECTION('',(1.,0.));
#2924 = ( GEOMETRIC_REPRESENTATION_CONTEXT(2) 
PARAMETRIC_REPRESENTATION_CONTEXT() REPRESENTATION_CONTEXT('2D SPACE',''
  ) );
#2925 = PCURVE('',#2710,#2926);
#2926 = DEFINITIONAL_REPRESENTATION('',(#2927),#2931);
#2927 = LINE('',#2928,#2929);
#2928 = CARTESIAN_POINT('',(0.,1.));
#2929 = VECTOR('',#2930,1.);
#2930 = DIRECTION('',(1.,0.));
#2931 = ( GEOMETRIC_REPRESENTATION_CONTEXT(2) 
PARAMETRIC_REPRESENTATION_CONTEXT() REPRESENTATION_CONTEXT('2D SPACE',''
  ) );
#2932 = ADVANCED_FACE('',(#2933),#2537,.T.);
#2933 = FACE_BOUND('',#2934,.T.);
#2934 = EDGE_LOOP('',(#2935,#2936,#2937,#2938));
#2935 = ORIENTED_EDGE('',*,*,#2523,.F.);
#2936 = ORIENTED_EDGE('',*,*,#2776,.T.);
#2937 = ORIENTED_EDGE('',*,*,#2750,.T.);
#2938 = ORIENTED_EDGE('',*,*,#2554,.F.);
#2939 = ADVANCED_FACE('',(#2940),#2617,.F.);
#2940 = FACE_BOUND('',#2941,.F.);
#2941 = EDGE_LOOP('',(#2942,#2943,#2964,#2965));
#2942 = ORIENTED_EDGE('',*,*,#2600,.F.);
#2943 = ORIENTED_EDGE('',*,*,#2944,.F.);
#2944 = EDGE_CURVE('',#2801,#2601,#2945,.T.);
#2945 = SEAM_CURVE('',#2946,(#2950,#2957),.PCURVE_S1.);
#2946 = LINE('',#2947,#2948);
#2947 = CARTESIAN_POINT('',(1.9865E+03,125.,236.));
#2948 = VECTOR('',#2949,1.);
#2949 = DIRECTION('',(0.,0.,1.));
#2950 = PCURVE('',#2617,#2951);
#2951 = DEFINITIONAL_REPRESENTATION('',(#2952),#2956);
#2952 = LINE('',#2953,#2954);
#2953 = CARTESIAN_POINT('',(6.28318530718,-0.));
#2954 = VECTOR('',#2955,1.);
#2955 = DIRECTION('',(0.,1.));
#2956 = ( GEOMETRIC_REPRESENTATION_CONTEXT(2) 
PARAMETRIC_REPRESENTATION_CONTEXT() REPRESENTATION_CONTEXT('2D SPACE',''
  ) );
#2957 = PCURVE('',#2617,#2958);
#2958 = DEFINITIONAL_REPRESENTATION('',(#2959),#2963);
#2959 = LINE('',#2960,#2961);
#2960 = CARTESIAN_POINT('',(0.,-0.));
#2961 = VECTOR('',#2962,1.);
#2962 = DIRECTION('',(0.,1.));
#2963 = ( GEOMETRIC_REPRESENTATION_CONTEXT(2) 
PARAMETRIC_REPRESENTATION_CONTEXT() REPRESENTATION_CONTEXT('2D SPACE',''
  ) );
#2964 = ORIENTED_EDGE('',*,*,#2800,.T.);
#2965 = ORIENTED_EDGE('',*,*,#2944,.T.);
#2966 = ADVANCED_FACE('',(#2967),#2648,.F.);
#2967 = FACE_BOUND('',#2968,.F.);
#2968 = EDGE_LOOP('',(#2969,#2970,#2991,#2992));
#2969 = ORIENTED_EDGE('',*,*,#2631,.F.);
#2970 = ORIENTED_EDGE('',*,*,#2971,.F.);
#2971 = EDGE_CURVE('',#2827,#2632,#2972,.T.);
#2972 = SEAM_CURVE('',#2973,(#2977,#2984),.PCURVE_S1.);
#2973 = LINE('',#2974,#2975);
#2974 = CARTESIAN_POINT('',(2.0965E+03,125.,236.));
#2975 = VECTOR('',#2976,1.);
#2976 = DIRECTION('',(0.,0.,1.));
#2977 = PCURVE('',#2648,#2978);
#2978 = DEFINITIONAL_REPRESENTATION('',(#2979),#2983);
#2979 = LINE('',#2980,#2981);
#2980 = CARTESIAN_POINT('',(6.28318530718,-0.));
#2981 = VECTOR('',#2982,1.);
#2982 = DIRECTION('',(0.,1.));
#2983 = ( GEOMETRIC_REPRESENTATION_CONTEXT(2) 
PARAMETRIC_REPRESENTATION_CONTEXT() REPRESENTATION_CONTEXT('2D SPACE',''
  ) );
#2984 = PCURVE('',#2648,#2985);
#2985 = DEFINITIONAL_REPRESENTATION('',(#2986),#2990);
#2986 = LINE('',#2987,#2988);
#2987 = CARTESIAN_POINT('',(0.,-0.));
#2988 = VECTOR('',#2989,1.);
#2989 = DIRECTION('',(0.,1.));
#2990 = ( GEOMETRIC_REPRESENTATION_CONTEXT(2) 
PARAMETRIC_REPRESENTATION_CONTEXT() REPRESENTATION_CONTEXT('2D SPACE',''
  ) );
#2991 = ORIENTED_EDGE('',*,*,#2826,.T.);
#2992 = ORIENTED_EDGE('',*,*,#2971,.T.);
#2993 = ADVANCED_FACE('',(#2994),#2679,.F.);
#2994 = FACE_BOUND('',#2995,.F.);
#2995 = EDGE_LOOP('',(#2996,#2997,#3018,#3019));
#2996 = ORIENTED_EDGE('',*,*,#2662,.F.);
#2997 = ORIENTED_EDGE('',*,*,#2998,.F.);
#2998 = EDGE_CURVE('',#2853,#2663,#2999,.T.);
#2999 = SEAM_CURVE('',#3000,(#3004,#3011),.PCURVE_S1.);
#3000 = LINE('',#3001,#3002);
#3001 = CARTESIAN_POINT('',(1.9865E+03,205.,236.));
#3002 = VECTOR('',#3003,1.);
#3003 = DIRECTION('',(0.,0.,1.));
#3004 = PCURVE('',#2679,#3005);
#3005 = DEFINITIONAL_REPRESENTATION('',(#3006),#3010);
#3006 = LINE('',#3007,#3008);
#3007 = CARTESIAN_POINT('',(6.28318530718,-0.));
#3008 = VECTOR('',#3009,1.);
#3009 = DIRECTION('',(0.,1.));
#3010 = ( GEOMETRIC_REPRESENTATION_CONTEXT(2) 
PARAMETRIC_REPRESENTATION_CONTEXT() REPRESENTATION_CONTEXT('2D SPACE',''
  ) );
#3011 = PCURVE('',#2679,#3012);
#3012 = DEFINITIONAL_REPRESENTATION('',(#3013),#3017);
#3013 = LINE('',#3014,#3015);
#3014 = CARTESIAN_POINT('',(0.,-0.));
#3015 = VECTOR('',#3016,1.);
#3016 = DIRECTION('',(0.,1.));
#3017 = ( GEOMETRIC_REPRESENTATION_CONTEXT(2) 
PARAMETRIC_REPRESENTATION_CONTEXT() REPRESENTATION_CONTEXT('2D SPACE',''
  ) );
#3018 = ORIENTED_EDGE('',*,*,#2852,.T.);
#3019 = ORIENTED_EDGE('',*,*,#2998,.T.);
#3020 = ADVANCED_FACE('',(#3021),#2710,.F.);
#3021 = FACE_BOUND('',#3022,.F.);
#3022 = EDGE_LOOP('',(#3023,#3024,#3045,#3046));
#3023 = ORIENTED_EDGE('',*,*,#2693,.F.);
#3024 = ORIENTED_EDGE('',*,*,#3025,.F.);
#3025 = EDGE_CURVE('',#2910,#2694,#3026,.T.);
#3026 = SEAM_CURVE('',#3027,(#3031,#3038),.PCURVE_S1.);
#3027 = LINE('',#3028,#3029);
#3028 = CARTESIAN_POINT('',(2.0965E+03,205.,236.));
#3029 = VECTOR('',#3030,1.);
#3030 = DIRECTION('',(0.,0.,1.));
#3031 = PCURVE('',#2710,#3032);
#3032 = DEFINITIONAL_REPRESENTATION('',(#3033),#3037);
#3033 = LINE('',#3034,#3035);
#3034 = CARTESIAN_POINT('',(6.28318530718,-0.));
#3035 = VECTOR('',#3036,1.);
#3036 = DIRECTION('',(0.,1.));
#3037 = ( GEOMETRIC_REPRESENTATION_CONTEXT(2) 
PARAMETRIC_REPRESENTATION_CONTEXT() REPRESENTATION_CONTEXT('2D SPACE',''
  ) );
#3038 = PCURVE('',#2710,#3039);
#3039 = DEFINITIONAL_REPRESENTATION('',(#3040),#3044);
#3040 = LINE('',#3041,#3042);
#3041 = CARTESIAN_POINT('',(0.,-0.));
#3042 = VECTOR('',#3043,1.);
#3043 = DIRECTION('',(0.,1.));
#3044 = ( GEOMETRIC_REPRESENTATION_CONTEXT(2) 
PARAMETRIC_REPRESENTATION_CONTEXT() REPRESENTATION_CONTEXT('2D SPACE',''
  ) );
#3045 = ORIENTED_EDGE('',*,*,#2909,.T.);
#3046 = ORIENTED_EDGE('',*,*,#3025,.T.);
#3047 = ADVANCED_FACE('',(#3048),#2895,.T.);
#3048 = FACE_BOUND('',#3049,.T.);
#3049 = EDGE_LOOP('',(#3050,#3051,#3074,#3103,#3132,#3156,#3185,#3207));
#3050 = ORIENTED_EDGE('',*,*,#2878,.F.);
#3051 = ORIENTED_EDGE('',*,*,#3052,.F.);
#3052 = EDGE_CURVE('',#3053,#2879,#3055,.T.);
#3053 = VERTEX_POINT('',#3054);
#3054 = CARTESIAN_POINT('',(2.083E+03,165.,212.));
#3055 = SEAM_CURVE('',#3056,(#3060,#3067),.PCURVE_S1.);
#3056 = LINE('',#3057,#3058);
#3057 = CARTESIAN_POINT('',(2.083E+03,165.,212.));
#3058 = VECTOR('',#3059,1.);
#3059 = DIRECTION('',(0.,0.,1.));
#3060 = PCURVE('',#2895,#3061);
#3061 = DEFINITIONAL_REPRESENTATION('',(#3062),#3066);
#3062 = LINE('',#3063,#3064);
#3063 = CARTESIAN_POINT('',(6.28318530718,-0.));
#3064 = VECTOR('',#3065,1.);
#3065 = DIRECTION('',(0.,1.));
#3066 = ( GEOMETRIC_REPRESENTATION_CONTEXT(2) 
PARAMETRIC_REPRESENTATION_CONTEXT() REPRESENTATION_CONTEXT('2D SPACE',''
  ) );
#3067 = PCURVE('',#2895,#3068);
#3068 = DEFINITIONAL_REPRESENTATION('',(#3069),#3073);
#3069 = LINE('',#3070,#3071);
#3070 = CARTESIAN_POINT('',(0.,-0.));
#3071 = VECTOR('',#3072,1.);
#3072 = DIRECTION('',(0.,1.));
#3073 = ( GEOMETRIC_REPRESENTATION_CONTEXT(2) 
PARAMETRIC_REPRESENTATION_CONTEXT() REPRESENTATION_CONTEXT('2D SPACE',''
  ) );
#3074 = ORIENTED_EDGE('',*,*,#3075,.T.);
#3075 = EDGE_CURVE('',#3053,#3076,#3078,.T.);
#3076 = VERTEX_POINT('',#3077);
#3077 = CARTESIAN_POINT('',(2.004422230297E+03,202.,212.));
#3078 = SURFACE_CURVE('',#3079,(#3084,#3091),.PCURVE_S1.);
#3079 = CIRCLE('',#3080,48.);
#3080 = AXIS2_PLACEMENT_3D('',#3081,#3082,#3083);
#3081 = CARTESIAN_POINT('',(2.035E+03,165.,212.));
#3082 = DIRECTION('',(0.,0.,1.));
#3083 = DIRECTION('',(1.,0.,-0.));
#3084 = PCURVE('',#2895,#3085);
#3085 = DEFINITIONAL_REPRESENTATION('',(#3086),#3090);
#3086 = LINE('',#3087,#3088);
#3087 = CARTESIAN_POINT('',(0.,0.));
#3088 = VECTOR('',#3089,1.);
#3089 = DIRECTION('',(1.,0.));
#3090 = ( GEOMETRIC_REPRESENTATION_CONTEXT(2) 
PARAMETRIC_REPRESENTATION_CONTEXT() REPRESENTATION_CONTEXT('2D SPACE',''
  ) );
#3091 = PCURVE('',#3092,#3097);
#3092 = PLANE('',#3093);
#3093 = AXIS2_PLACEMENT_3D('',#3094,#3095,#3096);
#3094 = CARTESIAN_POINT('',(2.035E+03,165.,212.));
#3095 = DIRECTION('',(0.,0.,1.));
#3096 = DIRECTION('',(1.,0.,-0.));
#3097 = DEFINITIONAL_REPRESENTATION('',(#3098),#3102);
#3098 = CIRCLE('',#3099,48.);
#3099 = AXIS2_PLACEMENT_2D('',#3100,#3101);
#3100 = CARTESIAN_POINT('',(0.,0.));
#3101 = DIRECTION('',(1.,0.));
#3102 = ( GEOMETRIC_REPRESENTATION_CONTEXT(2) 
PARAMETRIC_REPRESENTATION_CONTEXT() REPRESENTATION_CONTEXT('2D SPACE',''
  ) );
#3103 = ORIENTED_EDGE('',*,*,#3104,.T.);
#3104 = EDGE_CURVE('',#3076,#3105,#3107,.T.);
#3105 = VERTEX_POINT('',#3106);
#3106 = CARTESIAN_POINT('',(1.996750817002E+03,194.,212.));
#3107 = SURFACE_CURVE('',#3108,(#3113,#3120),.PCURVE_S1.);
#3108 = CIRCLE('',#3109,48.);
#3109 = AXIS2_PLACEMENT_3D('',#3110,#3111,#3112);
#3110 = CARTESIAN_POINT('',(2.035E+03,165.,212.));
#3111 = DIRECTION('',(0.,0.,1.));
#3112 = DIRECTION('',(1.,0.,-0.));
#3113 = PCURVE('',#2895,#3114);
#3114 = DEFINITIONAL_REPRESENTATION('',(#3115),#3119);
#3115 = LINE('',#3116,#3117);
#3116 = CARTESIAN_POINT('',(0.,0.));
#3117 = VECTOR('',#3118,1.);
#3118 = DIRECTION('',(1.,0.));
#3119 = ( GEOMETRIC_REPRESENTATION_CONTEXT(2) 
PARAMETRIC_REPRESENTATION_CONTEXT() REPRESENTATION_CONTEXT('2D SPACE',''
  ) );
#3120 = PCURVE('',#3121,#3126);
#3121 = PLANE('',#3122);
#3122 = AXIS2_PLACEMENT_3D('',#3123,#3124,#3125);
#3123 = CARTESIAN_POINT('',(1.955E+03,194.,212.));
#3124 = DIRECTION('',(0.,0.,1.));
#3125 = DIRECTION('',(1.,0.,-0.));
#3126 = DEFINITIONAL_REPRESENTATION('',(#3127),#3131);
#3127 = CIRCLE('',#3128,48.);
#3128 = AXIS2_PLACEMENT_2D('',#3129,#3130);
#3129 = CARTESIAN_POINT('',(80.,-29.));
#3130 = DIRECTION('',(1.,0.));
#3131 = ( GEOMETRIC_REPRESENTATION_CONTEXT(2) 
PARAMETRIC_REPRESENTATION_CONTEXT() REPRESENTATION_CONTEXT('2D SPACE',''
  ) );
#3132 = ORIENTED_EDGE('',*,*,#3133,.T.);
#3133 = EDGE_CURVE('',#3105,#3134,#3136,.T.);
#3134 = VERTEX_POINT('',#3135);
#3135 = CARTESIAN_POINT('',(1.996750817002E+03,135.99999999999,212.));
#3136 = SURFACE_CURVE('',#3137,(#3142,#3149),.PCURVE_S1.);
#3137 = CIRCLE('',#3138,48.);
#3138 = AXIS2_PLACEMENT_3D('',#3139,#3140,#3141);
#3139 = CARTESIAN_POINT('',(2.035E+03,165.,212.));
#3140 = DIRECTION('',(0.,0.,1.));
#3141 = DIRECTION('',(1.,0.,-0.));
#3142 = PCURVE('',#2895,#3143);
#3143 = DEFINITIONAL_REPRESENTATION('',(#3144),#3148);
#3144 = LINE('',#3145,#3146);
#3145 = CARTESIAN_POINT('',(0.,0.));
#3146 = VECTOR('',#3147,1.);
#3147 = DIRECTION('',(1.,0.));
#3148 = ( GEOMETRIC_REPRESENTATION_CONTEXT(2) 
PARAMETRIC_REPRESENTATION_CONTEXT() REPRESENTATION_CONTEXT('2D SPACE',''
  ) );
#3149 = PCURVE('',#3092,#3150);
#3150 = DEFINITIONAL_REPRESENTATION('',(#3151),#3155);
#3151 = CIRCLE('',#3152,48.);
#3152 = AXIS2_PLACEMENT_2D('',#3153,#3154);
#3153 = CARTESIAN_POINT('',(0.,0.));
#3154 = DIRECTION('',(1.,0.));
#3155 = ( GEOMETRIC_REPRESENTATION_CONTEXT(2) 
PARAMETRIC_REPRESENTATION_CONTEXT() REPRESENTATION_CONTEXT('2D SPACE',''
  ) );
#3156 = ORIENTED_EDGE('',*,*,#3157,.T.);
#3157 = EDGE_CURVE('',#3134,#3158,#3160,.T.);
#3158 = VERTEX_POINT('',#3159);
#3159 = CARTESIAN_POINT('',(2.004422230297E+03,128.,212.));
#3160 = SURFACE_CURVE('',#3161,(#3166,#3173),.PCURVE_S1.);
#3161 = CIRCLE('',#3162,48.);
#3162 = AXIS2_PLACEMENT_3D('',#3163,#3164,#3165);
#3163 = CARTESIAN_POINT('',(2.035E+03,165.,212.));
#3164 = DIRECTION('',(0.,0.,1.));
#3165 = DIRECTION('',(1.,0.,-0.));
#3166 = PCURVE('',#2895,#3167);
#3167 = DEFINITIONAL_REPRESENTATION('',(#3168),#3172);
#3168 = LINE('',#3169,#3170);
#3169 = CARTESIAN_POINT('',(0.,0.));
#3170 = VECTOR('',#3171,1.);
#3171 = DIRECTION('',(1.,0.));
#3172 = ( GEOMETRIC_REPRESENTATION_CONTEXT(2) 
PARAMETRIC_REPRESENTATION_CONTEXT() REPRESENTATION_CONTEXT('2D SPACE',''
  ) );
#3173 = PCURVE('',#3174,#3179);
#3174 = PLANE('',#3175);
#3175 = AXIS2_PLACEMENT_3D('',#3176,#3177,#3178);
#3176 = CARTESIAN_POINT('',(1.955E+03,128.,212.));
#3177 = DIRECTION('',(0.,0.,1.));
#3178 = DIRECTION('',(1.,0.,-0.));
#3179 = DEFINITIONAL_REPRESENTATION('',(#3180),#3184);
#3180 = CIRCLE('',#3181,48.);
#3181 = AXIS2_PLACEMENT_2D('',#3182,#3183);
#3182 = CARTESIAN_POINT('',(80.,37.));
#3183 = DIRECTION('',(1.,0.));
#3184 = ( GEOMETRIC_REPRESENTATION_CONTEXT(2) 
PARAMETRIC_REPRESENTATION_CONTEXT() REPRESENTATION_CONTEXT('2D SPACE',''
  ) );
#3185 = ORIENTED_EDGE('',*,*,#3186,.T.);
#3186 = EDGE_CURVE('',#3158,#3053,#3187,.T.);
#3187 = SURFACE_CURVE('',#3188,(#3193,#3200),.PCURVE_S1.);
#3188 = CIRCLE('',#3189,48.);
#3189 = AXIS2_PLACEMENT_3D('',#3190,#3191,#3192);
#3190 = CARTESIAN_POINT('',(2.035E+03,165.,212.));
#3191 = DIRECTION('',(0.,0.,1.));
#3192 = DIRECTION('',(1.,0.,-0.));
#3193 = PCURVE('',#2895,#3194);
#3194 = DEFINITIONAL_REPRESENTATION('',(#3195),#3199);
#3195 = LINE('',#3196,#3197);
#3196 = CARTESIAN_POINT('',(0.,0.));
#3197 = VECTOR('',#3198,1.);
#3198 = DIRECTION('',(1.,0.));
#3199 = ( GEOMETRIC_REPRESENTATION_CONTEXT(2) 
PARAMETRIC_REPRESENTATION_CONTEXT() REPRESENTATION_CONTEXT('2D SPACE',''
  ) );
#3200 = PCURVE('',#3092,#3201);
#3201 = DEFINITIONAL_REPRESENTATION('',(#3202),#3206);
#3202 = CIRCLE('',#3203,48.);
#3203 = AXIS2_PLACEMENT_2D('',#3204,#3205);
#3204 = CARTESIAN_POINT('',(0.,0.));
#3205 = DIRECTION('',(1.,0.));
#3206 = ( GEOMETRIC_REPRESENTATION_CONTEXT(2) 
PARAMETRIC_REPRESENTATION_CONTEXT() REPRESENTATION_CONTEXT('2D SPACE',''
  ) );
#3207 = ORIENTED_EDGE('',*,*,#3052,.T.);
#3208 = ADVANCED_FACE('',(#3209),#3092,.F.);
#3209 = FACE_BOUND('',#3210,.F.);
#3210 = EDGE_LOOP('',(#3211,#3239,#3240,#3241,#3269,#3297,#3323,#3324,
    #3352));
#3211 = ORIENTED_EDGE('',*,*,#3212,.F.);
#3212 = EDGE_CURVE('',#3158,#3213,#3215,.T.);
#3213 = VERTEX_POINT('',#3214);
#3214 = CARTESIAN_POINT('',(2.06E+03,128.,212.));
#3215 = SURFACE_CURVE('',#3216,(#3220,#3227),.PCURVE_S1.);
#3216 = LINE('',#3217,#3218);
#3217 = CARTESIAN_POINT('',(1.955E+03,128.,212.));
#3218 = VECTOR('',#3219,1.);
#3219 = DIRECTION('',(1.,0.,-0.));
#3220 = PCURVE('',#3092,#3221);
#3221 = DEFINITIONAL_REPRESENTATION('',(#3222),#3226);
#3222 = LINE('',#3223,#3224);
#3223 = CARTESIAN_POINT('',(-80.,-37.));
#3224 = VECTOR('',#3225,1.);
#3225 = DIRECTION('',(1.,0.));
#3226 = ( GEOMETRIC_REPRESENTATION_CONTEXT(2) 
PARAMETRIC_REPRESENTATION_CONTEXT() REPRESENTATION_CONTEXT('2D SPACE',''
  ) );
#3227 = PCURVE('',#3228,#3233);
#3228 = PLANE('',#3229);
#3229 = AXIS2_PLACEMENT_3D('',#3230,#3231,#3232);
#3230 = CARTESIAN_POINT('',(1.955E+03,128.,85.));
#3231 = DIRECTION('',(-0.,1.,0.));
#3232 = DIRECTION('',(0.,0.,1.));
#3233 = DEFINITIONAL_REPRESENTATION('',(#3234),#3238);
#3234 = LINE('',#3235,#3236);
#3235 = CARTESIAN_POINT('',(127.,0.));
#3236 = VECTOR('',#3237,1.);
#3237 = DIRECTION('',(0.,1.));
#3238 = ( GEOMETRIC_REPRESENTATION_CONTEXT(2) 
PARAMETRIC_REPRESENTATION_CONTEXT() REPRESENTATION_CONTEXT('2D SPACE',''
  ) );
#3239 = ORIENTED_EDGE('',*,*,#3186,.T.);
#3240 = ORIENTED_EDGE('',*,*,#3075,.T.);
#3241 = ORIENTED_EDGE('',*,*,#3242,.T.);
#3242 = EDGE_CURVE('',#3076,#3243,#3245,.T.);
#3243 = VERTEX_POINT('',#3244);
#3244 = CARTESIAN_POINT('',(2.06E+03,202.,212.));
#3245 = SURFACE_CURVE('',#3246,(#3250,#3257),.PCURVE_S1.);
#3246 = LINE('',#3247,#3248);
#3247 = CARTESIAN_POINT('',(1.955E+03,202.,212.));
#3248 = VECTOR('',#3249,1.);
#3249 = DIRECTION('',(1.,0.,-0.));
#3250 = PCURVE('',#3092,#3251);
#3251 = DEFINITIONAL_REPRESENTATION('',(#3252),#3256);
#3252 = LINE('',#3253,#3254);
#3253 = CARTESIAN_POINT('',(-80.,37.));
#3254 = VECTOR('',#3255,1.);
#3255 = DIRECTION('',(1.,0.));
#3256 = ( GEOMETRIC_REPRESENTATION_CONTEXT(2) 
PARAMETRIC_REPRESENTATION_CONTEXT() REPRESENTATION_CONTEXT('2D SPACE',''
  ) );
#3257 = PCURVE('',#3258,#3263);
#3258 = PLANE('',#3259);
#3259 = AXIS2_PLACEMENT_3D('',#3260,#3261,#3262);
#3260 = CARTESIAN_POINT('',(1.955E+03,202.,85.));
#3261 = DIRECTION('',(-0.,1.,0.));
#3262 = DIRECTION('',(0.,0.,1.));
#3263 = DEFINITIONAL_REPRESENTATION('',(#3264),#3268);
#3264 = LINE('',#3265,#3266);
#3265 = CARTESIAN_POINT('',(127.,0.));
#3266 = VECTOR('',#3267,1.);
#3267 = DIRECTION('',(0.,1.));
#3268 = ( GEOMETRIC_REPRESENTATION_CONTEXT(2) 
PARAMETRIC_REPRESENTATION_CONTEXT() REPRESENTATION_CONTEXT('2D SPACE',''
  ) );
#3269 = ORIENTED_EDGE('',*,*,#3270,.F.);
#3270 = EDGE_CURVE('',#3271,#3243,#3273,.T.);
#3271 = VERTEX_POINT('',#3272);
#3272 = CARTESIAN_POINT('',(2.06E+03,194.,212.));
#3273 = SURFACE_CURVE('',#3274,(#3278,#3285),.PCURVE_S1.);
#3274 = LINE('',#3275,#3276);
#3275 = CARTESIAN_POINT('',(2.06E+03,194.,212.));
#3276 = VECTOR('',#3277,1.);
#3277 = DIRECTION('',(-0.,1.,0.));
#3278 = PCURVE('',#3092,#3279);
#3279 = DEFINITIONAL_REPRESENTATION('',(#3280),#3284);
#3280 = LINE('',#3281,#3282);
#3281 = CARTESIAN_POINT('',(25.,29.));
#3282 = VECTOR('',#3283,1.);
#3283 = DIRECTION('',(0.,1.));
#3284 = ( GEOMETRIC_REPRESENTATION_CONTEXT(2) 
PARAMETRIC_REPRESENTATION_CONTEXT() REPRESENTATION_CONTEXT('2D SPACE',''
  ) );
#3285 = PCURVE('',#3286,#3291);
#3286 = PLANE('',#3287);
#3287 = AXIS2_PLACEMENT_3D('',#3288,#3289,#3290);
#3288 = CARTESIAN_POINT('',(2.06E+03,194.,85.));
#3289 = DIRECTION('',(1.,0.,-0.));
#3290 = DIRECTION('',(0.,0.,1.));
#3291 = DEFINITIONAL_REPRESENTATION('',(#3292),#3296);
#3292 = LINE('',#3293,#3294);
#3293 = CARTESIAN_POINT('',(127.,0.));
#3294 = VECTOR('',#3295,1.);
#3295 = DIRECTION('',(0.,-1.));
#3296 = ( GEOMETRIC_REPRESENTATION_CONTEXT(2) 
PARAMETRIC_REPRESENTATION_CONTEXT() REPRESENTATION_CONTEXT('2D SPACE',''
  ) );
#3297 = ORIENTED_EDGE('',*,*,#3298,.F.);
#3298 = EDGE_CURVE('',#3105,#3271,#3299,.T.);
#3299 = SURFACE_CURVE('',#3300,(#3304,#3311),.PCURVE_S1.);
#3300 = LINE('',#3301,#3302);
#3301 = CARTESIAN_POINT('',(1.955E+03,194.,212.));
#3302 = VECTOR('',#3303,1.);
#3303 = DIRECTION('',(1.,0.,-0.));
#3304 = PCURVE('',#3092,#3305);
#3305 = DEFINITIONAL_REPRESENTATION('',(#3306),#3310);
#3306 = LINE('',#3307,#3308);
#3307 = CARTESIAN_POINT('',(-80.,29.));
#3308 = VECTOR('',#3309,1.);
#3309 = DIRECTION('',(1.,0.));
#3310 = ( GEOMETRIC_REPRESENTATION_CONTEXT(2) 
PARAMETRIC_REPRESENTATION_CONTEXT() REPRESENTATION_CONTEXT('2D SPACE',''
  ) );
#3311 = PCURVE('',#3312,#3317);
#3312 = PLANE('',#3313);
#3313 = AXIS2_PLACEMENT_3D('',#3314,#3315,#3316);
#3314 = CARTESIAN_POINT('',(1.955E+03,194.,85.));
#3315 = DIRECTION('',(-0.,1.,0.));
#3316 = DIRECTION('',(0.,0.,1.));
#3317 = DEFINITIONAL_REPRESENTATION('',(#3318),#3322);
#3318 = LINE('',#3319,#3320);
#3319 = CARTESIAN_POINT('',(127.,0.));
#3320 = VECTOR('',#3321,1.);
#3321 = DIRECTION('',(0.,1.));
#3322 = ( GEOMETRIC_REPRESENTATION_CONTEXT(2) 
PARAMETRIC_REPRESENTATION_CONTEXT() REPRESENTATION_CONTEXT('2D SPACE',''
  ) );
#3323 = ORIENTED_EDGE('',*,*,#3133,.T.);
#3324 = ORIENTED_EDGE('',*,*,#3325,.T.);
#3325 = EDGE_CURVE('',#3134,#3326,#3328,.T.);
#3326 = VERTEX_POINT('',#3327);
#3327 = CARTESIAN_POINT('',(2.06E+03,136.,212.));
#3328 = SURFACE_CURVE('',#3329,(#3333,#3340),.PCURVE_S1.);
#3329 = LINE('',#3330,#3331);
#3330 = CARTESIAN_POINT('',(1.955E+03,136.,212.));
#3331 = VECTOR('',#3332,1.);
#3332 = DIRECTION('',(1.,0.,-0.));
#3333 = PCURVE('',#3092,#3334);
#3334 = DEFINITIONAL_REPRESENTATION('',(#3335),#3339);
#3335 = LINE('',#3336,#3337);
#3336 = CARTESIAN_POINT('',(-80.,-29.));
#3337 = VECTOR('',#3338,1.);
#3338 = DIRECTION('',(1.,0.));
#3339 = ( GEOMETRIC_REPRESENTATION_CONTEXT(2) 
PARAMETRIC_REPRESENTATION_CONTEXT() REPRESENTATION_CONTEXT('2D SPACE',''
  ) );
#3340 = PCURVE('',#3341,#3346);
#3341 = PLANE('',#3342);
#3342 = AXIS2_PLACEMENT_3D('',#3343,#3344,#3345);
#3343 = CARTESIAN_POINT('',(1.955E+03,136.,85.));
#3344 = DIRECTION('',(-0.,1.,0.));
#3345 = DIRECTION('',(0.,0.,1.));
#3346 = DEFINITIONAL_REPRESENTATION('',(#3347),#3351);
#3347 = LINE('',#3348,#3349);
#3348 = CARTESIAN_POINT('',(127.,0.));
#3349 = VECTOR('',#3350,1.);
#3350 = DIRECTION('',(0.,1.));
#3351 = ( GEOMETRIC_REPRESENTATION_CONTEXT(2) 
PARAMETRIC_REPRESENTATION_CONTEXT() REPRESENTATION_CONTEXT('2D SPACE',''
  ) );
#3352 = ORIENTED_EDGE('',*,*,#3353,.F.);
#3353 = EDGE_CURVE('',#3213,#3326,#3354,.T.);
#3354 = SURFACE_CURVE('',#3355,(#3359,#3366),.PCURVE_S1.);
#3355 = LINE('',#3356,#3357);
#3356 = CARTESIAN_POINT('',(2.06E+03,128.,212.));
#3357 = VECTOR('',#3358,1.);
#3358 = DIRECTION('',(-0.,1.,0.));
#3359 = PCURVE('',#3092,#3360);
#3360 = DEFINITIONAL_REPRESENTATION('',(#3361),#3365);
#3361 = LINE('',#3362,#3363);
#3362 = CARTESIAN_POINT('',(25.,-37.));
#3363 = VECTOR('',#3364,1.);
#3364 = DIRECTION('',(0.,1.));
#3365 = ( GEOMETRIC_REPRESENTATION_CONTEXT(2) 
PARAMETRIC_REPRESENTATION_CONTEXT() REPRESENTATION_CONTEXT('2D SPACE',''
  ) );
#3366 = PCURVE('',#3367,#3372);
#3367 = PLANE('',#3368);
#3368 = AXIS2_PLACEMENT_3D('',#3369,#3370,#3371);
#3369 = CARTESIAN_POINT('',(2.06E+03,128.,85.));
#3370 = DIRECTION('',(1.,0.,-0.));
#3371 = DIRECTION('',(0.,0.,1.));
#3372 = DEFINITIONAL_REPRESENTATION('',(#3373),#3377);
#3373 = LINE('',#3374,#3375);
#3374 = CARTESIAN_POINT('',(127.,0.));
#3375 = VECTOR('',#3376,1.);
#3376 = DIRECTION('',(0.,-1.));
#3377 = ( GEOMETRIC_REPRESENTATION_CONTEXT(2) 
PARAMETRIC_REPRESENTATION_CONTEXT() REPRESENTATION_CONTEXT('2D SPACE',''
  ) );
#3378 = ADVANCED_FACE('',(#3379),#3174,.T.);
#3379 = FACE_BOUND('',#3380,.T.);
#3380 = EDGE_LOOP('',(#3381,#3404,#3432,#3453));
#3381 = ORIENTED_EDGE('',*,*,#3382,.F.);
#3382 = EDGE_CURVE('',#3383,#3134,#3385,.T.);
#3383 = VERTEX_POINT('',#3384);
#3384 = CARTESIAN_POINT('',(1.955E+03,136.,212.));
#3385 = SURFACE_CURVE('',#3386,(#3390,#3397),.PCURVE_S1.);
#3386 = LINE('',#3387,#3388);
#3387 = CARTESIAN_POINT('',(1.955E+03,136.,212.));
#3388 = VECTOR('',#3389,1.);
#3389 = DIRECTION('',(1.,0.,-0.));
#3390 = PCURVE('',#3174,#3391);
#3391 = DEFINITIONAL_REPRESENTATION('',(#3392),#3396);
#3392 = LINE('',#3393,#3394);
#3393 = CARTESIAN_POINT('',(0.,8.));
#3394 = VECTOR('',#3395,1.);
#3395 = DIRECTION('',(1.,0.));
#3396 = ( GEOMETRIC_REPRESENTATION_CONTEXT(2) 
PARAMETRIC_REPRESENTATION_CONTEXT() REPRESENTATION_CONTEXT('2D SPACE',''
  ) );
#3397 = PCURVE('',#3341,#3398);
#3398 = DEFINITIONAL_REPRESENTATION('',(#3399),#3403);
#3399 = LINE('',#3400,#3401);
#3400 = CARTESIAN_POINT('',(127.,0.));
#3401 = VECTOR('',#3402,1.);
#3402 = DIRECTION('',(0.,1.));
#3403 = ( GEOMETRIC_REPRESENTATION_CONTEXT(2) 
PARAMETRIC_REPRESENTATION_CONTEXT() REPRESENTATION_CONTEXT('2D SPACE',''
  ) );
#3404 = ORIENTED_EDGE('',*,*,#3405,.F.);
#3405 = EDGE_CURVE('',#3406,#3383,#3408,.T.);
#3406 = VERTEX_POINT('',#3407);
#3407 = CARTESIAN_POINT('',(1.955E+03,128.,212.));
#3408 = SURFACE_CURVE('',#3409,(#3413,#3420),.PCURVE_S1.);
#3409 = LINE('',#3410,#3411);
#3410 = CARTESIAN_POINT('',(1.955E+03,128.,212.));
#3411 = VECTOR('',#3412,1.);
#3412 = DIRECTION('',(-0.,1.,0.));
#3413 = PCURVE('',#3174,#3414);
#3414 = DEFINITIONAL_REPRESENTATION('',(#3415),#3419);
#3415 = LINE('',#3416,#3417);
#3416 = CARTESIAN_POINT('',(0.,0.));
#3417 = VECTOR('',#3418,1.);
#3418 = DIRECTION('',(0.,1.));
#3419 = ( GEOMETRIC_REPRESENTATION_CONTEXT(2) 
PARAMETRIC_REPRESENTATION_CONTEXT() REPRESENTATION_CONTEXT('2D SPACE',''
  ) );
#3420 = PCURVE('',#3421,#3426);
#3421 = PLANE('',#3422);
#3422 = AXIS2_PLACEMENT_3D('',#3423,#3424,#3425);
#3423 = CARTESIAN_POINT('',(1.955E+03,128.,85.));
#3424 = DIRECTION('',(1.,0.,-0.));
#3425 = DIRECTION('',(0.,0.,1.));
#3426 = DEFINITIONAL_REPRESENTATION('',(#3427),#3431);
#3427 = LINE('',#3428,#3429);
#3428 = CARTESIAN_POINT('',(127.,0.));
#3429 = VECTOR('',#3430,1.);
#3430 = DIRECTION('',(0.,-1.));
#3431 = ( GEOMETRIC_REPRESENTATION_CONTEXT(2) 
PARAMETRIC_REPRESENTATION_CONTEXT() REPRESENTATION_CONTEXT('2D SPACE',''
  ) );
#3432 = ORIENTED_EDGE('',*,*,#3433,.T.);
#3433 = EDGE_CURVE('',#3406,#3158,#3434,.T.);
#3434 = SURFACE_CURVE('',#3435,(#3439,#3446),.PCURVE_S1.);
#3435 = LINE('',#3436,#3437);
#3436 = CARTESIAN_POINT('',(1.955E+03,128.,212.));
#3437 = VECTOR('',#3438,1.);
#3438 = DIRECTION('',(1.,0.,-0.));
#3439 = PCURVE('',#3174,#3440);
#3440 = DEFINITIONAL_REPRESENTATION('',(#3441),#3445);
#3441 = LINE('',#3442,#3443);
#3442 = CARTESIAN_POINT('',(0.,0.));
#3443 = VECTOR('',#3444,1.);
#3444 = DIRECTION('',(1.,0.));
#3445 = ( GEOMETRIC_REPRESENTATION_CONTEXT(2) 
PARAMETRIC_REPRESENTATION_CONTEXT() REPRESENTATION_CONTEXT('2D SPACE',''
  ) );
#3446 = PCURVE('',#3228,#3447);
#3447 = DEFINITIONAL_REPRESENTATION('',(#3448),#3452);
#3448 = LINE('',#3449,#3450);
#3449 = CARTESIAN_POINT('',(127.,0.));
#3450 = VECTOR('',#3451,1.);
#3451 = DIRECTION('',(0.,1.));
#3452 = ( GEOMETRIC_REPRESENTATION_CONTEXT(2) 
PARAMETRIC_REPRESENTATION_CONTEXT() REPRESENTATION_CONTEXT('2D SPACE',''
  ) );
#3453 = ORIENTED_EDGE('',*,*,#3157,.F.);
#3454 = ADVANCED_FACE('',(#3455),#3121,.T.);
#3455 = FACE_BOUND('',#3456,.T.);
#3456 = EDGE_LOOP('',(#3457,#3480,#3508,#3529));
#3457 = ORIENTED_EDGE('',*,*,#3458,.F.);
#3458 = EDGE_CURVE('',#3459,#3076,#3461,.T.);
#3459 = VERTEX_POINT('',#3460);
#3460 = CARTESIAN_POINT('',(1.955E+03,202.,212.));
#3461 = SURFACE_CURVE('',#3462,(#3466,#3473),.PCURVE_S1.);
#3462 = LINE('',#3463,#3464);
#3463 = CARTESIAN_POINT('',(1.955E+03,202.,212.));
#3464 = VECTOR('',#3465,1.);
#3465 = DIRECTION('',(1.,0.,-0.));
#3466 = PCURVE('',#3121,#3467);
#3467 = DEFINITIONAL_REPRESENTATION('',(#3468),#3472);
#3468 = LINE('',#3469,#3470);
#3469 = CARTESIAN_POINT('',(0.,8.));
#3470 = VECTOR('',#3471,1.);
#3471 = DIRECTION('',(1.,0.));
#3472 = ( GEOMETRIC_REPRESENTATION_CONTEXT(2) 
PARAMETRIC_REPRESENTATION_CONTEXT() REPRESENTATION_CONTEXT('2D SPACE',''
  ) );
#3473 = PCURVE('',#3258,#3474);
#3474 = DEFINITIONAL_REPRESENTATION('',(#3475),#3479);
#3475 = LINE('',#3476,#3477);
#3476 = CARTESIAN_POINT('',(127.,0.));
#3477 = VECTOR('',#3478,1.);
#3478 = DIRECTION('',(0.,1.));
#3479 = ( GEOMETRIC_REPRESENTATION_CONTEXT(2) 
PARAMETRIC_REPRESENTATION_CONTEXT() REPRESENTATION_CONTEXT('2D SPACE',''
  ) );
#3480 = ORIENTED_EDGE('',*,*,#3481,.F.);
#3481 = EDGE_CURVE('',#3482,#3459,#3484,.T.);
#3482 = VERTEX_POINT('',#3483);
#3483 = CARTESIAN_POINT('',(1.955E+03,194.,212.));
#3484 = SURFACE_CURVE('',#3485,(#3489,#3496),.PCURVE_S1.);
#3485 = LINE('',#3486,#3487);
#3486 = CARTESIAN_POINT('',(1.955E+03,194.,212.));
#3487 = VECTOR('',#3488,1.);
#3488 = DIRECTION('',(-0.,1.,0.));
#3489 = PCURVE('',#3121,#3490);
#3490 = DEFINITIONAL_REPRESENTATION('',(#3491),#3495);
#3491 = LINE('',#3492,#3493);
#3492 = CARTESIAN_POINT('',(0.,0.));
#3493 = VECTOR('',#3494,1.);
#3494 = DIRECTION('',(0.,1.));
#3495 = ( GEOMETRIC_REPRESENTATION_CONTEXT(2) 
PARAMETRIC_REPRESENTATION_CONTEXT() REPRESENTATION_CONTEXT('2D SPACE',''
  ) );
#3496 = PCURVE('',#3497,#3502);
#3497 = PLANE('',#3498);
#3498 = AXIS2_PLACEMENT_3D('',#3499,#3500,#3501);
#3499 = CARTESIAN_POINT('',(1.955E+03,194.,85.));
#3500 = DIRECTION('',(1.,0.,-0.));
#3501 = DIRECTION('',(0.,0.,1.));
#3502 = DEFINITIONAL_REPRESENTATION('',(#3503),#3507);
#3503 = LINE('',#3504,#3505);
#3504 = CARTESIAN_POINT('',(127.,0.));
#3505 = VECTOR('',#3506,1.);
#3506 = DIRECTION('',(0.,-1.));
#3507 = ( GEOMETRIC_REPRESENTATION_CONTEXT(2) 
PARAMETRIC_REPRESENTATION_CONTEXT() REPRESENTATION_CONTEXT('2D SPACE',''
  ) );
#3508 = ORIENTED_EDGE('',*,*,#3509,.T.);
#3509 = EDGE_CURVE('',#3482,#3105,#3510,.T.);
#3510 = SURFACE_CURVE('',#3511,(#3515,#3522),.PCURVE_S1.);
#3511 = LINE('',#3512,#3513);
#3512 = CARTESIAN_POINT('',(1.955E+03,194.,212.));
#3513 = VECTOR('',#3514,1.);
#3514 = DIRECTION('',(1.,0.,-0.));
#3515 = PCURVE('',#3121,#3516);
#3516 = DEFINITIONAL_REPRESENTATION('',(#3517),#3521);
#3517 = LINE('',#3518,#3519);
#3518 = CARTESIAN_POINT('',(0.,0.));
#3519 = VECTOR('',#3520,1.);
#3520 = DIRECTION('',(1.,0.));
#3521 = ( GEOMETRIC_REPRESENTATION_CONTEXT(2) 
PARAMETRIC_REPRESENTATION_CONTEXT() REPRESENTATION_CONTEXT('2D SPACE',''
  ) );
#3522 = PCURVE('',#3312,#3523);
#3523 = DEFINITIONAL_REPRESENTATION('',(#3524),#3528);
#3524 = LINE('',#3525,#3526);
#3525 = CARTESIAN_POINT('',(127.,0.));
#3526 = VECTOR('',#3527,1.);
#3527 = DIRECTION('',(0.,1.));
#3528 = ( GEOMETRIC_REPRESENTATION_CONTEXT(2) 
PARAMETRIC_REPRESENTATION_CONTEXT() REPRESENTATION_CONTEXT('2D SPACE',''
  ) );
#3529 = ORIENTED_EDGE('',*,*,#3104,.F.);
#3530 = ADVANCED_FACE('',(#3531,#3607),#3228,.F.);
#3531 = FACE_BOUND('',#3532,.F.);
#3532 = EDGE_LOOP('',(#3533,#3563,#3584,#3585,#3586));
#3533 = ORIENTED_EDGE('',*,*,#3534,.F.);
#3534 = EDGE_CURVE('',#3535,#3537,#3539,.T.);
#3535 = VERTEX_POINT('',#3536);
#3536 = CARTESIAN_POINT('',(1.955E+03,128.,85.));
#3537 = VERTEX_POINT('',#3538);
#3538 = CARTESIAN_POINT('',(2.06E+03,128.,85.));
#3539 = SURFACE_CURVE('',#3540,(#3544,#3551),.PCURVE_S1.);
#3540 = LINE('',#3541,#3542);
#3541 = CARTESIAN_POINT('',(1.955E+03,128.,85.));
#3542 = VECTOR('',#3543,1.);
#3543 = DIRECTION('',(1.,0.,-0.));
#3544 = PCURVE('',#3228,#3545);
#3545 = DEFINITIONAL_REPRESENTATION('',(#3546),#3550);
#3546 = LINE('',#3547,#3548);
#3547 = CARTESIAN_POINT('',(0.,0.));
#3548 = VECTOR('',#3549,1.);
#3549 = DIRECTION('',(0.,1.));
#3550 = ( GEOMETRIC_REPRESENTATION_CONTEXT(2) 
PARAMETRIC_REPRESENTATION_CONTEXT() REPRESENTATION_CONTEXT('2D SPACE',''
  ) );
#3551 = PCURVE('',#3552,#3557);
#3552 = PLANE('',#3553);
#3553 = AXIS2_PLACEMENT_3D('',#3554,#3555,#3556);
#3554 = CARTESIAN_POINT('',(1.955E+03,128.,85.));
#3555 = DIRECTION('',(0.,0.,1.));
#3556 = DIRECTION('',(1.,0.,-0.));
#3557 = DEFINITIONAL_REPRESENTATION('',(#3558),#3562);
#3558 = LINE('',#3559,#3560);
#3559 = CARTESIAN_POINT('',(0.,0.));
#3560 = VECTOR('',#3561,1.);
#3561 = DIRECTION('',(1.,0.));
#3562 = ( GEOMETRIC_REPRESENTATION_CONTEXT(2) 
PARAMETRIC_REPRESENTATION_CONTEXT() REPRESENTATION_CONTEXT('2D SPACE',''
  ) );
#3563 = ORIENTED_EDGE('',*,*,#3564,.T.);
#3564 = EDGE_CURVE('',#3535,#3406,#3565,.T.);
#3565 = SURFACE_CURVE('',#3566,(#3570,#3577),.PCURVE_S1.);
#3566 = LINE('',#3567,#3568);
#3567 = CARTESIAN_POINT('',(1.955E+03,128.,85.));
#3568 = VECTOR('',#3569,1.);
#3569 = DIRECTION('',(0.,0.,1.));
#3570 = PCURVE('',#3228,#3571);
#3571 = DEFINITIONAL_REPRESENTATION('',(#3572),#3576);
#3572 = LINE('',#3573,#3574);
#3573 = CARTESIAN_POINT('',(0.,0.));
#3574 = VECTOR('',#3575,1.);
#3575 = DIRECTION('',(1.,0.));
#3576 = ( GEOMETRIC_REPRESENTATION_CONTEXT(2) 
PARAMETRIC_REPRESENTATION_CONTEXT() REPRESENTATION_CONTEXT('2D SPACE',''
  ) );
#3577 = PCURVE('',#3421,#3578);
#3578 = DEFINITIONAL_REPRESENTATION('',(#3579),#3583);
#3579 = LINE('',#3580,#3581);
#3580 = CARTESIAN_POINT('',(0.,0.));
#3581 = VECTOR('',#3582,1.);
#3582 = DIRECTION('',(1.,0.));
#3583 = ( GEOMETRIC_REPRESENTATION_CONTEXT(2) 
PARAMETRIC_REPRESENTATION_CONTEXT() REPRESENTATION_CONTEXT('2D SPACE',''
  ) );
#3584 = ORIENTED_EDGE('',*,*,#3433,.T.);
#3585 = ORIENTED_EDGE('',*,*,#3212,.T.);
#3586 = ORIENTED_EDGE('',*,*,#3587,.F.);
#3587 = EDGE_CURVE('',#3537,#3213,#3588,.T.);
#3588 = SURFACE_CURVE('',#3589,(#3593,#3600),.PCURVE_S1.);
#3589 = LINE('',#3590,#3591);
#3590 = CARTESIAN_POINT('',(2.06E+03,128.,85.));
#3591 = VECTOR('',#3592,1.);
#3592 = DIRECTION('',(0.,0.,1.));
#3593 = PCURVE('',#3228,#3594);
#3594 = DEFINITIONAL_REPRESENTATION('',(#3595),#3599);
#3595 = LINE('',#3596,#3597);
#3596 = CARTESIAN_POINT('',(0.,105.));
#3597 = VECTOR('',#3598,1.);
#3598 = DIRECTION('',(1.,0.));
#3599 = ( GEOMETRIC_REPRESENTATION_CONTEXT(2) 
PARAMETRIC_REPRESENTATION_CONTEXT() REPRESENTATION_CONTEXT('2D SPACE',''
  ) );
#3600 = PCURVE('',#3367,#3601);
#3601 = DEFINITIONAL_REPRESENTATION('',(#3602),#3606);
#3602 = LINE('',#3603,#3604);
#3603 = CARTESIAN_POINT('',(0.,0.));
#3604 = VECTOR('',#3605,1.);
#3605 = DIRECTION('',(1.,0.));
#3606 = ( GEOMETRIC_REPRESENTATION_CONTEXT(2) 
PARAMETRIC_REPRESENTATION_CONTEXT() REPRESENTATION_CONTEXT('2D SPACE',''
  ) );
#3607 = FACE_BOUND('',#3608,.F.);
#3608 = EDGE_LOOP('',(#3609));
#3609 = ORIENTED_EDGE('',*,*,#3610,.F.);
#3610 = EDGE_CURVE('',#3611,#3611,#3613,.T.);
#3611 = VERTEX_POINT('',#3612);
#3612 = CARTESIAN_POINT('',(1.98E+03,128.,110.));
#3613 = SURFACE_CURVE('',#3614,(#3619,#3626),.PCURVE_S1.);
#3614 = CIRCLE('',#3615,10.);
#3615 = AXIS2_PLACEMENT_3D('',#3616,#3617,#3618);
#3616 = CARTESIAN_POINT('',(1.98E+03,128.,100.));
#3617 = DIRECTION('',(0.,1.,0.));
#3618 = DIRECTION('',(0.,-0.,1.));
#3619 = PCURVE('',#3228,#3620);
#3620 = DEFINITIONAL_REPRESENTATION('',(#3621),#3625);
#3621 = CIRCLE('',#3622,10.);
#3622 = AXIS2_PLACEMENT_2D('',#3623,#3624);
#3623 = CARTESIAN_POINT('',(15.,25.));
#3624 = DIRECTION('',(1.,0.));
#3625 = ( GEOMETRIC_REPRESENTATION_CONTEXT(2) 
PARAMETRIC_REPRESENTATION_CONTEXT() REPRESENTATION_CONTEXT('2D SPACE',''
  ) );
#3626 = PCURVE('',#3627,#3632);
#3627 = CYLINDRICAL_SURFACE('',#3628,10.);
#3628 = AXIS2_PLACEMENT_3D('',#3629,#3630,#3631);
#3629 = CARTESIAN_POINT('',(1.98E+03,126.,100.));
#3630 = DIRECTION('',(0.,1.,0.));
#3631 = DIRECTION('',(0.,-0.,1.));
#3632 = DEFINITIONAL_REPRESENTATION('',(#3633),#3637);
#3633 = LINE('',#3634,#3635);
#3634 = CARTESIAN_POINT('',(0.,2.));
#3635 = VECTOR('',#3636,1.);
#3636 = DIRECTION('',(1.,0.));
#3637 = ( GEOMETRIC_REPRESENTATION_CONTEXT(2) 
PARAMETRIC_REPRESENTATION_CONTEXT() REPRESENTATION_CONTEXT('2D SPACE',''
  ) );
#3638 = ADVANCED_FACE('',(#3639),#3367,.T.);
#3639 = FACE_BOUND('',#3640,.T.);
#3640 = EDGE_LOOP('',(#3641,#3642,#3665,#3686));
#3641 = ORIENTED_EDGE('',*,*,#3587,.F.);
#3642 = ORIENTED_EDGE('',*,*,#3643,.T.);
#3643 = EDGE_CURVE('',#3537,#3644,#3646,.T.);
#3644 = VERTEX_POINT('',#3645);
#3645 = CARTESIAN_POINT('',(2.06E+03,136.,85.));
#3646 = SURFACE_CURVE('',#3647,(#3651,#3658),.PCURVE_S1.);
#3647 = LINE('',#3648,#3649);
#3648 = CARTESIAN_POINT('',(2.06E+03,128.,85.));
#3649 = VECTOR('',#3650,1.);
#3650 = DIRECTION('',(-0.,1.,0.));
#3651 = PCURVE('',#3367,#3652);
#3652 = DEFINITIONAL_REPRESENTATION('',(#3653),#3657);
#3653 = LINE('',#3654,#3655);
#3654 = CARTESIAN_POINT('',(0.,0.));
#3655 = VECTOR('',#3656,1.);
#3656 = DIRECTION('',(0.,-1.));
#3657 = ( GEOMETRIC_REPRESENTATION_CONTEXT(2) 
PARAMETRIC_REPRESENTATION_CONTEXT() REPRESENTATION_CONTEXT('2D SPACE',''
  ) );
#3658 = PCURVE('',#3552,#3659);
#3659 = DEFINITIONAL_REPRESENTATION('',(#3660),#3664);
#3660 = LINE('',#3661,#3662);
#3661 = CARTESIAN_POINT('',(105.,0.));
#3662 = VECTOR('',#3663,1.);
#3663 = DIRECTION('',(0.,1.));
#3664 = ( GEOMETRIC_REPRESENTATION_CONTEXT(2) 
PARAMETRIC_REPRESENTATION_CONTEXT() REPRESENTATION_CONTEXT('2D SPACE',''
  ) );
#3665 = ORIENTED_EDGE('',*,*,#3666,.T.);
#3666 = EDGE_CURVE('',#3644,#3326,#3667,.T.);
#3667 = SURFACE_CURVE('',#3668,(#3672,#3679),.PCURVE_S1.);
#3668 = LINE('',#3669,#3670);
#3669 = CARTESIAN_POINT('',(2.06E+03,136.,85.));
#3670 = VECTOR('',#3671,1.);
#3671 = DIRECTION('',(0.,0.,1.));
#3672 = PCURVE('',#3367,#3673);
#3673 = DEFINITIONAL_REPRESENTATION('',(#3674),#3678);
#3674 = LINE('',#3675,#3676);
#3675 = CARTESIAN_POINT('',(0.,-8.));
#3676 = VECTOR('',#3677,1.);
#3677 = DIRECTION('',(1.,0.));
#3678 = ( GEOMETRIC_REPRESENTATION_CONTEXT(2) 
PARAMETRIC_REPRESENTATION_CONTEXT() REPRESENTATION_CONTEXT('2D SPACE',''
  ) );
#3679 = PCURVE('',#3341,#3680);
#3680 = DEFINITIONAL_REPRESENTATION('',(#3681),#3685);
#3681 = LINE('',#3682,#3683);
#3682 = CARTESIAN_POINT('',(0.,105.));
#3683 = VECTOR('',#3684,1.);
#3684 = DIRECTION('',(1.,0.));
#3685 = ( GEOMETRIC_REPRESENTATION_CONTEXT(2) 
PARAMETRIC_REPRESENTATION_CONTEXT() REPRESENTATION_CONTEXT('2D SPACE',''
  ) );
#3686 = ORIENTED_EDGE('',*,*,#3353,.F.);
#3687 = ADVANCED_FACE('',(#3688,#3737),#3341,.T.);
#3688 = FACE_BOUND('',#3689,.T.);
#3689 = EDGE_LOOP('',(#3690,#3713,#3734,#3735,#3736));
#3690 = ORIENTED_EDGE('',*,*,#3691,.F.);
#3691 = EDGE_CURVE('',#3692,#3644,#3694,.T.);
#3692 = VERTEX_POINT('',#3693);
#3693 = CARTESIAN_POINT('',(1.955E+03,136.,85.));
#3694 = SURFACE_CURVE('',#3695,(#3699,#3706),.PCURVE_S1.);
#3695 = LINE('',#3696,#3697);
#3696 = CARTESIAN_POINT('',(1.955E+03,136.,85.));
#3697 = VECTOR('',#3698,1.);
#3698 = DIRECTION('',(1.,0.,-0.));
#3699 = PCURVE('',#3341,#3700);
#3700 = DEFINITIONAL_REPRESENTATION('',(#3701),#3705);
#3701 = LINE('',#3702,#3703);
#3702 = CARTESIAN_POINT('',(0.,0.));
#3703 = VECTOR('',#3704,1.);
#3704 = DIRECTION('',(0.,1.));
#3705 = ( GEOMETRIC_REPRESENTATION_CONTEXT(2) 
PARAMETRIC_REPRESENTATION_CONTEXT() REPRESENTATION_CONTEXT('2D SPACE',''
  ) );
#3706 = PCURVE('',#3552,#3707);
#3707 = DEFINITIONAL_REPRESENTATION('',(#3708),#3712);
#3708 = LINE('',#3709,#3710);
#3709 = CARTESIAN_POINT('',(0.,8.));
#3710 = VECTOR('',#3711,1.);
#3711 = DIRECTION('',(1.,0.));
#3712 = ( GEOMETRIC_REPRESENTATION_CONTEXT(2) 
PARAMETRIC_REPRESENTATION_CONTEXT() REPRESENTATION_CONTEXT('2D SPACE',''
  ) );
#3713 = ORIENTED_EDGE('',*,*,#3714,.T.);
#3714 = EDGE_CURVE('',#3692,#3383,#3715,.T.);
#3715 = SURFACE_CURVE('',#3716,(#3720,#3727),.PCURVE_S1.);
#3716 = LINE('',#3717,#3718);
#3717 = CARTESIAN_POINT('',(1.955E+03,136.,85.));
#3718 = VECTOR('',#3719,1.);
#3719 = DIRECTION('',(0.,0.,1.));
#3720 = PCURVE('',#3341,#3721);
#3721 = DEFINITIONAL_REPRESENTATION('',(#3722),#3726);
#3722 = LINE('',#3723,#3724);
#3723 = CARTESIAN_POINT('',(0.,0.));
#3724 = VECTOR('',#3725,1.);
#3725 = DIRECTION('',(1.,0.));
#3726 = ( GEOMETRIC_REPRESENTATION_CONTEXT(2) 
PARAMETRIC_REPRESENTATION_CONTEXT() REPRESENTATION_CONTEXT('2D SPACE',''
  ) );
#3727 = PCURVE('',#3421,#3728);
#3728 = DEFINITIONAL_REPRESENTATION('',(#3729),#3733);
#3729 = LINE('',#3730,#3731);
#3730 = CARTESIAN_POINT('',(0.,-8.));
#3731 = VECTOR('',#3732,1.);
#3732 = DIRECTION('',(1.,0.));
#3733 = ( GEOMETRIC_REPRESENTATION_CONTEXT(2) 
PARAMETRIC_REPRESENTATION_CONTEXT() REPRESENTATION_CONTEXT('2D SPACE',''
  ) );
#3734 = ORIENTED_EDGE('',*,*,#3382,.T.);
#3735 = ORIENTED_EDGE('',*,*,#3325,.T.);
#3736 = ORIENTED_EDGE('',*,*,#3666,.F.);
#3737 = FACE_BOUND('',#3738,.T.);
#3738 = EDGE_LOOP('',(#3739));
#3739 = ORIENTED_EDGE('',*,*,#3740,.F.);
#3740 = EDGE_CURVE('',#3741,#3741,#3743,.T.);
#3741 = VERTEX_POINT('',#3742);
#3742 = CARTESIAN_POINT('',(1.98E+03,136.,110.));
#3743 = SURFACE_CURVE('',#3744,(#3749,#3756),.PCURVE_S1.);
#3744 = CIRCLE('',#3745,10.);
#3745 = AXIS2_PLACEMENT_3D('',#3746,#3747,#3748);
#3746 = CARTESIAN_POINT('',(1.98E+03,136.,100.));
#3747 = DIRECTION('',(0.,1.,0.));
#3748 = DIRECTION('',(0.,-0.,1.));
#3749 = PCURVE('',#3341,#3750);
#3750 = DEFINITIONAL_REPRESENTATION('',(#3751),#3755);
#3751 = CIRCLE('',#3752,10.);
#3752 = AXIS2_PLACEMENT_2D('',#3753,#3754);
#3753 = CARTESIAN_POINT('',(15.,25.));
#3754 = DIRECTION('',(1.,0.));
#3755 = ( GEOMETRIC_REPRESENTATION_CONTEXT(2) 
PARAMETRIC_REPRESENTATION_CONTEXT() REPRESENTATION_CONTEXT('2D SPACE',''
  ) );
#3756 = PCURVE('',#3757,#3762);
#3757 = CYLINDRICAL_SURFACE('',#3758,10.);
#3758 = AXIS2_PLACEMENT_3D('',#3759,#3760,#3761);
#3759 = CARTESIAN_POINT('',(1.98E+03,126.,100.));
#3760 = DIRECTION('',(0.,1.,0.));
#3761 = DIRECTION('',(0.,-0.,1.));
#3762 = DEFINITIONAL_REPRESENTATION('',(#3763),#3767);
#3763 = LINE('',#3764,#3765);
#3764 = CARTESIAN_POINT('',(0.,10.));
#3765 = VECTOR('',#3766,1.);
#3766 = DIRECTION('',(1.,0.));
#3767 = ( GEOMETRIC_REPRESENTATION_CONTEXT(2) 
PARAMETRIC_REPRESENTATION_CONTEXT() REPRESENTATION_CONTEXT('2D SPACE',''
  ) );
#3768 = ADVANCED_FACE('',(#3769,#3845),#3312,.F.);
#3769 = FACE_BOUND('',#3770,.F.);
#3770 = EDGE_LOOP('',(#3771,#3801,#3822,#3823,#3824));
#3771 = ORIENTED_EDGE('',*,*,#3772,.F.);
#3772 = EDGE_CURVE('',#3773,#3775,#3777,.T.);
#3773 = VERTEX_POINT('',#3774);
#3774 = CARTESIAN_POINT('',(1.955E+03,194.,85.));
#3775 = VERTEX_POINT('',#3776);
#3776 = CARTESIAN_POINT('',(2.06E+03,194.,85.));
#3777 = SURFACE_CURVE('',#3778,(#3782,#3789),.PCURVE_S1.);
#3778 = LINE('',#3779,#3780);
#3779 = CARTESIAN_POINT('',(1.955E+03,194.,85.));
#3780 = VECTOR('',#3781,1.);
#3781 = DIRECTION('',(1.,0.,-0.));
#3782 = PCURVE('',#3312,#3783);
#3783 = DEFINITIONAL_REPRESENTATION('',(#3784),#3788);
#3784 = LINE('',#3785,#3786);
#3785 = CARTESIAN_POINT('',(0.,0.));
#3786 = VECTOR('',#3787,1.);
#3787 = DIRECTION('',(0.,1.));
#3788 = ( GEOMETRIC_REPRESENTATION_CONTEXT(2) 
PARAMETRIC_REPRESENTATION_CONTEXT() REPRESENTATION_CONTEXT('2D SPACE',''
  ) );
#3789 = PCURVE('',#3790,#3795);
#3790 = PLANE('',#3791);
#3791 = AXIS2_PLACEMENT_3D('',#3792,#3793,#3794);
#3792 = CARTESIAN_POINT('',(1.955E+03,194.,85.));
#3793 = DIRECTION('',(0.,0.,1.));
#3794 = DIRECTION('',(1.,0.,-0.));
#3795 = DEFINITIONAL_REPRESENTATION('',(#3796),#3800);
#3796 = LINE('',#3797,#3798);
#3797 = CARTESIAN_POINT('',(0.,0.));
#3798 = VECTOR('',#3799,1.);
#3799 = DIRECTION('',(1.,0.));
#3800 = ( GEOMETRIC_REPRESENTATION_CONTEXT(2) 
PARAMETRIC_REPRESENTATION_CONTEXT() REPRESENTATION_CONTEXT('2D SPACE',''
  ) );
#3801 = ORIENTED_EDGE('',*,*,#3802,.T.);
#3802 = EDGE_CURVE('',#3773,#3482,#3803,.T.);
#3803 = SURFACE_CURVE('',#3804,(#3808,#3815),.PCURVE_S1.);
#3804 = LINE('',#3805,#3806);
#3805 = CARTESIAN_POINT('',(1.955E+03,194.,85.));
#3806 = VECTOR('',#3807,1.);
#3807 = DIRECTION('',(0.,0.,1.));
#3808 = PCURVE('',#3312,#3809);
#3809 = DEFINITIONAL_REPRESENTATION('',(#3810),#3814);
#3810 = LINE('',#3811,#3812);
#3811 = CARTESIAN_POINT('',(0.,0.));
#3812 = VECTOR('',#3813,1.);
#3813 = DIRECTION('',(1.,0.));
#3814 = ( GEOMETRIC_REPRESENTATION_CONTEXT(2) 
PARAMETRIC_REPRESENTATION_CONTEXT() REPRESENTATION_CONTEXT('2D SPACE',''
  ) );
#3815 = PCURVE('',#3497,#3816);
#3816 = DEFINITIONAL_REPRESENTATION('',(#3817),#3821);
#3817 = LINE('',#3818,#3819);
#3818 = CARTESIAN_POINT('',(0.,0.));
#3819 = VECTOR('',#3820,1.);
#3820 = DIRECTION('',(1.,0.));
#3821 = ( GEOMETRIC_REPRESENTATION_CONTEXT(2) 
PARAMETRIC_REPRESENTATION_CONTEXT() REPRESENTATION_CONTEXT('2D SPACE',''
  ) );
#3822 = ORIENTED_EDGE('',*,*,#3509,.T.);
#3823 = ORIENTED_EDGE('',*,*,#3298,.T.);
#3824 = ORIENTED_EDGE('',*,*,#3825,.F.);
#3825 = EDGE_CURVE('',#3775,#3271,#3826,.T.);
#3826 = SURFACE_CURVE('',#3827,(#3831,#3838),.PCURVE_S1.);
#3827 = LINE('',#3828,#3829);
#3828 = CARTESIAN_POINT('',(2.06E+03,194.,85.));
#3829 = VECTOR('',#3830,1.);
#3830 = DIRECTION('',(0.,0.,1.));
#3831 = PCURVE('',#3312,#3832);
#3832 = DEFINITIONAL_REPRESENTATION('',(#3833),#3837);
#3833 = LINE('',#3834,#3835);
#3834 = CARTESIAN_POINT('',(0.,105.));
#3835 = VECTOR('',#3836,1.);
#3836 = DIRECTION('',(1.,0.));
#3837 = ( GEOMETRIC_REPRESENTATION_CONTEXT(2) 
PARAMETRIC_REPRESENTATION_CONTEXT() REPRESENTATION_CONTEXT('2D SPACE',''
  ) );
#3838 = PCURVE('',#3286,#3839);
#3839 = DEFINITIONAL_REPRESENTATION('',(#3840),#3844);
#3840 = LINE('',#3841,#3842);
#3841 = CARTESIAN_POINT('',(0.,0.));
#3842 = VECTOR('',#3843,1.);
#3843 = DIRECTION('',(1.,0.));
#3844 = ( GEOMETRIC_REPRESENTATION_CONTEXT(2) 
PARAMETRIC_REPRESENTATION_CONTEXT() REPRESENTATION_CONTEXT('2D SPACE',''
  ) );
#3845 = FACE_BOUND('',#3846,.F.);
#3846 = EDGE_LOOP('',(#3847));
#3847 = ORIENTED_EDGE('',*,*,#3848,.F.);
#3848 = EDGE_CURVE('',#3849,#3849,#3851,.T.);
#3849 = VERTEX_POINT('',#3850);
#3850 = CARTESIAN_POINT('',(1.98E+03,194.,110.));
#3851 = SURFACE_CURVE('',#3852,(#3857,#3864),.PCURVE_S1.);
#3852 = CIRCLE('',#3853,10.);
#3853 = AXIS2_PLACEMENT_3D('',#3854,#3855,#3856);
#3854 = CARTESIAN_POINT('',(1.98E+03,194.,100.));
#3855 = DIRECTION('',(0.,1.,0.));
#3856 = DIRECTION('',(0.,-0.,1.));
#3857 = PCURVE('',#3312,#3858);
#3858 = DEFINITIONAL_REPRESENTATION('',(#3859),#3863);
#3859 = CIRCLE('',#3860,10.);
#3860 = AXIS2_PLACEMENT_2D('',#3861,#3862);
#3861 = CARTESIAN_POINT('',(15.,25.));
#3862 = DIRECTION('',(1.,0.));
#3863 = ( GEOMETRIC_REPRESENTATION_CONTEXT(2) 
PARAMETRIC_REPRESENTATION_CONTEXT() REPRESENTATION_CONTEXT('2D SPACE',''
  ) );
#3864 = PCURVE('',#3865,#3870);
#3865 = CYLINDRICAL_SURFACE('',#3866,10.);
#3866 = AXIS2_PLACEMENT_3D('',#3867,#3868,#3869);
#3867 = CARTESIAN_POINT('',(1.98E+03,126.,100.));
#3868 = DIRECTION('',(0.,1.,0.));
#3869 = DIRECTION('',(0.,-0.,1.));
#3870 = DEFINITIONAL_REPRESENTATION('',(#3871),#3875);
#3871 = LINE('',#3872,#3873);
#3872 = CARTESIAN_POINT('',(0.,68.));
#3873 = VECTOR('',#3874,1.);
#3874 = DIRECTION('',(1.,0.));
#3875 = ( GEOMETRIC_REPRESENTATION_CONTEXT(2) 
PARAMETRIC_REPRESENTATION_CONTEXT() REPRESENTATION_CONTEXT('2D SPACE',''
  ) );
#3876 = ADVANCED_FACE('',(#3877),#3286,.T.);
#3877 = FACE_BOUND('',#3878,.T.);
#3878 = EDGE_LOOP('',(#3879,#3880,#3903,#3924));
#3879 = ORIENTED_EDGE('',*,*,#3825,.F.);
#3880 = ORIENTED_EDGE('',*,*,#3881,.T.);
#3881 = EDGE_CURVE('',#3775,#3882,#3884,.T.);
#3882 = VERTEX_POINT('',#3883);
#3883 = CARTESIAN_POINT('',(2.06E+03,202.,85.));
#3884 = SURFACE_CURVE('',#3885,(#3889,#3896),.PCURVE_S1.);
#3885 = LINE('',#3886,#3887);
#3886 = CARTESIAN_POINT('',(2.06E+03,194.,85.));
#3887 = VECTOR('',#3888,1.);
#3888 = DIRECTION('',(-0.,1.,0.));
#3889 = PCURVE('',#3286,#3890);
#3890 = DEFINITIONAL_REPRESENTATION('',(#3891),#3895);
#3891 = LINE('',#3892,#3893);
#3892 = CARTESIAN_POINT('',(0.,0.));
#3893 = VECTOR('',#3894,1.);
#3894 = DIRECTION('',(0.,-1.));
#3895 = ( GEOMETRIC_REPRESENTATION_CONTEXT(2) 
PARAMETRIC_REPRESENTATION_CONTEXT() REPRESENTATION_CONTEXT('2D SPACE',''
  ) );
#3896 = PCURVE('',#3790,#3897);
#3897 = DEFINITIONAL_REPRESENTATION('',(#3898),#3902);
#3898 = LINE('',#3899,#3900);
#3899 = CARTESIAN_POINT('',(105.,0.));
#3900 = VECTOR('',#3901,1.);
#3901 = DIRECTION('',(0.,1.));
#3902 = ( GEOMETRIC_REPRESENTATION_CONTEXT(2) 
PARAMETRIC_REPRESENTATION_CONTEXT() REPRESENTATION_CONTEXT('2D SPACE',''
  ) );
#3903 = ORIENTED_EDGE('',*,*,#3904,.T.);
#3904 = EDGE_CURVE('',#3882,#3243,#3905,.T.);
#3905 = SURFACE_CURVE('',#3906,(#3910,#3917),.PCURVE_S1.);
#3906 = LINE('',#3907,#3908);
#3907 = CARTESIAN_POINT('',(2.06E+03,202.,85.));
#3908 = VECTOR('',#3909,1.);
#3909 = DIRECTION('',(0.,0.,1.));
#3910 = PCURVE('',#3286,#3911);
#3911 = DEFINITIONAL_REPRESENTATION('',(#3912),#3916);
#3912 = LINE('',#3913,#3914);
#3913 = CARTESIAN_POINT('',(0.,-8.));
#3914 = VECTOR('',#3915,1.);
#3915 = DIRECTION('',(1.,0.));
#3916 = ( GEOMETRIC_REPRESENTATION_CONTEXT(2) 
PARAMETRIC_REPRESENTATION_CONTEXT() REPRESENTATION_CONTEXT('2D SPACE',''
  ) );
#3917 = PCURVE('',#3258,#3918);
#3918 = DEFINITIONAL_REPRESENTATION('',(#3919),#3923);
#3919 = LINE('',#3920,#3921);
#3920 = CARTESIAN_POINT('',(0.,105.));
#3921 = VECTOR('',#3922,1.);
#3922 = DIRECTION('',(1.,0.));
#3923 = ( GEOMETRIC_REPRESENTATION_CONTEXT(2) 
PARAMETRIC_REPRESENTATION_CONTEXT() REPRESENTATION_CONTEXT('2D SPACE',''
  ) );
#3924 = ORIENTED_EDGE('',*,*,#3270,.F.);
#3925 = ADVANCED_FACE('',(#3926,#3975),#3258,.T.);
#3926 = FACE_BOUND('',#3927,.T.);
#3927 = EDGE_LOOP('',(#3928,#3951,#3972,#3973,#3974));
#3928 = ORIENTED_EDGE('',*,*,#3929,.F.);
#3929 = EDGE_CURVE('',#3930,#3882,#3932,.T.);
#3930 = VERTEX_POINT('',#3931);
#3931 = CARTESIAN_POINT('',(1.955E+03,202.,85.));
#3932 = SURFACE_CURVE('',#3933,(#3937,#3944),.PCURVE_S1.);
#3933 = LINE('',#3934,#3935);
#3934 = CARTESIAN_POINT('',(1.955E+03,202.,85.));
#3935 = VECTOR('',#3936,1.);
#3936 = DIRECTION('',(1.,0.,-0.));
#3937 = PCURVE('',#3258,#3938);
#3938 = DEFINITIONAL_REPRESENTATION('',(#3939),#3943);
#3939 = LINE('',#3940,#3941);
#3940 = CARTESIAN_POINT('',(0.,0.));
#3941 = VECTOR('',#3942,1.);
#3942 = DIRECTION('',(0.,1.));
#3943 = ( GEOMETRIC_REPRESENTATION_CONTEXT(2) 
PARAMETRIC_REPRESENTATION_CONTEXT() REPRESENTATION_CONTEXT('2D SPACE',''
  ) );
#3944 = PCURVE('',#3790,#3945);
#3945 = DEFINITIONAL_REPRESENTATION('',(#3946),#3950);
#3946 = LINE('',#3947,#3948);
#3947 = CARTESIAN_POINT('',(0.,8.));
#3948 = VECTOR('',#3949,1.);
#3949 = DIRECTION('',(1.,0.));
#3950 = ( GEOMETRIC_REPRESENTATION_CONTEXT(2) 
PARAMETRIC_REPRESENTATION_CONTEXT() REPRESENTATION_CONTEXT('2D SPACE',''
  ) );
#3951 = ORIENTED_EDGE('',*,*,#3952,.T.);
#3952 = EDGE_CURVE('',#3930,#3459,#3953,.T.);
#3953 = SURFACE_CURVE('',#3954,(#3958,#3965),.PCURVE_S1.);
#3954 = LINE('',#3955,#3956);
#3955 = CARTESIAN_POINT('',(1.955E+03,202.,85.));
#3956 = VECTOR('',#3957,1.);
#3957 = DIRECTION('',(0.,0.,1.));
#3958 = PCURVE('',#3258,#3959);
#3959 = DEFINITIONAL_REPRESENTATION('',(#3960),#3964);
#3960 = LINE('',#3961,#3962);
#3961 = CARTESIAN_POINT('',(0.,0.));
#3962 = VECTOR('',#3963,1.);
#3963 = DIRECTION('',(1.,0.));
#3964 = ( GEOMETRIC_REPRESENTATION_CONTEXT(2) 
PARAMETRIC_REPRESENTATION_CONTEXT() REPRESENTATION_CONTEXT('2D SPACE',''
  ) );
#3965 = PCURVE('',#3497,#3966);
#3966 = DEFINITIONAL_REPRESENTATION('',(#3967),#3971);
#3967 = LINE('',#3968,#3969);
#3968 = CARTESIAN_POINT('',(0.,-8.));
#3969 = VECTOR('',#3970,1.);
#3970 = DIRECTION('',(1.,0.));
#3971 = ( GEOMETRIC_REPRESENTATION_CONTEXT(2) 
PARAMETRIC_REPRESENTATION_CONTEXT() REPRESENTATION_CONTEXT('2D SPACE',''
  ) );
#3972 = ORIENTED_EDGE('',*,*,#3458,.T.);
#3973 = ORIENTED_EDGE('',*,*,#3242,.T.);
#3974 = ORIENTED_EDGE('',*,*,#3904,.F.);
#3975 = FACE_BOUND('',#3976,.T.);
#3976 = EDGE_LOOP('',(#3977));
#3977 = ORIENTED_EDGE('',*,*,#3978,.F.);
#3978 = EDGE_CURVE('',#3979,#3979,#3981,.T.);
#3979 = VERTEX_POINT('',#3980);
#3980 = CARTESIAN_POINT('',(1.98E+03,202.,110.));
#3981 = SURFACE_CURVE('',#3982,(#3987,#3994),.PCURVE_S1.);
#3982 = CIRCLE('',#3983,10.);
#3983 = AXIS2_PLACEMENT_3D('',#3984,#3985,#3986);
#3984 = CARTESIAN_POINT('',(1.98E+03,202.,100.));
#3985 = DIRECTION('',(0.,1.,0.));
#3986 = DIRECTION('',(0.,-0.,1.));
#3987 = PCURVE('',#3258,#3988);
#3988 = DEFINITIONAL_REPRESENTATION('',(#3989),#3993);
#3989 = CIRCLE('',#3990,10.);
#3990 = AXIS2_PLACEMENT_2D('',#3991,#3992);
#3991 = CARTESIAN_POINT('',(15.,25.));
#3992 = DIRECTION('',(1.,0.));
#3993 = ( GEOMETRIC_REPRESENTATION_CONTEXT(2) 
PARAMETRIC_REPRESENTATION_CONTEXT() REPRESENTATION_CONTEXT('2D SPACE',''
  ) );
#3994 = PCURVE('',#3995,#4000);
#3995 = CYLINDRICAL_SURFACE('',#3996,10.);
#3996 = AXIS2_PLACEMENT_3D('',#3997,#3998,#3999);
#3997 = CARTESIAN_POINT('',(1.98E+03,126.,100.));
#3998 = DIRECTION('',(0.,1.,0.));
#3999 = DIRECTION('',(0.,-0.,1.));
#4000 = DEFINITIONAL_REPRESENTATION('',(#4001),#4005);
#4001 = LINE('',#4002,#4003);
#4002 = CARTESIAN_POINT('',(0.,76.));
#4003 = VECTOR('',#4004,1.);
#4004 = DIRECTION('',(1.,0.));
#4005 = ( GEOMETRIC_REPRESENTATION_CONTEXT(2) 
PARAMETRIC_REPRESENTATION_CONTEXT() REPRESENTATION_CONTEXT('2D SPACE',''
  ) );
#4006 = ADVANCED_FACE('',(#4007),#3421,.F.);
#4007 = FACE_BOUND('',#4008,.F.);
#4008 = EDGE_LOOP('',(#4009,#4010,#4031,#4032));
#4009 = ORIENTED_EDGE('',*,*,#3564,.F.);
#4010 = ORIENTED_EDGE('',*,*,#4011,.T.);
#4011 = EDGE_CURVE('',#3535,#3692,#4012,.T.);
#4012 = SURFACE_CURVE('',#4013,(#4017,#4024),.PCURVE_S1.);
#4013 = LINE('',#4014,#4015);
#4014 = CARTESIAN_POINT('',(1.955E+03,128.,85.));
#4015 = VECTOR('',#4016,1.);
#4016 = DIRECTION('',(-0.,1.,0.));
#4017 = PCURVE('',#3421,#4018);
#4018 = DEFINITIONAL_REPRESENTATION('',(#4019),#4023);
#4019 = LINE('',#4020,#4021);
#4020 = CARTESIAN_POINT('',(0.,0.));
#4021 = VECTOR('',#4022,1.);
#4022 = DIRECTION('',(0.,-1.));
#4023 = ( GEOMETRIC_REPRESENTATION_CONTEXT(2) 
PARAMETRIC_REPRESENTATION_CONTEXT() REPRESENTATION_CONTEXT('2D SPACE',''
  ) );
#4024 = PCURVE('',#3552,#4025);
#4025 = DEFINITIONAL_REPRESENTATION('',(#4026),#4030);
#4026 = LINE('',#4027,#4028);
#4027 = CARTESIAN_POINT('',(0.,0.));
#4028 = VECTOR('',#4029,1.);
#4029 = DIRECTION('',(0.,1.));
#4030 = ( GEOMETRIC_REPRESENTATION_CONTEXT(2) 
PARAMETRIC_REPRESENTATION_CONTEXT() REPRESENTATION_CONTEXT('2D SPACE',''
  ) );
#4031 = ORIENTED_EDGE('',*,*,#3714,.T.);
#4032 = ORIENTED_EDGE('',*,*,#3405,.F.);
#4033 = ADVANCED_FACE('',(#4034),#3497,.F.);
#4034 = FACE_BOUND('',#4035,.F.);
#4035 = EDGE_LOOP('',(#4036,#4037,#4058,#4059));
#4036 = ORIENTED_EDGE('',*,*,#3802,.F.);
#4037 = ORIENTED_EDGE('',*,*,#4038,.T.);
#4038 = EDGE_CURVE('',#3773,#3930,#4039,.T.);
#4039 = SURFACE_CURVE('',#4040,(#4044,#4051),.PCURVE_S1.);
#4040 = LINE('',#4041,#4042);
#4041 = CARTESIAN_POINT('',(1.955E+03,194.,85.));
#4042 = VECTOR('',#4043,1.);
#4043 = DIRECTION('',(-0.,1.,0.));
#4044 = PCURVE('',#3497,#4045);
#4045 = DEFINITIONAL_REPRESENTATION('',(#4046),#4050);
#4046 = LINE('',#4047,#4048);
#4047 = CARTESIAN_POINT('',(0.,0.));
#4048 = VECTOR('',#4049,1.);
#4049 = DIRECTION('',(0.,-1.));
#4050 = ( GEOMETRIC_REPRESENTATION_CONTEXT(2) 
PARAMETRIC_REPRESENTATION_CONTEXT() REPRESENTATION_CONTEXT('2D SPACE',''
  ) );
#4051 = PCURVE('',#3790,#4052);
#4052 = DEFINITIONAL_REPRESENTATION('',(#4053),#4057);
#4053 = LINE('',#4054,#4055);
#4054 = CARTESIAN_POINT('',(0.,0.));
#4055 = VECTOR('',#4056,1.);
#4056 = DIRECTION('',(0.,1.));
#4057 = ( GEOMETRIC_REPRESENTATION_CONTEXT(2) 
PARAMETRIC_REPRESENTATION_CONTEXT() REPRESENTATION_CONTEXT('2D SPACE',''
  ) );
#4058 = ORIENTED_EDGE('',*,*,#3952,.T.);
#4059 = ORIENTED_EDGE('',*,*,#3481,.F.);
#4060 = ADVANCED_FACE('',(#4061),#3552,.F.);
#4061 = FACE_BOUND('',#4062,.F.);
#4062 = EDGE_LOOP('',(#4063,#4064,#4065,#4066));
#4063 = ORIENTED_EDGE('',*,*,#4011,.F.);
#4064 = ORIENTED_EDGE('',*,*,#3534,.T.);
#4065 = ORIENTED_EDGE('',*,*,#3643,.T.);
#4066 = ORIENTED_EDGE('',*,*,#3691,.F.);
#4067 = ADVANCED_FACE('',(#4068),#3627,.T.);
#4068 = FACE_BOUND('',#4069,.T.);
#4069 = EDGE_LOOP('',(#4070,#4071,#4094,#4121));
#4070 = ORIENTED_EDGE('',*,*,#3610,.F.);
#4071 = ORIENTED_EDGE('',*,*,#4072,.F.);
#4072 = EDGE_CURVE('',#4073,#3611,#4075,.T.);
#4073 = VERTEX_POINT('',#4074);
#4074 = CARTESIAN_POINT('',(1.98E+03,126.,110.));
#4075 = SEAM_CURVE('',#4076,(#4080,#4087),.PCURVE_S1.);
#4076 = LINE('',#4077,#4078);
#4077 = CARTESIAN_POINT('',(1.98E+03,126.,110.));
#4078 = VECTOR('',#4079,1.);
#4079 = DIRECTION('',(0.,1.,0.));
#4080 = PCURVE('',#3627,#4081);
#4081 = DEFINITIONAL_REPRESENTATION('',(#4082),#4086);
#4082 = LINE('',#4083,#4084);
#4083 = CARTESIAN_POINT('',(6.28318530718,-0.));
#4084 = VECTOR('',#4085,1.);
#4085 = DIRECTION('',(0.,1.));
#4086 = ( GEOMETRIC_REPRESENTATION_CONTEXT(2) 
PARAMETRIC_REPRESENTATION_CONTEXT() REPRESENTATION_CONTEXT('2D SPACE',''
  ) );
#4087 = PCURVE('',#3627,#4088);
#4088 = DEFINITIONAL_REPRESENTATION('',(#4089),#4093);
#4089 = LINE('',#4090,#4091);
#4090 = CARTESIAN_POINT('',(0.,-0.));
#4091 = VECTOR('',#4092,1.);
#4092 = DIRECTION('',(0.,1.));
#4093 = ( GEOMETRIC_REPRESENTATION_CONTEXT(2) 
PARAMETRIC_REPRESENTATION_CONTEXT() REPRESENTATION_CONTEXT('2D SPACE',''
  ) );
#4094 = ORIENTED_EDGE('',*,*,#4095,.T.);
#4095 = EDGE_CURVE('',#4073,#4073,#4096,.T.);
#4096 = SURFACE_CURVE('',#4097,(#4102,#4109),.PCURVE_S1.);
#4097 = CIRCLE('',#4098,10.);
#4098 = AXIS2_PLACEMENT_3D('',#4099,#4100,#4101);
#4099 = CARTESIAN_POINT('',(1.98E+03,126.,100.));
#4100 = DIRECTION('',(0.,1.,0.));
#4101 = DIRECTION('',(0.,-0.,1.));
#4102 = PCURVE('',#3627,#4103);
#4103 = DEFINITIONAL_REPRESENTATION('',(#4104),#4108);
#4104 = LINE('',#4105,#4106);
#4105 = CARTESIAN_POINT('',(0.,0.));
#4106 = VECTOR('',#4107,1.);
#4107 = DIRECTION('',(1.,0.));
#4108 = ( GEOMETRIC_REPRESENTATION_CONTEXT(2) 
PARAMETRIC_REPRESENTATION_CONTEXT() REPRESENTATION_CONTEXT('2D SPACE',''
  ) );
#4109 = PCURVE('',#4110,#4115);
#4110 = PLANE('',#4111);
#4111 = AXIS2_PLACEMENT_3D('',#4112,#4113,#4114);
#4112 = CARTESIAN_POINT('',(1.98E+03,126.,100.));
#4113 = DIRECTION('',(0.,1.,0.));
#4114 = DIRECTION('',(0.,-0.,1.));
#4115 = DEFINITIONAL_REPRESENTATION('',(#4116),#4120);
#4116 = CIRCLE('',#4117,10.);
#4117 = AXIS2_PLACEMENT_2D('',#4118,#4119);
#4118 = CARTESIAN_POINT('',(0.,0.));
#4119 = DIRECTION('',(1.,0.));
#4120 = ( GEOMETRIC_REPRESENTATION_CONTEXT(2) 
PARAMETRIC_REPRESENTATION_CONTEXT() REPRESENTATION_CONTEXT('2D SPACE',''
  ) );
#4121 = ORIENTED_EDGE('',*,*,#4072,.T.);
#4122 = ADVANCED_FACE('',(#4123),#3757,.T.);
#4123 = FACE_BOUND('',#4124,.T.);
#4124 = EDGE_LOOP('',(#4125,#4154,#4175,#4176));
#4125 = ORIENTED_EDGE('',*,*,#4126,.F.);
#4126 = EDGE_CURVE('',#4127,#4127,#4129,.T.);
#4127 = VERTEX_POINT('',#4128);
#4128 = CARTESIAN_POINT('',(1.98E+03,140.,110.));
#4129 = SURFACE_CURVE('',#4130,(#4135,#4142),.PCURVE_S1.);
#4130 = CIRCLE('',#4131,10.);
#4131 = AXIS2_PLACEMENT_3D('',#4132,#4133,#4134);
#4132 = CARTESIAN_POINT('',(1.98E+03,140.,100.));
#4133 = DIRECTION('',(0.,1.,0.));
#4134 = DIRECTION('',(0.,-0.,1.));
#4135 = PCURVE('',#3757,#4136);
#4136 = DEFINITIONAL_REPRESENTATION('',(#4137),#4141);
#4137 = LINE('',#4138,#4139);
#4138 = CARTESIAN_POINT('',(0.,14.));
#4139 = VECTOR('',#4140,1.);
#4140 = DIRECTION('',(1.,0.));
#4141 = ( GEOMETRIC_REPRESENTATION_CONTEXT(2) 
PARAMETRIC_REPRESENTATION_CONTEXT() REPRESENTATION_CONTEXT('2D SPACE',''
  ) );
#4142 = PCURVE('',#4143,#4148);
#4143 = PLANE('',#4144);
#4144 = AXIS2_PLACEMENT_3D('',#4145,#4146,#4147);
#4145 = CARTESIAN_POINT('',(1.98E+03,140.,100.));
#4146 = DIRECTION('',(0.,1.,0.));
#4147 = DIRECTION('',(0.,-0.,1.));
#4148 = DEFINITIONAL_REPRESENTATION('',(#4149),#4153);
#4149 = CIRCLE('',#4150,10.);
#4150 = AXIS2_PLACEMENT_2D('',#4151,#4152);
#4151 = CARTESIAN_POINT('',(0.,0.));
#4152 = DIRECTION('',(1.,0.));
#4153 = ( GEOMETRIC_REPRESENTATION_CONTEXT(2) 
PARAMETRIC_REPRESENTATION_CONTEXT() REPRESENTATION_CONTEXT('2D SPACE',''
  ) );
#4154 = ORIENTED_EDGE('',*,*,#4155,.F.);
#4155 = EDGE_CURVE('',#3741,#4127,#4156,.T.);
#4156 = SEAM_CURVE('',#4157,(#4161,#4168),.PCURVE_S1.);
#4157 = LINE('',#4158,#4159);
#4158 = CARTESIAN_POINT('',(1.98E+03,126.,110.));
#4159 = VECTOR('',#4160,1.);
#4160 = DIRECTION('',(0.,1.,0.));
#4161 = PCURVE('',#3757,#4162);
#4162 = DEFINITIONAL_REPRESENTATION('',(#4163),#4167);
#4163 = LINE('',#4164,#4165);
#4164 = CARTESIAN_POINT('',(6.28318530718,-0.));
#4165 = VECTOR('',#4166,1.);
#4166 = DIRECTION('',(0.,1.));
#4167 = ( GEOMETRIC_REPRESENTATION_CONTEXT(2) 
PARAMETRIC_REPRESENTATION_CONTEXT() REPRESENTATION_CONTEXT('2D SPACE',''
  ) );
#4168 = PCURVE('',#3757,#4169);
#4169 = DEFINITIONAL_REPRESENTATION('',(#4170),#4174);
#4170 = LINE('',#4171,#4172);
#4171 = CARTESIAN_POINT('',(0.,-0.));
#4172 = VECTOR('',#4173,1.);
#4173 = DIRECTION('',(0.,1.));
#4174 = ( GEOMETRIC_REPRESENTATION_CONTEXT(2) 
PARAMETRIC_REPRESENTATION_CONTEXT() REPRESENTATION_CONTEXT('2D SPACE',''
  ) );
#4175 = ORIENTED_EDGE('',*,*,#3740,.T.);
#4176 = ORIENTED_EDGE('',*,*,#4155,.T.);
#4177 = ADVANCED_FACE('',(#4178),#3790,.F.);
#4178 = FACE_BOUND('',#4179,.F.);
#4179 = EDGE_LOOP('',(#4180,#4181,#4182,#4183));
#4180 = ORIENTED_EDGE('',*,*,#4038,.F.);
#4181 = ORIENTED_EDGE('',*,*,#3772,.T.);
#4182 = ORIENTED_EDGE('',*,*,#3881,.T.);
#4183 = ORIENTED_EDGE('',*,*,#3929,.F.);
#4184 = ADVANCED_FACE('',(#4185),#3865,.T.);
#4185 = FACE_BOUND('',#4186,.T.);
#4186 = EDGE_LOOP('',(#4187,#4188,#4211,#4238));
#4187 = ORIENTED_EDGE('',*,*,#3848,.F.);
#4188 = ORIENTED_EDGE('',*,*,#4189,.F.);
#4189 = EDGE_CURVE('',#4190,#3849,#4192,.T.);
#4190 = VERTEX_POINT('',#4191);
#4191 = CARTESIAN_POINT('',(1.98E+03,190.,110.));
#4192 = SEAM_CURVE('',#4193,(#4197,#4204),.PCURVE_S1.);
#4193 = LINE('',#4194,#4195);
#4194 = CARTESIAN_POINT('',(1.98E+03,126.,110.));
#4195 = VECTOR('',#4196,1.);
#4196 = DIRECTION('',(0.,1.,0.));
#4197 = PCURVE('',#3865,#4198);
#4198 = DEFINITIONAL_REPRESENTATION('',(#4199),#4203);
#4199 = LINE('',#4200,#4201);
#4200 = CARTESIAN_POINT('',(6.28318530718,-0.));
#4201 = VECTOR('',#4202,1.);
#4202 = DIRECTION('',(0.,1.));
#4203 = ( GEOMETRIC_REPRESENTATION_CONTEXT(2) 
PARAMETRIC_REPRESENTATION_CONTEXT() REPRESENTATION_CONTEXT('2D SPACE',''
  ) );
#4204 = PCURVE('',#3865,#4205);
#4205 = DEFINITIONAL_REPRESENTATION('',(#4206),#4210);
#4206 = LINE('',#4207,#4208);
#4207 = CARTESIAN_POINT('',(0.,-0.));
#4208 = VECTOR('',#4209,1.);
#4209 = DIRECTION('',(0.,1.));
#4210 = ( GEOMETRIC_REPRESENTATION_CONTEXT(2) 
PARAMETRIC_REPRESENTATION_CONTEXT() REPRESENTATION_CONTEXT('2D SPACE',''
  ) );
#4211 = ORIENTED_EDGE('',*,*,#4212,.T.);
#4212 = EDGE_CURVE('',#4190,#4190,#4213,.T.);
#4213 = SURFACE_CURVE('',#4214,(#4219,#4226),.PCURVE_S1.);
#4214 = CIRCLE('',#4215,10.);
#4215 = AXIS2_PLACEMENT_3D('',#4216,#4217,#4218);
#4216 = CARTESIAN_POINT('',(1.98E+03,190.,100.));
#4217 = DIRECTION('',(0.,1.,0.));
#4218 = DIRECTION('',(0.,-0.,1.));
#4219 = PCURVE('',#3865,#4220);
#4220 = DEFINITIONAL_REPRESENTATION('',(#4221),#4225);
#4221 = LINE('',#4222,#4223);
#4222 = CARTESIAN_POINT('',(0.,64.));
#4223 = VECTOR('',#4224,1.);
#4224 = DIRECTION('',(1.,0.));
#4225 = ( GEOMETRIC_REPRESENTATION_CONTEXT(2) 
PARAMETRIC_REPRESENTATION_CONTEXT() REPRESENTATION_CONTEXT('2D SPACE',''
  ) );
#4226 = PCURVE('',#4227,#4232);
#4227 = PLANE('',#4228);
#4228 = AXIS2_PLACEMENT_3D('',#4229,#4230,#4231);
#4229 = CARTESIAN_POINT('',(1.98E+03,190.,100.));
#4230 = DIRECTION('',(0.,1.,0.));
#4231 = DIRECTION('',(0.,-0.,1.));
#4232 = DEFINITIONAL_REPRESENTATION('',(#4233),#4237);
#4233 = CIRCLE('',#4234,10.);
#4234 = AXIS2_PLACEMENT_2D('',#4235,#4236);
#4235 = CARTESIAN_POINT('',(0.,0.));
#4236 = DIRECTION('',(1.,0.));
#4237 = ( GEOMETRIC_REPRESENTATION_CONTEXT(2) 
PARAMETRIC_REPRESENTATION_CONTEXT() REPRESENTATION_CONTEXT('2D SPACE',''
  ) );
#4238 = ORIENTED_EDGE('',*,*,#4189,.T.);
#4239 = ADVANCED_FACE('',(#4240),#3995,.T.);
#4240 = FACE_BOUND('',#4241,.T.);
#4241 = EDGE_LOOP('',(#4242,#4265,#4292,#4293));
#4242 = ORIENTED_EDGE('',*,*,#4243,.T.);
#4243 = EDGE_CURVE('',#3979,#4244,#4246,.T.);
#4244 = VERTEX_POINT('',#4245);
#4245 = CARTESIAN_POINT('',(1.98E+03,204.,110.));
#4246 = SEAM_CURVE('',#4247,(#4251,#4258),.PCURVE_S1.);
#4247 = LINE('',#4248,#4249);
#4248 = CARTESIAN_POINT('',(1.98E+03,126.,110.));
#4249 = VECTOR('',#4250,1.);
#4250 = DIRECTION('',(0.,1.,0.));
#4251 = PCURVE('',#3995,#4252);
#4252 = DEFINITIONAL_REPRESENTATION('',(#4253),#4257);
#4253 = LINE('',#4254,#4255);
#4254 = CARTESIAN_POINT('',(6.28318530718,-0.));
#4255 = VECTOR('',#4256,1.);
#4256 = DIRECTION('',(0.,1.));
#4257 = ( GEOMETRIC_REPRESENTATION_CONTEXT(2) 
PARAMETRIC_REPRESENTATION_CONTEXT() REPRESENTATION_CONTEXT('2D SPACE',''
  ) );
#4258 = PCURVE('',#3995,#4259);
#4259 = DEFINITIONAL_REPRESENTATION('',(#4260),#4264);
#4260 = LINE('',#4261,#4262);
#4261 = CARTESIAN_POINT('',(0.,-0.));
#4262 = VECTOR('',#4263,1.);
#4263 = DIRECTION('',(0.,1.));
#4264 = ( GEOMETRIC_REPRESENTATION_CONTEXT(2) 
PARAMETRIC_REPRESENTATION_CONTEXT() REPRESENTATION_CONTEXT('2D SPACE',''
  ) );
#4265 = ORIENTED_EDGE('',*,*,#4266,.F.);
#4266 = EDGE_CURVE('',#4244,#4244,#4267,.T.);
#4267 = SURFACE_CURVE('',#4268,(#4273,#4280),.PCURVE_S1.);
#4268 = CIRCLE('',#4269,10.);
#4269 = AXIS2_PLACEMENT_3D('',#4270,#4271,#4272);
#4270 = CARTESIAN_POINT('',(1.98E+03,204.,100.));
#4271 = DIRECTION('',(0.,1.,0.));
#4272 = DIRECTION('',(0.,-0.,1.));
#4273 = PCURVE('',#3995,#4274);
#4274 = DEFINITIONAL_REPRESENTATION('',(#4275),#4279);
#4275 = LINE('',#4276,#4277);
#4276 = CARTESIAN_POINT('',(0.,78.));
#4277 = VECTOR('',#4278,1.);
#4278 = DIRECTION('',(1.,0.));
#4279 = ( GEOMETRIC_REPRESENTATION_CONTEXT(2) 
PARAMETRIC_REPRESENTATION_CONTEXT() REPRESENTATION_CONTEXT('2D SPACE',''
  ) );
#4280 = PCURVE('',#4281,#4286);
#4281 = PLANE('',#4282);
#4282 = AXIS2_PLACEMENT_3D('',#4283,#4284,#4285);
#4283 = CARTESIAN_POINT('',(1.98E+03,204.,100.));
#4284 = DIRECTION('',(0.,1.,0.));
#4285 = DIRECTION('',(0.,-0.,1.));
#4286 = DEFINITIONAL_REPRESENTATION('',(#4287),#4291);
#4287 = CIRCLE('',#4288,10.);
#4288 = AXIS2_PLACEMENT_2D('',#4289,#4290);
#4289 = CARTESIAN_POINT('',(0.,0.));
#4290 = DIRECTION('',(1.,0.));
#4291 = ( GEOMETRIC_REPRESENTATION_CONTEXT(2) 
PARAMETRIC_REPRESENTATION_CONTEXT() REPRESENTATION_CONTEXT('2D SPACE',''
  ) );
#4292 = ORIENTED_EDGE('',*,*,#4243,.F.);
#4293 = ORIENTED_EDGE('',*,*,#3978,.T.);
#4294 = ADVANCED_FACE('',(#4295),#4110,.F.);
#4295 = FACE_BOUND('',#4296,.T.);
#4296 = EDGE_LOOP('',(#4297));
#4297 = ORIENTED_EDGE('',*,*,#4095,.F.);
#4298 = ADVANCED_FACE('',(#4299,#4330),#4143,.F.);
#4299 = FACE_BOUND('',#4300,.F.);
#4300 = EDGE_LOOP('',(#4301));
#4301 = ORIENTED_EDGE('',*,*,#4302,.T.);
#4302 = EDGE_CURVE('',#4303,#4303,#4305,.T.);
#4303 = VERTEX_POINT('',#4304);
#4304 = CARTESIAN_POINT('',(1.98E+03,140.,200.));
#4305 = SURFACE_CURVE('',#4306,(#4311,#4318),.PCURVE_S1.);
#4306 = CIRCLE('',#4307,100.);
#4307 = AXIS2_PLACEMENT_3D('',#4308,#4309,#4310);
#4308 = CARTESIAN_POINT('',(1.98E+03,140.,100.));
#4309 = DIRECTION('',(0.,1.,0.));
#4310 = DIRECTION('',(0.,-0.,1.));
#4311 = PCURVE('',#4143,#4312);
#4312 = DEFINITIONAL_REPRESENTATION('',(#4313),#4317);
#4313 = CIRCLE('',#4314,100.);
#4314 = AXIS2_PLACEMENT_2D('',#4315,#4316);
#4315 = CARTESIAN_POINT('',(0.,0.));
#4316 = DIRECTION('',(1.,0.));
#4317 = ( GEOMETRIC_REPRESENTATION_CONTEXT(2) 
PARAMETRIC_REPRESENTATION_CONTEXT() REPRESENTATION_CONTEXT('2D SPACE',''
  ) );
#4318 = PCURVE('',#4319,#4324);
#4319 = CYLINDRICAL_SURFACE('',#4320,100.);
#4320 = AXIS2_PLACEMENT_3D('',#4321,#4322,#4323);
#4321 = CARTESIAN_POINT('',(1.98E+03,140.,100.));
#4322 = DIRECTION('',(0.,1.,0.));
#4323 = DIRECTION('',(0.,-0.,1.));
#4324 = DEFINITIONAL_REPRESENTATION('',(#4325),#4329);
#4325 = LINE('',#4326,#4327);
#4326 = CARTESIAN_POINT('',(0.,0.));
#4327 = VECTOR('',#4328,1.);
#4328 = DIRECTION('',(1.,0.));
#4329 = ( GEOMETRIC_REPRESENTATION_CONTEXT(2) 
PARAMETRIC_REPRESENTATION_CONTEXT() REPRESENTATION_CONTEXT('2D SPACE',''
  ) );
#4330 = FACE_BOUND('',#4331,.F.);
#4331 = EDGE_LOOP('',(#4332));
#4332 = ORIENTED_EDGE('',*,*,#4126,.F.);
#4333 = ADVANCED_FACE('',(#4334,#4360),#4227,.T.);
#4334 = FACE_BOUND('',#4335,.T.);
#4335 = EDGE_LOOP('',(#4336));
#4336 = ORIENTED_EDGE('',*,*,#4337,.T.);
#4337 = EDGE_CURVE('',#4338,#4338,#4340,.T.);
#4338 = VERTEX_POINT('',#4339);
#4339 = CARTESIAN_POINT('',(1.98E+03,190.,200.));
#4340 = SURFACE_CURVE('',#4341,(#4346,#4353),.PCURVE_S1.);
#4341 = CIRCLE('',#4342,100.);
#4342 = AXIS2_PLACEMENT_3D('',#4343,#4344,#4345);
#4343 = CARTESIAN_POINT('',(1.98E+03,190.,100.));
#4344 = DIRECTION('',(0.,1.,0.));
#4345 = DIRECTION('',(0.,-0.,1.));
#4346 = PCURVE('',#4227,#4347);
#4347 = DEFINITIONAL_REPRESENTATION('',(#4348),#4352);
#4348 = CIRCLE('',#4349,100.);
#4349 = AXIS2_PLACEMENT_2D('',#4350,#4351);
#4350 = CARTESIAN_POINT('',(0.,0.));
#4351 = DIRECTION('',(1.,0.));
#4352 = ( GEOMETRIC_REPRESENTATION_CONTEXT(2) 
PARAMETRIC_REPRESENTATION_CONTEXT() REPRESENTATION_CONTEXT('2D SPACE',''
  ) );
#4353 = PCURVE('',#4319,#4354);
#4354 = DEFINITIONAL_REPRESENTATION('',(#4355),#4359);
#4355 = LINE('',#4356,#4357);
#4356 = CARTESIAN_POINT('',(0.,50.));
#4357 = VECTOR('',#4358,1.);
#4358 = DIRECTION('',(1.,0.));
#4359 = ( GEOMETRIC_REPRESENTATION_CONTEXT(2) 
PARAMETRIC_REPRESENTATION_CONTEXT() REPRESENTATION_CONTEXT('2D SPACE',''
  ) );
#4360 = FACE_BOUND('',#4361,.T.);
#4361 = EDGE_LOOP('',(#4362));
#4362 = ORIENTED_EDGE('',*,*,#4212,.F.);
#4363 = ADVANCED_FACE('',(#4364),#4281,.T.);
#4364 = FACE_BOUND('',#4365,.T.);
#4365 = EDGE_LOOP('',(#4366));
#4366 = ORIENTED_EDGE('',*,*,#4266,.T.);
#4367 = ADVANCED_FACE('',(#4368,#4394),#4319,.T.);
#4368 = FACE_BOUND('',#4369,.T.);
#4369 = EDGE_LOOP('',(#4370,#4391,#4392,#4393));
#4370 = ORIENTED_EDGE('',*,*,#4371,.T.);
#4371 = EDGE_CURVE('',#4303,#4338,#4372,.T.);
#4372 = SEAM_CURVE('',#4373,(#4377,#4384),.PCURVE_S1.);
#4373 = LINE('',#4374,#4375);
#4374 = CARTESIAN_POINT('',(1.98E+03,140.,200.));
#4375 = VECTOR('',#4376,1.);
#4376 = DIRECTION('',(0.,1.,0.));
#4377 = PCURVE('',#4319,#4378);
#4378 = DEFINITIONAL_REPRESENTATION('',(#4379),#4383);
#4379 = LINE('',#4380,#4381);
#4380 = CARTESIAN_POINT('',(6.28318530718,-0.));
#4381 = VECTOR('',#4382,1.);
#4382 = DIRECTION('',(0.,1.));
#4383 = ( GEOMETRIC_REPRESENTATION_CONTEXT(2) 
PARAMETRIC_REPRESENTATION_CONTEXT() REPRESENTATION_CONTEXT('2D SPACE',''
  ) );
#4384 = PCURVE('',#4319,#4385);
#4385 = DEFINITIONAL_REPRESENTATION('',(#4386),#4390);
#4386 = LINE('',#4387,#4388);
#4387 = CARTESIAN_POINT('',(0.,-0.));
#4388 = VECTOR('',#4389,1.);
#4389 = DIRECTION('',(0.,1.));
#4390 = ( GEOMETRIC_REPRESENTATION_CONTEXT(2) 
PARAMETRIC_REPRESENTATION_CONTEXT() REPRESENTATION_CONTEXT('2D SPACE',''
  ) );
#4391 = ORIENTED_EDGE('',*,*,#4337,.F.);
#4392 = ORIENTED_EDGE('',*,*,#4371,.F.);
#4393 = ORIENTED_EDGE('',*,*,#4302,.T.);
#4394 = FACE_BOUND('',#4395,.T.);
#4395 = EDGE_LOOP('',(#4396,#4424,#4453,#4479));
#4396 = ORIENTED_EDGE('',*,*,#4397,.F.);
#4397 = EDGE_CURVE('',#4398,#4400,#4402,.T.);
#4398 = VERTEX_POINT('',#4399);
#4399 = CARTESIAN_POINT('',(2.05E+03,153.,171.41428428542));
#4400 = VERTEX_POINT('',#4401);
#4401 = CARTESIAN_POINT('',(2.05E+03,177.,171.41428428542));
#4402 = SURFACE_CURVE('',#4403,(#4407,#4413),.PCURVE_S1.);
#4403 = LINE('',#4404,#4405);
#4404 = CARTESIAN_POINT('',(2.05E+03,140.,171.41428428542));
#4405 = VECTOR('',#4406,1.);
#4406 = DIRECTION('',(0.,1.,0.));
#4407 = PCURVE('',#4319,#4408);
#4408 = DEFINITIONAL_REPRESENTATION('',(#4409),#4412);
#4409 = B_SPLINE_CURVE_WITH_KNOTS('',1,(#4410,#4411),.UNSPECIFIED.,.F.,
  .F.,(2,2),(10.6,39.4),.PIECEWISE_BEZIER_KNOTS.);
#4410 = CARTESIAN_POINT('',(0.775397496611,10.6));
#4411 = CARTESIAN_POINT('',(0.775397496611,39.4));
#4412 = ( GEOMETRIC_REPRESENTATION_CONTEXT(2) 
PARAMETRIC_REPRESENTATION_CONTEXT() REPRESENTATION_CONTEXT('2D SPACE',''
  ) );
#4413 = PCURVE('',#4414,#4419);
#4414 = PLANE('',#4415);
#4415 = AXIS2_PLACEMENT_3D('',#4416,#4417,#4418);
#4416 = CARTESIAN_POINT('',(2.05E+03,153.,160.));
#4417 = DIRECTION('',(1.,0.,-0.));
#4418 = DIRECTION('',(0.,0.,1.));
#4419 = DEFINITIONAL_REPRESENTATION('',(#4420),#4423);
#4420 = B_SPLINE_CURVE_WITH_KNOTS('',1,(#4421,#4422),.UNSPECIFIED.,.F.,
  .F.,(2,2),(10.6,39.4),.PIECEWISE_BEZIER_KNOTS.);
#4421 = CARTESIAN_POINT('',(11.414284285428,2.4));
#4422 = CARTESIAN_POINT('',(11.414284285428,-26.4));
#4423 = ( GEOMETRIC_REPRESENTATION_CONTEXT(2) 
PARAMETRIC_REPRESENTATION_CONTEXT() REPRESENTATION_CONTEXT('2D SPACE',''
  ) );
#4424 = ORIENTED_EDGE('',*,*,#4425,.F.);
#4425 = EDGE_CURVE('',#4426,#4398,#4428,.T.);
#4426 = VERTEX_POINT('',#4427);
#4427 = CARTESIAN_POINT('',(2.049397406292E+03,153.,172.));
#4428 = SURFACE_CURVE('',#4429,(#4434,#4441),.PCURVE_S1.);
#4429 = CIRCLE('',#4430,100.);
#4430 = AXIS2_PLACEMENT_3D('',#4431,#4432,#4433);
#4431 = CARTESIAN_POINT('',(1.98E+03,153.,100.));
#4432 = DIRECTION('',(0.,1.,0.));
#4433 = DIRECTION('',(0.,-0.,1.));
#4434 = PCURVE('',#4319,#4435);
#4435 = DEFINITIONAL_REPRESENTATION('',(#4436),#4440);
#4436 = LINE('',#4437,#4438);
#4437 = CARTESIAN_POINT('',(0.,13.));
#4438 = VECTOR('',#4439,1.);
#4439 = DIRECTION('',(1.,0.));
#4440 = ( GEOMETRIC_REPRESENTATION_CONTEXT(2) 
PARAMETRIC_REPRESENTATION_CONTEXT() REPRESENTATION_CONTEXT('2D SPACE',''
  ) );
#4441 = PCURVE('',#4442,#4447);
#4442 = PLANE('',#4443);
#4443 = AXIS2_PLACEMENT_3D('',#4444,#4445,#4446);
#4444 = CARTESIAN_POINT('',(2.E+03,153.,160.));
#4445 = DIRECTION('',(-0.,1.,0.));
#4446 = DIRECTION('',(0.,0.,1.));
#4447 = DEFINITIONAL_REPRESENTATION('',(#4448),#4452);
#4448 = CIRCLE('',#4449,100.);
#4449 = AXIS2_PLACEMENT_2D('',#4450,#4451);
#4450 = CARTESIAN_POINT('',(-60.,-20.));
#4451 = DIRECTION('',(1.,0.));
#4452 = ( GEOMETRIC_REPRESENTATION_CONTEXT(2) 
PARAMETRIC_REPRESENTATION_CONTEXT() REPRESENTATION_CONTEXT('2D SPACE',''
  ) );
#4453 = ORIENTED_EDGE('',*,*,#4454,.T.);
#4454 = EDGE_CURVE('',#4426,#4455,#4457,.T.);
#4455 = VERTEX_POINT('',#4456);
#4456 = CARTESIAN_POINT('',(2.049397406292E+03,177.,172.));
#4457 = SURFACE_CURVE('',#4458,(#4462,#4468),.PCURVE_S1.);
#4458 = LINE('',#4459,#4460);
#4459 = CARTESIAN_POINT('',(2.049397406292E+03,140.,172.));
#4460 = VECTOR('',#4461,1.);
#4461 = DIRECTION('',(0.,1.,0.));
#4462 = PCURVE('',#4319,#4463);
#4463 = DEFINITIONAL_REPRESENTATION('',(#4464),#4467);
#4464 = B_SPLINE_CURVE_WITH_KNOTS('',1,(#4465,#4466),.UNSPECIFIED.,.F.,
  .F.,(2,2),(10.6,39.4),.PIECEWISE_BEZIER_KNOTS.);
#4465 = CARTESIAN_POINT('',(0.766994007862,10.6));
#4466 = CARTESIAN_POINT('',(0.766994007862,39.4));
#4467 = ( GEOMETRIC_REPRESENTATION_CONTEXT(2) 
PARAMETRIC_REPRESENTATION_CONTEXT() REPRESENTATION_CONTEXT('2D SPACE',''
  ) );
#4468 = PCURVE('',#4469,#4474);
#4469 = PLANE('',#4470);
#4470 = AXIS2_PLACEMENT_3D('',#4471,#4472,#4473);
#4471 = CARTESIAN_POINT('',(2.E+03,153.,172.));
#4472 = DIRECTION('',(0.,0.,1.));
#4473 = DIRECTION('',(1.,0.,-0.));
#4474 = DEFINITIONAL_REPRESENTATION('',(#4475),#4478);
#4475 = B_SPLINE_CURVE_WITH_KNOTS('',1,(#4476,#4477),.UNSPECIFIED.,.F.,
  .F.,(2,2),(10.6,39.4),.PIECEWISE_BEZIER_KNOTS.);
#4476 = CARTESIAN_POINT('',(49.39740629159,-2.4));
#4477 = CARTESIAN_POINT('',(49.39740629159,26.4));
#4478 = ( GEOMETRIC_REPRESENTATION_CONTEXT(2) 
PARAMETRIC_REPRESENTATION_CONTEXT() REPRESENTATION_CONTEXT('2D SPACE',''
  ) );
#4479 = ORIENTED_EDGE('',*,*,#4480,.T.);
#4480 = EDGE_CURVE('',#4455,#4400,#4481,.T.);
#4481 = SURFACE_CURVE('',#4482,(#4487,#4494),.PCURVE_S1.);
#4482 = CIRCLE('',#4483,100.);
#4483 = AXIS2_PLACEMENT_3D('',#4484,#4485,#4486);
#4484 = CARTESIAN_POINT('',(1.98E+03,177.,100.));
#4485 = DIRECTION('',(0.,1.,0.));
#4486 = DIRECTION('',(0.,-0.,1.));
#4487 = PCURVE('',#4319,#4488);
#4488 = DEFINITIONAL_REPRESENTATION('',(#4489),#4493);
#4489 = LINE('',#4490,#4491);
#4490 = CARTESIAN_POINT('',(0.,37.));
#4491 = VECTOR('',#4492,1.);
#4492 = DIRECTION('',(1.,0.));
#4493 = ( GEOMETRIC_REPRESENTATION_CONTEXT(2) 
PARAMETRIC_REPRESENTATION_CONTEXT() REPRESENTATION_CONTEXT('2D SPACE',''
  ) );
#4494 = PCURVE('',#4495,#4500);
#4495 = PLANE('',#4496);
#4496 = AXIS2_PLACEMENT_3D('',#4497,#4498,#4499);
#4497 = CARTESIAN_POINT('',(2.E+03,177.,160.));
#4498 = DIRECTION('',(-0.,1.,0.));
#4499 = DIRECTION('',(0.,0.,1.));
#4500 = DEFINITIONAL_REPRESENTATION('',(#4501),#4505);
#4501 = CIRCLE('',#4502,100.);
#4502 = AXIS2_PLACEMENT_2D('',#4503,#4504);
#4503 = CARTESIAN_POINT('',(-60.,-20.));
#4504 = DIRECTION('',(1.,0.));
#4505 = ( GEOMETRIC_REPRESENTATION_CONTEXT(2) 
PARAMETRIC_REPRESENTATION_CONTEXT() REPRESENTATION_CONTEXT('2D SPACE',''
  ) );
#4506 = ADVANCED_FACE('',(#4507),#4414,.T.);
#4507 = FACE_BOUND('',#4508,.T.);
#4508 = EDGE_LOOP('',(#4509,#4532,#4533,#4556));
#4509 = ORIENTED_EDGE('',*,*,#4510,.F.);
#4510 = EDGE_CURVE('',#4398,#4511,#4513,.T.);
#4511 = VERTEX_POINT('',#4512);
#4512 = CARTESIAN_POINT('',(2.05E+03,153.,172.));
#4513 = SURFACE_CURVE('',#4514,(#4518,#4525),.PCURVE_S1.);
#4514 = LINE('',#4515,#4516);
#4515 = CARTESIAN_POINT('',(2.05E+03,153.,160.));
#4516 = VECTOR('',#4517,1.);
#4517 = DIRECTION('',(0.,0.,1.));
#4518 = PCURVE('',#4414,#4519);
#4519 = DEFINITIONAL_REPRESENTATION('',(#4520),#4524);
#4520 = LINE('',#4521,#4522);
#4521 = CARTESIAN_POINT('',(0.,0.));
#4522 = VECTOR('',#4523,1.);
#4523 = DIRECTION('',(1.,0.));
#4524 = ( GEOMETRIC_REPRESENTATION_CONTEXT(2) 
PARAMETRIC_REPRESENTATION_CONTEXT() REPRESENTATION_CONTEXT('2D SPACE',''
  ) );
#4525 = PCURVE('',#4442,#4526);
#4526 = DEFINITIONAL_REPRESENTATION('',(#4527),#4531);
#4527 = LINE('',#4528,#4529);
#4528 = CARTESIAN_POINT('',(0.,50.));
#4529 = VECTOR('',#4530,1.);
#4530 = DIRECTION('',(1.,0.));
#4531 = ( GEOMETRIC_REPRESENTATION_CONTEXT(2) 
PARAMETRIC_REPRESENTATION_CONTEXT() REPRESENTATION_CONTEXT('2D SPACE',''
  ) );
#4532 = ORIENTED_EDGE('',*,*,#4397,.T.);
#4533 = ORIENTED_EDGE('',*,*,#4534,.T.);
#4534 = EDGE_CURVE('',#4400,#4535,#4537,.T.);
#4535 = VERTEX_POINT('',#4536);
#4536 = CARTESIAN_POINT('',(2.05E+03,177.,172.));
#4537 = SURFACE_CURVE('',#4538,(#4542,#4549),.PCURVE_S1.);
#4538 = LINE('',#4539,#4540);
#4539 = CARTESIAN_POINT('',(2.05E+03,177.,160.));
#4540 = VECTOR('',#4541,1.);
#4541 = DIRECTION('',(0.,0.,1.));
#4542 = PCURVE('',#4414,#4543);
#4543 = DEFINITIONAL_REPRESENTATION('',(#4544),#4548);
#4544 = LINE('',#4545,#4546);
#4545 = CARTESIAN_POINT('',(0.,-24.));
#4546 = VECTOR('',#4547,1.);
#4547 = DIRECTION('',(1.,0.));
#4548 = ( GEOMETRIC_REPRESENTATION_CONTEXT(2) 
PARAMETRIC_REPRESENTATION_CONTEXT() REPRESENTATION_CONTEXT('2D SPACE',''
  ) );
#4549 = PCURVE('',#4495,#4550);
#4550 = DEFINITIONAL_REPRESENTATION('',(#4551),#4555);
#4551 = LINE('',#4552,#4553);
#4552 = CARTESIAN_POINT('',(0.,50.));
#4553 = VECTOR('',#4554,1.);
#4554 = DIRECTION('',(1.,0.));
#4555 = ( GEOMETRIC_REPRESENTATION_CONTEXT(2) 
PARAMETRIC_REPRESENTATION_CONTEXT() REPRESENTATION_CONTEXT('2D SPACE',''
  ) );
#4556 = ORIENTED_EDGE('',*,*,#4557,.F.);
#4557 = EDGE_CURVE('',#4511,#4535,#4558,.T.);
#4558 = SURFACE_CURVE('',#4559,(#4563,#4570),.PCURVE_S1.);
#4559 = LINE('',#4560,#4561);
#4560 = CARTESIAN_POINT('',(2.05E+03,153.,172.));
#4561 = VECTOR('',#4562,1.);
#4562 = DIRECTION('',(-0.,1.,0.));
#4563 = PCURVE('',#4414,#4564);
#4564 = DEFINITIONAL_REPRESENTATION('',(#4565),#4569);
#4565 = LINE('',#4566,#4567);
#4566 = CARTESIAN_POINT('',(12.,0.));
#4567 = VECTOR('',#4568,1.);
#4568 = DIRECTION('',(0.,-1.));
#4569 = ( GEOMETRIC_REPRESENTATION_CONTEXT(2) 
PARAMETRIC_REPRESENTATION_CONTEXT() REPRESENTATION_CONTEXT('2D SPACE',''
  ) );
#4570 = PCURVE('',#4469,#4571);
#4571 = DEFINITIONAL_REPRESENTATION('',(#4572),#4576);
#4572 = LINE('',#4573,#4574);
#4573 = CARTESIAN_POINT('',(50.,0.));
#4574 = VECTOR('',#4575,1.);
#4575 = DIRECTION('',(0.,1.));
#4576 = ( GEOMETRIC_REPRESENTATION_CONTEXT(2) 
PARAMETRIC_REPRESENTATION_CONTEXT() REPRESENTATION_CONTEXT('2D SPACE',''
  ) );
#4577 = ADVANCED_FACE('',(#4578),#4495,.T.);
#4578 = FACE_BOUND('',#4579,.T.);
#4579 = EDGE_LOOP('',(#4580,#4581,#4582));
#4580 = ORIENTED_EDGE('',*,*,#4534,.F.);
#4581 = ORIENTED_EDGE('',*,*,#4480,.F.);
#4582 = ORIENTED_EDGE('',*,*,#4583,.T.);
#4583 = EDGE_CURVE('',#4455,#4535,#4584,.T.);
#4584 = SURFACE_CURVE('',#4585,(#4589,#4596),.PCURVE_S1.);
#4585 = LINE('',#4586,#4587);
#4586 = CARTESIAN_POINT('',(2.E+03,177.,172.));
#4587 = VECTOR('',#4588,1.);
#4588 = DIRECTION('',(1.,0.,-0.));
#4589 = PCURVE('',#4495,#4590);
#4590 = DEFINITIONAL_REPRESENTATION('',(#4591),#4595);
#4591 = LINE('',#4592,#4593);
#4592 = CARTESIAN_POINT('',(12.,0.));
#4593 = VECTOR('',#4594,1.);
#4594 = DIRECTION('',(0.,1.));
#4595 = ( GEOMETRIC_REPRESENTATION_CONTEXT(2) 
PARAMETRIC_REPRESENTATION_CONTEXT() REPRESENTATION_CONTEXT('2D SPACE',''
  ) );
#4596 = PCURVE('',#4469,#4597);
#4597 = DEFINITIONAL_REPRESENTATION('',(#4598),#4602);
#4598 = LINE('',#4599,#4600);
#4599 = CARTESIAN_POINT('',(0.,24.));
#4600 = VECTOR('',#4601,1.);
#4601 = DIRECTION('',(1.,0.));
#4602 = ( GEOMETRIC_REPRESENTATION_CONTEXT(2) 
PARAMETRIC_REPRESENTATION_CONTEXT() REPRESENTATION_CONTEXT('2D SPACE',''
  ) );
#4603 = ADVANCED_FACE('',(#4604),#4469,.T.);
#4604 = FACE_BOUND('',#4605,.T.);
#4605 = EDGE_LOOP('',(#4606,#4607,#4608,#4629));
#4606 = ORIENTED_EDGE('',*,*,#4583,.F.);
#4607 = ORIENTED_EDGE('',*,*,#4454,.F.);
#4608 = ORIENTED_EDGE('',*,*,#4609,.T.);
#4609 = EDGE_CURVE('',#4426,#4511,#4610,.T.);
#4610 = SURFACE_CURVE('',#4611,(#4615,#4622),.PCURVE_S1.);
#4611 = LINE('',#4612,#4613);
#4612 = CARTESIAN_POINT('',(2.E+03,153.,172.));
#4613 = VECTOR('',#4614,1.);
#4614 = DIRECTION('',(1.,0.,-0.));
#4615 = PCURVE('',#4469,#4616);
#4616 = DEFINITIONAL_REPRESENTATION('',(#4617),#4621);
#4617 = LINE('',#4618,#4619);
#4618 = CARTESIAN_POINT('',(0.,0.));
#4619 = VECTOR('',#4620,1.);
#4620 = DIRECTION('',(1.,0.));
#4621 = ( GEOMETRIC_REPRESENTATION_CONTEXT(2) 
PARAMETRIC_REPRESENTATION_CONTEXT() REPRESENTATION_CONTEXT('2D SPACE',''
  ) );
#4622 = PCURVE('',#4442,#4623);
#4623 = DEFINITIONAL_REPRESENTATION('',(#4624),#4628);
#4624 = LINE('',#4625,#4626);
#4625 = CARTESIAN_POINT('',(12.,0.));
#4626 = VECTOR('',#4627,1.);
#4627 = DIRECTION('',(0.,1.));
#4628 = ( GEOMETRIC_REPRESENTATION_CONTEXT(2) 
PARAMETRIC_REPRESENTATION_CONTEXT() REPRESENTATION_CONTEXT('2D SPACE',''
  ) );
#4629 = ORIENTED_EDGE('',*,*,#4557,.T.);
#4630 = ADVANCED_FACE('',(#4631),#4442,.F.);
#4631 = FACE_BOUND('',#4632,.F.);
#4632 = EDGE_LOOP('',(#4633,#4634,#4635));
#4633 = ORIENTED_EDGE('',*,*,#4510,.F.);
#4634 = ORIENTED_EDGE('',*,*,#4425,.F.);
#4635 = ORIENTED_EDGE('',*,*,#4609,.T.);
#4636 = ( GEOMETRIC_REPRESENTATION_CONTEXT(3) 
GLOBAL_UNCERTAINTY_ASSIGNED_CONTEXT((#4640)) 
GLOBAL_UNIT_ASSIGNED_CONTEXT((#4637,#4638,#4639)) REPRESENTATION_CONTEXT
('Context #1','3D Context with UNIT and UNCERTAINTY') );
#4637 = ( LENGTH_UNIT() NAMED_UNIT(*) SI_UNIT(.MILLI.,.METRE.) );
#4638 = ( NAMED_UNIT(*) PLANE_ANGLE_UNIT() SI_UNIT($,.RADIAN.) );
#4639 = ( NAMED_UNIT(*) SI_UNIT($,.STERADIAN.) SOLID_ANGLE_UNIT() );
#4640 = UNCERTAINTY_MEASURE_WITH_UNIT(LENGTH_MEASURE(1.E-07),#4637,
  'distance_accuracy_value','confusion accuracy');
#4641 = CONTEXT_DEPENDENT_SHAPE_REPRESENTATION(#4642,#4644);
#4642 = ( REPRESENTATION_RELATIONSHIP('','',#2349,#10) 
REPRESENTATION_RELATIONSHIP_WITH_TRANSFORMATION(#4643) 
SHAPE_REPRESENTATION_RELATIONSHIP() );
#4643 = ITEM_DEFINED_TRANSFORMATION('','',#11,#19);
#4644 = PRODUCT_DEFINITION_SHAPE('Placement','Placement of an item',
  #4645);
#4645 = NEXT_ASSEMBLY_USAGE_OCCURRENCE('337','','',#5,#2344,$);
#4646 = PRODUCT_RELATED_PRODUCT_CATEGORY('part',$,(#2346));
#4647 = SHAPE_DEFINITION_REPRESENTATION(#4648,#4654);
#4648 = PRODUCT_DEFINITION_SHAPE('','',#4649);
#4649 = PRODUCT_DEFINITION('design','',#4650,#4653);
#4650 = PRODUCT_DEFINITION_FORMATION('','',#4651);
#4651 = PRODUCT('Open CASCADE STEP translator 7.9 13.3',
  'Open CASCADE STEP translator 7.9 13.3','',(#4652));
#4652 = PRODUCT_CONTEXT('',#2,'mechanical');
#4653 = PRODUCT_DEFINITION_CONTEXT('part definition',#2,'design');
#4654 = ADVANCED_BREP_SHAPE_REPRESENTATION('',(#11,#4655),#6699);
#4655 = MANIFOLD_SOLID_BREP('',#4656);
#4656 = CLOSED_SHELL('',(#4657,#4777,#4853,#5026,#5075,#5237,#5244,#5271
    ,#5298,#5325,#5352,#5513,#5683,#5759,#5835,#5943,#5992,#6073,#6181,
    #6230,#6311,#6338,#6365,#6372,#6427,#6482,#6489,#6544,#6599,#6634,
    #6638,#6642,#6672));
#4657 = ADVANCED_FACE('',(#4658),#4672,.F.);
#4658 = FACE_BOUND('',#4659,.F.);
#4659 = EDGE_LOOP('',(#4660,#4695,#4723,#4751));
#4660 = ORIENTED_EDGE('',*,*,#4661,.F.);
#4661 = EDGE_CURVE('',#4662,#4664,#4666,.T.);
#4662 = VERTEX_POINT('',#4663);
#4663 = CARTESIAN_POINT('',(95.,880.,237.));
#4664 = VERTEX_POINT('',#4665);
#4665 = CARTESIAN_POINT('',(95.,880.,245.));
#4666 = SURFACE_CURVE('',#4667,(#4671,#4683),.PCURVE_S1.);
#4667 = LINE('',#4668,#4669);
#4668 = CARTESIAN_POINT('',(95.,880.,237.));
#4669 = VECTOR('',#4670,1.);
#4670 = DIRECTION('',(0.,0.,1.));
#4671 = PCURVE('',#4672,#4677);
#4672 = PLANE('',#4673);
#4673 = AXIS2_PLACEMENT_3D('',#4674,#4675,#4676);
#4674 = CARTESIAN_POINT('',(95.,880.,237.));
#4675 = DIRECTION('',(1.,0.,-0.));
#4676 = DIRECTION('',(0.,0.,1.));
#4677 = DEFINITIONAL_REPRESENTATION('',(#4678),#4682);
#4678 = LINE('',#4679,#4680);
#4679 = CARTESIAN_POINT('',(0.,0.));
#4680 = VECTOR('',#4681,1.);
#4681 = DIRECTION('',(1.,0.));
#4682 = ( GEOMETRIC_REPRESENTATION_CONTEXT(2) 
PARAMETRIC_REPRESENTATION_CONTEXT() REPRESENTATION_CONTEXT('2D SPACE',''
  ) );
#4683 = PCURVE('',#4684,#4689);
#4684 = PLANE('',#4685);
#4685 = AXIS2_PLACEMENT_3D('',#4686,#4687,#4688);
#4686 = CARTESIAN_POINT('',(95.,880.,237.));
#4687 = DIRECTION('',(-0.,1.,0.));
#4688 = DIRECTION('',(0.,0.,1.));
#4689 = DEFINITIONAL_REPRESENTATION('',(#4690),#4694);
#4690 = LINE('',#4691,#4692);
#4691 = CARTESIAN_POINT('',(0.,0.));
#4692 = VECTOR('',#4693,1.);
#4693 = DIRECTION('',(1.,0.));
#4694 = ( GEOMETRIC_REPRESENTATION_CONTEXT(2) 
PARAMETRIC_REPRESENTATION_CONTEXT() REPRESENTATION_CONTEXT('2D SPACE',''
  ) );
#4695 = ORIENTED_EDGE('',*,*,#4696,.T.);
#4696 = EDGE_CURVE('',#4662,#4697,#4699,.T.);
#4697 = VERTEX_POINT('',#4698);
#4698 = CARTESIAN_POINT('',(95.,990.,237.));
#4699 = SURFACE_CURVE('',#4700,(#4704,#4711),.PCURVE_S1.);
#4700 = LINE('',#4701,#4702);
#4701 = CARTESIAN_POINT('',(95.,880.,237.));
#4702 = VECTOR('',#4703,1.);
#4703 = DIRECTION('',(-0.,1.,0.));
#4704 = PCURVE('',#4672,#4705);
#4705 = DEFINITIONAL_REPRESENTATION('',(#4706),#4710);
#4706 = LINE('',#4707,#4708);
#4707 = CARTESIAN_POINT('',(0.,0.));
#4708 = VECTOR('',#4709,1.);
#4709 = DIRECTION('',(0.,-1.));
#4710 = ( GEOMETRIC_REPRESENTATION_CONTEXT(2) 
PARAMETRIC_REPRESENTATION_CONTEXT() REPRESENTATION_CONTEXT('2D SPACE',''
  ) );
#4711 = PCURVE('',#4712,#4717);
#4712 = PLANE('',#4713);
#4713 = AXIS2_PLACEMENT_3D('',#4714,#4715,#4716);
#4714 = CARTESIAN_POINT('',(95.,880.,237.));
#4715 = DIRECTION('',(0.,0.,1.));
#4716 = DIRECTION('',(1.,0.,-0.));
#4717 = DEFINITIONAL_REPRESENTATION('',(#4718),#4722);
#4718 = LINE('',#4719,#4720);
#4719 = CARTESIAN_POINT('',(0.,0.));
#4720 = VECTOR('',#4721,1.);
#4721 = DIRECTION('',(0.,1.));
#4722 = ( GEOMETRIC_REPRESENTATION_CONTEXT(2) 
PARAMETRIC_REPRESENTATION_CONTEXT() REPRESENTATION_CONTEXT('2D SPACE',''
  ) );
#4723 = ORIENTED_EDGE('',*,*,#4724,.T.);
#4724 = EDGE_CURVE('',#4697,#4725,#4727,.T.);
#4725 = VERTEX_POINT('',#4726);
#4726 = CARTESIAN_POINT('',(95.,990.,245.));
#4727 = SURFACE_CURVE('',#4728,(#4732,#4739),.PCURVE_S1.);
#4728 = LINE('',#4729,#4730);
#4729 = CARTESIAN_POINT('',(95.,990.,237.));
#4730 = VECTOR('',#4731,1.);
#4731 = DIRECTION('',(0.,0.,1.));
#4732 = PCURVE('',#4672,#4733);
#4733 = DEFINITIONAL_REPRESENTATION('',(#4734),#4738);
#4734 = LINE('',#4735,#4736);
#4735 = CARTESIAN_POINT('',(0.,-110.));
#4736 = VECTOR('',#4737,1.);
#4737 = DIRECTION('',(1.,0.));
#4738 = ( GEOMETRIC_REPRESENTATION_CONTEXT(2) 
PARAMETRIC_REPRESENTATION_CONTEXT() REPRESENTATION_CONTEXT('2D SPACE',''
  ) );
#4739 = PCURVE('',#4740,#4745);
#4740 = PLANE('',#4741);
#4741 = AXIS2_PLACEMENT_3D('',#4742,#4743,#4744);
#4742 = CARTESIAN_POINT('',(95.,990.,237.));
#4743 = DIRECTION('',(-0.,1.,0.));
#4744 = DIRECTION('',(0.,0.,1.));
#4745 = DEFINITIONAL_REPRESENTATION('',(#4746),#4750);
#4746 = LINE('',#4747,#4748);
#4747 = CARTESIAN_POINT('',(0.,0.));
#4748 = VECTOR('',#4749,1.);
#4749 = DIRECTION('',(1.,0.));
#4750 = ( GEOMETRIC_REPRESENTATION_CONTEXT(2) 
PARAMETRIC_REPRESENTATION_CONTEXT() REPRESENTATION_CONTEXT('2D SPACE',''
  ) );
#4751 = ORIENTED_EDGE('',*,*,#4752,.F.);
#4752 = EDGE_CURVE('',#4664,#4725,#4753,.T.);
#4753 = SURFACE_CURVE('',#4754,(#4758,#4765),.PCURVE_S1.);
#4754 = LINE('',#4755,#4756);
#4755 = CARTESIAN_POINT('',(95.,880.,245.));
#4756 = VECTOR('',#4757,1.);
#4757 = DIRECTION('',(-0.,1.,0.));
#4758 = PCURVE('',#4672,#4759);
#4759 = DEFINITIONAL_REPRESENTATION('',(#4760),#4764);
#4760 = LINE('',#4761,#4762);
#4761 = CARTESIAN_POINT('',(8.,0.));
#4762 = VECTOR('',#4763,1.);
#4763 = DIRECTION('',(0.,-1.));
#4764 = ( GEOMETRIC_REPRESENTATION_CONTEXT(2) 
PARAMETRIC_REPRESENTATION_CONTEXT() REPRESENTATION_CONTEXT('2D SPACE',''
  ) );
#4765 = PCURVE('',#4766,#4771);
#4766 = PLANE('',#4767);
#4767 = AXIS2_PLACEMENT_3D('',#4768,#4769,#4770);
#4768 = CARTESIAN_POINT('',(95.,880.,245.));
#4769 = DIRECTION('',(0.,0.,1.));
#4770 = DIRECTION('',(1.,0.,-0.));
#4771 = DEFINITIONAL_REPRESENTATION('',(#4772),#4776);
#4772 = LINE('',#4773,#4774);
#4773 = CARTESIAN_POINT('',(0.,0.));
#4774 = VECTOR('',#4775,1.);
#4775 = DIRECTION('',(0.,1.));
#4776 = ( GEOMETRIC_REPRESENTATION_CONTEXT(2) 
PARAMETRIC_REPRESENTATION_CONTEXT() REPRESENTATION_CONTEXT('2D SPACE',''
  ) );
#4777 = ADVANCED_FACE('',(#4778),#4684,.F.);
#4778 = FACE_BOUND('',#4779,.F.);
#4779 = EDGE_LOOP('',(#4780,#4803,#4804,#4827));
#4780 = ORIENTED_EDGE('',*,*,#4781,.F.);
#4781 = EDGE_CURVE('',#4662,#4782,#4784,.T.);
#4782 = VERTEX_POINT('',#4783);
#4783 = CARTESIAN_POINT('',(235.,880.,237.));
#4784 = SURFACE_CURVE('',#4785,(#4789,#4796),.PCURVE_S1.);
#4785 = LINE('',#4786,#4787);
#4786 = CARTESIAN_POINT('',(95.,880.,237.));
#4787 = VECTOR('',#4788,1.);
#4788 = DIRECTION('',(1.,0.,-0.));
#4789 = PCURVE('',#4684,#4790);
#4790 = DEFINITIONAL_REPRESENTATION('',(#4791),#4795);
#4791 = LINE('',#4792,#4793);
#4792 = CARTESIAN_POINT('',(0.,0.));
#4793 = VECTOR('',#4794,1.);
#4794 = DIRECTION('',(0.,1.));
#4795 = ( GEOMETRIC_REPRESENTATION_CONTEXT(2) 
PARAMETRIC_REPRESENTATION_CONTEXT() REPRESENTATION_CONTEXT('2D SPACE',''
  ) );
#4796 = PCURVE('',#4712,#4797);
#4797 = DEFINITIONAL_REPRESENTATION('',(#4798),#4802);
#4798 = LINE('',#4799,#4800);
#4799 = CARTESIAN_POINT('',(0.,0.));
#4800 = VECTOR('',#4801,1.);
#4801 = DIRECTION('',(1.,0.));
#4802 = ( GEOMETRIC_REPRESENTATION_CONTEXT(2) 
PARAMETRIC_REPRESENTATION_CONTEXT() REPRESENTATION_CONTEXT('2D SPACE',''
  ) );
#4803 = ORIENTED_EDGE('',*,*,#4661,.T.);
#4804 = ORIENTED_EDGE('',*,*,#4805,.T.);
#4805 = EDGE_CURVE('',#4664,#4806,#4808,.T.);
#4806 = VERTEX_POINT('',#4807);
#4807 = CARTESIAN_POINT('',(235.,880.,245.));
#4808 = SURFACE_CURVE('',#4809,(#4813,#4820),.PCURVE_S1.);
#4809 = LINE('',#4810,#4811);
#4810 = CARTESIAN_POINT('',(95.,880.,245.));
#4811 = VECTOR('',#4812,1.);
#4812 = DIRECTION('',(1.,0.,-0.));
#4813 = PCURVE('',#4684,#4814);
#4814 = DEFINITIONAL_REPRESENTATION('',(#4815),#4819);
#4815 = LINE('',#4816,#4817);
#4816 = CARTESIAN_POINT('',(8.,0.));
#4817 = VECTOR('',#4818,1.);
#4818 = DIRECTION('',(0.,1.));
#4819 = ( GEOMETRIC_REPRESENTATION_CONTEXT(2) 
PARAMETRIC_REPRESENTATION_CONTEXT() REPRESENTATION_CONTEXT('2D SPACE',''
  ) );
#4820 = PCURVE('',#4766,#4821);
#4821 = DEFINITIONAL_REPRESENTATION('',(#4822),#4826);
#4822 = LINE('',#4823,#4824);
#4823 = CARTESIAN_POINT('',(0.,0.));
#4824 = VECTOR('',#4825,1.);
#4825 = DIRECTION('',(1.,0.));
#4826 = ( GEOMETRIC_REPRESENTATION_CONTEXT(2) 
PARAMETRIC_REPRESENTATION_CONTEXT() REPRESENTATION_CONTEXT('2D SPACE',''
  ) );
#4827 = ORIENTED_EDGE('',*,*,#4828,.F.);
#4828 = EDGE_CURVE('',#4782,#4806,#4829,.T.);
#4829 = SURFACE_CURVE('',#4830,(#4834,#4841),.PCURVE_S1.);
#4830 = LINE('',#4831,#4832);
#4831 = CARTESIAN_POINT('',(235.,880.,237.));
#4832 = VECTOR('',#4833,1.);
#4833 = DIRECTION('',(0.,0.,1.));
#4834 = PCURVE('',#4684,#4835);
#4835 = DEFINITIONAL_REPRESENTATION('',(#4836),#4840);
#4836 = LINE('',#4837,#4838);
#4837 = CARTESIAN_POINT('',(0.,140.));
#4838 = VECTOR('',#4839,1.);
#4839 = DIRECTION('',(1.,0.));
#4840 = ( GEOMETRIC_REPRESENTATION_CONTEXT(2) 
PARAMETRIC_REPRESENTATION_CONTEXT() REPRESENTATION_CONTEXT('2D SPACE',''
  ) );
#4841 = PCURVE('',#4842,#4847);
#4842 = PLANE('',#4843);
#4843 = AXIS2_PLACEMENT_3D('',#4844,#4845,#4846);
#4844 = CARTESIAN_POINT('',(235.,880.,237.));
#4845 = DIRECTION('',(1.,0.,-0.));
#4846 = DIRECTION('',(0.,0.,1.));
#4847 = DEFINITIONAL_REPRESENTATION('',(#4848),#4852);
#4848 = LINE('',#4849,#4850);
#4849 = CARTESIAN_POINT('',(0.,0.));
#4850 = VECTOR('',#4851,1.);
#4851 = DIRECTION('',(1.,0.));
#4852 = ( GEOMETRIC_REPRESENTATION_CONTEXT(2) 
PARAMETRIC_REPRESENTATION_CONTEXT() REPRESENTATION_CONTEXT('2D SPACE',''
  ) );
#4853 = ADVANCED_FACE('',(#4854,#4902,#4933,#4964,#4995),#4766,.T.);
#4854 = FACE_BOUND('',#4855,.T.);
#4855 = EDGE_LOOP('',(#4856,#4857,#4858,#4881));
#4856 = ORIENTED_EDGE('',*,*,#4752,.F.);
#4857 = ORIENTED_EDGE('',*,*,#4805,.T.);
#4858 = ORIENTED_EDGE('',*,*,#4859,.T.);
#4859 = EDGE_CURVE('',#4806,#4860,#4862,.T.);
#4860 = VERTEX_POINT('',#4861);
#4861 = CARTESIAN_POINT('',(235.,990.,245.));
#4862 = SURFACE_CURVE('',#4863,(#4867,#4874),.PCURVE_S1.);
#4863 = LINE('',#4864,#4865);
#4864 = CARTESIAN_POINT('',(235.,880.,245.));
#4865 = VECTOR('',#4866,1.);
#4866 = DIRECTION('',(-0.,1.,0.));
#4867 = PCURVE('',#4766,#4868);
#4868 = DEFINITIONAL_REPRESENTATION('',(#4869),#4873);
#4869 = LINE('',#4870,#4871);
#4870 = CARTESIAN_POINT('',(140.,0.));
#4871 = VECTOR('',#4872,1.);
#4872 = DIRECTION('',(0.,1.));
#4873 = ( GEOMETRIC_REPRESENTATION_CONTEXT(2) 
PARAMETRIC_REPRESENTATION_CONTEXT() REPRESENTATION_CONTEXT('2D SPACE',''
  ) );
#4874 = PCURVE('',#4842,#4875);
#4875 = DEFINITIONAL_REPRESENTATION('',(#4876),#4880);
#4876 = LINE('',#4877,#4878);
#4877 = CARTESIAN_POINT('',(8.,0.));
#4878 = VECTOR('',#4879,1.);
#4879 = DIRECTION('',(0.,-1.));
#4880 = ( GEOMETRIC_REPRESENTATION_CONTEXT(2) 
PARAMETRIC_REPRESENTATION_CONTEXT() REPRESENTATION_CONTEXT('2D SPACE',''
  ) );
#4881 = ORIENTED_EDGE('',*,*,#4882,.F.);
#4882 = EDGE_CURVE('',#4725,#4860,#4883,.T.);
#4883 = SURFACE_CURVE('',#4884,(#4888,#4895),.PCURVE_S1.);
#4884 = LINE('',#4885,#4886);
#4885 = CARTESIAN_POINT('',(95.,990.,245.));
#4886 = VECTOR('',#4887,1.);
#4887 = DIRECTION('',(1.,0.,-0.));
#4888 = PCURVE('',#4766,#4889);
#4889 = DEFINITIONAL_REPRESENTATION('',(#4890),#4894);
#4890 = LINE('',#4891,#4892);
#4891 = CARTESIAN_POINT('',(0.,110.));
#4892 = VECTOR('',#4893,1.);
#4893 = DIRECTION('',(1.,0.));
#4894 = ( GEOMETRIC_REPRESENTATION_CONTEXT(2) 
PARAMETRIC_REPRESENTATION_CONTEXT() REPRESENTATION_CONTEXT('2D SPACE',''
  ) );
#4895 = PCURVE('',#4740,#4896);
#4896 = DEFINITIONAL_REPRESENTATION('',(#4897),#4901);
#4897 = LINE('',#4898,#4899);
#4898 = CARTESIAN_POINT('',(8.,0.));
#4899 = VECTOR('',#4900,1.);
#4900 = DIRECTION('',(0.,1.));
#4901 = ( GEOMETRIC_REPRESENTATION_CONTEXT(2) 
PARAMETRIC_REPRESENTATION_CONTEXT() REPRESENTATION_CONTEXT('2D SPACE',''
  ) );
#4902 = FACE_BOUND('',#4903,.T.);
#4903 = EDGE_LOOP('',(#4904));
#4904 = ORIENTED_EDGE('',*,*,#4905,.F.);
#4905 = EDGE_CURVE('',#4906,#4906,#4908,.T.);
#4906 = VERTEX_POINT('',#4907);
#4907 = CARTESIAN_POINT('',(116.5,895.,245.));
#4908 = SURFACE_CURVE('',#4909,(#4914,#4921),.PCURVE_S1.);
#4909 = CIRCLE('',#4910,6.5);
#4910 = AXIS2_PLACEMENT_3D('',#4911,#4912,#4913);
#4911 = CARTESIAN_POINT('',(110.,895.,245.));
#4912 = DIRECTION('',(0.,0.,1.));
#4913 = DIRECTION('',(1.,0.,-0.));
#4914 = PCURVE('',#4766,#4915);
#4915 = DEFINITIONAL_REPRESENTATION('',(#4916),#4920);
#4916 = CIRCLE('',#4917,6.5);
#4917 = AXIS2_PLACEMENT_2D('',#4918,#4919);
#4918 = CARTESIAN_POINT('',(15.,15.));
#4919 = DIRECTION('',(1.,0.));
#4920 = ( GEOMETRIC_REPRESENTATION_CONTEXT(2) 
PARAMETRIC_REPRESENTATION_CONTEXT() REPRESENTATION_CONTEXT('2D SPACE',''
  ) );
#4921 = PCURVE('',#4922,#4927);
#4922 = CYLINDRICAL_SURFACE('',#4923,6.5);
#4923 = AXIS2_PLACEMENT_3D('',#4924,#4925,#4926);
#4924 = CARTESIAN_POINT('',(110.,895.,236.));
#4925 = DIRECTION('',(0.,0.,1.));
#4926 = DIRECTION('',(1.,0.,-0.));
#4927 = DEFINITIONAL_REPRESENTATION('',(#4928),#4932);
#4928 = LINE('',#4929,#4930);
#4929 = CARTESIAN_POINT('',(0.,9.));
#4930 = VECTOR('',#4931,1.);
#4931 = DIRECTION('',(1.,0.));
#4932 = ( GEOMETRIC_REPRESENTATION_CONTEXT(2) 
PARAMETRIC_REPRESENTATION_CONTEXT() REPRESENTATION_CONTEXT('2D SPACE',''
  ) );
#4933 = FACE_BOUND('',#4934,.T.);
#4934 = EDGE_LOOP('',(#4935));
#4935 = ORIENTED_EDGE('',*,*,#4936,.F.);
#4936 = EDGE_CURVE('',#4937,#4937,#4939,.T.);
#4937 = VERTEX_POINT('',#4938);
#4938 = CARTESIAN_POINT('',(226.5,895.,245.));
#4939 = SURFACE_CURVE('',#4940,(#4945,#4952),.PCURVE_S1.);
#4940 = CIRCLE('',#4941,6.5);
#4941 = AXIS2_PLACEMENT_3D('',#4942,#4943,#4944);
#4942 = CARTESIAN_POINT('',(220.,895.,245.));
#4943 = DIRECTION('',(0.,0.,1.));
#4944 = DIRECTION('',(1.,0.,-0.));
#4945 = PCURVE('',#4766,#4946);
#4946 = DEFINITIONAL_REPRESENTATION('',(#4947),#4951);
#4947 = CIRCLE('',#4948,6.5);
#4948 = AXIS2_PLACEMENT_2D('',#4949,#4950);
#4949 = CARTESIAN_POINT('',(125.,15.));
#4950 = DIRECTION('',(1.,0.));
#4951 = ( GEOMETRIC_REPRESENTATION_CONTEXT(2) 
PARAMETRIC_REPRESENTATION_CONTEXT() REPRESENTATION_CONTEXT('2D SPACE',''
  ) );
#4952 = PCURVE('',#4953,#4958);
#4953 = CYLINDRICAL_SURFACE('',#4954,6.5);
#4954 = AXIS2_PLACEMENT_3D('',#4955,#4956,#4957);
#4955 = CARTESIAN_POINT('',(220.,895.,236.));
#4956 = DIRECTION('',(0.,0.,1.));
#4957 = DIRECTION('',(1.,0.,-0.));
#4958 = DEFINITIONAL_REPRESENTATION('',(#4959),#4963);
#4959 = LINE('',#4960,#4961);
#4960 = CARTESIAN_POINT('',(0.,9.));
#4961 = VECTOR('',#4962,1.);
#4962 = DIRECTION('',(1.,0.));
#4963 = ( GEOMETRIC_REPRESENTATION_CONTEXT(2) 
PARAMETRIC_REPRESENTATION_CONTEXT() REPRESENTATION_CONTEXT('2D SPACE',''
  ) );
#4964 = FACE_BOUND('',#4965,.T.);
#4965 = EDGE_LOOP('',(#4966));
#4966 = ORIENTED_EDGE('',*,*,#4967,.F.);
#4967 = EDGE_CURVE('',#4968,#4968,#4970,.T.);
#4968 = VERTEX_POINT('',#4969);
#4969 = CARTESIAN_POINT('',(116.5,975.,245.));
#4970 = SURFACE_CURVE('',#4971,(#4976,#4983),.PCURVE_S1.);
#4971 = CIRCLE('',#4972,6.5);
#4972 = AXIS2_PLACEMENT_3D('',#4973,#4974,#4975);
#4973 = CARTESIAN_POINT('',(110.,975.,245.));
#4974 = DIRECTION('',(0.,0.,1.));
#4975 = DIRECTION('',(1.,0.,-0.));
#4976 = PCURVE('',#4766,#4977);
#4977 = DEFINITIONAL_REPRESENTATION('',(#4978),#4982);
#4978 = CIRCLE('',#4979,6.5);
#4979 = AXIS2_PLACEMENT_2D('',#4980,#4981);
#4980 = CARTESIAN_POINT('',(15.,95.));
#4981 = DIRECTION('',(1.,0.));
#4982 = ( GEOMETRIC_REPRESENTATION_CONTEXT(2) 
PARAMETRIC_REPRESENTATION_CONTEXT() REPRESENTATION_CONTEXT('2D SPACE',''
  ) );
#4983 = PCURVE('',#4984,#4989);
#4984 = CYLINDRICAL_SURFACE('',#4985,6.5);
#4985 = AXIS2_PLACEMENT_3D('',#4986,#4987,#4988);
#4986 = CARTESIAN_POINT('',(110.,975.,236.));
#4987 = DIRECTION('',(0.,0.,1.));
#4988 = DIRECTION('',(1.,0.,-0.));
#4989 = DEFINITIONAL_REPRESENTATION('',(#4990),#4994);
#4990 = LINE('',#4991,#4992);
#4991 = CARTESIAN_POINT('',(0.,9.));
#4992 = VECTOR('',#4993,1.);
#4993 = DIRECTION('',(1.,0.));
#4994 = ( GEOMETRIC_REPRESENTATION_CONTEXT(2) 
PARAMETRIC_REPRESENTATION_CONTEXT() REPRESENTATION_CONTEXT('2D SPACE',''
  ) );
#4995 = FACE_BOUND('',#4996,.T.);
#4996 = EDGE_LOOP('',(#4997));
#4997 = ORIENTED_EDGE('',*,*,#4998,.F.);
#4998 = EDGE_CURVE('',#4999,#4999,#5001,.T.);
#4999 = VERTEX_POINT('',#5000);
#5000 = CARTESIAN_POINT('',(226.5,975.,245.));
#5001 = SURFACE_CURVE('',#5002,(#5007,#5014),.PCURVE_S1.);
#5002 = CIRCLE('',#5003,6.5);
#5003 = AXIS2_PLACEMENT_3D('',#5004,#5005,#5006);
#5004 = CARTESIAN_POINT('',(220.,975.,245.));
#5005 = DIRECTION('',(0.,0.,1.));
#5006 = DIRECTION('',(1.,0.,-0.));
#5007 = PCURVE('',#4766,#5008);
#5008 = DEFINITIONAL_REPRESENTATION('',(#5009),#5013);
#5009 = CIRCLE('',#5010,6.5);
#5010 = AXIS2_PLACEMENT_2D('',#5011,#5012);
#5011 = CARTESIAN_POINT('',(125.,95.));
#5012 = DIRECTION('',(1.,0.));
#5013 = ( GEOMETRIC_REPRESENTATION_CONTEXT(2) 
PARAMETRIC_REPRESENTATION_CONTEXT() REPRESENTATION_CONTEXT('2D SPACE',''
  ) );
#5014 = PCURVE('',#5015,#5020);
#5015 = CYLINDRICAL_SURFACE('',#5016,6.5);
#5016 = AXIS2_PLACEMENT_3D('',#5017,#5018,#5019);
#5017 = CARTESIAN_POINT('',(220.,975.,236.));
#5018 = DIRECTION('',(0.,0.,1.));
#5019 = DIRECTION('',(1.,0.,-0.));
#5020 = DEFINITIONAL_REPRESENTATION('',(#5021),#5025);
#5021 = LINE('',#5022,#5023);
#5022 = CARTESIAN_POINT('',(0.,9.));
#5023 = VECTOR('',#5024,1.);
#5024 = DIRECTION('',(1.,0.));
#5025 = ( GEOMETRIC_REPRESENTATION_CONTEXT(2) 
PARAMETRIC_REPRESENTATION_CONTEXT() REPRESENTATION_CONTEXT('2D SPACE',''
  ) );
#5026 = ADVANCED_FACE('',(#5027),#4740,.T.);
#5027 = FACE_BOUND('',#5028,.T.);
#5028 = EDGE_LOOP('',(#5029,#5052,#5053,#5054));
#5029 = ORIENTED_EDGE('',*,*,#5030,.F.);
#5030 = EDGE_CURVE('',#4697,#5031,#5033,.T.);
#5031 = VERTEX_POINT('',#5032);
#5032 = CARTESIAN_POINT('',(235.,990.,237.));
#5033 = SURFACE_CURVE('',#5034,(#5038,#5045),.PCURVE_S1.);
#5034 = LINE('',#5035,#5036);
#5035 = CARTESIAN_POINT('',(95.,990.,237.));
#5036 = VECTOR('',#5037,1.);
#5037 = DIRECTION('',(1.,0.,-0.));
#5038 = PCURVE('',#4740,#5039);
#5039 = DEFINITIONAL_REPRESENTATION('',(#5040),#5044);
#5040 = LINE('',#5041,#5042);
#5041 = CARTESIAN_POINT('',(0.,0.));
#5042 = VECTOR('',#5043,1.);
#5043 = DIRECTION('',(0.,1.));
#5044 = ( GEOMETRIC_REPRESENTATION_CONTEXT(2) 
PARAMETRIC_REPRESENTATION_CONTEXT() REPRESENTATION_CONTEXT('2D SPACE',''
  ) );
#5045 = PCURVE('',#4712,#5046);
#5046 = DEFINITIONAL_REPRESENTATION('',(#5047),#5051);
#5047 = LINE('',#5048,#5049);
#5048 = CARTESIAN_POINT('',(0.,110.));
#5049 = VECTOR('',#5050,1.);
#5050 = DIRECTION('',(1.,0.));
#5051 = ( GEOMETRIC_REPRESENTATION_CONTEXT(2) 
PARAMETRIC_REPRESENTATION_CONTEXT() REPRESENTATION_CONTEXT('2D SPACE',''
  ) );
#5052 = ORIENTED_EDGE('',*,*,#4724,.T.);
#5053 = ORIENTED_EDGE('',*,*,#4882,.T.);
#5054 = ORIENTED_EDGE('',*,*,#5055,.F.);
#5055 = EDGE_CURVE('',#5031,#4860,#5056,.T.);
#5056 = SURFACE_CURVE('',#5057,(#5061,#5068),.PCURVE_S1.);
#5057 = LINE('',#5058,#5059);
#5058 = CARTESIAN_POINT('',(235.,990.,237.));
#5059 = VECTOR('',#5060,1.);
#5060 = DIRECTION('',(0.,0.,1.));
#5061 = PCURVE('',#4740,#5062);
#5062 = DEFINITIONAL_REPRESENTATION('',(#5063),#5067);
#5063 = LINE('',#5064,#5065);
#5064 = CARTESIAN_POINT('',(0.,140.));
#5065 = VECTOR('',#5066,1.);
#5066 = DIRECTION('',(1.,0.));
#5067 = ( GEOMETRIC_REPRESENTATION_CONTEXT(2) 
PARAMETRIC_REPRESENTATION_CONTEXT() REPRESENTATION_CONTEXT('2D SPACE',''
  ) );
#5068 = PCURVE('',#4842,#5069);
#5069 = DEFINITIONAL_REPRESENTATION('',(#5070),#5074);
#5070 = LINE('',#5071,#5072);
#5071 = CARTESIAN_POINT('',(0.,-110.));
#5072 = VECTOR('',#5073,1.);
#5073 = DIRECTION('',(1.,0.));
#5074 = ( GEOMETRIC_REPRESENTATION_CONTEXT(2) 
PARAMETRIC_REPRESENTATION_CONTEXT() REPRESENTATION_CONTEXT('2D SPACE',''
  ) );
#5075 = ADVANCED_FACE('',(#5076,#5102,#5128,#5154,#5180,#5211),#4712,.F.
  );
#5076 = FACE_BOUND('',#5077,.F.);
#5077 = EDGE_LOOP('',(#5078,#5079,#5080,#5101));
#5078 = ORIENTED_EDGE('',*,*,#4696,.F.);
#5079 = ORIENTED_EDGE('',*,*,#4781,.T.);
#5080 = ORIENTED_EDGE('',*,*,#5081,.T.);
#5081 = EDGE_CURVE('',#4782,#5031,#5082,.T.);
#5082 = SURFACE_CURVE('',#5083,(#5087,#5094),.PCURVE_S1.);
#5083 = LINE('',#5084,#5085);
#5084 = CARTESIAN_POINT('',(235.,880.,237.));
#5085 = VECTOR('',#5086,1.);
#5086 = DIRECTION('',(-0.,1.,0.));
#5087 = PCURVE('',#4712,#5088);
#5088 = DEFINITIONAL_REPRESENTATION('',(#5089),#5093);
#5089 = LINE('',#5090,#5091);
#5090 = CARTESIAN_POINT('',(140.,0.));
#5091 = VECTOR('',#5092,1.);
#5092 = DIRECTION('',(0.,1.));
#5093 = ( GEOMETRIC_REPRESENTATION_CONTEXT(2) 
PARAMETRIC_REPRESENTATION_CONTEXT() REPRESENTATION_CONTEXT('2D SPACE',''
  ) );
#5094 = PCURVE('',#4842,#5095);
#5095 = DEFINITIONAL_REPRESENTATION('',(#5096),#5100);
#5096 = LINE('',#5097,#5098);
#5097 = CARTESIAN_POINT('',(0.,0.));
#5098 = VECTOR('',#5099,1.);
#5099 = DIRECTION('',(0.,-1.));
#5100 = ( GEOMETRIC_REPRESENTATION_CONTEXT(2) 
PARAMETRIC_REPRESENTATION_CONTEXT() REPRESENTATION_CONTEXT('2D SPACE',''
  ) );
#5101 = ORIENTED_EDGE('',*,*,#5030,.F.);
#5102 = FACE_BOUND('',#5103,.F.);
#5103 = EDGE_LOOP('',(#5104));
#5104 = ORIENTED_EDGE('',*,*,#5105,.F.);
#5105 = EDGE_CURVE('',#5106,#5106,#5108,.T.);
#5106 = VERTEX_POINT('',#5107);
#5107 = CARTESIAN_POINT('',(116.5,895.,237.));
#5108 = SURFACE_CURVE('',#5109,(#5114,#5121),.PCURVE_S1.);
#5109 = CIRCLE('',#5110,6.5);
#5110 = AXIS2_PLACEMENT_3D('',#5111,#5112,#5113);
#5111 = CARTESIAN_POINT('',(110.,895.,237.));
#5112 = DIRECTION('',(0.,0.,1.));
#5113 = DIRECTION('',(1.,0.,-0.));
#5114 = PCURVE('',#4712,#5115);
#5115 = DEFINITIONAL_REPRESENTATION('',(#5116),#5120);
#5116 = CIRCLE('',#5117,6.5);
#5117 = AXIS2_PLACEMENT_2D('',#5118,#5119);
#5118 = CARTESIAN_POINT('',(15.,15.));
#5119 = DIRECTION('',(1.,0.));
#5120 = ( GEOMETRIC_REPRESENTATION_CONTEXT(2) 
PARAMETRIC_REPRESENTATION_CONTEXT() REPRESENTATION_CONTEXT('2D SPACE',''
  ) );
#5121 = PCURVE('',#4922,#5122);
#5122 = DEFINITIONAL_REPRESENTATION('',(#5123),#5127);
#5123 = LINE('',#5124,#5125);
#5124 = CARTESIAN_POINT('',(0.,1.));
#5125 = VECTOR('',#5126,1.);
#5126 = DIRECTION('',(1.,0.));
#5127 = ( GEOMETRIC_REPRESENTATION_CONTEXT(2) 
PARAMETRIC_REPRESENTATION_CONTEXT() REPRESENTATION_CONTEXT('2D SPACE',''
  ) );
#5128 = FACE_BOUND('',#5129,.F.);
#5129 = EDGE_LOOP('',(#5130));
#5130 = ORIENTED_EDGE('',*,*,#5131,.F.);
#5131 = EDGE_CURVE('',#5132,#5132,#5134,.T.);
#5132 = VERTEX_POINT('',#5133);
#5133 = CARTESIAN_POINT('',(226.5,895.,237.));
#5134 = SURFACE_CURVE('',#5135,(#5140,#5147),.PCURVE_S1.);
#5135 = CIRCLE('',#5136,6.5);
#5136 = AXIS2_PLACEMENT_3D('',#5137,#5138,#5139);
#5137 = CARTESIAN_POINT('',(220.,895.,237.));
#5138 = DIRECTION('',(0.,0.,1.));
#5139 = DIRECTION('',(1.,0.,-0.));
#5140 = PCURVE('',#4712,#5141);
#5141 = DEFINITIONAL_REPRESENTATION('',(#5142),#5146);
#5142 = CIRCLE('',#5143,6.5);
#5143 = AXIS2_PLACEMENT_2D('',#5144,#5145);
#5144 = CARTESIAN_POINT('',(125.,15.));
#5145 = DIRECTION('',(1.,0.));
#5146 = ( GEOMETRIC_REPRESENTATION_CONTEXT(2) 
PARAMETRIC_REPRESENTATION_CONTEXT() REPRESENTATION_CONTEXT('2D SPACE',''
  ) );
#5147 = PCURVE('',#4953,#5148);
#5148 = DEFINITIONAL_REPRESENTATION('',(#5149),#5153);
#5149 = LINE('',#5150,#5151);
#5150 = CARTESIAN_POINT('',(0.,1.));
#5151 = VECTOR('',#5152,1.);
#5152 = DIRECTION('',(1.,0.));
#5153 = ( GEOMETRIC_REPRESENTATION_CONTEXT(2) 
PARAMETRIC_REPRESENTATION_CONTEXT() REPRESENTATION_CONTEXT('2D SPACE',''
  ) );
#5154 = FACE_BOUND('',#5155,.F.);
#5155 = EDGE_LOOP('',(#5156));
#5156 = ORIENTED_EDGE('',*,*,#5157,.F.);
#5157 = EDGE_CURVE('',#5158,#5158,#5160,.T.);
#5158 = VERTEX_POINT('',#5159);
#5159 = CARTESIAN_POINT('',(116.5,975.,237.));
#5160 = SURFACE_CURVE('',#5161,(#5166,#5173),.PCURVE_S1.);
#5161 = CIRCLE('',#5162,6.5);
#5162 = AXIS2_PLACEMENT_3D('',#5163,#5164,#5165);
#5163 = CARTESIAN_POINT('',(110.,975.,237.));
#5164 = DIRECTION('',(0.,0.,1.));
#5165 = DIRECTION('',(1.,0.,-0.));
#5166 = PCURVE('',#4712,#5167);
#5167 = DEFINITIONAL_REPRESENTATION('',(#5168),#5172);
#5168 = CIRCLE('',#5169,6.5);
#5169 = AXIS2_PLACEMENT_2D('',#5170,#5171);
#5170 = CARTESIAN_POINT('',(15.,95.));
#5171 = DIRECTION('',(1.,0.));
#5172 = ( GEOMETRIC_REPRESENTATION_CONTEXT(2) 
PARAMETRIC_REPRESENTATION_CONTEXT() REPRESENTATION_CONTEXT('2D SPACE',''
  ) );
#5173 = PCURVE('',#4984,#5174);
#5174 = DEFINITIONAL_REPRESENTATION('',(#5175),#5179);
#5175 = LINE('',#5176,#5177);
#5176 = CARTESIAN_POINT('',(0.,1.));
#5177 = VECTOR('',#5178,1.);
#5178 = DIRECTION('',(1.,0.));
#5179 = ( GEOMETRIC_REPRESENTATION_CONTEXT(2) 
PARAMETRIC_REPRESENTATION_CONTEXT() REPRESENTATION_CONTEXT('2D SPACE',''
  ) );
#5180 = FACE_BOUND('',#5181,.F.);
#5181 = EDGE_LOOP('',(#5182));
#5182 = ORIENTED_EDGE('',*,*,#5183,.F.);
#5183 = EDGE_CURVE('',#5184,#5184,#5186,.T.);
#5184 = VERTEX_POINT('',#5185);
#5185 = CARTESIAN_POINT('',(213.,935.,237.));
#5186 = SURFACE_CURVE('',#5187,(#5192,#5199),.PCURVE_S1.);
#5187 = CIRCLE('',#5188,48.);
#5188 = AXIS2_PLACEMENT_3D('',#5189,#5190,#5191);
#5189 = CARTESIAN_POINT('',(165.,935.,237.));
#5190 = DIRECTION('',(0.,0.,1.));
#5191 = DIRECTION('',(1.,0.,-0.));
#5192 = PCURVE('',#4712,#5193);
#5193 = DEFINITIONAL_REPRESENTATION('',(#5194),#5198);
#5194 = CIRCLE('',#5195,48.);
#5195 = AXIS2_PLACEMENT_2D('',#5196,#5197);
#5196 = CARTESIAN_POINT('',(70.,55.));
#5197 = DIRECTION('',(1.,0.));
#5198 = ( GEOMETRIC_REPRESENTATION_CONTEXT(2) 
PARAMETRIC_REPRESENTATION_CONTEXT() REPRESENTATION_CONTEXT('2D SPACE',''
  ) );
#5199 = PCURVE('',#5200,#5205);
#5200 = CYLINDRICAL_SURFACE('',#5201,48.);
#5201 = AXIS2_PLACEMENT_3D('',#5202,#5203,#5204);
#5202 = CARTESIAN_POINT('',(165.,935.,212.));
#5203 = DIRECTION('',(0.,0.,1.));
#5204 = DIRECTION('',(1.,0.,-0.));
#5205 = DEFINITIONAL_REPRESENTATION('',(#5206),#5210);
#5206 = LINE('',#5207,#5208);
#5207 = CARTESIAN_POINT('',(0.,25.));
#5208 = VECTOR('',#5209,1.);
#5209 = DIRECTION('',(1.,0.));
#5210 = ( GEOMETRIC_REPRESENTATION_CONTEXT(2) 
PARAMETRIC_REPRESENTATION_CONTEXT() REPRESENTATION_CONTEXT('2D SPACE',''
  ) );
#5211 = FACE_BOUND('',#5212,.F.);
#5212 = EDGE_LOOP('',(#5213));
#5213 = ORIENTED_EDGE('',*,*,#5214,.F.);
#5214 = EDGE_CURVE('',#5215,#5215,#5217,.T.);
#5215 = VERTEX_POINT('',#5216);
#5216 = CARTESIAN_POINT('',(226.5,975.,237.));
#5217 = SURFACE_CURVE('',#5218,(#5223,#5230),.PCURVE_S1.);
#5218 = CIRCLE('',#5219,6.5);
#5219 = AXIS2_PLACEMENT_3D('',#5220,#5221,#5222);
#5220 = CARTESIAN_POINT('',(220.,975.,237.));
#5221 = DIRECTION('',(0.,0.,1.));
#5222 = DIRECTION('',(1.,0.,-0.));
#5223 = PCURVE('',#4712,#5224);
#5224 = DEFINITIONAL_REPRESENTATION('',(#5225),#5229);
#5225 = CIRCLE('',#5226,6.5);
#5226 = AXIS2_PLACEMENT_2D('',#5227,#5228);
#5227 = CARTESIAN_POINT('',(125.,95.));
#5228 = DIRECTION('',(1.,0.));
#5229 = ( GEOMETRIC_REPRESENTATION_CONTEXT(2) 
PARAMETRIC_REPRESENTATION_CONTEXT() REPRESENTATION_CONTEXT('2D SPACE',''
  ) );
#5230 = PCURVE('',#5015,#5231);
#5231 = DEFINITIONAL_REPRESENTATION('',(#5232),#5236);
#5232 = LINE('',#5233,#5234);
#5233 = CARTESIAN_POINT('',(0.,1.));
#5234 = VECTOR('',#5235,1.);
#5235 = DIRECTION('',(1.,0.));
#5236 = ( GEOMETRIC_REPRESENTATION_CONTEXT(2) 
PARAMETRIC_REPRESENTATION_CONTEXT() REPRESENTATION_CONTEXT('2D SPACE',''
  ) );
#5237 = ADVANCED_FACE('',(#5238),#4842,.T.);
#5238 = FACE_BOUND('',#5239,.T.);
#5239 = EDGE_LOOP('',(#5240,#5241,#5242,#5243));
#5240 = ORIENTED_EDGE('',*,*,#4828,.F.);
#5241 = ORIENTED_EDGE('',*,*,#5081,.T.);
#5242 = ORIENTED_EDGE('',*,*,#5055,.T.);
#5243 = ORIENTED_EDGE('',*,*,#4859,.F.);
#5244 = ADVANCED_FACE('',(#5245),#4922,.F.);
#5245 = FACE_BOUND('',#5246,.F.);
#5246 = EDGE_LOOP('',(#5247,#5248,#5269,#5270));
#5247 = ORIENTED_EDGE('',*,*,#4905,.F.);
#5248 = ORIENTED_EDGE('',*,*,#5249,.F.);
#5249 = EDGE_CURVE('',#5106,#4906,#5250,.T.);
#5250 = SEAM_CURVE('',#5251,(#5255,#5262),.PCURVE_S1.);
#5251 = LINE('',#5252,#5253);
#5252 = CARTESIAN_POINT('',(116.5,895.,236.));
#5253 = VECTOR('',#5254,1.);
#5254 = DIRECTION('',(0.,0.,1.));
#5255 = PCURVE('',#4922,#5256);
#5256 = DEFINITIONAL_REPRESENTATION('',(#5257),#5261);
#5257 = LINE('',#5258,#5259);
#5258 = CARTESIAN_POINT('',(6.28318530718,-0.));
#5259 = VECTOR('',#5260,1.);
#5260 = DIRECTION('',(0.,1.));
#5261 = ( GEOMETRIC_REPRESENTATION_CONTEXT(2) 
PARAMETRIC_REPRESENTATION_CONTEXT() REPRESENTATION_CONTEXT('2D SPACE',''
  ) );
#5262 = PCURVE('',#4922,#5263);
#5263 = DEFINITIONAL_REPRESENTATION('',(#5264),#5268);
#5264 = LINE('',#5265,#5266);
#5265 = CARTESIAN_POINT('',(0.,-0.));
#5266 = VECTOR('',#5267,1.);
#5267 = DIRECTION('',(0.,1.));
#5268 = ( GEOMETRIC_REPRESENTATION_CONTEXT(2) 
PARAMETRIC_REPRESENTATION_CONTEXT() REPRESENTATION_CONTEXT('2D SPACE',''
  ) );
#5269 = ORIENTED_EDGE('',*,*,#5105,.T.);
#5270 = ORIENTED_EDGE('',*,*,#5249,.T.);
#5271 = ADVANCED_FACE('',(#5272),#4953,.F.);
#5272 = FACE_BOUND('',#5273,.F.);
#5273 = EDGE_LOOP('',(#5274,#5275,#5296,#5297));
#5274 = ORIENTED_EDGE('',*,*,#4936,.F.);
#5275 = ORIENTED_EDGE('',*,*,#5276,.F.);
#5276 = EDGE_CURVE('',#5132,#4937,#5277,.T.);
#5277 = SEAM_CURVE('',#5278,(#5282,#5289),.PCURVE_S1.);
#5278 = LINE('',#5279,#5280);
#5279 = CARTESIAN_POINT('',(226.5,895.,236.));
#5280 = VECTOR('',#5281,1.);
#5281 = DIRECTION('',(0.,0.,1.));
#5282 = PCURVE('',#4953,#5283);
#5283 = DEFINITIONAL_REPRESENTATION('',(#5284),#5288);
#5284 = LINE('',#5285,#5286);
#5285 = CARTESIAN_POINT('',(6.28318530718,-0.));
#5286 = VECTOR('',#5287,1.);
#5287 = DIRECTION('',(0.,1.));
#5288 = ( GEOMETRIC_REPRESENTATION_CONTEXT(2) 
PARAMETRIC_REPRESENTATION_CONTEXT() REPRESENTATION_CONTEXT('2D SPACE',''
  ) );
#5289 = PCURVE('',#4953,#5290);
#5290 = DEFINITIONAL_REPRESENTATION('',(#5291),#5295);
#5291 = LINE('',#5292,#5293);
#5292 = CARTESIAN_POINT('',(0.,-0.));
#5293 = VECTOR('',#5294,1.);
#5294 = DIRECTION('',(0.,1.));
#5295 = ( GEOMETRIC_REPRESENTATION_CONTEXT(2) 
PARAMETRIC_REPRESENTATION_CONTEXT() REPRESENTATION_CONTEXT('2D SPACE',''
  ) );
#5296 = ORIENTED_EDGE('',*,*,#5131,.T.);
#5297 = ORIENTED_EDGE('',*,*,#5276,.T.);
#5298 = ADVANCED_FACE('',(#5299),#4984,.F.);
#5299 = FACE_BOUND('',#5300,.F.);
#5300 = EDGE_LOOP('',(#5301,#5302,#5323,#5324));
#5301 = ORIENTED_EDGE('',*,*,#4967,.F.);
#5302 = ORIENTED_EDGE('',*,*,#5303,.F.);
#5303 = EDGE_CURVE('',#5158,#4968,#5304,.T.);
#5304 = SEAM_CURVE('',#5305,(#5309,#5316),.PCURVE_S1.);
#5305 = LINE('',#5306,#5307);
#5306 = CARTESIAN_POINT('',(116.5,975.,236.));
#5307 = VECTOR('',#5308,1.);
#5308 = DIRECTION('',(0.,0.,1.));
#5309 = PCURVE('',#4984,#5310);
#5310 = DEFINITIONAL_REPRESENTATION('',(#5311),#5315);
#5311 = LINE('',#5312,#5313);
#5312 = CARTESIAN_POINT('',(6.28318530718,-0.));
#5313 = VECTOR('',#5314,1.);
#5314 = DIRECTION('',(0.,1.));
#5315 = ( GEOMETRIC_REPRESENTATION_CONTEXT(2) 
PARAMETRIC_REPRESENTATION_CONTEXT() REPRESENTATION_CONTEXT('2D SPACE',''
  ) );
#5316 = PCURVE('',#4984,#5317);
#5317 = DEFINITIONAL_REPRESENTATION('',(#5318),#5322);
#5318 = LINE('',#5319,#5320);
#5319 = CARTESIAN_POINT('',(0.,-0.));
#5320 = VECTOR('',#5321,1.);
#5321 = DIRECTION('',(0.,1.));
#5322 = ( GEOMETRIC_REPRESENTATION_CONTEXT(2) 
PARAMETRIC_REPRESENTATION_CONTEXT() REPRESENTATION_CONTEXT('2D SPACE',''
  ) );
#5323 = ORIENTED_EDGE('',*,*,#5157,.T.);
#5324 = ORIENTED_EDGE('',*,*,#5303,.T.);
#5325 = ADVANCED_FACE('',(#5326),#5015,.F.);
#5326 = FACE_BOUND('',#5327,.F.);
#5327 = EDGE_LOOP('',(#5328,#5329,#5350,#5351));
#5328 = ORIENTED_EDGE('',*,*,#4998,.F.);
#5329 = ORIENTED_EDGE('',*,*,#5330,.F.);
#5330 = EDGE_CURVE('',#5215,#4999,#5331,.T.);
#5331 = SEAM_CURVE('',#5332,(#5336,#5343),.PCURVE_S1.);
#5332 = LINE('',#5333,#5334);
#5333 = CARTESIAN_POINT('',(226.5,975.,236.));
#5334 = VECTOR('',#5335,1.);
#5335 = DIRECTION('',(0.,0.,1.));
#5336 = PCURVE('',#5015,#5337);
#5337 = DEFINITIONAL_REPRESENTATION('',(#5338),#5342);
#5338 = LINE('',#5339,#5340);
#5339 = CARTESIAN_POINT('',(6.28318530718,-0.));
#5340 = VECTOR('',#5341,1.);
#5341 = DIRECTION('',(0.,1.));
#5342 = ( GEOMETRIC_REPRESENTATION_CONTEXT(2) 
PARAMETRIC_REPRESENTATION_CONTEXT() REPRESENTATION_CONTEXT('2D SPACE',''
  ) );
#5343 = PCURVE('',#5015,#5344);
#5344 = DEFINITIONAL_REPRESENTATION('',(#5345),#5349);
#5345 = LINE('',#5346,#5347);
#5346 = CARTESIAN_POINT('',(0.,-0.));
#5347 = VECTOR('',#5348,1.);
#5348 = DIRECTION('',(0.,1.));
#5349 = ( GEOMETRIC_REPRESENTATION_CONTEXT(2) 
PARAMETRIC_REPRESENTATION_CONTEXT() REPRESENTATION_CONTEXT('2D SPACE',''
  ) );
#5350 = ORIENTED_EDGE('',*,*,#5214,.T.);
#5351 = ORIENTED_EDGE('',*,*,#5330,.T.);
#5352 = ADVANCED_FACE('',(#5353),#5200,.T.);
#5353 = FACE_BOUND('',#5354,.T.);
#5354 = EDGE_LOOP('',(#5355,#5356,#5379,#5408,#5437,#5461,#5490,#5512));
#5355 = ORIENTED_EDGE('',*,*,#5183,.F.);
#5356 = ORIENTED_EDGE('',*,*,#5357,.F.);
#5357 = EDGE_CURVE('',#5358,#5184,#5360,.T.);
#5358 = VERTEX_POINT('',#5359);
#5359 = CARTESIAN_POINT('',(213.,935.,212.));
#5360 = SEAM_CURVE('',#5361,(#5365,#5372),.PCURVE_S1.);
#5361 = LINE('',#5362,#5363);
#5362 = CARTESIAN_POINT('',(213.,935.,212.));
#5363 = VECTOR('',#5364,1.);
#5364 = DIRECTION('',(0.,0.,1.));
#5365 = PCURVE('',#5200,#5366);
#5366 = DEFINITIONAL_REPRESENTATION('',(#5367),#5371);
#5367 = LINE('',#5368,#5369);
#5368 = CARTESIAN_POINT('',(6.28318530718,-0.));
#5369 = VECTOR('',#5370,1.);
#5370 = DIRECTION('',(0.,1.));
#5371 = ( GEOMETRIC_REPRESENTATION_CONTEXT(2) 
PARAMETRIC_REPRESENTATION_CONTEXT() REPRESENTATION_CONTEXT('2D SPACE',''
  ) );
#5372 = PCURVE('',#5200,#5373);
#5373 = DEFINITIONAL_REPRESENTATION('',(#5374),#5378);
#5374 = LINE('',#5375,#5376);
#5375 = CARTESIAN_POINT('',(0.,-0.));
#5376 = VECTOR('',#5377,1.);
#5377 = DIRECTION('',(0.,1.));
#5378 = ( GEOMETRIC_REPRESENTATION_CONTEXT(2) 
PARAMETRIC_REPRESENTATION_CONTEXT() REPRESENTATION_CONTEXT('2D SPACE',''
  ) );
#5379 = ORIENTED_EDGE('',*,*,#5380,.T.);
#5380 = EDGE_CURVE('',#5358,#5381,#5383,.T.);
#5381 = VERTEX_POINT('',#5382);
#5382 = CARTESIAN_POINT('',(203.24918299781,963.99999999999,212.));
#5383 = SURFACE_CURVE('',#5384,(#5389,#5396),.PCURVE_S1.);
#5384 = CIRCLE('',#5385,48.);
#5385 = AXIS2_PLACEMENT_3D('',#5386,#5387,#5388);
#5386 = CARTESIAN_POINT('',(165.,935.,212.));
#5387 = DIRECTION('',(0.,0.,1.));
#5388 = DIRECTION('',(1.,0.,-0.));
#5389 = PCURVE('',#5200,#5390);
#5390 = DEFINITIONAL_REPRESENTATION('',(#5391),#5395);
#5391 = LINE('',#5392,#5393);
#5392 = CARTESIAN_POINT('',(0.,0.));
#5393 = VECTOR('',#5394,1.);
#5394 = DIRECTION('',(1.,0.));
#5395 = ( GEOMETRIC_REPRESENTATION_CONTEXT(2) 
PARAMETRIC_REPRESENTATION_CONTEXT() REPRESENTATION_CONTEXT('2D SPACE',''
  ) );
#5396 = PCURVE('',#5397,#5402);
#5397 = PLANE('',#5398);
#5398 = AXIS2_PLACEMENT_3D('',#5399,#5400,#5401);
#5399 = CARTESIAN_POINT('',(165.,935.,212.));
#5400 = DIRECTION('',(0.,0.,1.));
#5401 = DIRECTION('',(1.,0.,-0.));
#5402 = DEFINITIONAL_REPRESENTATION('',(#5403),#5407);
#5403 = CIRCLE('',#5404,48.);
#5404 = AXIS2_PLACEMENT_2D('',#5405,#5406);
#5405 = CARTESIAN_POINT('',(0.,0.));
#5406 = DIRECTION('',(1.,0.));
#5407 = ( GEOMETRIC_REPRESENTATION_CONTEXT(2) 
PARAMETRIC_REPRESENTATION_CONTEXT() REPRESENTATION_CONTEXT('2D SPACE',''
  ) );
#5408 = ORIENTED_EDGE('',*,*,#5409,.T.);
#5409 = EDGE_CURVE('',#5381,#5410,#5412,.T.);
#5410 = VERTEX_POINT('',#5411);
#5411 = CARTESIAN_POINT('',(195.57776970284,972.,212.));
#5412 = SURFACE_CURVE('',#5413,(#5418,#5425),.PCURVE_S1.);
#5413 = CIRCLE('',#5414,48.);
#5414 = AXIS2_PLACEMENT_3D('',#5415,#5416,#5417);
#5415 = CARTESIAN_POINT('',(165.,935.,212.));
#5416 = DIRECTION('',(0.,0.,1.));
#5417 = DIRECTION('',(1.,0.,-0.));
#5418 = PCURVE('',#5200,#5419);
#5419 = DEFINITIONAL_REPRESENTATION('',(#5420),#5424);
#5420 = LINE('',#5421,#5422);
#5421 = CARTESIAN_POINT('',(0.,0.));
#5422 = VECTOR('',#5423,1.);
#5423 = DIRECTION('',(1.,0.));
#5424 = ( GEOMETRIC_REPRESENTATION_CONTEXT(2) 
PARAMETRIC_REPRESENTATION_CONTEXT() REPRESENTATION_CONTEXT('2D SPACE',''
  ) );
#5425 = PCURVE('',#5426,#5431);
#5426 = PLANE('',#5427);
#5427 = AXIS2_PLACEMENT_3D('',#5428,#5429,#5430);
#5428 = CARTESIAN_POINT('',(140.,964.,212.));
#5429 = DIRECTION('',(0.,0.,1.));
#5430 = DIRECTION('',(1.,0.,-0.));
#5431 = DEFINITIONAL_REPRESENTATION('',(#5432),#5436);
#5432 = CIRCLE('',#5433,48.);
#5433 = AXIS2_PLACEMENT_2D('',#5434,#5435);
#5434 = CARTESIAN_POINT('',(25.,-29.));
#5435 = DIRECTION('',(1.,0.));
#5436 = ( GEOMETRIC_REPRESENTATION_CONTEXT(2) 
PARAMETRIC_REPRESENTATION_CONTEXT() REPRESENTATION_CONTEXT('2D SPACE',''
  ) );
#5437 = ORIENTED_EDGE('',*,*,#5438,.T.);
#5438 = EDGE_CURVE('',#5410,#5439,#5441,.T.);
#5439 = VERTEX_POINT('',#5440);
#5440 = CARTESIAN_POINT('',(195.57776970284,898.,212.));
#5441 = SURFACE_CURVE('',#5442,(#5447,#5454),.PCURVE_S1.);
#5442 = CIRCLE('',#5443,48.);
#5443 = AXIS2_PLACEMENT_3D('',#5444,#5445,#5446);
#5444 = CARTESIAN_POINT('',(165.,935.,212.));
#5445 = DIRECTION('',(0.,0.,1.));
#5446 = DIRECTION('',(1.,0.,-0.));
#5447 = PCURVE('',#5200,#5448);
#5448 = DEFINITIONAL_REPRESENTATION('',(#5449),#5453);
#5449 = LINE('',#5450,#5451);
#5450 = CARTESIAN_POINT('',(0.,0.));
#5451 = VECTOR('',#5452,1.);
#5452 = DIRECTION('',(1.,0.));
#5453 = ( GEOMETRIC_REPRESENTATION_CONTEXT(2) 
PARAMETRIC_REPRESENTATION_CONTEXT() REPRESENTATION_CONTEXT('2D SPACE',''
  ) );
#5454 = PCURVE('',#5397,#5455);
#5455 = DEFINITIONAL_REPRESENTATION('',(#5456),#5460);
#5456 = CIRCLE('',#5457,48.);
#5457 = AXIS2_PLACEMENT_2D('',#5458,#5459);
#5458 = CARTESIAN_POINT('',(0.,0.));
#5459 = DIRECTION('',(1.,0.));
#5460 = ( GEOMETRIC_REPRESENTATION_CONTEXT(2) 
PARAMETRIC_REPRESENTATION_CONTEXT() REPRESENTATION_CONTEXT('2D SPACE',''
  ) );
#5461 = ORIENTED_EDGE('',*,*,#5462,.T.);
#5462 = EDGE_CURVE('',#5439,#5463,#5465,.T.);
#5463 = VERTEX_POINT('',#5464);
#5464 = CARTESIAN_POINT('',(203.24918299781,906.,212.));
#5465 = SURFACE_CURVE('',#5466,(#5471,#5478),.PCURVE_S1.);
#5466 = CIRCLE('',#5467,48.);
#5467 = AXIS2_PLACEMENT_3D('',#5468,#5469,#5470);
#5468 = CARTESIAN_POINT('',(165.,935.,212.));
#5469 = DIRECTION('',(0.,0.,1.));
#5470 = DIRECTION('',(1.,0.,-0.));
#5471 = PCURVE('',#5200,#5472);
#5472 = DEFINITIONAL_REPRESENTATION('',(#5473),#5477);
#5473 = LINE('',#5474,#5475);
#5474 = CARTESIAN_POINT('',(0.,0.));
#5475 = VECTOR('',#5476,1.);
#5476 = DIRECTION('',(1.,0.));
#5477 = ( GEOMETRIC_REPRESENTATION_CONTEXT(2) 
PARAMETRIC_REPRESENTATION_CONTEXT() REPRESENTATION_CONTEXT('2D SPACE',''
  ) );
#5478 = PCURVE('',#5479,#5484);
#5479 = PLANE('',#5480);
#5480 = AXIS2_PLACEMENT_3D('',#5481,#5482,#5483);
#5481 = CARTESIAN_POINT('',(140.,898.,212.));
#5482 = DIRECTION('',(0.,0.,1.));
#5483 = DIRECTION('',(1.,0.,-0.));
#5484 = DEFINITIONAL_REPRESENTATION('',(#5485),#5489);
#5485 = CIRCLE('',#5486,48.);
#5486 = AXIS2_PLACEMENT_2D('',#5487,#5488);
#5487 = CARTESIAN_POINT('',(25.,37.));
#5488 = DIRECTION('',(1.,0.));
#5489 = ( GEOMETRIC_REPRESENTATION_CONTEXT(2) 
PARAMETRIC_REPRESENTATION_CONTEXT() REPRESENTATION_CONTEXT('2D SPACE',''
  ) );
#5490 = ORIENTED_EDGE('',*,*,#5491,.T.);
#5491 = EDGE_CURVE('',#5463,#5358,#5492,.T.);
#5492 = SURFACE_CURVE('',#5493,(#5498,#5505),.PCURVE_S1.);
#5493 = CIRCLE('',#5494,48.);
#5494 = AXIS2_PLACEMENT_3D('',#5495,#5496,#5497);
#5495 = CARTESIAN_POINT('',(165.,935.,212.));
#5496 = DIRECTION('',(0.,0.,1.));
#5497 = DIRECTION('',(1.,0.,-0.));
#5498 = PCURVE('',#5200,#5499);
#5499 = DEFINITIONAL_REPRESENTATION('',(#5500),#5504);
#5500 = LINE('',#5501,#5502);
#5501 = CARTESIAN_POINT('',(0.,0.));
#5502 = VECTOR('',#5503,1.);
#5503 = DIRECTION('',(1.,0.));
#5504 = ( GEOMETRIC_REPRESENTATION_CONTEXT(2) 
PARAMETRIC_REPRESENTATION_CONTEXT() REPRESENTATION_CONTEXT('2D SPACE',''
  ) );
#5505 = PCURVE('',#5397,#5506);
#5506 = DEFINITIONAL_REPRESENTATION('',(#5507),#5511);
#5507 = CIRCLE('',#5508,48.);
#5508 = AXIS2_PLACEMENT_2D('',#5509,#5510);
#5509 = CARTESIAN_POINT('',(0.,0.));
#5510 = DIRECTION('',(1.,0.));
#5511 = ( GEOMETRIC_REPRESENTATION_CONTEXT(2) 
PARAMETRIC_REPRESENTATION_CONTEXT() REPRESENTATION_CONTEXT('2D SPACE',''
  ) );
#5512 = ORIENTED_EDGE('',*,*,#5357,.T.);
#5513 = ADVANCED_FACE('',(#5514),#5397,.F.);
#5514 = FACE_BOUND('',#5515,.F.);
#5515 = EDGE_LOOP('',(#5516,#5544,#5545,#5546,#5574,#5602,#5628,#5629,
    #5657));
#5516 = ORIENTED_EDGE('',*,*,#5517,.T.);
#5517 = EDGE_CURVE('',#5518,#5463,#5520,.T.);
#5518 = VERTEX_POINT('',#5519);
#5519 = CARTESIAN_POINT('',(140.,906.,212.));
#5520 = SURFACE_CURVE('',#5521,(#5525,#5532),.PCURVE_S1.);
#5521 = LINE('',#5522,#5523);
#5522 = CARTESIAN_POINT('',(140.,906.,212.));
#5523 = VECTOR('',#5524,1.);
#5524 = DIRECTION('',(1.,0.,-0.));
#5525 = PCURVE('',#5397,#5526);
#5526 = DEFINITIONAL_REPRESENTATION('',(#5527),#5531);
#5527 = LINE('',#5528,#5529);
#5528 = CARTESIAN_POINT('',(-25.,-29.));
#5529 = VECTOR('',#5530,1.);
#5530 = DIRECTION('',(1.,0.));
#5531 = ( GEOMETRIC_REPRESENTATION_CONTEXT(2) 
PARAMETRIC_REPRESENTATION_CONTEXT() REPRESENTATION_CONTEXT('2D SPACE',''
  ) );
#5532 = PCURVE('',#5533,#5538);
#5533 = PLANE('',#5534);
#5534 = AXIS2_PLACEMENT_3D('',#5535,#5536,#5537);
#5535 = CARTESIAN_POINT('',(140.,906.,85.));
#5536 = DIRECTION('',(-0.,1.,0.));
#5537 = DIRECTION('',(0.,0.,1.));
#5538 = DEFINITIONAL_REPRESENTATION('',(#5539),#5543);
#5539 = LINE('',#5540,#5541);
#5540 = CARTESIAN_POINT('',(127.,0.));
#5541 = VECTOR('',#5542,1.);
#5542 = DIRECTION('',(0.,1.));
#5543 = ( GEOMETRIC_REPRESENTATION_CONTEXT(2) 
PARAMETRIC_REPRESENTATION_CONTEXT() REPRESENTATION_CONTEXT('2D SPACE',''
  ) );
#5544 = ORIENTED_EDGE('',*,*,#5491,.T.);
#5545 = ORIENTED_EDGE('',*,*,#5380,.T.);
#5546 = ORIENTED_EDGE('',*,*,#5547,.F.);
#5547 = EDGE_CURVE('',#5548,#5381,#5550,.T.);
#5548 = VERTEX_POINT('',#5549);
#5549 = CARTESIAN_POINT('',(140.,964.,212.));
#5550 = SURFACE_CURVE('',#5551,(#5555,#5562),.PCURVE_S1.);
#5551 = LINE('',#5552,#5553);
#5552 = CARTESIAN_POINT('',(140.,964.,212.));
#5553 = VECTOR('',#5554,1.);
#5554 = DIRECTION('',(1.,0.,-0.));
#5555 = PCURVE('',#5397,#5556);
#5556 = DEFINITIONAL_REPRESENTATION('',(#5557),#5561);
#5557 = LINE('',#5558,#5559);
#5558 = CARTESIAN_POINT('',(-25.,29.));
#5559 = VECTOR('',#5560,1.);
#5560 = DIRECTION('',(1.,0.));
#5561 = ( GEOMETRIC_REPRESENTATION_CONTEXT(2) 
PARAMETRIC_REPRESENTATION_CONTEXT() REPRESENTATION_CONTEXT('2D SPACE',''
  ) );
#5562 = PCURVE('',#5563,#5568);
#5563 = PLANE('',#5564);
#5564 = AXIS2_PLACEMENT_3D('',#5565,#5566,#5567);
#5565 = CARTESIAN_POINT('',(140.,964.,85.));
#5566 = DIRECTION('',(-0.,1.,0.));
#5567 = DIRECTION('',(0.,0.,1.));
#5568 = DEFINITIONAL_REPRESENTATION('',(#5569),#5573);
#5569 = LINE('',#5570,#5571);
#5570 = CARTESIAN_POINT('',(127.,0.));
#5571 = VECTOR('',#5572,1.);
#5572 = DIRECTION('',(0.,1.));
#5573 = ( GEOMETRIC_REPRESENTATION_CONTEXT(2) 
PARAMETRIC_REPRESENTATION_CONTEXT() REPRESENTATION_CONTEXT('2D SPACE',''
  ) );
#5574 = ORIENTED_EDGE('',*,*,#5575,.T.);
#5575 = EDGE_CURVE('',#5548,#5576,#5578,.T.);
#5576 = VERTEX_POINT('',#5577);
#5577 = CARTESIAN_POINT('',(140.,972.,212.));
#5578 = SURFACE_CURVE('',#5579,(#5583,#5590),.PCURVE_S1.);
#5579 = LINE('',#5580,#5581);
#5580 = CARTESIAN_POINT('',(140.,964.,212.));
#5581 = VECTOR('',#5582,1.);
#5582 = DIRECTION('',(-0.,1.,0.));
#5583 = PCURVE('',#5397,#5584);
#5584 = DEFINITIONAL_REPRESENTATION('',(#5585),#5589);
#5585 = LINE('',#5586,#5587);
#5586 = CARTESIAN_POINT('',(-25.,29.));
#5587 = VECTOR('',#5588,1.);
#5588 = DIRECTION('',(0.,1.));
#5589 = ( GEOMETRIC_REPRESENTATION_CONTEXT(2) 
PARAMETRIC_REPRESENTATION_CONTEXT() REPRESENTATION_CONTEXT('2D SPACE',''
  ) );
#5590 = PCURVE('',#5591,#5596);
#5591 = PLANE('',#5592);
#5592 = AXIS2_PLACEMENT_3D('',#5593,#5594,#5595);
#5593 = CARTESIAN_POINT('',(140.,964.,85.));
#5594 = DIRECTION('',(1.,0.,-0.));
#5595 = DIRECTION('',(0.,0.,1.));
#5596 = DEFINITIONAL_REPRESENTATION('',(#5597),#5601);
#5597 = LINE('',#5598,#5599);
#5598 = CARTESIAN_POINT('',(127.,0.));
#5599 = VECTOR('',#5600,1.);
#5600 = DIRECTION('',(0.,-1.));
#5601 = ( GEOMETRIC_REPRESENTATION_CONTEXT(2) 
PARAMETRIC_REPRESENTATION_CONTEXT() REPRESENTATION_CONTEXT('2D SPACE',''
  ) );
#5602 = ORIENTED_EDGE('',*,*,#5603,.T.);
#5603 = EDGE_CURVE('',#5576,#5410,#5604,.T.);
#5604 = SURFACE_CURVE('',#5605,(#5609,#5616),.PCURVE_S1.);
#5605 = LINE('',#5606,#5607);
#5606 = CARTESIAN_POINT('',(140.,972.,212.));
#5607 = VECTOR('',#5608,1.);
#5608 = DIRECTION('',(1.,0.,-0.));
#5609 = PCURVE('',#5397,#5610);
#5610 = DEFINITIONAL_REPRESENTATION('',(#5611),#5615);
#5611 = LINE('',#5612,#5613);
#5612 = CARTESIAN_POINT('',(-25.,37.));
#5613 = VECTOR('',#5614,1.);
#5614 = DIRECTION('',(1.,0.));
#5615 = ( GEOMETRIC_REPRESENTATION_CONTEXT(2) 
PARAMETRIC_REPRESENTATION_CONTEXT() REPRESENTATION_CONTEXT('2D SPACE',''
  ) );
#5616 = PCURVE('',#5617,#5622);
#5617 = PLANE('',#5618);
#5618 = AXIS2_PLACEMENT_3D('',#5619,#5620,#5621);
#5619 = CARTESIAN_POINT('',(140.,972.,85.));
#5620 = DIRECTION('',(-0.,1.,0.));
#5621 = DIRECTION('',(0.,0.,1.));
#5622 = DEFINITIONAL_REPRESENTATION('',(#5623),#5627);
#5623 = LINE('',#5624,#5625);
#5624 = CARTESIAN_POINT('',(127.,0.));
#5625 = VECTOR('',#5626,1.);
#5626 = DIRECTION('',(0.,1.));
#5627 = ( GEOMETRIC_REPRESENTATION_CONTEXT(2) 
PARAMETRIC_REPRESENTATION_CONTEXT() REPRESENTATION_CONTEXT('2D SPACE',''
  ) );
#5628 = ORIENTED_EDGE('',*,*,#5438,.T.);
#5629 = ORIENTED_EDGE('',*,*,#5630,.F.);
#5630 = EDGE_CURVE('',#5631,#5439,#5633,.T.);
#5631 = VERTEX_POINT('',#5632);
#5632 = CARTESIAN_POINT('',(140.,898.,212.));
#5633 = SURFACE_CURVE('',#5634,(#5638,#5645),.PCURVE_S1.);
#5634 = LINE('',#5635,#5636);
#5635 = CARTESIAN_POINT('',(140.,898.,212.));
#5636 = VECTOR('',#5637,1.);
#5637 = DIRECTION('',(1.,0.,-0.));
#5638 = PCURVE('',#5397,#5639);
#5639 = DEFINITIONAL_REPRESENTATION('',(#5640),#5644);
#5640 = LINE('',#5641,#5642);
#5641 = CARTESIAN_POINT('',(-25.,-37.));
#5642 = VECTOR('',#5643,1.);
#5643 = DIRECTION('',(1.,0.));
#5644 = ( GEOMETRIC_REPRESENTATION_CONTEXT(2) 
PARAMETRIC_REPRESENTATION_CONTEXT() REPRESENTATION_CONTEXT('2D SPACE',''
  ) );
#5645 = PCURVE('',#5646,#5651);
#5646 = PLANE('',#5647);
#5647 = AXIS2_PLACEMENT_3D('',#5648,#5649,#5650);
#5648 = CARTESIAN_POINT('',(140.,898.,85.));
#5649 = DIRECTION('',(-0.,1.,0.));
#5650 = DIRECTION('',(0.,0.,1.));
#5651 = DEFINITIONAL_REPRESENTATION('',(#5652),#5656);
#5652 = LINE('',#5653,#5654);
#5653 = CARTESIAN_POINT('',(127.,0.));
#5654 = VECTOR('',#5655,1.);
#5655 = DIRECTION('',(0.,1.));
#5656 = ( GEOMETRIC_REPRESENTATION_CONTEXT(2) 
PARAMETRIC_REPRESENTATION_CONTEXT() REPRESENTATION_CONTEXT('2D SPACE',''
  ) );
#5657 = ORIENTED_EDGE('',*,*,#5658,.T.);
#5658 = EDGE_CURVE('',#5631,#5518,#5659,.T.);
#5659 = SURFACE_CURVE('',#5660,(#5664,#5671),.PCURVE_S1.);
#5660 = LINE('',#5661,#5662);
#5661 = CARTESIAN_POINT('',(140.,898.,212.));
#5662 = VECTOR('',#5663,1.);
#5663 = DIRECTION('',(-0.,1.,0.));
#5664 = PCURVE('',#5397,#5665);
#5665 = DEFINITIONAL_REPRESENTATION('',(#5666),#5670);
#5666 = LINE('',#5667,#5668);
#5667 = CARTESIAN_POINT('',(-25.,-37.));
#5668 = VECTOR('',#5669,1.);
#5669 = DIRECTION('',(0.,1.));
#5670 = ( GEOMETRIC_REPRESENTATION_CONTEXT(2) 
PARAMETRIC_REPRESENTATION_CONTEXT() REPRESENTATION_CONTEXT('2D SPACE',''
  ) );
#5671 = PCURVE('',#5672,#5677);
#5672 = PLANE('',#5673);
#5673 = AXIS2_PLACEMENT_3D('',#5674,#5675,#5676);
#5674 = CARTESIAN_POINT('',(140.,898.,85.));
#5675 = DIRECTION('',(1.,0.,-0.));
#5676 = DIRECTION('',(0.,0.,1.));
#5677 = DEFINITIONAL_REPRESENTATION('',(#5678),#5682);
#5678 = LINE('',#5679,#5680);
#5679 = CARTESIAN_POINT('',(127.,0.));
#5680 = VECTOR('',#5681,1.);
#5681 = DIRECTION('',(0.,-1.));
#5682 = ( GEOMETRIC_REPRESENTATION_CONTEXT(2) 
PARAMETRIC_REPRESENTATION_CONTEXT() REPRESENTATION_CONTEXT('2D SPACE',''
  ) );
#5683 = ADVANCED_FACE('',(#5684),#5479,.T.);
#5684 = FACE_BOUND('',#5685,.T.);
#5685 = EDGE_LOOP('',(#5686,#5709,#5710,#5733));
#5686 = ORIENTED_EDGE('',*,*,#5687,.F.);
#5687 = EDGE_CURVE('',#5463,#5688,#5690,.T.);
#5688 = VERTEX_POINT('',#5689);
#5689 = CARTESIAN_POINT('',(245.,906.,212.));
#5690 = SURFACE_CURVE('',#5691,(#5695,#5702),.PCURVE_S1.);
#5691 = LINE('',#5692,#5693);
#5692 = CARTESIAN_POINT('',(140.,906.,212.));
#5693 = VECTOR('',#5694,1.);
#5694 = DIRECTION('',(1.,0.,-0.));
#5695 = PCURVE('',#5479,#5696);
#5696 = DEFINITIONAL_REPRESENTATION('',(#5697),#5701);
#5697 = LINE('',#5698,#5699);
#5698 = CARTESIAN_POINT('',(0.,8.));
#5699 = VECTOR('',#5700,1.);
#5700 = DIRECTION('',(1.,0.));
#5701 = ( GEOMETRIC_REPRESENTATION_CONTEXT(2) 
PARAMETRIC_REPRESENTATION_CONTEXT() REPRESENTATION_CONTEXT('2D SPACE',''
  ) );
#5702 = PCURVE('',#5533,#5703);
#5703 = DEFINITIONAL_REPRESENTATION('',(#5704),#5708);
#5704 = LINE('',#5705,#5706);
#5705 = CARTESIAN_POINT('',(127.,0.));
#5706 = VECTOR('',#5707,1.);
#5707 = DIRECTION('',(0.,1.));
#5708 = ( GEOMETRIC_REPRESENTATION_CONTEXT(2) 
PARAMETRIC_REPRESENTATION_CONTEXT() REPRESENTATION_CONTEXT('2D SPACE',''
  ) );
#5709 = ORIENTED_EDGE('',*,*,#5462,.F.);
#5710 = ORIENTED_EDGE('',*,*,#5711,.T.);
#5711 = EDGE_CURVE('',#5439,#5712,#5714,.T.);
#5712 = VERTEX_POINT('',#5713);
#5713 = CARTESIAN_POINT('',(245.,898.,212.));
#5714 = SURFACE_CURVE('',#5715,(#5719,#5726),.PCURVE_S1.);
#5715 = LINE('',#5716,#5717);
#5716 = CARTESIAN_POINT('',(140.,898.,212.));
#5717 = VECTOR('',#5718,1.);
#5718 = DIRECTION('',(1.,0.,-0.));
#5719 = PCURVE('',#5479,#5720);
#5720 = DEFINITIONAL_REPRESENTATION('',(#5721),#5725);
#5721 = LINE('',#5722,#5723);
#5722 = CARTESIAN_POINT('',(0.,0.));
#5723 = VECTOR('',#5724,1.);
#5724 = DIRECTION('',(1.,0.));
#5725 = ( GEOMETRIC_REPRESENTATION_CONTEXT(2) 
PARAMETRIC_REPRESENTATION_CONTEXT() REPRESENTATION_CONTEXT('2D SPACE',''
  ) );
#5726 = PCURVE('',#5646,#5727);
#5727 = DEFINITIONAL_REPRESENTATION('',(#5728),#5732);
#5728 = LINE('',#5729,#5730);
#5729 = CARTESIAN_POINT('',(127.,0.));
#5730 = VECTOR('',#5731,1.);
#5731 = DIRECTION('',(0.,1.));
#5732 = ( GEOMETRIC_REPRESENTATION_CONTEXT(2) 
PARAMETRIC_REPRESENTATION_CONTEXT() REPRESENTATION_CONTEXT('2D SPACE',''
  ) );
#5733 = ORIENTED_EDGE('',*,*,#5734,.T.);
#5734 = EDGE_CURVE('',#5712,#5688,#5735,.T.);
#5735 = SURFACE_CURVE('',#5736,(#5740,#5747),.PCURVE_S1.);
#5736 = LINE('',#5737,#5738);
#5737 = CARTESIAN_POINT('',(245.,898.,212.));
#5738 = VECTOR('',#5739,1.);
#5739 = DIRECTION('',(-0.,1.,0.));
#5740 = PCURVE('',#5479,#5741);
#5741 = DEFINITIONAL_REPRESENTATION('',(#5742),#5746);
#5742 = LINE('',#5743,#5744);
#5743 = CARTESIAN_POINT('',(105.,0.));
#5744 = VECTOR('',#5745,1.);
#5745 = DIRECTION('',(0.,1.));
#5746 = ( GEOMETRIC_REPRESENTATION_CONTEXT(2) 
PARAMETRIC_REPRESENTATION_CONTEXT() REPRESENTATION_CONTEXT('2D SPACE',''
  ) );
#5747 = PCURVE('',#5748,#5753);
#5748 = PLANE('',#5749);
#5749 = AXIS2_PLACEMENT_3D('',#5750,#5751,#5752);
#5750 = CARTESIAN_POINT('',(245.,898.,85.));
#5751 = DIRECTION('',(1.,0.,-0.));
#5752 = DIRECTION('',(0.,0.,1.));
#5753 = DEFINITIONAL_REPRESENTATION('',(#5754),#5758);
#5754 = LINE('',#5755,#5756);
#5755 = CARTESIAN_POINT('',(127.,0.));
#5756 = VECTOR('',#5757,1.);
#5757 = DIRECTION('',(0.,-1.));
#5758 = ( GEOMETRIC_REPRESENTATION_CONTEXT(2) 
PARAMETRIC_REPRESENTATION_CONTEXT() REPRESENTATION_CONTEXT('2D SPACE',''
  ) );
#5759 = ADVANCED_FACE('',(#5760),#5426,.T.);
#5760 = FACE_BOUND('',#5761,.T.);
#5761 = EDGE_LOOP('',(#5762,#5785,#5786,#5809));
#5762 = ORIENTED_EDGE('',*,*,#5763,.F.);
#5763 = EDGE_CURVE('',#5410,#5764,#5766,.T.);
#5764 = VERTEX_POINT('',#5765);
#5765 = CARTESIAN_POINT('',(245.,972.,212.));
#5766 = SURFACE_CURVE('',#5767,(#5771,#5778),.PCURVE_S1.);
#5767 = LINE('',#5768,#5769);
#5768 = CARTESIAN_POINT('',(140.,972.,212.));
#5769 = VECTOR('',#5770,1.);
#5770 = DIRECTION('',(1.,0.,-0.));
#5771 = PCURVE('',#5426,#5772);
#5772 = DEFINITIONAL_REPRESENTATION('',(#5773),#5777);
#5773 = LINE('',#5774,#5775);
#5774 = CARTESIAN_POINT('',(0.,8.));
#5775 = VECTOR('',#5776,1.);
#5776 = DIRECTION('',(1.,0.));
#5777 = ( GEOMETRIC_REPRESENTATION_CONTEXT(2) 
PARAMETRIC_REPRESENTATION_CONTEXT() REPRESENTATION_CONTEXT('2D SPACE',''
  ) );
#5778 = PCURVE('',#5617,#5779);
#5779 = DEFINITIONAL_REPRESENTATION('',(#5780),#5784);
#5780 = LINE('',#5781,#5782);
#5781 = CARTESIAN_POINT('',(127.,0.));
#5782 = VECTOR('',#5783,1.);
#5783 = DIRECTION('',(0.,1.));
#5784 = ( GEOMETRIC_REPRESENTATION_CONTEXT(2) 
PARAMETRIC_REPRESENTATION_CONTEXT() REPRESENTATION_CONTEXT('2D SPACE',''
  ) );
#5785 = ORIENTED_EDGE('',*,*,#5409,.F.);
#5786 = ORIENTED_EDGE('',*,*,#5787,.T.);
#5787 = EDGE_CURVE('',#5381,#5788,#5790,.T.);
#5788 = VERTEX_POINT('',#5789);
#5789 = CARTESIAN_POINT('',(245.,964.,212.));
#5790 = SURFACE_CURVE('',#5791,(#5795,#5802),.PCURVE_S1.);
#5791 = LINE('',#5792,#5793);
#5792 = CARTESIAN_POINT('',(140.,964.,212.));
#5793 = VECTOR('',#5794,1.);
#5794 = DIRECTION('',(1.,0.,-0.));
#5795 = PCURVE('',#5426,#5796);
#5796 = DEFINITIONAL_REPRESENTATION('',(#5797),#5801);
#5797 = LINE('',#5798,#5799);
#5798 = CARTESIAN_POINT('',(0.,0.));
#5799 = VECTOR('',#5800,1.);
#5800 = DIRECTION('',(1.,0.));
#5801 = ( GEOMETRIC_REPRESENTATION_CONTEXT(2) 
PARAMETRIC_REPRESENTATION_CONTEXT() REPRESENTATION_CONTEXT('2D SPACE',''
  ) );
#5802 = PCURVE('',#5563,#5803);
#5803 = DEFINITIONAL_REPRESENTATION('',(#5804),#5808);
#5804 = LINE('',#5805,#5806);
#5805 = CARTESIAN_POINT('',(127.,0.));
#5806 = VECTOR('',#5807,1.);
#5807 = DIRECTION('',(0.,1.));
#5808 = ( GEOMETRIC_REPRESENTATION_CONTEXT(2) 
PARAMETRIC_REPRESENTATION_CONTEXT() REPRESENTATION_CONTEXT('2D SPACE',''
  ) );
#5809 = ORIENTED_EDGE('',*,*,#5810,.T.);
#5810 = EDGE_CURVE('',#5788,#5764,#5811,.T.);
#5811 = SURFACE_CURVE('',#5812,(#5816,#5823),.PCURVE_S1.);
#5812 = LINE('',#5813,#5814);
#5813 = CARTESIAN_POINT('',(245.,964.,212.));
#5814 = VECTOR('',#5815,1.);
#5815 = DIRECTION('',(-0.,1.,0.));
#5816 = PCURVE('',#5426,#5817);
#5817 = DEFINITIONAL_REPRESENTATION('',(#5818),#5822);
#5818 = LINE('',#5819,#5820);
#5819 = CARTESIAN_POINT('',(105.,0.));
#5820 = VECTOR('',#5821,1.);
#5821 = DIRECTION('',(0.,1.));
#5822 = ( GEOMETRIC_REPRESENTATION_CONTEXT(2) 
PARAMETRIC_REPRESENTATION_CONTEXT() REPRESENTATION_CONTEXT('2D SPACE',''
  ) );
#5823 = PCURVE('',#5824,#5829);
#5824 = PLANE('',#5825);
#5825 = AXIS2_PLACEMENT_3D('',#5826,#5827,#5828);
#5826 = CARTESIAN_POINT('',(245.,964.,85.));
#5827 = DIRECTION('',(1.,0.,-0.));
#5828 = DIRECTION('',(0.,0.,1.));
#5829 = DEFINITIONAL_REPRESENTATION('',(#5830),#5834);
#5830 = LINE('',#5831,#5832);
#5831 = CARTESIAN_POINT('',(127.,0.));
#5832 = VECTOR('',#5833,1.);
#5833 = DIRECTION('',(0.,-1.));
#5834 = ( GEOMETRIC_REPRESENTATION_CONTEXT(2) 
PARAMETRIC_REPRESENTATION_CONTEXT() REPRESENTATION_CONTEXT('2D SPACE',''
  ) );
#5835 = ADVANCED_FACE('',(#5836,#5912),#5533,.T.);
#5836 = FACE_BOUND('',#5837,.T.);
#5837 = EDGE_LOOP('',(#5838,#5868,#5889,#5890,#5891));
#5838 = ORIENTED_EDGE('',*,*,#5839,.F.);
#5839 = EDGE_CURVE('',#5840,#5842,#5844,.T.);
#5840 = VERTEX_POINT('',#5841);
#5841 = CARTESIAN_POINT('',(140.,906.,85.));
#5842 = VERTEX_POINT('',#5843);
#5843 = CARTESIAN_POINT('',(245.,906.,85.));
#5844 = SURFACE_CURVE('',#5845,(#5849,#5856),.PCURVE_S1.);
#5845 = LINE('',#5846,#5847);
#5846 = CARTESIAN_POINT('',(140.,906.,85.));
#5847 = VECTOR('',#5848,1.);
#5848 = DIRECTION('',(1.,0.,-0.));
#5849 = PCURVE('',#5533,#5850);
#5850 = DEFINITIONAL_REPRESENTATION('',(#5851),#5855);
#5851 = LINE('',#5852,#5853);
#5852 = CARTESIAN_POINT('',(0.,0.));
#5853 = VECTOR('',#5854,1.);
#5854 = DIRECTION('',(0.,1.));
#5855 = ( GEOMETRIC_REPRESENTATION_CONTEXT(2) 
PARAMETRIC_REPRESENTATION_CONTEXT() REPRESENTATION_CONTEXT('2D SPACE',''
  ) );
#5856 = PCURVE('',#5857,#5862);
#5857 = PLANE('',#5858);
#5858 = AXIS2_PLACEMENT_3D('',#5859,#5860,#5861);
#5859 = CARTESIAN_POINT('',(140.,898.,85.));
#5860 = DIRECTION('',(0.,0.,1.));
#5861 = DIRECTION('',(1.,0.,-0.));
#5862 = DEFINITIONAL_REPRESENTATION('',(#5863),#5867);
#5863 = LINE('',#5864,#5865);
#5864 = CARTESIAN_POINT('',(0.,8.));
#5865 = VECTOR('',#5866,1.);
#5866 = DIRECTION('',(1.,0.));
#5867 = ( GEOMETRIC_REPRESENTATION_CONTEXT(2) 
PARAMETRIC_REPRESENTATION_CONTEXT() REPRESENTATION_CONTEXT('2D SPACE',''
  ) );
#5868 = ORIENTED_EDGE('',*,*,#5869,.T.);
#5869 = EDGE_CURVE('',#5840,#5518,#5870,.T.);
#5870 = SURFACE_CURVE('',#5871,(#5875,#5882),.PCURVE_S1.);
#5871 = LINE('',#5872,#5873);
#5872 = CARTESIAN_POINT('',(140.,906.,85.));
#5873 = VECTOR('',#5874,1.);
#5874 = DIRECTION('',(0.,0.,1.));
#5875 = PCURVE('',#5533,#5876);
#5876 = DEFINITIONAL_REPRESENTATION('',(#5877),#5881);
#5877 = LINE('',#5878,#5879);
#5878 = CARTESIAN_POINT('',(0.,0.));
#5879 = VECTOR('',#5880,1.);
#5880 = DIRECTION('',(1.,0.));
#5881 = ( GEOMETRIC_REPRESENTATION_CONTEXT(2) 
PARAMETRIC_REPRESENTATION_CONTEXT() REPRESENTATION_CONTEXT('2D SPACE',''
  ) );
#5882 = PCURVE('',#5672,#5883);
#5883 = DEFINITIONAL_REPRESENTATION('',(#5884),#5888);
#5884 = LINE('',#5885,#5886);
#5885 = CARTESIAN_POINT('',(0.,-8.));
#5886 = VECTOR('',#5887,1.);
#5887 = DIRECTION('',(1.,0.));
#5888 = ( GEOMETRIC_REPRESENTATION_CONTEXT(2) 
PARAMETRIC_REPRESENTATION_CONTEXT() REPRESENTATION_CONTEXT('2D SPACE',''
  ) );
#5889 = ORIENTED_EDGE('',*,*,#5517,.T.);
#5890 = ORIENTED_EDGE('',*,*,#5687,.T.);
#5891 = ORIENTED_EDGE('',*,*,#5892,.F.);
#5892 = EDGE_CURVE('',#5842,#5688,#5893,.T.);
#5893 = SURFACE_CURVE('',#5894,(#5898,#5905),.PCURVE_S1.);
#5894 = LINE('',#5895,#5896);
#5895 = CARTESIAN_POINT('',(245.,906.,85.));
#5896 = VECTOR('',#5897,1.);
#5897 = DIRECTION('',(0.,0.,1.));
#5898 = PCURVE('',#5533,#5899);
#5899 = DEFINITIONAL_REPRESENTATION('',(#5900),#5904);
#5900 = LINE('',#5901,#5902);
#5901 = CARTESIAN_POINT('',(0.,105.));
#5902 = VECTOR('',#5903,1.);
#5903 = DIRECTION('',(1.,0.));
#5904 = ( GEOMETRIC_REPRESENTATION_CONTEXT(2) 
PARAMETRIC_REPRESENTATION_CONTEXT() REPRESENTATION_CONTEXT('2D SPACE',''
  ) );
#5905 = PCURVE('',#5748,#5906);
#5906 = DEFINITIONAL_REPRESENTATION('',(#5907),#5911);
#5907 = LINE('',#5908,#5909);
#5908 = CARTESIAN_POINT('',(0.,-8.));
#5909 = VECTOR('',#5910,1.);
#5910 = DIRECTION('',(1.,0.));
#5911 = ( GEOMETRIC_REPRESENTATION_CONTEXT(2) 
PARAMETRIC_REPRESENTATION_CONTEXT() REPRESENTATION_CONTEXT('2D SPACE',''
  ) );
#5912 = FACE_BOUND('',#5913,.T.);
#5913 = EDGE_LOOP('',(#5914));
#5914 = ORIENTED_EDGE('',*,*,#5915,.F.);
#5915 = EDGE_CURVE('',#5916,#5916,#5918,.T.);
#5916 = VERTEX_POINT('',#5917);
#5917 = CARTESIAN_POINT('',(220.,906.,110.));
#5918 = SURFACE_CURVE('',#5919,(#5924,#5931),.PCURVE_S1.);
#5919 = CIRCLE('',#5920,10.);
#5920 = AXIS2_PLACEMENT_3D('',#5921,#5922,#5923);
#5921 = CARTESIAN_POINT('',(220.,906.,100.));
#5922 = DIRECTION('',(0.,1.,0.));
#5923 = DIRECTION('',(0.,-0.,1.));
#5924 = PCURVE('',#5533,#5925);
#5925 = DEFINITIONAL_REPRESENTATION('',(#5926),#5930);
#5926 = CIRCLE('',#5927,10.);
#5927 = AXIS2_PLACEMENT_2D('',#5928,#5929);
#5928 = CARTESIAN_POINT('',(15.,80.));
#5929 = DIRECTION('',(1.,0.));
#5930 = ( GEOMETRIC_REPRESENTATION_CONTEXT(2) 
PARAMETRIC_REPRESENTATION_CONTEXT() REPRESENTATION_CONTEXT('2D SPACE',''
  ) );
#5931 = PCURVE('',#5932,#5937);
#5932 = CYLINDRICAL_SURFACE('',#5933,10.);
#5933 = AXIS2_PLACEMENT_3D('',#5934,#5935,#5936);
#5934 = CARTESIAN_POINT('',(220.,896.,100.));
#5935 = DIRECTION('',(0.,1.,0.));
#5936 = DIRECTION('',(0.,-0.,1.));
#5937 = DEFINITIONAL_REPRESENTATION('',(#5938),#5942);
#5938 = LINE('',#5939,#5940);
#5939 = CARTESIAN_POINT('',(0.,10.));
#5940 = VECTOR('',#5941,1.);
#5941 = DIRECTION('',(1.,0.));
#5942 = ( GEOMETRIC_REPRESENTATION_CONTEXT(2) 
PARAMETRIC_REPRESENTATION_CONTEXT() REPRESENTATION_CONTEXT('2D SPACE',''
  ) );
#5943 = ADVANCED_FACE('',(#5944),#5672,.F.);
#5944 = FACE_BOUND('',#5945,.F.);
#5945 = EDGE_LOOP('',(#5946,#5969,#5990,#5991));
#5946 = ORIENTED_EDGE('',*,*,#5947,.F.);
#5947 = EDGE_CURVE('',#5948,#5631,#5950,.T.);
#5948 = VERTEX_POINT('',#5949);
#5949 = CARTESIAN_POINT('',(140.,898.,85.));
#5950 = SURFACE_CURVE('',#5951,(#5955,#5962),.PCURVE_S1.);
#5951 = LINE('',#5952,#5953);
#5952 = CARTESIAN_POINT('',(140.,898.,85.));
#5953 = VECTOR('',#5954,1.);
#5954 = DIRECTION('',(0.,0.,1.));
#5955 = PCURVE('',#5672,#5956);
#5956 = DEFINITIONAL_REPRESENTATION('',(#5957),#5961);
#5957 = LINE('',#5958,#5959);
#5958 = CARTESIAN_POINT('',(0.,0.));
#5959 = VECTOR('',#5960,1.);
#5960 = DIRECTION('',(1.,0.));
#5961 = ( GEOMETRIC_REPRESENTATION_CONTEXT(2) 
PARAMETRIC_REPRESENTATION_CONTEXT() REPRESENTATION_CONTEXT('2D SPACE',''
  ) );
#5962 = PCURVE('',#5646,#5963);
#5963 = DEFINITIONAL_REPRESENTATION('',(#5964),#5968);
#5964 = LINE('',#5965,#5966);
#5965 = CARTESIAN_POINT('',(0.,0.));
#5966 = VECTOR('',#5967,1.);
#5967 = DIRECTION('',(1.,0.));
#5968 = ( GEOMETRIC_REPRESENTATION_CONTEXT(2) 
PARAMETRIC_REPRESENTATION_CONTEXT() REPRESENTATION_CONTEXT('2D SPACE',''
  ) );
#5969 = ORIENTED_EDGE('',*,*,#5970,.T.);
#5970 = EDGE_CURVE('',#5948,#5840,#5971,.T.);
#5971 = SURFACE_CURVE('',#5972,(#5976,#5983),.PCURVE_S1.);
#5972 = LINE('',#5973,#5974);
#5973 = CARTESIAN_POINT('',(140.,898.,85.));
#5974 = VECTOR('',#5975,1.);
#5975 = DIRECTION('',(-0.,1.,0.));
#5976 = PCURVE('',#5672,#5977);
#5977 = DEFINITIONAL_REPRESENTATION('',(#5978),#5982);
#5978 = LINE('',#5979,#5980);
#5979 = CARTESIAN_POINT('',(0.,0.));
#5980 = VECTOR('',#5981,1.);
#5981 = DIRECTION('',(0.,-1.));
#5982 = ( GEOMETRIC_REPRESENTATION_CONTEXT(2) 
PARAMETRIC_REPRESENTATION_CONTEXT() REPRESENTATION_CONTEXT('2D SPACE',''
  ) );
#5983 = PCURVE('',#5857,#5984);
#5984 = DEFINITIONAL_REPRESENTATION('',(#5985),#5989);
#5985 = LINE('',#5986,#5987);
#5986 = CARTESIAN_POINT('',(0.,0.));
#5987 = VECTOR('',#5988,1.);
#5988 = DIRECTION('',(0.,1.));
#5989 = ( GEOMETRIC_REPRESENTATION_CONTEXT(2) 
PARAMETRIC_REPRESENTATION_CONTEXT() REPRESENTATION_CONTEXT('2D SPACE',''
  ) );
#5990 = ORIENTED_EDGE('',*,*,#5869,.T.);
#5991 = ORIENTED_EDGE('',*,*,#5658,.F.);
#5992 = ADVANCED_FACE('',(#5993,#6042),#5646,.F.);
#5993 = FACE_BOUND('',#5994,.F.);
#5994 = EDGE_LOOP('',(#5995,#6018,#6019,#6020,#6021));
#5995 = ORIENTED_EDGE('',*,*,#5996,.F.);
#5996 = EDGE_CURVE('',#5948,#5997,#5999,.T.);
#5997 = VERTEX_POINT('',#5998);
#5998 = CARTESIAN_POINT('',(245.,898.,85.));
#5999 = SURFACE_CURVE('',#6000,(#6004,#6011),.PCURVE_S1.);
#6000 = LINE('',#6001,#6002);
#6001 = CARTESIAN_POINT('',(140.,898.,85.));
#6002 = VECTOR('',#6003,1.);
#6003 = DIRECTION('',(1.,0.,-0.));
#6004 = PCURVE('',#5646,#6005);
#6005 = DEFINITIONAL_REPRESENTATION('',(#6006),#6010);
#6006 = LINE('',#6007,#6008);
#6007 = CARTESIAN_POINT('',(0.,0.));
#6008 = VECTOR('',#6009,1.);
#6009 = DIRECTION('',(0.,1.));
#6010 = ( GEOMETRIC_REPRESENTATION_CONTEXT(2) 
PARAMETRIC_REPRESENTATION_CONTEXT() REPRESENTATION_CONTEXT('2D SPACE',''
  ) );
#6011 = PCURVE('',#5857,#6012);
#6012 = DEFINITIONAL_REPRESENTATION('',(#6013),#6017);
#6013 = LINE('',#6014,#6015);
#6014 = CARTESIAN_POINT('',(0.,0.));
#6015 = VECTOR('',#6016,1.);
#6016 = DIRECTION('',(1.,0.));
#6017 = ( GEOMETRIC_REPRESENTATION_CONTEXT(2) 
PARAMETRIC_REPRESENTATION_CONTEXT() REPRESENTATION_CONTEXT('2D SPACE',''
  ) );
#6018 = ORIENTED_EDGE('',*,*,#5947,.T.);
#6019 = ORIENTED_EDGE('',*,*,#5630,.T.);
#6020 = ORIENTED_EDGE('',*,*,#5711,.T.);
#6021 = ORIENTED_EDGE('',*,*,#6022,.F.);
#6022 = EDGE_CURVE('',#5997,#5712,#6023,.T.);
#6023 = SURFACE_CURVE('',#6024,(#6028,#6035),.PCURVE_S1.);
#6024 = LINE('',#6025,#6026);
#6025 = CARTESIAN_POINT('',(245.,898.,85.));
#6026 = VECTOR('',#6027,1.);
#6027 = DIRECTION('',(0.,0.,1.));
#6028 = PCURVE('',#5646,#6029);
#6029 = DEFINITIONAL_REPRESENTATION('',(#6030),#6034);
#6030 = LINE('',#6031,#6032);
#6031 = CARTESIAN_POINT('',(0.,105.));
#6032 = VECTOR('',#6033,1.);
#6033 = DIRECTION('',(1.,0.));
#6034 = ( GEOMETRIC_REPRESENTATION_CONTEXT(2) 
PARAMETRIC_REPRESENTATION_CONTEXT() REPRESENTATION_CONTEXT('2D SPACE',''
  ) );
#6035 = PCURVE('',#5748,#6036);
#6036 = DEFINITIONAL_REPRESENTATION('',(#6037),#6041);
#6037 = LINE('',#6038,#6039);
#6038 = CARTESIAN_POINT('',(0.,0.));
#6039 = VECTOR('',#6040,1.);
#6040 = DIRECTION('',(1.,0.));
#6041 = ( GEOMETRIC_REPRESENTATION_CONTEXT(2) 
PARAMETRIC_REPRESENTATION_CONTEXT() REPRESENTATION_CONTEXT('2D SPACE',''
  ) );
#6042 = FACE_BOUND('',#6043,.F.);
#6043 = EDGE_LOOP('',(#6044));
#6044 = ORIENTED_EDGE('',*,*,#6045,.F.);
#6045 = EDGE_CURVE('',#6046,#6046,#6048,.T.);
#6046 = VERTEX_POINT('',#6047);
#6047 = CARTESIAN_POINT('',(220.,898.,110.));
#6048 = SURFACE_CURVE('',#6049,(#6054,#6061),.PCURVE_S1.);
#6049 = CIRCLE('',#6050,10.);
#6050 = AXIS2_PLACEMENT_3D('',#6051,#6052,#6053);
#6051 = CARTESIAN_POINT('',(220.,898.,100.));
#6052 = DIRECTION('',(0.,1.,0.));
#6053 = DIRECTION('',(0.,-0.,1.));
#6054 = PCURVE('',#5646,#6055);
#6055 = DEFINITIONAL_REPRESENTATION('',(#6056),#6060);
#6056 = CIRCLE('',#6057,10.);
#6057 = AXIS2_PLACEMENT_2D('',#6058,#6059);
#6058 = CARTESIAN_POINT('',(15.,80.));
#6059 = DIRECTION('',(1.,0.));
#6060 = ( GEOMETRIC_REPRESENTATION_CONTEXT(2) 
PARAMETRIC_REPRESENTATION_CONTEXT() REPRESENTATION_CONTEXT('2D SPACE',''
  ) );
#6061 = PCURVE('',#6062,#6067);
#6062 = CYLINDRICAL_SURFACE('',#6063,10.);
#6063 = AXIS2_PLACEMENT_3D('',#6064,#6065,#6066);
#6064 = CARTESIAN_POINT('',(220.,896.,100.));
#6065 = DIRECTION('',(0.,1.,0.));
#6066 = DIRECTION('',(0.,-0.,1.));
#6067 = DEFINITIONAL_REPRESENTATION('',(#6068),#6072);
#6068 = LINE('',#6069,#6070);
#6069 = CARTESIAN_POINT('',(0.,2.));
#6070 = VECTOR('',#6071,1.);
#6071 = DIRECTION('',(1.,0.));
#6072 = ( GEOMETRIC_REPRESENTATION_CONTEXT(2) 
PARAMETRIC_REPRESENTATION_CONTEXT() REPRESENTATION_CONTEXT('2D SPACE',''
  ) );
#6073 = ADVANCED_FACE('',(#6074,#6150),#5617,.T.);
#6074 = FACE_BOUND('',#6075,.T.);
#6075 = EDGE_LOOP('',(#6076,#6106,#6127,#6128,#6129));
#6076 = ORIENTED_EDGE('',*,*,#6077,.F.);
#6077 = EDGE_CURVE('',#6078,#6080,#6082,.T.);
#6078 = VERTEX_POINT('',#6079);
#6079 = CARTESIAN_POINT('',(140.,972.,85.));
#6080 = VERTEX_POINT('',#6081);
#6081 = CARTESIAN_POINT('',(245.,972.,85.));
#6082 = SURFACE_CURVE('',#6083,(#6087,#6094),.PCURVE_S1.);
#6083 = LINE('',#6084,#6085);
#6084 = CARTESIAN_POINT('',(140.,972.,85.));
#6085 = VECTOR('',#6086,1.);
#6086 = DIRECTION('',(1.,0.,-0.));
#6087 = PCURVE('',#5617,#6088);
#6088 = DEFINITIONAL_REPRESENTATION('',(#6089),#6093);
#6089 = LINE('',#6090,#6091);
#6090 = CARTESIAN_POINT('',(0.,0.));
#6091 = VECTOR('',#6092,1.);
#6092 = DIRECTION('',(0.,1.));
#6093 = ( GEOMETRIC_REPRESENTATION_CONTEXT(2) 
PARAMETRIC_REPRESENTATION_CONTEXT() REPRESENTATION_CONTEXT('2D SPACE',''
  ) );
#6094 = PCURVE('',#6095,#6100);
#6095 = PLANE('',#6096);
#6096 = AXIS2_PLACEMENT_3D('',#6097,#6098,#6099);
#6097 = CARTESIAN_POINT('',(140.,964.,85.));
#6098 = DIRECTION('',(0.,0.,1.));
#6099 = DIRECTION('',(1.,0.,-0.));
#6100 = DEFINITIONAL_REPRESENTATION('',(#6101),#6105);
#6101 = LINE('',#6102,#6103);
#6102 = CARTESIAN_POINT('',(0.,8.));
#6103 = VECTOR('',#6104,1.);
#6104 = DIRECTION('',(1.,0.));
#6105 = ( GEOMETRIC_REPRESENTATION_CONTEXT(2) 
PARAMETRIC_REPRESENTATION_CONTEXT() REPRESENTATION_CONTEXT('2D SPACE',''
  ) );
#6106 = ORIENTED_EDGE('',*,*,#6107,.T.);
#6107 = EDGE_CURVE('',#6078,#5576,#6108,.T.);
#6108 = SURFACE_CURVE('',#6109,(#6113,#6120),.PCURVE_S1.);
#6109 = LINE('',#6110,#6111);
#6110 = CARTESIAN_POINT('',(140.,972.,85.));
#6111 = VECTOR('',#6112,1.);
#6112 = DIRECTION('',(0.,0.,1.));
#6113 = PCURVE('',#5617,#6114);
#6114 = DEFINITIONAL_REPRESENTATION('',(#6115),#6119);
#6115 = LINE('',#6116,#6117);
#6116 = CARTESIAN_POINT('',(0.,0.));
#6117 = VECTOR('',#6118,1.);
#6118 = DIRECTION('',(1.,0.));
#6119 = ( GEOMETRIC_REPRESENTATION_CONTEXT(2) 
PARAMETRIC_REPRESENTATION_CONTEXT() REPRESENTATION_CONTEXT('2D SPACE',''
  ) );
#6120 = PCURVE('',#5591,#6121);
#6121 = DEFINITIONAL_REPRESENTATION('',(#6122),#6126);
#6122 = LINE('',#6123,#6124);
#6123 = CARTESIAN_POINT('',(0.,-8.));
#6124 = VECTOR('',#6125,1.);
#6125 = DIRECTION('',(1.,0.));
#6126 = ( GEOMETRIC_REPRESENTATION_CONTEXT(2) 
PARAMETRIC_REPRESENTATION_CONTEXT() REPRESENTATION_CONTEXT('2D SPACE',''
  ) );
#6127 = ORIENTED_EDGE('',*,*,#5603,.T.);
#6128 = ORIENTED_EDGE('',*,*,#5763,.T.);
#6129 = ORIENTED_EDGE('',*,*,#6130,.F.);
#6130 = EDGE_CURVE('',#6080,#5764,#6131,.T.);
#6131 = SURFACE_CURVE('',#6132,(#6136,#6143),.PCURVE_S1.);
#6132 = LINE('',#6133,#6134);
#6133 = CARTESIAN_POINT('',(245.,972.,85.));
#6134 = VECTOR('',#6135,1.);
#6135 = DIRECTION('',(0.,0.,1.));
#6136 = PCURVE('',#5617,#6137);
#6137 = DEFINITIONAL_REPRESENTATION('',(#6138),#6142);
#6138 = LINE('',#6139,#6140);
#6139 = CARTESIAN_POINT('',(0.,105.));
#6140 = VECTOR('',#6141,1.);
#6141 = DIRECTION('',(1.,0.));
#6142 = ( GEOMETRIC_REPRESENTATION_CONTEXT(2) 
PARAMETRIC_REPRESENTATION_CONTEXT() REPRESENTATION_CONTEXT('2D SPACE',''
  ) );
#6143 = PCURVE('',#5824,#6144);
#6144 = DEFINITIONAL_REPRESENTATION('',(#6145),#6149);
#6145 = LINE('',#6146,#6147);
#6146 = CARTESIAN_POINT('',(0.,-8.));
#6147 = VECTOR('',#6148,1.);
#6148 = DIRECTION('',(1.,0.));
#6149 = ( GEOMETRIC_REPRESENTATION_CONTEXT(2) 
PARAMETRIC_REPRESENTATION_CONTEXT() REPRESENTATION_CONTEXT('2D SPACE',''
  ) );
#6150 = FACE_BOUND('',#6151,.T.);
#6151 = EDGE_LOOP('',(#6152));
#6152 = ORIENTED_EDGE('',*,*,#6153,.F.);
#6153 = EDGE_CURVE('',#6154,#6154,#6156,.T.);
#6154 = VERTEX_POINT('',#6155);
#6155 = CARTESIAN_POINT('',(220.,972.,110.));
#6156 = SURFACE_CURVE('',#6157,(#6162,#6169),.PCURVE_S1.);
#6157 = CIRCLE('',#6158,10.);
#6158 = AXIS2_PLACEMENT_3D('',#6159,#6160,#6161);
#6159 = CARTESIAN_POINT('',(220.,972.,100.));
#6160 = DIRECTION('',(0.,1.,0.));
#6161 = DIRECTION('',(0.,-0.,1.));
#6162 = PCURVE('',#5617,#6163);
#6163 = DEFINITIONAL_REPRESENTATION('',(#6164),#6168);
#6164 = CIRCLE('',#6165,10.);
#6165 = AXIS2_PLACEMENT_2D('',#6166,#6167);
#6166 = CARTESIAN_POINT('',(15.,80.));
#6167 = DIRECTION('',(1.,0.));
#6168 = ( GEOMETRIC_REPRESENTATION_CONTEXT(2) 
PARAMETRIC_REPRESENTATION_CONTEXT() REPRESENTATION_CONTEXT('2D SPACE',''
  ) );
#6169 = PCURVE('',#6170,#6175);
#6170 = CYLINDRICAL_SURFACE('',#6171,10.);
#6171 = AXIS2_PLACEMENT_3D('',#6172,#6173,#6174);
#6172 = CARTESIAN_POINT('',(220.,896.,100.));
#6173 = DIRECTION('',(0.,1.,0.));
#6174 = DIRECTION('',(0.,-0.,1.));
#6175 = DEFINITIONAL_REPRESENTATION('',(#6176),#6180);
#6176 = LINE('',#6177,#6178);
#6177 = CARTESIAN_POINT('',(0.,76.));
#6178 = VECTOR('',#6179,1.);
#6179 = DIRECTION('',(1.,0.));
#6180 = ( GEOMETRIC_REPRESENTATION_CONTEXT(2) 
PARAMETRIC_REPRESENTATION_CONTEXT() REPRESENTATION_CONTEXT('2D SPACE',''
  ) );
#6181 = ADVANCED_FACE('',(#6182),#5591,.F.);
#6182 = FACE_BOUND('',#6183,.F.);
#6183 = EDGE_LOOP('',(#6184,#6207,#6228,#6229));
#6184 = ORIENTED_EDGE('',*,*,#6185,.F.);
#6185 = EDGE_CURVE('',#6186,#5548,#6188,.T.);
#6186 = VERTEX_POINT('',#6187);
#6187 = CARTESIAN_POINT('',(140.,964.,85.));
#6188 = SURFACE_CURVE('',#6189,(#6193,#6200),.PCURVE_S1.);
#6189 = LINE('',#6190,#6191);
#6190 = CARTESIAN_POINT('',(140.,964.,85.));
#6191 = VECTOR('',#6192,1.);
#6192 = DIRECTION('',(0.,0.,1.));
#6193 = PCURVE('',#5591,#6194);
#6194 = DEFINITIONAL_REPRESENTATION('',(#6195),#6199);
#6195 = LINE('',#6196,#6197);
#6196 = CARTESIAN_POINT('',(0.,0.));
#6197 = VECTOR('',#6198,1.);
#6198 = DIRECTION('',(1.,0.));
#6199 = ( GEOMETRIC_REPRESENTATION_CONTEXT(2) 
PARAMETRIC_REPRESENTATION_CONTEXT() REPRESENTATION_CONTEXT('2D SPACE',''
  ) );
#6200 = PCURVE('',#5563,#6201);
#6201 = DEFINITIONAL_REPRESENTATION('',(#6202),#6206);
#6202 = LINE('',#6203,#6204);
#6203 = CARTESIAN_POINT('',(0.,0.));
#6204 = VECTOR('',#6205,1.);
#6205 = DIRECTION('',(1.,0.));
#6206 = ( GEOMETRIC_REPRESENTATION_CONTEXT(2) 
PARAMETRIC_REPRESENTATION_CONTEXT() REPRESENTATION_CONTEXT('2D SPACE',''
  ) );
#6207 = ORIENTED_EDGE('',*,*,#6208,.T.);
#6208 = EDGE_CURVE('',#6186,#6078,#6209,.T.);
#6209 = SURFACE_CURVE('',#6210,(#6214,#6221),.PCURVE_S1.);
#6210 = LINE('',#6211,#6212);
#6211 = CARTESIAN_POINT('',(140.,964.,85.));
#6212 = VECTOR('',#6213,1.);
#6213 = DIRECTION('',(-0.,1.,0.));
#6214 = PCURVE('',#5591,#6215);
#6215 = DEFINITIONAL_REPRESENTATION('',(#6216),#6220);
#6216 = LINE('',#6217,#6218);
#6217 = CARTESIAN_POINT('',(0.,0.));
#6218 = VECTOR('',#6219,1.);
#6219 = DIRECTION('',(0.,-1.));
#6220 = ( GEOMETRIC_REPRESENTATION_CONTEXT(2) 
PARAMETRIC_REPRESENTATION_CONTEXT() REPRESENTATION_CONTEXT('2D SPACE',''
  ) );
#6221 = PCURVE('',#6095,#6222);
#6222 = DEFINITIONAL_REPRESENTATION('',(#6223),#6227);
#6223 = LINE('',#6224,#6225);
#6224 = CARTESIAN_POINT('',(0.,0.));
#6225 = VECTOR('',#6226,1.);
#6226 = DIRECTION('',(0.,1.));
#6227 = ( GEOMETRIC_REPRESENTATION_CONTEXT(2) 
PARAMETRIC_REPRESENTATION_CONTEXT() REPRESENTATION_CONTEXT('2D SPACE',''
  ) );
#6228 = ORIENTED_EDGE('',*,*,#6107,.T.);
#6229 = ORIENTED_EDGE('',*,*,#5575,.F.);
#6230 = ADVANCED_FACE('',(#6231,#6280),#5563,.F.);
#6231 = FACE_BOUND('',#6232,.F.);
#6232 = EDGE_LOOP('',(#6233,#6256,#6257,#6258,#6259));
#6233 = ORIENTED_EDGE('',*,*,#6234,.F.);
#6234 = EDGE_CURVE('',#6186,#6235,#6237,.T.);
#6235 = VERTEX_POINT('',#6236);
#6236 = CARTESIAN_POINT('',(245.,964.,85.));
#6237 = SURFACE_CURVE('',#6238,(#6242,#6249),.PCURVE_S1.);
#6238 = LINE('',#6239,#6240);
#6239 = CARTESIAN_POINT('',(140.,964.,85.));
#6240 = VECTOR('',#6241,1.);
#6241 = DIRECTION('',(1.,0.,-0.));
#6242 = PCURVE('',#5563,#6243);
#6243 = DEFINITIONAL_REPRESENTATION('',(#6244),#6248);
#6244 = LINE('',#6245,#6246);
#6245 = CARTESIAN_POINT('',(0.,0.));
#6246 = VECTOR('',#6247,1.);
#6247 = DIRECTION('',(0.,1.));
#6248 = ( GEOMETRIC_REPRESENTATION_CONTEXT(2) 
PARAMETRIC_REPRESENTATION_CONTEXT() REPRESENTATION_CONTEXT('2D SPACE',''
  ) );
#6249 = PCURVE('',#6095,#6250);
#6250 = DEFINITIONAL_REPRESENTATION('',(#6251),#6255);
#6251 = LINE('',#6252,#6253);
#6252 = CARTESIAN_POINT('',(0.,0.));
#6253 = VECTOR('',#6254,1.);
#6254 = DIRECTION('',(1.,0.));
#6255 = ( GEOMETRIC_REPRESENTATION_CONTEXT(2) 
PARAMETRIC_REPRESENTATION_CONTEXT() REPRESENTATION_CONTEXT('2D SPACE',''
  ) );
#6256 = ORIENTED_EDGE('',*,*,#6185,.T.);
#6257 = ORIENTED_EDGE('',*,*,#5547,.T.);
#6258 = ORIENTED_EDGE('',*,*,#5787,.T.);
#6259 = ORIENTED_EDGE('',*,*,#6260,.F.);
#6260 = EDGE_CURVE('',#6235,#5788,#6261,.T.);
#6261 = SURFACE_CURVE('',#6262,(#6266,#6273),.PCURVE_S1.);
#6262 = LINE('',#6263,#6264);
#6263 = CARTESIAN_POINT('',(245.,964.,85.));
#6264 = VECTOR('',#6265,1.);
#6265 = DIRECTION('',(0.,0.,1.));
#6266 = PCURVE('',#5563,#6267);
#6267 = DEFINITIONAL_REPRESENTATION('',(#6268),#6272);
#6268 = LINE('',#6269,#6270);
#6269 = CARTESIAN_POINT('',(0.,105.));
#6270 = VECTOR('',#6271,1.);
#6271 = DIRECTION('',(1.,0.));
#6272 = ( GEOMETRIC_REPRESENTATION_CONTEXT(2) 
PARAMETRIC_REPRESENTATION_CONTEXT() REPRESENTATION_CONTEXT('2D SPACE',''
  ) );
#6273 = PCURVE('',#5824,#6274);
#6274 = DEFINITIONAL_REPRESENTATION('',(#6275),#6279);
#6275 = LINE('',#6276,#6277);
#6276 = CARTESIAN_POINT('',(0.,0.));
#6277 = VECTOR('',#6278,1.);
#6278 = DIRECTION('',(1.,0.));
#6279 = ( GEOMETRIC_REPRESENTATION_CONTEXT(2) 
PARAMETRIC_REPRESENTATION_CONTEXT() REPRESENTATION_CONTEXT('2D SPACE',''
  ) );
#6280 = FACE_BOUND('',#6281,.F.);
#6281 = EDGE_LOOP('',(#6282));
#6282 = ORIENTED_EDGE('',*,*,#6283,.F.);
#6283 = EDGE_CURVE('',#6284,#6284,#6286,.T.);
#6284 = VERTEX_POINT('',#6285);
#6285 = CARTESIAN_POINT('',(220.,964.,110.));
#6286 = SURFACE_CURVE('',#6287,(#6292,#6299),.PCURVE_S1.);
#6287 = CIRCLE('',#6288,10.);
#6288 = AXIS2_PLACEMENT_3D('',#6289,#6290,#6291);
#6289 = CARTESIAN_POINT('',(220.,964.,100.));
#6290 = DIRECTION('',(0.,1.,0.));
#6291 = DIRECTION('',(0.,-0.,1.));
#6292 = PCURVE('',#5563,#6293);
#6293 = DEFINITIONAL_REPRESENTATION('',(#6294),#6298);
#6294 = CIRCLE('',#6295,10.);
#6295 = AXIS2_PLACEMENT_2D('',#6296,#6297);
#6296 = CARTESIAN_POINT('',(15.,80.));
#6297 = DIRECTION('',(1.,0.));
#6298 = ( GEOMETRIC_REPRESENTATION_CONTEXT(2) 
PARAMETRIC_REPRESENTATION_CONTEXT() REPRESENTATION_CONTEXT('2D SPACE',''
  ) );
#6299 = PCURVE('',#6300,#6305);
#6300 = CYLINDRICAL_SURFACE('',#6301,10.);
#6301 = AXIS2_PLACEMENT_3D('',#6302,#6303,#6304);
#6302 = CARTESIAN_POINT('',(220.,896.,100.));
#6303 = DIRECTION('',(0.,1.,0.));
#6304 = DIRECTION('',(0.,-0.,1.));
#6305 = DEFINITIONAL_REPRESENTATION('',(#6306),#6310);
#6306 = LINE('',#6307,#6308);
#6307 = CARTESIAN_POINT('',(0.,68.));
#6308 = VECTOR('',#6309,1.);
#6309 = DIRECTION('',(1.,0.));
#6310 = ( GEOMETRIC_REPRESENTATION_CONTEXT(2) 
PARAMETRIC_REPRESENTATION_CONTEXT() REPRESENTATION_CONTEXT('2D SPACE',''
  ) );
#6311 = ADVANCED_FACE('',(#6312),#5748,.T.);
#6312 = FACE_BOUND('',#6313,.T.);
#6313 = EDGE_LOOP('',(#6314,#6315,#6336,#6337));
#6314 = ORIENTED_EDGE('',*,*,#6022,.F.);
#6315 = ORIENTED_EDGE('',*,*,#6316,.T.);
#6316 = EDGE_CURVE('',#5997,#5842,#6317,.T.);
#6317 = SURFACE_CURVE('',#6318,(#6322,#6329),.PCURVE_S1.);
#6318 = LINE('',#6319,#6320);
#6319 = CARTESIAN_POINT('',(245.,898.,85.));
#6320 = VECTOR('',#6321,1.);
#6321 = DIRECTION('',(-0.,1.,0.));
#6322 = PCURVE('',#5748,#6323);
#6323 = DEFINITIONAL_REPRESENTATION('',(#6324),#6328);
#6324 = LINE('',#6325,#6326);
#6325 = CARTESIAN_POINT('',(0.,0.));
#6326 = VECTOR('',#6327,1.);
#6327 = DIRECTION('',(0.,-1.));
#6328 = ( GEOMETRIC_REPRESENTATION_CONTEXT(2) 
PARAMETRIC_REPRESENTATION_CONTEXT() REPRESENTATION_CONTEXT('2D SPACE',''
  ) );
#6329 = PCURVE('',#5857,#6330);
#6330 = DEFINITIONAL_REPRESENTATION('',(#6331),#6335);
#6331 = LINE('',#6332,#6333);
#6332 = CARTESIAN_POINT('',(105.,0.));
#6333 = VECTOR('',#6334,1.);
#6334 = DIRECTION('',(0.,1.));
#6335 = ( GEOMETRIC_REPRESENTATION_CONTEXT(2) 
PARAMETRIC_REPRESENTATION_CONTEXT() REPRESENTATION_CONTEXT('2D SPACE',''
  ) );
#6336 = ORIENTED_EDGE('',*,*,#5892,.T.);
#6337 = ORIENTED_EDGE('',*,*,#5734,.F.);
#6338 = ADVANCED_FACE('',(#6339),#5824,.T.);
#6339 = FACE_BOUND('',#6340,.T.);
#6340 = EDGE_LOOP('',(#6341,#6342,#6363,#6364));
#6341 = ORIENTED_EDGE('',*,*,#6260,.F.);
#6342 = ORIENTED_EDGE('',*,*,#6343,.T.);
#6343 = EDGE_CURVE('',#6235,#6080,#6344,.T.);
#6344 = SURFACE_CURVE('',#6345,(#6349,#6356),.PCURVE_S1.);
#6345 = LINE('',#6346,#6347);
#6346 = CARTESIAN_POINT('',(245.,964.,85.));
#6347 = VECTOR('',#6348,1.);
#6348 = DIRECTION('',(-0.,1.,0.));
#6349 = PCURVE('',#5824,#6350);
#6350 = DEFINITIONAL_REPRESENTATION('',(#6351),#6355);
#6351 = LINE('',#6352,#6353);
#6352 = CARTESIAN_POINT('',(0.,0.));
#6353 = VECTOR('',#6354,1.);
#6354 = DIRECTION('',(0.,-1.));
#6355 = ( GEOMETRIC_REPRESENTATION_CONTEXT(2) 
PARAMETRIC_REPRESENTATION_CONTEXT() REPRESENTATION_CONTEXT('2D SPACE',''
  ) );
#6356 = PCURVE('',#6095,#6357);
#6357 = DEFINITIONAL_REPRESENTATION('',(#6358),#6362);
#6358 = LINE('',#6359,#6360);
#6359 = CARTESIAN_POINT('',(105.,0.));
#6360 = VECTOR('',#6361,1.);
#6361 = DIRECTION('',(0.,1.));
#6362 = ( GEOMETRIC_REPRESENTATION_CONTEXT(2) 
PARAMETRIC_REPRESENTATION_CONTEXT() REPRESENTATION_CONTEXT('2D SPACE',''
  ) );
#6363 = ORIENTED_EDGE('',*,*,#6130,.T.);
#6364 = ORIENTED_EDGE('',*,*,#5810,.F.);
#6365 = ADVANCED_FACE('',(#6366),#5857,.F.);
#6366 = FACE_BOUND('',#6367,.F.);
#6367 = EDGE_LOOP('',(#6368,#6369,#6370,#6371));
#6368 = ORIENTED_EDGE('',*,*,#5970,.F.);
#6369 = ORIENTED_EDGE('',*,*,#5996,.T.);
#6370 = ORIENTED_EDGE('',*,*,#6316,.T.);
#6371 = ORIENTED_EDGE('',*,*,#5839,.F.);
#6372 = ADVANCED_FACE('',(#6373),#5932,.T.);
#6373 = FACE_BOUND('',#6374,.T.);
#6374 = EDGE_LOOP('',(#6375,#6404,#6425,#6426));
#6375 = ORIENTED_EDGE('',*,*,#6376,.F.);
#6376 = EDGE_CURVE('',#6377,#6377,#6379,.T.);
#6377 = VERTEX_POINT('',#6378);
#6378 = CARTESIAN_POINT('',(220.,910.,110.));
#6379 = SURFACE_CURVE('',#6380,(#6385,#6392),.PCURVE_S1.);
#6380 = CIRCLE('',#6381,10.);
#6381 = AXIS2_PLACEMENT_3D('',#6382,#6383,#6384);
#6382 = CARTESIAN_POINT('',(220.,910.,100.));
#6383 = DIRECTION('',(0.,1.,0.));
#6384 = DIRECTION('',(0.,-0.,1.));
#6385 = PCURVE('',#5932,#6386);
#6386 = DEFINITIONAL_REPRESENTATION('',(#6387),#6391);
#6387 = LINE('',#6388,#6389);
#6388 = CARTESIAN_POINT('',(0.,14.));
#6389 = VECTOR('',#6390,1.);
#6390 = DIRECTION('',(1.,0.));
#6391 = ( GEOMETRIC_REPRESENTATION_CONTEXT(2) 
PARAMETRIC_REPRESENTATION_CONTEXT() REPRESENTATION_CONTEXT('2D SPACE',''
  ) );
#6392 = PCURVE('',#6393,#6398);
#6393 = PLANE('',#6394);
#6394 = AXIS2_PLACEMENT_3D('',#6395,#6396,#6397);
#6395 = CARTESIAN_POINT('',(220.,910.,100.));
#6396 = DIRECTION('',(0.,1.,0.));
#6397 = DIRECTION('',(0.,-0.,1.));
#6398 = DEFINITIONAL_REPRESENTATION('',(#6399),#6403);
#6399 = CIRCLE('',#6400,10.);
#6400 = AXIS2_PLACEMENT_2D('',#6401,#6402);
#6401 = CARTESIAN_POINT('',(0.,0.));
#6402 = DIRECTION('',(1.,0.));
#6403 = ( GEOMETRIC_REPRESENTATION_CONTEXT(2) 
PARAMETRIC_REPRESENTATION_CONTEXT() REPRESENTATION_CONTEXT('2D SPACE',''
  ) );
#6404 = ORIENTED_EDGE('',*,*,#6405,.F.);
#6405 = EDGE_CURVE('',#5916,#6377,#6406,.T.);
#6406 = SEAM_CURVE('',#6407,(#6411,#6418),.PCURVE_S1.);
#6407 = LINE('',#6408,#6409);
#6408 = CARTESIAN_POINT('',(220.,896.,110.));
#6409 = VECTOR('',#6410,1.);
#6410 = DIRECTION('',(0.,1.,0.));
#6411 = PCURVE('',#5932,#6412);
#6412 = DEFINITIONAL_REPRESENTATION('',(#6413),#6417);
#6413 = LINE('',#6414,#6415);
#6414 = CARTESIAN_POINT('',(6.28318530718,-0.));
#6415 = VECTOR('',#6416,1.);
#6416 = DIRECTION('',(0.,1.));
#6417 = ( GEOMETRIC_REPRESENTATION_CONTEXT(2) 
PARAMETRIC_REPRESENTATION_CONTEXT() REPRESENTATION_CONTEXT('2D SPACE',''
  ) );
#6418 = PCURVE('',#5932,#6419);
#6419 = DEFINITIONAL_REPRESENTATION('',(#6420),#6424);
#6420 = LINE('',#6421,#6422);
#6421 = CARTESIAN_POINT('',(0.,-0.));
#6422 = VECTOR('',#6423,1.);
#6423 = DIRECTION('',(0.,1.));
#6424 = ( GEOMETRIC_REPRESENTATION_CONTEXT(2) 
PARAMETRIC_REPRESENTATION_CONTEXT() REPRESENTATION_CONTEXT('2D SPACE',''
  ) );
#6425 = ORIENTED_EDGE('',*,*,#5915,.T.);
#6426 = ORIENTED_EDGE('',*,*,#6405,.T.);
#6427 = ADVANCED_FACE('',(#6428),#6062,.T.);
#6428 = FACE_BOUND('',#6429,.T.);
#6429 = EDGE_LOOP('',(#6430,#6431,#6454,#6481));
#6430 = ORIENTED_EDGE('',*,*,#6045,.F.);
#6431 = ORIENTED_EDGE('',*,*,#6432,.F.);
#6432 = EDGE_CURVE('',#6433,#6046,#6435,.T.);
#6433 = VERTEX_POINT('',#6434);
#6434 = CARTESIAN_POINT('',(220.,896.,110.));
#6435 = SEAM_CURVE('',#6436,(#6440,#6447),.PCURVE_S1.);
#6436 = LINE('',#6437,#6438);
#6437 = CARTESIAN_POINT('',(220.,896.,110.));
#6438 = VECTOR('',#6439,1.);
#6439 = DIRECTION('',(0.,1.,0.));
#6440 = PCURVE('',#6062,#6441);
#6441 = DEFINITIONAL_REPRESENTATION('',(#6442),#6446);
#6442 = LINE('',#6443,#6444);
#6443 = CARTESIAN_POINT('',(6.28318530718,-0.));
#6444 = VECTOR('',#6445,1.);
#6445 = DIRECTION('',(0.,1.));
#6446 = ( GEOMETRIC_REPRESENTATION_CONTEXT(2) 
PARAMETRIC_REPRESENTATION_CONTEXT() REPRESENTATION_CONTEXT('2D SPACE',''
  ) );
#6447 = PCURVE('',#6062,#6448);
#6448 = DEFINITIONAL_REPRESENTATION('',(#6449),#6453);
#6449 = LINE('',#6450,#6451);
#6450 = CARTESIAN_POINT('',(0.,-0.));
#6451 = VECTOR('',#6452,1.);
#6452 = DIRECTION('',(0.,1.));
#6453 = ( GEOMETRIC_REPRESENTATION_CONTEXT(2) 
PARAMETRIC_REPRESENTATION_CONTEXT() REPRESENTATION_CONTEXT('2D SPACE',''
  ) );
#6454 = ORIENTED_EDGE('',*,*,#6455,.T.);
#6455 = EDGE_CURVE('',#6433,#6433,#6456,.T.);
#6456 = SURFACE_CURVE('',#6457,(#6462,#6469),.PCURVE_S1.);
#6457 = CIRCLE('',#6458,10.);
#6458 = AXIS2_PLACEMENT_3D('',#6459,#6460,#6461);
#6459 = CARTESIAN_POINT('',(220.,896.,100.));
#6460 = DIRECTION('',(0.,1.,0.));
#6461 = DIRECTION('',(0.,-0.,1.));
#6462 = PCURVE('',#6062,#6463);
#6463 = DEFINITIONAL_REPRESENTATION('',(#6464),#6468);
#6464 = LINE('',#6465,#6466);
#6465 = CARTESIAN_POINT('',(0.,0.));
#6466 = VECTOR('',#6467,1.);
#6467 = DIRECTION('',(1.,0.));
#6468 = ( GEOMETRIC_REPRESENTATION_CONTEXT(2) 
PARAMETRIC_REPRESENTATION_CONTEXT() REPRESENTATION_CONTEXT('2D SPACE',''
  ) );
#6469 = PCURVE('',#6470,#6475);
#6470 = PLANE('',#6471);
#6471 = AXIS2_PLACEMENT_3D('',#6472,#6473,#6474);
#6472 = CARTESIAN_POINT('',(220.,896.,100.));
#6473 = DIRECTION('',(0.,1.,0.));
#6474 = DIRECTION('',(0.,-0.,1.));
#6475 = DEFINITIONAL_REPRESENTATION('',(#6476),#6480);
#6476 = CIRCLE('',#6477,10.);
#6477 = AXIS2_PLACEMENT_2D('',#6478,#6479);
#6478 = CARTESIAN_POINT('',(0.,0.));
#6479 = DIRECTION('',(1.,0.));
#6480 = ( GEOMETRIC_REPRESENTATION_CONTEXT(2) 
PARAMETRIC_REPRESENTATION_CONTEXT() REPRESENTATION_CONTEXT('2D SPACE',''
  ) );
#6481 = ORIENTED_EDGE('',*,*,#6432,.T.);
#6482 = ADVANCED_FACE('',(#6483),#6095,.F.);
#6483 = FACE_BOUND('',#6484,.F.);
#6484 = EDGE_LOOP('',(#6485,#6486,#6487,#6488));
#6485 = ORIENTED_EDGE('',*,*,#6208,.F.);
#6486 = ORIENTED_EDGE('',*,*,#6234,.T.);
#6487 = ORIENTED_EDGE('',*,*,#6343,.T.);
#6488 = ORIENTED_EDGE('',*,*,#6077,.F.);
#6489 = ADVANCED_FACE('',(#6490),#6170,.T.);
#6490 = FACE_BOUND('',#6491,.T.);
#6491 = EDGE_LOOP('',(#6492,#6515,#6542,#6543));
#6492 = ORIENTED_EDGE('',*,*,#6493,.T.);
#6493 = EDGE_CURVE('',#6154,#6494,#6496,.T.);
#6494 = VERTEX_POINT('',#6495);
#6495 = CARTESIAN_POINT('',(220.,974.,110.));
#6496 = SEAM_CURVE('',#6497,(#6501,#6508),.PCURVE_S1.);
#6497 = LINE('',#6498,#6499);
#6498 = CARTESIAN_POINT('',(220.,896.,110.));
#6499 = VECTOR('',#6500,1.);
#6500 = DIRECTION('',(0.,1.,0.));
#6501 = PCURVE('',#6170,#6502);
#6502 = DEFINITIONAL_REPRESENTATION('',(#6503),#6507);
#6503 = LINE('',#6504,#6505);
#6504 = CARTESIAN_POINT('',(6.28318530718,-0.));
#6505 = VECTOR('',#6506,1.);
#6506 = DIRECTION('',(0.,1.));
#6507 = ( GEOMETRIC_REPRESENTATION_CONTEXT(2) 
PARAMETRIC_REPRESENTATION_CONTEXT() REPRESENTATION_CONTEXT('2D SPACE',''
  ) );
#6508 = PCURVE('',#6170,#6509);
#6509 = DEFINITIONAL_REPRESENTATION('',(#6510),#6514);
#6510 = LINE('',#6511,#6512);
#6511 = CARTESIAN_POINT('',(0.,-0.));
#6512 = VECTOR('',#6513,1.);
#6513 = DIRECTION('',(0.,1.));
#6514 = ( GEOMETRIC_REPRESENTATION_CONTEXT(2) 
PARAMETRIC_REPRESENTATION_CONTEXT() REPRESENTATION_CONTEXT('2D SPACE',''
  ) );
#6515 = ORIENTED_EDGE('',*,*,#6516,.F.);
#6516 = EDGE_CURVE('',#6494,#6494,#6517,.T.);
#6517 = SURFACE_CURVE('',#6518,(#6523,#6530),.PCURVE_S1.);
#6518 = CIRCLE('',#6519,10.);
#6519 = AXIS2_PLACEMENT_3D('',#6520,#6521,#6522);
#6520 = CARTESIAN_POINT('',(220.,974.,100.));
#6521 = DIRECTION('',(0.,1.,0.));
#6522 = DIRECTION('',(0.,-0.,1.));
#6523 = PCURVE('',#6170,#6524);
#6524 = DEFINITIONAL_REPRESENTATION('',(#6525),#6529);
#6525 = LINE('',#6526,#6527);
#6526 = CARTESIAN_POINT('',(0.,78.));
#6527 = VECTOR('',#6528,1.);
#6528 = DIRECTION('',(1.,0.));
#6529 = ( GEOMETRIC_REPRESENTATION_CONTEXT(2) 
PARAMETRIC_REPRESENTATION_CONTEXT() REPRESENTATION_CONTEXT('2D SPACE',''
  ) );
#6530 = PCURVE('',#6531,#6536);
#6531 = PLANE('',#6532);
#6532 = AXIS2_PLACEMENT_3D('',#6533,#6534,#6535);
#6533 = CARTESIAN_POINT('',(220.,974.,100.));
#6534 = DIRECTION('',(0.,1.,0.));
#6535 = DIRECTION('',(0.,-0.,1.));
#6536 = DEFINITIONAL_REPRESENTATION('',(#6537),#6541);
#6537 = CIRCLE('',#6538,10.);
#6538 = AXIS2_PLACEMENT_2D('',#6539,#6540);
#6539 = CARTESIAN_POINT('',(0.,0.));
#6540 = DIRECTION('',(1.,0.));
#6541 = ( GEOMETRIC_REPRESENTATION_CONTEXT(2) 
PARAMETRIC_REPRESENTATION_CONTEXT() REPRESENTATION_CONTEXT('2D SPACE',''
  ) );
#6542 = ORIENTED_EDGE('',*,*,#6493,.F.);
#6543 = ORIENTED_EDGE('',*,*,#6153,.T.);
#6544 = ADVANCED_FACE('',(#6545),#6300,.T.);
#6545 = FACE_BOUND('',#6546,.T.);
#6546 = EDGE_LOOP('',(#6547,#6548,#6571,#6598));
#6547 = ORIENTED_EDGE('',*,*,#6283,.F.);
#6548 = ORIENTED_EDGE('',*,*,#6549,.F.);
#6549 = EDGE_CURVE('',#6550,#6284,#6552,.T.);
#6550 = VERTEX_POINT('',#6551);
#6551 = CARTESIAN_POINT('',(220.,960.,110.));
#6552 = SEAM_CURVE('',#6553,(#6557,#6564),.PCURVE_S1.);
#6553 = LINE('',#6554,#6555);
#6554 = CARTESIAN_POINT('',(220.,896.,110.));
#6555 = VECTOR('',#6556,1.);
#6556 = DIRECTION('',(0.,1.,0.));
#6557 = PCURVE('',#6300,#6558);
#6558 = DEFINITIONAL_REPRESENTATION('',(#6559),#6563);
#6559 = LINE('',#6560,#6561);
#6560 = CARTESIAN_POINT('',(6.28318530718,-0.));
#6561 = VECTOR('',#6562,1.);
#6562 = DIRECTION('',(0.,1.));
#6563 = ( GEOMETRIC_REPRESENTATION_CONTEXT(2) 
PARAMETRIC_REPRESENTATION_CONTEXT() REPRESENTATION_CONTEXT('2D SPACE',''
  ) );
#6564 = PCURVE('',#6300,#6565);
#6565 = DEFINITIONAL_REPRESENTATION('',(#6566),#6570);
#6566 = LINE('',#6567,#6568);
#6567 = CARTESIAN_POINT('',(0.,-0.));
#6568 = VECTOR('',#6569,1.);
#6569 = DIRECTION('',(0.,1.));
#6570 = ( GEOMETRIC_REPRESENTATION_CONTEXT(2) 
PARAMETRIC_REPRESENTATION_CONTEXT() REPRESENTATION_CONTEXT('2D SPACE',''
  ) );
#6571 = ORIENTED_EDGE('',*,*,#6572,.T.);
#6572 = EDGE_CURVE('',#6550,#6550,#6573,.T.);
#6573 = SURFACE_CURVE('',#6574,(#6579,#6586),.PCURVE_S1.);
#6574 = CIRCLE('',#6575,10.);
#6575 = AXIS2_PLACEMENT_3D('',#6576,#6577,#6578);
#6576 = CARTESIAN_POINT('',(220.,960.,100.));
#6577 = DIRECTION('',(0.,1.,0.));
#6578 = DIRECTION('',(0.,-0.,1.));
#6579 = PCURVE('',#6300,#6580);
#6580 = DEFINITIONAL_REPRESENTATION('',(#6581),#6585);
#6581 = LINE('',#6582,#6583);
#6582 = CARTESIAN_POINT('',(0.,64.));
#6583 = VECTOR('',#6584,1.);
#6584 = DIRECTION('',(1.,0.));
#6585 = ( GEOMETRIC_REPRESENTATION_CONTEXT(2) 
PARAMETRIC_REPRESENTATION_CONTEXT() REPRESENTATION_CONTEXT('2D SPACE',''
  ) );
#6586 = PCURVE('',#6587,#6592);
#6587 = PLANE('',#6588);
#6588 = AXIS2_PLACEMENT_3D('',#6589,#6590,#6591);
#6589 = CARTESIAN_POINT('',(220.,960.,100.));
#6590 = DIRECTION('',(0.,1.,0.));
#6591 = DIRECTION('',(0.,-0.,1.));
#6592 = DEFINITIONAL_REPRESENTATION('',(#6593),#6597);
#6593 = CIRCLE('',#6594,10.);
#6594 = AXIS2_PLACEMENT_2D('',#6595,#6596);
#6595 = CARTESIAN_POINT('',(0.,0.));
#6596 = DIRECTION('',(1.,0.));
#6597 = ( GEOMETRIC_REPRESENTATION_CONTEXT(2) 
PARAMETRIC_REPRESENTATION_CONTEXT() REPRESENTATION_CONTEXT('2D SPACE',''
  ) );
#6598 = ORIENTED_EDGE('',*,*,#6549,.T.);
#6599 = ADVANCED_FACE('',(#6600,#6631),#6393,.F.);
#6600 = FACE_BOUND('',#6601,.F.);
#6601 = EDGE_LOOP('',(#6602));
#6602 = ORIENTED_EDGE('',*,*,#6603,.T.);
#6603 = EDGE_CURVE('',#6604,#6604,#6606,.T.);
#6604 = VERTEX_POINT('',#6605);
#6605 = CARTESIAN_POINT('',(220.,910.,200.));
#6606 = SURFACE_CURVE('',#6607,(#6612,#6619),.PCURVE_S1.);
#6607 = CIRCLE('',#6608,100.);
#6608 = AXIS2_PLACEMENT_3D('',#6609,#6610,#6611);
#6609 = CARTESIAN_POINT('',(220.,910.,100.));
#6610 = DIRECTION('',(0.,1.,0.));
#6611 = DIRECTION('',(0.,-0.,1.));
#6612 = PCURVE('',#6393,#6613);
#6613 = DEFINITIONAL_REPRESENTATION('',(#6614),#6618);
#6614 = CIRCLE('',#6615,100.);
#6615 = AXIS2_PLACEMENT_2D('',#6616,#6617);
#6616 = CARTESIAN_POINT('',(0.,0.));
#6617 = DIRECTION('',(1.,0.));
#6618 = ( GEOMETRIC_REPRESENTATION_CONTEXT(2) 
PARAMETRIC_REPRESENTATION_CONTEXT() REPRESENTATION_CONTEXT('2D SPACE',''
  ) );
#6619 = PCURVE('',#6620,#6625);
#6620 = CYLINDRICAL_SURFACE('',#6621,100.);
#6621 = AXIS2_PLACEMENT_3D('',#6622,#6623,#6624);
#6622 = CARTESIAN_POINT('',(220.,910.,100.));
#6623 = DIRECTION('',(0.,1.,0.));
#6624 = DIRECTION('',(0.,-0.,1.));
#6625 = DEFINITIONAL_REPRESENTATION('',(#6626),#6630);
#6626 = LINE('',#6627,#6628);
#6627 = CARTESIAN_POINT('',(0.,0.));
#6628 = VECTOR('',#6629,1.);
#6629 = DIRECTION('',(1.,0.));
#6630 = ( GEOMETRIC_REPRESENTATION_CONTEXT(2) 
PARAMETRIC_REPRESENTATION_CONTEXT() REPRESENTATION_CONTEXT('2D SPACE',''
  ) );
#6631 = FACE_BOUND('',#6632,.F.);
#6632 = EDGE_LOOP('',(#6633));
#6633 = ORIENTED_EDGE('',*,*,#6376,.F.);
#6634 = ADVANCED_FACE('',(#6635),#6470,.F.);
#6635 = FACE_BOUND('',#6636,.T.);
#6636 = EDGE_LOOP('',(#6637));
#6637 = ORIENTED_EDGE('',*,*,#6455,.F.);
#6638 = ADVANCED_FACE('',(#6639),#6531,.T.);
#6639 = FACE_BOUND('',#6640,.T.);
#6640 = EDGE_LOOP('',(#6641));
#6641 = ORIENTED_EDGE('',*,*,#6516,.T.);
#6642 = ADVANCED_FACE('',(#6643,#6669),#6587,.T.);
#6643 = FACE_BOUND('',#6644,.T.);
#6644 = EDGE_LOOP('',(#6645));
#6645 = ORIENTED_EDGE('',*,*,#6646,.T.);
#6646 = EDGE_CURVE('',#6647,#6647,#6649,.T.);
#6647 = VERTEX_POINT('',#6648);
#6648 = CARTESIAN_POINT('',(220.,960.,200.));
#6649 = SURFACE_CURVE('',#6650,(#6655,#6662),.PCURVE_S1.);
#6650 = CIRCLE('',#6651,100.);
#6651 = AXIS2_PLACEMENT_3D('',#6652,#6653,#6654);
#6652 = CARTESIAN_POINT('',(220.,960.,100.));
#6653 = DIRECTION('',(0.,1.,0.));
#6654 = DIRECTION('',(0.,-0.,1.));
#6655 = PCURVE('',#6587,#6656);
#6656 = DEFINITIONAL_REPRESENTATION('',(#6657),#6661);
#6657 = CIRCLE('',#6658,100.);
#6658 = AXIS2_PLACEMENT_2D('',#6659,#6660);
#6659 = CARTESIAN_POINT('',(0.,0.));
#6660 = DIRECTION('',(1.,0.));
#6661 = ( GEOMETRIC_REPRESENTATION_CONTEXT(2) 
PARAMETRIC_REPRESENTATION_CONTEXT() REPRESENTATION_CONTEXT('2D SPACE',''
  ) );
#6662 = PCURVE('',#6620,#6663);
#6663 = DEFINITIONAL_REPRESENTATION('',(#6664),#6668);
#6664 = LINE('',#6665,#6666);
#6665 = CARTESIAN_POINT('',(0.,50.));
#6666 = VECTOR('',#6667,1.);
#6667 = DIRECTION('',(1.,0.));
#6668 = ( GEOMETRIC_REPRESENTATION_CONTEXT(2) 
PARAMETRIC_REPRESENTATION_CONTEXT() REPRESENTATION_CONTEXT('2D SPACE',''
  ) );
#6669 = FACE_BOUND('',#6670,.T.);
#6670 = EDGE_LOOP('',(#6671));
#6671 = ORIENTED_EDGE('',*,*,#6572,.F.);
#6672 = ADVANCED_FACE('',(#6673),#6620,.T.);
#6673 = FACE_BOUND('',#6674,.T.);
#6674 = EDGE_LOOP('',(#6675,#6676,#6697,#6698));
#6675 = ORIENTED_EDGE('',*,*,#6646,.F.);
#6676 = ORIENTED_EDGE('',*,*,#6677,.F.);
#6677 = EDGE_CURVE('',#6604,#6647,#6678,.T.);
#6678 = SEAM_CURVE('',#6679,(#6683,#6690),.PCURVE_S1.);
#6679 = LINE('',#6680,#6681);
#6680 = CARTESIAN_POINT('',(220.,910.,200.));
#6681 = VECTOR('',#6682,1.);
#6682 = DIRECTION('',(0.,1.,0.));
#6683 = PCURVE('',#6620,#6684);
#6684 = DEFINITIONAL_REPRESENTATION('',(#6685),#6689);
#6685 = LINE('',#6686,#6687);
#6686 = CARTESIAN_POINT('',(6.28318530718,-0.));
#6687 = VECTOR('',#6688,1.);
#6688 = DIRECTION('',(0.,1.));
#6689 = ( GEOMETRIC_REPRESENTATION_CONTEXT(2) 
PARAMETRIC_REPRESENTATION_CONTEXT() REPRESENTATION_CONTEXT('2D SPACE',''
  ) );
#6690 = PCURVE('',#6620,#6691);
#6691 = DEFINITIONAL_REPRESENTATION('',(#6692),#6696);
#6692 = LINE('',#6693,#6694);
#6693 = CARTESIAN_POINT('',(0.,-0.));
#6694 = VECTOR('',#6695,1.);
#6695 = DIRECTION('',(0.,1.));
#6696 = ( GEOMETRIC_REPRESENTATION_CONTEXT(2) 
PARAMETRIC_REPRESENTATION_CONTEXT() REPRESENTATION_CONTEXT('2D SPACE',''
  ) );
#6697 = ORIENTED_EDGE('',*,*,#6603,.T.);
#6698 = ORIENTED_EDGE('',*,*,#6677,.T.);
#6699 = ( GEOMETRIC_REPRESENTATION_CONTEXT(3) 
GLOBAL_UNCERTAINTY_ASSIGNED_CONTEXT((#6703)) 
GLOBAL_UNIT_ASSIGNED_CONTEXT((#6700,#6701,#6702)) REPRESENTATION_CONTEXT
('Context #1','3D Context with UNIT and UNCERTAINTY') );
#6700 = ( LENGTH_UNIT() NAMED_UNIT(*) SI_UNIT(.MILLI.,.METRE.) );
#6701 = ( NAMED_UNIT(*) PLANE_ANGLE_UNIT() SI_UNIT($,.RADIAN.) );
#6702 = ( NAMED_UNIT(*) SI_UNIT($,.STERADIAN.) SOLID_ANGLE_UNIT() );
#6703 = UNCERTAINTY_MEASURE_WITH_UNIT(LENGTH_MEASURE(1.E-07),#6700,
  'distance_accuracy_value','confusion accuracy');
#6704 = CONTEXT_DEPENDENT_SHAPE_REPRESENTATION(#6705,#6707);
#6705 = ( REPRESENTATION_RELATIONSHIP('','',#4654,#10) 
REPRESENTATION_RELATIONSHIP_WITH_TRANSFORMATION(#6706) 
SHAPE_REPRESENTATION_RELATIONSHIP() );
#6706 = ITEM_DEFINED_TRANSFORMATION('','',#11,#23);
#6707 = PRODUCT_DEFINITION_SHAPE('Placement','Placement of an item',
  #6708);
#6708 = NEXT_ASSEMBLY_USAGE_OCCURRENCE('338','','',#5,#4649,$);
#6709 = PRODUCT_RELATED_PRODUCT_CATEGORY('part',$,(#4651));
#6710 = SHAPE_DEFINITION_REPRESENTATION(#6711,#6717);
#6711 = PRODUCT_DEFINITION_SHAPE('','',#6712);
#6712 = PRODUCT_DEFINITION('design','',#6713,#6716);
#6713 = PRODUCT_DEFINITION_FORMATION('','',#6714);
#6714 = PRODUCT('Open CASCADE STEP translator 7.9 13.4',
  'Open CASCADE STEP translator 7.9 13.4','',(#6715));
#6715 = PRODUCT_CONTEXT('',#2,'mechanical');
#6716 = PRODUCT_DEFINITION_CONTEXT('part definition',#2,'design');
#6717 = ADVANCED_BREP_SHAPE_REPRESENTATION('',(#11,#6718),#8762);
#6718 = MANIFOLD_SOLID_BREP('',#6719);
#6719 = CLOSED_SHELL('',(#6720,#6840,#6916,#7089,#7138,#7300,#7307,#7334
    ,#7361,#7388,#7415,#7576,#7746,#7822,#7898,#8006,#8055,#8136,#8244,
    #8293,#8374,#8401,#8428,#8435,#8490,#8545,#8552,#8607,#8662,#8666,
    #8701,#8731,#8735));
#6720 = ADVANCED_FACE('',(#6721),#6735,.F.);
#6721 = FACE_BOUND('',#6722,.F.);
#6722 = EDGE_LOOP('',(#6723,#6758,#6786,#6814));
#6723 = ORIENTED_EDGE('',*,*,#6724,.F.);
#6724 = EDGE_CURVE('',#6725,#6727,#6729,.T.);
#6725 = VERTEX_POINT('',#6726);
#6726 = CARTESIAN_POINT('',(1.965E+03,880.,237.));
#6727 = VERTEX_POINT('',#6728);
#6728 = CARTESIAN_POINT('',(1.965E+03,880.,245.));
#6729 = SURFACE_CURVE('',#6730,(#6734,#6746),.PCURVE_S1.);
#6730 = LINE('',#6731,#6732);
#6731 = CARTESIAN_POINT('',(1.965E+03,880.,237.));
#6732 = VECTOR('',#6733,1.);
#6733 = DIRECTION('',(0.,0.,1.));
#6734 = PCURVE('',#6735,#6740);
#6735 = PLANE('',#6736);
#6736 = AXIS2_PLACEMENT_3D('',#6737,#6738,#6739);
#6737 = CARTESIAN_POINT('',(1.965E+03,880.,237.));
#6738 = DIRECTION('',(1.,0.,-0.));
#6739 = DIRECTION('',(0.,0.,1.));
#6740 = DEFINITIONAL_REPRESENTATION('',(#6741),#6745);
#6741 = LINE('',#6742,#6743);
#6742 = CARTESIAN_POINT('',(0.,0.));
#6743 = VECTOR('',#6744,1.);
#6744 = DIRECTION('',(1.,0.));
#6745 = ( GEOMETRIC_REPRESENTATION_CONTEXT(2) 
PARAMETRIC_REPRESENTATION_CONTEXT() REPRESENTATION_CONTEXT('2D SPACE',''
  ) );
#6746 = PCURVE('',#6747,#6752);
#6747 = PLANE('',#6748);
#6748 = AXIS2_PLACEMENT_3D('',#6749,#6750,#6751);
#6749 = CARTESIAN_POINT('',(1.965E+03,880.,237.));
#6750 = DIRECTION('',(-0.,1.,0.));
#6751 = DIRECTION('',(0.,0.,1.));
#6752 = DEFINITIONAL_REPRESENTATION('',(#6753),#6757);
#6753 = LINE('',#6754,#6755);
#6754 = CARTESIAN_POINT('',(0.,0.));
#6755 = VECTOR('',#6756,1.);
#6756 = DIRECTION('',(1.,0.));
#6757 = ( GEOMETRIC_REPRESENTATION_CONTEXT(2) 
PARAMETRIC_REPRESENTATION_CONTEXT() REPRESENTATION_CONTEXT('2D SPACE',''
  ) );
#6758 = ORIENTED_EDGE('',*,*,#6759,.T.);
#6759 = EDGE_CURVE('',#6725,#6760,#6762,.T.);
#6760 = VERTEX_POINT('',#6761);
#6761 = CARTESIAN_POINT('',(1.965E+03,990.,237.));
#6762 = SURFACE_CURVE('',#6763,(#6767,#6774),.PCURVE_S1.);
#6763 = LINE('',#6764,#6765);
#6764 = CARTESIAN_POINT('',(1.965E+03,880.,237.));
#6765 = VECTOR('',#6766,1.);
#6766 = DIRECTION('',(-0.,1.,0.));
#6767 = PCURVE('',#6735,#6768);
#6768 = DEFINITIONAL_REPRESENTATION('',(#6769),#6773);
#6769 = LINE('',#6770,#6771);
#6770 = CARTESIAN_POINT('',(0.,0.));
#6771 = VECTOR('',#6772,1.);
#6772 = DIRECTION('',(0.,-1.));
#6773 = ( GEOMETRIC_REPRESENTATION_CONTEXT(2) 
PARAMETRIC_REPRESENTATION_CONTEXT() REPRESENTATION_CONTEXT('2D SPACE',''
  ) );
#6774 = PCURVE('',#6775,#6780);
#6775 = PLANE('',#6776);
#6776 = AXIS2_PLACEMENT_3D('',#6777,#6778,#6779);
#6777 = CARTESIAN_POINT('',(1.965E+03,880.,237.));
#6778 = DIRECTION('',(0.,0.,1.));
#6779 = DIRECTION('',(1.,0.,-0.));
#6780 = DEFINITIONAL_REPRESENTATION('',(#6781),#6785);
#6781 = LINE('',#6782,#6783);
#6782 = CARTESIAN_POINT('',(0.,0.));
#6783 = VECTOR('',#6784,1.);
#6784 = DIRECTION('',(0.,1.));
#6785 = ( GEOMETRIC_REPRESENTATION_CONTEXT(2) 
PARAMETRIC_REPRESENTATION_CONTEXT() REPRESENTATION_CONTEXT('2D SPACE',''
  ) );
#6786 = ORIENTED_EDGE('',*,*,#6787,.T.);
#6787 = EDGE_CURVE('',#6760,#6788,#6790,.T.);
#6788 = VERTEX_POINT('',#6789);
#6789 = CARTESIAN_POINT('',(1.965E+03,990.,245.));
#6790 = SURFACE_CURVE('',#6791,(#6795,#6802),.PCURVE_S1.);
#6791 = LINE('',#6792,#6793);
#6792 = CARTESIAN_POINT('',(1.965E+03,990.,237.));
#6793 = VECTOR('',#6794,1.);
#6794 = DIRECTION('',(0.,0.,1.));
#6795 = PCURVE('',#6735,#6796);
#6796 = DEFINITIONAL_REPRESENTATION('',(#6797),#6801);
#6797 = LINE('',#6798,#6799);
#6798 = CARTESIAN_POINT('',(0.,-110.));
#6799 = VECTOR('',#6800,1.);
#6800 = DIRECTION('',(1.,0.));
#6801 = ( GEOMETRIC_REPRESENTATION_CONTEXT(2) 
PARAMETRIC_REPRESENTATION_CONTEXT() REPRESENTATION_CONTEXT('2D SPACE',''
  ) );
#6802 = PCURVE('',#6803,#6808);
#6803 = PLANE('',#6804);
#6804 = AXIS2_PLACEMENT_3D('',#6805,#6806,#6807);
#6805 = CARTESIAN_POINT('',(1.965E+03,990.,237.));
#6806 = DIRECTION('',(-0.,1.,0.));
#6807 = DIRECTION('',(0.,0.,1.));
#6808 = DEFINITIONAL_REPRESENTATION('',(#6809),#6813);
#6809 = LINE('',#6810,#6811);
#6810 = CARTESIAN_POINT('',(0.,0.));
#6811 = VECTOR('',#6812,1.);
#6812 = DIRECTION('',(1.,0.));
#6813 = ( GEOMETRIC_REPRESENTATION_CONTEXT(2) 
PARAMETRIC_REPRESENTATION_CONTEXT() REPRESENTATION_CONTEXT('2D SPACE',''
  ) );
#6814 = ORIENTED_EDGE('',*,*,#6815,.F.);
#6815 = EDGE_CURVE('',#6727,#6788,#6816,.T.);
#6816 = SURFACE_CURVE('',#6817,(#6821,#6828),.PCURVE_S1.);
#6817 = LINE('',#6818,#6819);
#6818 = CARTESIAN_POINT('',(1.965E+03,880.,245.));
#6819 = VECTOR('',#6820,1.);
#6820 = DIRECTION('',(-0.,1.,0.));
#6821 = PCURVE('',#6735,#6822);
#6822 = DEFINITIONAL_REPRESENTATION('',(#6823),#6827);
#6823 = LINE('',#6824,#6825);
#6824 = CARTESIAN_POINT('',(8.,0.));
#6825 = VECTOR('',#6826,1.);
#6826 = DIRECTION('',(0.,-1.));
#6827 = ( GEOMETRIC_REPRESENTATION_CONTEXT(2) 
PARAMETRIC_REPRESENTATION_CONTEXT() REPRESENTATION_CONTEXT('2D SPACE',''
  ) );
#6828 = PCURVE('',#6829,#6834);
#6829 = PLANE('',#6830);
#6830 = AXIS2_PLACEMENT_3D('',#6831,#6832,#6833);
#6831 = CARTESIAN_POINT('',(1.965E+03,880.,245.));
#6832 = DIRECTION('',(0.,0.,1.));
#6833 = DIRECTION('',(1.,0.,-0.));
#6834 = DEFINITIONAL_REPRESENTATION('',(#6835),#6839);
#6835 = LINE('',#6836,#6837);
#6836 = CARTESIAN_POINT('',(0.,0.));
#6837 = VECTOR('',#6838,1.);
#6838 = DIRECTION('',(0.,1.));
#6839 = ( GEOMETRIC_REPRESENTATION_CONTEXT(2) 
PARAMETRIC_REPRESENTATION_CONTEXT() REPRESENTATION_CONTEXT('2D SPACE',''
  ) );
#6840 = ADVANCED_FACE('',(#6841),#6747,.F.);
#6841 = FACE_BOUND('',#6842,.F.);
#6842 = EDGE_LOOP('',(#6843,#6866,#6867,#6890));
#6843 = ORIENTED_EDGE('',*,*,#6844,.F.);
#6844 = EDGE_CURVE('',#6725,#6845,#6847,.T.);
#6845 = VERTEX_POINT('',#6846);
#6846 = CARTESIAN_POINT('',(2.105E+03,880.,237.));
#6847 = SURFACE_CURVE('',#6848,(#6852,#6859),.PCURVE_S1.);
#6848 = LINE('',#6849,#6850);
#6849 = CARTESIAN_POINT('',(1.965E+03,880.,237.));
#6850 = VECTOR('',#6851,1.);
#6851 = DIRECTION('',(1.,0.,-0.));
#6852 = PCURVE('',#6747,#6853);
#6853 = DEFINITIONAL_REPRESENTATION('',(#6854),#6858);
#6854 = LINE('',#6855,#6856);
#6855 = CARTESIAN_POINT('',(0.,0.));
#6856 = VECTOR('',#6857,1.);
#6857 = DIRECTION('',(0.,1.));
#6858 = ( GEOMETRIC_REPRESENTATION_CONTEXT(2) 
PARAMETRIC_REPRESENTATION_CONTEXT() REPRESENTATION_CONTEXT('2D SPACE',''
  ) );
#6859 = PCURVE('',#6775,#6860);
#6860 = DEFINITIONAL_REPRESENTATION('',(#6861),#6865);
#6861 = LINE('',#6862,#6863);
#6862 = CARTESIAN_POINT('',(0.,0.));
#6863 = VECTOR('',#6864,1.);
#6864 = DIRECTION('',(1.,0.));
#6865 = ( GEOMETRIC_REPRESENTATION_CONTEXT(2) 
PARAMETRIC_REPRESENTATION_CONTEXT() REPRESENTATION_CONTEXT('2D SPACE',''
  ) );
#6866 = ORIENTED_EDGE('',*,*,#6724,.T.);
#6867 = ORIENTED_EDGE('',*,*,#6868,.T.);
#6868 = EDGE_CURVE('',#6727,#6869,#6871,.T.);
#6869 = VERTEX_POINT('',#6870);
#6870 = CARTESIAN_POINT('',(2.105E+03,880.,245.));
#6871 = SURFACE_CURVE('',#6872,(#6876,#6883),.PCURVE_S1.);
#6872 = LINE('',#6873,#6874);
#6873 = CARTESIAN_POINT('',(1.965E+03,880.,245.));
#6874 = VECTOR('',#6875,1.);
#6875 = DIRECTION('',(1.,0.,-0.));
#6876 = PCURVE('',#6747,#6877);
#6877 = DEFINITIONAL_REPRESENTATION('',(#6878),#6882);
#6878 = LINE('',#6879,#6880);
#6879 = CARTESIAN_POINT('',(8.,0.));
#6880 = VECTOR('',#6881,1.);
#6881 = DIRECTION('',(0.,1.));
#6882 = ( GEOMETRIC_REPRESENTATION_CONTEXT(2) 
PARAMETRIC_REPRESENTATION_CONTEXT() REPRESENTATION_CONTEXT('2D SPACE',''
  ) );
#6883 = PCURVE('',#6829,#6884);
#6884 = DEFINITIONAL_REPRESENTATION('',(#6885),#6889);
#6885 = LINE('',#6886,#6887);
#6886 = CARTESIAN_POINT('',(0.,0.));
#6887 = VECTOR('',#6888,1.);
#6888 = DIRECTION('',(1.,0.));
#6889 = ( GEOMETRIC_REPRESENTATION_CONTEXT(2) 
PARAMETRIC_REPRESENTATION_CONTEXT() REPRESENTATION_CONTEXT('2D SPACE',''
  ) );
#6890 = ORIENTED_EDGE('',*,*,#6891,.F.);
#6891 = EDGE_CURVE('',#6845,#6869,#6892,.T.);
#6892 = SURFACE_CURVE('',#6893,(#6897,#6904),.PCURVE_S1.);
#6893 = LINE('',#6894,#6895);
#6894 = CARTESIAN_POINT('',(2.105E+03,880.,237.));
#6895 = VECTOR('',#6896,1.);
#6896 = DIRECTION('',(0.,0.,1.));
#6897 = PCURVE('',#6747,#6898);
#6898 = DEFINITIONAL_REPRESENTATION('',(#6899),#6903);
#6899 = LINE('',#6900,#6901);
#6900 = CARTESIAN_POINT('',(0.,140.));
#6901 = VECTOR('',#6902,1.);
#6902 = DIRECTION('',(1.,0.));
#6903 = ( GEOMETRIC_REPRESENTATION_CONTEXT(2) 
PARAMETRIC_REPRESENTATION_CONTEXT() REPRESENTATION_CONTEXT('2D SPACE',''
  ) );
#6904 = PCURVE('',#6905,#6910);
#6905 = PLANE('',#6906);
#6906 = AXIS2_PLACEMENT_3D('',#6907,#6908,#6909);
#6907 = CARTESIAN_POINT('',(2.105E+03,880.,237.));
#6908 = DIRECTION('',(1.,0.,-0.));
#6909 = DIRECTION('',(0.,0.,1.));
#6910 = DEFINITIONAL_REPRESENTATION('',(#6911),#6915);
#6911 = LINE('',#6912,#6913);
#6912 = CARTESIAN_POINT('',(0.,0.));
#6913 = VECTOR('',#6914,1.);
#6914 = DIRECTION('',(1.,0.));
#6915 = ( GEOMETRIC_REPRESENTATION_CONTEXT(2) 
PARAMETRIC_REPRESENTATION_CONTEXT() REPRESENTATION_CONTEXT('2D SPACE',''
  ) );
#6916 = ADVANCED_FACE('',(#6917,#6965,#6996,#7027,#7058),#6829,.T.);
#6917 = FACE_BOUND('',#6918,.T.);
#6918 = EDGE_LOOP('',(#6919,#6920,#6921,#6944));
#6919 = ORIENTED_EDGE('',*,*,#6815,.F.);
#6920 = ORIENTED_EDGE('',*,*,#6868,.T.);
#6921 = ORIENTED_EDGE('',*,*,#6922,.T.);
#6922 = EDGE_CURVE('',#6869,#6923,#6925,.T.);
#6923 = VERTEX_POINT('',#6924);
#6924 = CARTESIAN_POINT('',(2.105E+03,990.,245.));
#6925 = SURFACE_CURVE('',#6926,(#6930,#6937),.PCURVE_S1.);
#6926 = LINE('',#6927,#6928);
#6927 = CARTESIAN_POINT('',(2.105E+03,880.,245.));
#6928 = VECTOR('',#6929,1.);
#6929 = DIRECTION('',(-0.,1.,0.));
#6930 = PCURVE('',#6829,#6931);
#6931 = DEFINITIONAL_REPRESENTATION('',(#6932),#6936);
#6932 = LINE('',#6933,#6934);
#6933 = CARTESIAN_POINT('',(140.,0.));
#6934 = VECTOR('',#6935,1.);
#6935 = DIRECTION('',(0.,1.));
#6936 = ( GEOMETRIC_REPRESENTATION_CONTEXT(2) 
PARAMETRIC_REPRESENTATION_CONTEXT() REPRESENTATION_CONTEXT('2D SPACE',''
  ) );
#6937 = PCURVE('',#6905,#6938);
#6938 = DEFINITIONAL_REPRESENTATION('',(#6939),#6943);
#6939 = LINE('',#6940,#6941);
#6940 = CARTESIAN_POINT('',(8.,0.));
#6941 = VECTOR('',#6942,1.);
#6942 = DIRECTION('',(0.,-1.));
#6943 = ( GEOMETRIC_REPRESENTATION_CONTEXT(2) 
PARAMETRIC_REPRESENTATION_CONTEXT() REPRESENTATION_CONTEXT('2D SPACE',''
  ) );
#6944 = ORIENTED_EDGE('',*,*,#6945,.F.);
#6945 = EDGE_CURVE('',#6788,#6923,#6946,.T.);
#6946 = SURFACE_CURVE('',#6947,(#6951,#6958),.PCURVE_S1.);
#6947 = LINE('',#6948,#6949);
#6948 = CARTESIAN_POINT('',(1.965E+03,990.,245.));
#6949 = VECTOR('',#6950,1.);
#6950 = DIRECTION('',(1.,0.,-0.));
#6951 = PCURVE('',#6829,#6952);
#6952 = DEFINITIONAL_REPRESENTATION('',(#6953),#6957);
#6953 = LINE('',#6954,#6955);
#6954 = CARTESIAN_POINT('',(0.,110.));
#6955 = VECTOR('',#6956,1.);
#6956 = DIRECTION('',(1.,0.));
#6957 = ( GEOMETRIC_REPRESENTATION_CONTEXT(2) 
PARAMETRIC_REPRESENTATION_CONTEXT() REPRESENTATION_CONTEXT('2D SPACE',''
  ) );
#6958 = PCURVE('',#6803,#6959);
#6959 = DEFINITIONAL_REPRESENTATION('',(#6960),#6964);
#6960 = LINE('',#6961,#6962);
#6961 = CARTESIAN_POINT('',(8.,0.));
#6962 = VECTOR('',#6963,1.);
#6963 = DIRECTION('',(0.,1.));
#6964 = ( GEOMETRIC_REPRESENTATION_CONTEXT(2) 
PARAMETRIC_REPRESENTATION_CONTEXT() REPRESENTATION_CONTEXT('2D SPACE',''
  ) );
#6965 = FACE_BOUND('',#6966,.T.);
#6966 = EDGE_LOOP('',(#6967));
#6967 = ORIENTED_EDGE('',*,*,#6968,.F.);
#6968 = EDGE_CURVE('',#6969,#6969,#6971,.T.);
#6969 = VERTEX_POINT('',#6970);
#6970 = CARTESIAN_POINT('',(1.9865E+03,895.,245.));
#6971 = SURFACE_CURVE('',#6972,(#6977,#6984),.PCURVE_S1.);
#6972 = CIRCLE('',#6973,6.5);
#6973 = AXIS2_PLACEMENT_3D('',#6974,#6975,#6976);
#6974 = CARTESIAN_POINT('',(1.98E+03,895.,245.));
#6975 = DIRECTION('',(0.,0.,1.));
#6976 = DIRECTION('',(1.,0.,-0.));
#6977 = PCURVE('',#6829,#6978);
#6978 = DEFINITIONAL_REPRESENTATION('',(#6979),#6983);
#6979 = CIRCLE('',#6980,6.5);
#6980 = AXIS2_PLACEMENT_2D('',#6981,#6982);
#6981 = CARTESIAN_POINT('',(15.,15.));
#6982 = DIRECTION('',(1.,0.));
#6983 = ( GEOMETRIC_REPRESENTATION_CONTEXT(2) 
PARAMETRIC_REPRESENTATION_CONTEXT() REPRESENTATION_CONTEXT('2D SPACE',''
  ) );
#6984 = PCURVE('',#6985,#6990);
#6985 = CYLINDRICAL_SURFACE('',#6986,6.5);
#6986 = AXIS2_PLACEMENT_3D('',#6987,#6988,#6989);
#6987 = CARTESIAN_POINT('',(1.98E+03,895.,236.));
#6988 = DIRECTION('',(0.,0.,1.));
#6989 = DIRECTION('',(1.,0.,-0.));
#6990 = DEFINITIONAL_REPRESENTATION('',(#6991),#6995);
#6991 = LINE('',#6992,#6993);
#6992 = CARTESIAN_POINT('',(0.,9.));
#6993 = VECTOR('',#6994,1.);
#6994 = DIRECTION('',(1.,0.));
#6995 = ( GEOMETRIC_REPRESENTATION_CONTEXT(2) 
PARAMETRIC_REPRESENTATION_CONTEXT() REPRESENTATION_CONTEXT('2D SPACE',''
  ) );
#6996 = FACE_BOUND('',#6997,.T.);
#6997 = EDGE_LOOP('',(#6998));
#6998 = ORIENTED_EDGE('',*,*,#6999,.F.);
#6999 = EDGE_CURVE('',#7000,#7000,#7002,.T.);
#7000 = VERTEX_POINT('',#7001);
#7001 = CARTESIAN_POINT('',(2.0965E+03,895.,245.));
#7002 = SURFACE_CURVE('',#7003,(#7008,#7015),.PCURVE_S1.);
#7003 = CIRCLE('',#7004,6.5);
#7004 = AXIS2_PLACEMENT_3D('',#7005,#7006,#7007);
#7005 = CARTESIAN_POINT('',(2.09E+03,895.,245.));
#7006 = DIRECTION('',(0.,0.,1.));
#7007 = DIRECTION('',(1.,0.,-0.));
#7008 = PCURVE('',#6829,#7009);
#7009 = DEFINITIONAL_REPRESENTATION('',(#7010),#7014);
#7010 = CIRCLE('',#7011,6.5);
#7011 = AXIS2_PLACEMENT_2D('',#7012,#7013);
#7012 = CARTESIAN_POINT('',(125.,15.));
#7013 = DIRECTION('',(1.,0.));
#7014 = ( GEOMETRIC_REPRESENTATION_CONTEXT(2) 
PARAMETRIC_REPRESENTATION_CONTEXT() REPRESENTATION_CONTEXT('2D SPACE',''
  ) );
#7015 = PCURVE('',#7016,#7021);
#7016 = CYLINDRICAL_SURFACE('',#7017,6.5);
#7017 = AXIS2_PLACEMENT_3D('',#7018,#7019,#7020);
#7018 = CARTESIAN_POINT('',(2.09E+03,895.,236.));
#7019 = DIRECTION('',(0.,0.,1.));
#7020 = DIRECTION('',(1.,0.,-0.));
#7021 = DEFINITIONAL_REPRESENTATION('',(#7022),#7026);
#7022 = LINE('',#7023,#7024);
#7023 = CARTESIAN_POINT('',(0.,9.));
#7024 = VECTOR('',#7025,1.);
#7025 = DIRECTION('',(1.,0.));
#7026 = ( GEOMETRIC_REPRESENTATION_CONTEXT(2) 
PARAMETRIC_REPRESENTATION_CONTEXT() REPRESENTATION_CONTEXT('2D SPACE',''
  ) );
#7027 = FACE_BOUND('',#7028,.T.);
#7028 = EDGE_LOOP('',(#7029));
#7029 = ORIENTED_EDGE('',*,*,#7030,.F.);
#7030 = EDGE_CURVE('',#7031,#7031,#7033,.T.);
#7031 = VERTEX_POINT('',#7032);
#7032 = CARTESIAN_POINT('',(1.9865E+03,975.,245.));
#7033 = SURFACE_CURVE('',#7034,(#7039,#7046),.PCURVE_S1.);
#7034 = CIRCLE('',#7035,6.5);
#7035 = AXIS2_PLACEMENT_3D('',#7036,#7037,#7038);
#7036 = CARTESIAN_POINT('',(1.98E+03,975.,245.));
#7037 = DIRECTION('',(0.,0.,1.));
#7038 = DIRECTION('',(1.,0.,-0.));
#7039 = PCURVE('',#6829,#7040);
#7040 = DEFINITIONAL_REPRESENTATION('',(#7041),#7045);
#7041 = CIRCLE('',#7042,6.5);
#7042 = AXIS2_PLACEMENT_2D('',#7043,#7044);
#7043 = CARTESIAN_POINT('',(15.,95.));
#7044 = DIRECTION('',(1.,0.));
#7045 = ( GEOMETRIC_REPRESENTATION_CONTEXT(2) 
PARAMETRIC_REPRESENTATION_CONTEXT() REPRESENTATION_CONTEXT('2D SPACE',''
  ) );
#7046 = PCURVE('',#7047,#7052);
#7047 = CYLINDRICAL_SURFACE('',#7048,6.5);
#7048 = AXIS2_PLACEMENT_3D('',#7049,#7050,#7051);
#7049 = CARTESIAN_POINT('',(1.98E+03,975.,236.));
#7050 = DIRECTION('',(0.,0.,1.));
#7051 = DIRECTION('',(1.,0.,-0.));
#7052 = DEFINITIONAL_REPRESENTATION('',(#7053),#7057);
#7053 = LINE('',#7054,#7055);
#7054 = CARTESIAN_POINT('',(0.,9.));
#7055 = VECTOR('',#7056,1.);
#7056 = DIRECTION('',(1.,0.));
#7057 = ( GEOMETRIC_REPRESENTATION_CONTEXT(2) 
PARAMETRIC_REPRESENTATION_CONTEXT() REPRESENTATION_CONTEXT('2D SPACE',''
  ) );
#7058 = FACE_BOUND('',#7059,.T.);
#7059 = EDGE_LOOP('',(#7060));
#7060 = ORIENTED_EDGE('',*,*,#7061,.F.);
#7061 = EDGE_CURVE('',#7062,#7062,#7064,.T.);
#7062 = VERTEX_POINT('',#7063);
#7063 = CARTESIAN_POINT('',(2.0965E+03,975.,245.));
#7064 = SURFACE_CURVE('',#7065,(#7070,#7077),.PCURVE_S1.);
#7065 = CIRCLE('',#7066,6.5);
#7066 = AXIS2_PLACEMENT_3D('',#7067,#7068,#7069);
#7067 = CARTESIAN_POINT('',(2.09E+03,975.,245.));
#7068 = DIRECTION('',(0.,0.,1.));
#7069 = DIRECTION('',(1.,0.,-0.));
#7070 = PCURVE('',#6829,#7071);
#7071 = DEFINITIONAL_REPRESENTATION('',(#7072),#7076);
#7072 = CIRCLE('',#7073,6.5);
#7073 = AXIS2_PLACEMENT_2D('',#7074,#7075);
#7074 = CARTESIAN_POINT('',(125.,95.));
#7075 = DIRECTION('',(1.,0.));
#7076 = ( GEOMETRIC_REPRESENTATION_CONTEXT(2) 
PARAMETRIC_REPRESENTATION_CONTEXT() REPRESENTATION_CONTEXT('2D SPACE',''
  ) );
#7077 = PCURVE('',#7078,#7083);
#7078 = CYLINDRICAL_SURFACE('',#7079,6.5);
#7079 = AXIS2_PLACEMENT_3D('',#7080,#7081,#7082);
#7080 = CARTESIAN_POINT('',(2.09E+03,975.,236.));
#7081 = DIRECTION('',(0.,0.,1.));
#7082 = DIRECTION('',(1.,0.,-0.));
#7083 = DEFINITIONAL_REPRESENTATION('',(#7084),#7088);
#7084 = LINE('',#7085,#7086);
#7085 = CARTESIAN_POINT('',(0.,9.));
#7086 = VECTOR('',#7087,1.);
#7087 = DIRECTION('',(1.,0.));
#7088 = ( GEOMETRIC_REPRESENTATION_CONTEXT(2) 
PARAMETRIC_REPRESENTATION_CONTEXT() REPRESENTATION_CONTEXT('2D SPACE',''
  ) );
#7089 = ADVANCED_FACE('',(#7090),#6803,.T.);
#7090 = FACE_BOUND('',#7091,.T.);
#7091 = EDGE_LOOP('',(#7092,#7115,#7116,#7117));
#7092 = ORIENTED_EDGE('',*,*,#7093,.F.);
#7093 = EDGE_CURVE('',#6760,#7094,#7096,.T.);
#7094 = VERTEX_POINT('',#7095);
#7095 = CARTESIAN_POINT('',(2.105E+03,990.,237.));
#7096 = SURFACE_CURVE('',#7097,(#7101,#7108),.PCURVE_S1.);
#7097 = LINE('',#7098,#7099);
#7098 = CARTESIAN_POINT('',(1.965E+03,990.,237.));
#7099 = VECTOR('',#7100,1.);
#7100 = DIRECTION('',(1.,0.,-0.));
#7101 = PCURVE('',#6803,#7102);
#7102 = DEFINITIONAL_REPRESENTATION('',(#7103),#7107);
#7103 = LINE('',#7104,#7105);
#7104 = CARTESIAN_POINT('',(0.,0.));
#7105 = VECTOR('',#7106,1.);
#7106 = DIRECTION('',(0.,1.));
#7107 = ( GEOMETRIC_REPRESENTATION_CONTEXT(2) 
PARAMETRIC_REPRESENTATION_CONTEXT() REPRESENTATION_CONTEXT('2D SPACE',''
  ) );
#7108 = PCURVE('',#6775,#7109);
#7109 = DEFINITIONAL_REPRESENTATION('',(#7110),#7114);
#7110 = LINE('',#7111,#7112);
#7111 = CARTESIAN_POINT('',(0.,110.));
#7112 = VECTOR('',#7113,1.);
#7113 = DIRECTION('',(1.,0.));
#7114 = ( GEOMETRIC_REPRESENTATION_CONTEXT(2) 
PARAMETRIC_REPRESENTATION_CONTEXT() REPRESENTATION_CONTEXT('2D SPACE',''
  ) );
#7115 = ORIENTED_EDGE('',*,*,#6787,.T.);
#7116 = ORIENTED_EDGE('',*,*,#6945,.T.);
#7117 = ORIENTED_EDGE('',*,*,#7118,.F.);
#7118 = EDGE_CURVE('',#7094,#6923,#7119,.T.);
#7119 = SURFACE_CURVE('',#7120,(#7124,#7131),.PCURVE_S1.);
#7120 = LINE('',#7121,#7122);
#7121 = CARTESIAN_POINT('',(2.105E+03,990.,237.));
#7122 = VECTOR('',#7123,1.);
#7123 = DIRECTION('',(0.,0.,1.));
#7124 = PCURVE('',#6803,#7125);
#7125 = DEFINITIONAL_REPRESENTATION('',(#7126),#7130);
#7126 = LINE('',#7127,#7128);
#7127 = CARTESIAN_POINT('',(0.,140.));
#7128 = VECTOR('',#7129,1.);
#7129 = DIRECTION('',(1.,0.));
#7130 = ( GEOMETRIC_REPRESENTATION_CONTEXT(2) 
PARAMETRIC_REPRESENTATION_CONTEXT() REPRESENTATION_CONTEXT('2D SPACE',''
  ) );
#7131 = PCURVE('',#6905,#7132);
#7132 = DEFINITIONAL_REPRESENTATION('',(#7133),#7137);
#7133 = LINE('',#7134,#7135);
#7134 = CARTESIAN_POINT('',(0.,-110.));
#7135 = VECTOR('',#7136,1.);
#7136 = DIRECTION('',(1.,0.));
#7137 = ( GEOMETRIC_REPRESENTATION_CONTEXT(2) 
PARAMETRIC_REPRESENTATION_CONTEXT() REPRESENTATION_CONTEXT('2D SPACE',''
  ) );
#7138 = ADVANCED_FACE('',(#7139,#7165,#7191,#7217,#7243,#7274),#6775,.F.
  );
#7139 = FACE_BOUND('',#7140,.F.);
#7140 = EDGE_LOOP('',(#7141,#7142,#7143,#7164));
#7141 = ORIENTED_EDGE('',*,*,#6759,.F.);
#7142 = ORIENTED_EDGE('',*,*,#6844,.T.);
#7143 = ORIENTED_EDGE('',*,*,#7144,.T.);
#7144 = EDGE_CURVE('',#6845,#7094,#7145,.T.);
#7145 = SURFACE_CURVE('',#7146,(#7150,#7157),.PCURVE_S1.);
#7146 = LINE('',#7147,#7148);
#7147 = CARTESIAN_POINT('',(2.105E+03,880.,237.));
#7148 = VECTOR('',#7149,1.);
#7149 = DIRECTION('',(-0.,1.,0.));
#7150 = PCURVE('',#6775,#7151);
#7151 = DEFINITIONAL_REPRESENTATION('',(#7152),#7156);
#7152 = LINE('',#7153,#7154);
#7153 = CARTESIAN_POINT('',(140.,0.));
#7154 = VECTOR('',#7155,1.);
#7155 = DIRECTION('',(0.,1.));
#7156 = ( GEOMETRIC_REPRESENTATION_CONTEXT(2) 
PARAMETRIC_REPRESENTATION_CONTEXT() REPRESENTATION_CONTEXT('2D SPACE',''
  ) );
#7157 = PCURVE('',#6905,#7158);
#7158 = DEFINITIONAL_REPRESENTATION('',(#7159),#7163);
#7159 = LINE('',#7160,#7161);
#7160 = CARTESIAN_POINT('',(0.,0.));
#7161 = VECTOR('',#7162,1.);
#7162 = DIRECTION('',(0.,-1.));
#7163 = ( GEOMETRIC_REPRESENTATION_CONTEXT(2) 
PARAMETRIC_REPRESENTATION_CONTEXT() REPRESENTATION_CONTEXT('2D SPACE',''
  ) );
#7164 = ORIENTED_EDGE('',*,*,#7093,.F.);
#7165 = FACE_BOUND('',#7166,.F.);
#7166 = EDGE_LOOP('',(#7167));
#7167 = ORIENTED_EDGE('',*,*,#7168,.F.);
#7168 = EDGE_CURVE('',#7169,#7169,#7171,.T.);
#7169 = VERTEX_POINT('',#7170);
#7170 = CARTESIAN_POINT('',(1.9865E+03,895.,237.));
#7171 = SURFACE_CURVE('',#7172,(#7177,#7184),.PCURVE_S1.);
#7172 = CIRCLE('',#7173,6.5);
#7173 = AXIS2_PLACEMENT_3D('',#7174,#7175,#7176);
#7174 = CARTESIAN_POINT('',(1.98E+03,895.,237.));
#7175 = DIRECTION('',(0.,0.,1.));
#7176 = DIRECTION('',(1.,0.,-0.));
#7177 = PCURVE('',#6775,#7178);
#7178 = DEFINITIONAL_REPRESENTATION('',(#7179),#7183);
#7179 = CIRCLE('',#7180,6.5);
#7180 = AXIS2_PLACEMENT_2D('',#7181,#7182);
#7181 = CARTESIAN_POINT('',(15.,15.));
#7182 = DIRECTION('',(1.,0.));
#7183 = ( GEOMETRIC_REPRESENTATION_CONTEXT(2) 
PARAMETRIC_REPRESENTATION_CONTEXT() REPRESENTATION_CONTEXT('2D SPACE',''
  ) );
#7184 = PCURVE('',#6985,#7185);
#7185 = DEFINITIONAL_REPRESENTATION('',(#7186),#7190);
#7186 = LINE('',#7187,#7188);
#7187 = CARTESIAN_POINT('',(0.,1.));
#7188 = VECTOR('',#7189,1.);
#7189 = DIRECTION('',(1.,0.));
#7190 = ( GEOMETRIC_REPRESENTATION_CONTEXT(2) 
PARAMETRIC_REPRESENTATION_CONTEXT() REPRESENTATION_CONTEXT('2D SPACE',''
  ) );
#7191 = FACE_BOUND('',#7192,.F.);
#7192 = EDGE_LOOP('',(#7193));
#7193 = ORIENTED_EDGE('',*,*,#7194,.F.);
#7194 = EDGE_CURVE('',#7195,#7195,#7197,.T.);
#7195 = VERTEX_POINT('',#7196);
#7196 = CARTESIAN_POINT('',(2.0965E+03,895.,237.));
#7197 = SURFACE_CURVE('',#7198,(#7203,#7210),.PCURVE_S1.);
#7198 = CIRCLE('',#7199,6.5);
#7199 = AXIS2_PLACEMENT_3D('',#7200,#7201,#7202);
#7200 = CARTESIAN_POINT('',(2.09E+03,895.,237.));
#7201 = DIRECTION('',(0.,0.,1.));
#7202 = DIRECTION('',(1.,0.,-0.));
#7203 = PCURVE('',#6775,#7204);
#7204 = DEFINITIONAL_REPRESENTATION('',(#7205),#7209);
#7205 = CIRCLE('',#7206,6.5);
#7206 = AXIS2_PLACEMENT_2D('',#7207,#7208);
#7207 = CARTESIAN_POINT('',(125.,15.));
#7208 = DIRECTION('',(1.,0.));
#7209 = ( GEOMETRIC_REPRESENTATION_CONTEXT(2) 
PARAMETRIC_REPRESENTATION_CONTEXT() REPRESENTATION_CONTEXT('2D SPACE',''
  ) );
#7210 = PCURVE('',#7016,#7211);
#7211 = DEFINITIONAL_REPRESENTATION('',(#7212),#7216);
#7212 = LINE('',#7213,#7214);
#7213 = CARTESIAN_POINT('',(0.,1.));
#7214 = VECTOR('',#7215,1.);
#7215 = DIRECTION('',(1.,0.));
#7216 = ( GEOMETRIC_REPRESENTATION_CONTEXT(2) 
PARAMETRIC_REPRESENTATION_CONTEXT() REPRESENTATION_CONTEXT('2D SPACE',''
  ) );
#7217 = FACE_BOUND('',#7218,.F.);
#7218 = EDGE_LOOP('',(#7219));
#7219 = ORIENTED_EDGE('',*,*,#7220,.F.);
#7220 = EDGE_CURVE('',#7221,#7221,#7223,.T.);
#7221 = VERTEX_POINT('',#7222);
#7222 = CARTESIAN_POINT('',(1.9865E+03,975.,237.));
#7223 = SURFACE_CURVE('',#7224,(#7229,#7236),.PCURVE_S1.);
#7224 = CIRCLE('',#7225,6.5);
#7225 = AXIS2_PLACEMENT_3D('',#7226,#7227,#7228);
#7226 = CARTESIAN_POINT('',(1.98E+03,975.,237.));
#7227 = DIRECTION('',(0.,0.,1.));
#7228 = DIRECTION('',(1.,0.,-0.));
#7229 = PCURVE('',#6775,#7230);
#7230 = DEFINITIONAL_REPRESENTATION('',(#7231),#7235);
#7231 = CIRCLE('',#7232,6.5);
#7232 = AXIS2_PLACEMENT_2D('',#7233,#7234);
#7233 = CARTESIAN_POINT('',(15.,95.));
#7234 = DIRECTION('',(1.,0.));
#7235 = ( GEOMETRIC_REPRESENTATION_CONTEXT(2) 
PARAMETRIC_REPRESENTATION_CONTEXT() REPRESENTATION_CONTEXT('2D SPACE',''
  ) );
#7236 = PCURVE('',#7047,#7237);
#7237 = DEFINITIONAL_REPRESENTATION('',(#7238),#7242);
#7238 = LINE('',#7239,#7240);
#7239 = CARTESIAN_POINT('',(0.,1.));
#7240 = VECTOR('',#7241,1.);
#7241 = DIRECTION('',(1.,0.));
#7242 = ( GEOMETRIC_REPRESENTATION_CONTEXT(2) 
PARAMETRIC_REPRESENTATION_CONTEXT() REPRESENTATION_CONTEXT('2D SPACE',''
  ) );
#7243 = FACE_BOUND('',#7244,.F.);
#7244 = EDGE_LOOP('',(#7245));
#7245 = ORIENTED_EDGE('',*,*,#7246,.F.);
#7246 = EDGE_CURVE('',#7247,#7247,#7249,.T.);
#7247 = VERTEX_POINT('',#7248);
#7248 = CARTESIAN_POINT('',(2.083E+03,935.,237.));
#7249 = SURFACE_CURVE('',#7250,(#7255,#7262),.PCURVE_S1.);
#7250 = CIRCLE('',#7251,48.);
#7251 = AXIS2_PLACEMENT_3D('',#7252,#7253,#7254);
#7252 = CARTESIAN_POINT('',(2.035E+03,935.,237.));
#7253 = DIRECTION('',(0.,0.,1.));
#7254 = DIRECTION('',(1.,0.,-0.));
#7255 = PCURVE('',#6775,#7256);
#7256 = DEFINITIONAL_REPRESENTATION('',(#7257),#7261);
#7257 = CIRCLE('',#7258,48.);
#7258 = AXIS2_PLACEMENT_2D('',#7259,#7260);
#7259 = CARTESIAN_POINT('',(70.,55.));
#7260 = DIRECTION('',(1.,0.));
#7261 = ( GEOMETRIC_REPRESENTATION_CONTEXT(2) 
PARAMETRIC_REPRESENTATION_CONTEXT() REPRESENTATION_CONTEXT('2D SPACE',''
  ) );
#7262 = PCURVE('',#7263,#7268);
#7263 = CYLINDRICAL_SURFACE('',#7264,48.);
#7264 = AXIS2_PLACEMENT_3D('',#7265,#7266,#7267);
#7265 = CARTESIAN_POINT('',(2.035E+03,935.,212.));
#7266 = DIRECTION('',(0.,0.,1.));
#7267 = DIRECTION('',(1.,0.,-0.));
#7268 = DEFINITIONAL_REPRESENTATION('',(#7269),#7273);
#7269 = LINE('',#7270,#7271);
#7270 = CARTESIAN_POINT('',(0.,25.));
#7271 = VECTOR('',#7272,1.);
#7272 = DIRECTION('',(1.,0.));
#7273 = ( GEOMETRIC_REPRESENTATION_CONTEXT(2) 
PARAMETRIC_REPRESENTATION_CONTEXT() REPRESENTATION_CONTEXT('2D SPACE',''
  ) );
#7274 = FACE_BOUND('',#7275,.F.);
#7275 = EDGE_LOOP('',(#7276));
#7276 = ORIENTED_EDGE('',*,*,#7277,.F.);
#7277 = EDGE_CURVE('',#7278,#7278,#7280,.T.);
#7278 = VERTEX_POINT('',#7279);
#7279 = CARTESIAN_POINT('',(2.0965E+03,975.,237.));
#7280 = SURFACE_CURVE('',#7281,(#7286,#7293),.PCURVE_S1.);
#7281 = CIRCLE('',#7282,6.5);
#7282 = AXIS2_PLACEMENT_3D('',#7283,#7284,#7285);
#7283 = CARTESIAN_POINT('',(2.09E+03,975.,237.));
#7284 = DIRECTION('',(0.,0.,1.));
#7285 = DIRECTION('',(1.,0.,-0.));
#7286 = PCURVE('',#6775,#7287);
#7287 = DEFINITIONAL_REPRESENTATION('',(#7288),#7292);
#7288 = CIRCLE('',#7289,6.5);
#7289 = AXIS2_PLACEMENT_2D('',#7290,#7291);
#7290 = CARTESIAN_POINT('',(125.,95.));
#7291 = DIRECTION('',(1.,0.));
#7292 = ( GEOMETRIC_REPRESENTATION_CONTEXT(2) 
PARAMETRIC_REPRESENTATION_CONTEXT() REPRESENTATION_CONTEXT('2D SPACE',''
  ) );
#7293 = PCURVE('',#7078,#7294);
#7294 = DEFINITIONAL_REPRESENTATION('',(#7295),#7299);
#7295 = LINE('',#7296,#7297);
#7296 = CARTESIAN_POINT('',(0.,1.));
#7297 = VECTOR('',#7298,1.);
#7298 = DIRECTION('',(1.,0.));
#7299 = ( GEOMETRIC_REPRESENTATION_CONTEXT(2) 
PARAMETRIC_REPRESENTATION_CONTEXT() REPRESENTATION_CONTEXT('2D SPACE',''
  ) );
#7300 = ADVANCED_FACE('',(#7301),#6905,.T.);
#7301 = FACE_BOUND('',#7302,.T.);
#7302 = EDGE_LOOP('',(#7303,#7304,#7305,#7306));
#7303 = ORIENTED_EDGE('',*,*,#6891,.F.);
#7304 = ORIENTED_EDGE('',*,*,#7144,.T.);
#7305 = ORIENTED_EDGE('',*,*,#7118,.T.);
#7306 = ORIENTED_EDGE('',*,*,#6922,.F.);
#7307 = ADVANCED_FACE('',(#7308),#6985,.F.);
#7308 = FACE_BOUND('',#7309,.F.);
#7309 = EDGE_LOOP('',(#7310,#7311,#7332,#7333));
#7310 = ORIENTED_EDGE('',*,*,#6968,.F.);
#7311 = ORIENTED_EDGE('',*,*,#7312,.F.);
#7312 = EDGE_CURVE('',#7169,#6969,#7313,.T.);
#7313 = SEAM_CURVE('',#7314,(#7318,#7325),.PCURVE_S1.);
#7314 = LINE('',#7315,#7316);
#7315 = CARTESIAN_POINT('',(1.9865E+03,895.,236.));
#7316 = VECTOR('',#7317,1.);
#7317 = DIRECTION('',(0.,0.,1.));
#7318 = PCURVE('',#6985,#7319);
#7319 = DEFINITIONAL_REPRESENTATION('',(#7320),#7324);
#7320 = LINE('',#7321,#7322);
#7321 = CARTESIAN_POINT('',(6.28318530718,-0.));
#7322 = VECTOR('',#7323,1.);
#7323 = DIRECTION('',(0.,1.));
#7324 = ( GEOMETRIC_REPRESENTATION_CONTEXT(2) 
PARAMETRIC_REPRESENTATION_CONTEXT() REPRESENTATION_CONTEXT('2D SPACE',''
  ) );
#7325 = PCURVE('',#6985,#7326);
#7326 = DEFINITIONAL_REPRESENTATION('',(#7327),#7331);
#7327 = LINE('',#7328,#7329);
#7328 = CARTESIAN_POINT('',(0.,-0.));
#7329 = VECTOR('',#7330,1.);
#7330 = DIRECTION('',(0.,1.));
#7331 = ( GEOMETRIC_REPRESENTATION_CONTEXT(2) 
PARAMETRIC_REPRESENTATION_CONTEXT() REPRESENTATION_CONTEXT('2D SPACE',''
  ) );
#7332 = ORIENTED_EDGE('',*,*,#7168,.T.);
#7333 = ORIENTED_EDGE('',*,*,#7312,.T.);
#7334 = ADVANCED_FACE('',(#7335),#7016,.F.);
#7335 = FACE_BOUND('',#7336,.F.);
#7336 = EDGE_LOOP('',(#7337,#7338,#7359,#7360));
#7337 = ORIENTED_EDGE('',*,*,#6999,.F.);
#7338 = ORIENTED_EDGE('',*,*,#7339,.F.);
#7339 = EDGE_CURVE('',#7195,#7000,#7340,.T.);
#7340 = SEAM_CURVE('',#7341,(#7345,#7352),.PCURVE_S1.);
#7341 = LINE('',#7342,#7343);
#7342 = CARTESIAN_POINT('',(2.0965E+03,895.,236.));
#7343 = VECTOR('',#7344,1.);
#7344 = DIRECTION('',(0.,0.,1.));
#7345 = PCURVE('',#7016,#7346);
#7346 = DEFINITIONAL_REPRESENTATION('',(#7347),#7351);
#7347 = LINE('',#7348,#7349);
#7348 = CARTESIAN_POINT('',(6.28318530718,-0.));
#7349 = VECTOR('',#7350,1.);
#7350 = DIRECTION('',(0.,1.));
#7351 = ( GEOMETRIC_REPRESENTATION_CONTEXT(2) 
PARAMETRIC_REPRESENTATION_CONTEXT() REPRESENTATION_CONTEXT('2D SPACE',''
  ) );
#7352 = PCURVE('',#7016,#7353);
#7353 = DEFINITIONAL_REPRESENTATION('',(#7354),#7358);
#7354 = LINE('',#7355,#7356);
#7355 = CARTESIAN_POINT('',(0.,-0.));
#7356 = VECTOR('',#7357,1.);
#7357 = DIRECTION('',(0.,1.));
#7358 = ( GEOMETRIC_REPRESENTATION_CONTEXT(2) 
PARAMETRIC_REPRESENTATION_CONTEXT() REPRESENTATION_CONTEXT('2D SPACE',''
  ) );
#7359 = ORIENTED_EDGE('',*,*,#7194,.T.);
#7360 = ORIENTED_EDGE('',*,*,#7339,.T.);
#7361 = ADVANCED_FACE('',(#7362),#7047,.F.);
#7362 = FACE_BOUND('',#7363,.F.);
#7363 = EDGE_LOOP('',(#7364,#7365,#7386,#7387));
#7364 = ORIENTED_EDGE('',*,*,#7030,.F.);
#7365 = ORIENTED_EDGE('',*,*,#7366,.F.);
#7366 = EDGE_CURVE('',#7221,#7031,#7367,.T.);
#7367 = SEAM_CURVE('',#7368,(#7372,#7379),.PCURVE_S1.);
#7368 = LINE('',#7369,#7370);
#7369 = CARTESIAN_POINT('',(1.9865E+03,975.,236.));
#7370 = VECTOR('',#7371,1.);
#7371 = DIRECTION('',(0.,0.,1.));
#7372 = PCURVE('',#7047,#7373);
#7373 = DEFINITIONAL_REPRESENTATION('',(#7374),#7378);
#7374 = LINE('',#7375,#7376);
#7375 = CARTESIAN_POINT('',(6.28318530718,-0.));
#7376 = VECTOR('',#7377,1.);
#7377 = DIRECTION('',(0.,1.));
#7378 = ( GEOMETRIC_REPRESENTATION_CONTEXT(2) 
PARAMETRIC_REPRESENTATION_CONTEXT() REPRESENTATION_CONTEXT('2D SPACE',''
  ) );
#7379 = PCURVE('',#7047,#7380);
#7380 = DEFINITIONAL_REPRESENTATION('',(#7381),#7385);
#7381 = LINE('',#7382,#7383);
#7382 = CARTESIAN_POINT('',(0.,-0.));
#7383 = VECTOR('',#7384,1.);
#7384 = DIRECTION('',(0.,1.));
#7385 = ( GEOMETRIC_REPRESENTATION_CONTEXT(2) 
PARAMETRIC_REPRESENTATION_CONTEXT() REPRESENTATION_CONTEXT('2D SPACE',''
  ) );
#7386 = ORIENTED_EDGE('',*,*,#7220,.T.);
#7387 = ORIENTED_EDGE('',*,*,#7366,.T.);
#7388 = ADVANCED_FACE('',(#7389),#7078,.F.);
#7389 = FACE_BOUND('',#7390,.F.);
#7390 = EDGE_LOOP('',(#7391,#7392,#7413,#7414));
#7391 = ORIENTED_EDGE('',*,*,#7061,.F.);
#7392 = ORIENTED_EDGE('',*,*,#7393,.F.);
#7393 = EDGE_CURVE('',#7278,#7062,#7394,.T.);
#7394 = SEAM_CURVE('',#7395,(#7399,#7406),.PCURVE_S1.);
#7395 = LINE('',#7396,#7397);
#7396 = CARTESIAN_POINT('',(2.0965E+03,975.,236.));
#7397 = VECTOR('',#7398,1.);
#7398 = DIRECTION('',(0.,0.,1.));
#7399 = PCURVE('',#7078,#7400);
#7400 = DEFINITIONAL_REPRESENTATION('',(#7401),#7405);
#7401 = LINE('',#7402,#7403);
#7402 = CARTESIAN_POINT('',(6.28318530718,-0.));
#7403 = VECTOR('',#7404,1.);
#7404 = DIRECTION('',(0.,1.));
#7405 = ( GEOMETRIC_REPRESENTATION_CONTEXT(2) 
PARAMETRIC_REPRESENTATION_CONTEXT() REPRESENTATION_CONTEXT('2D SPACE',''
  ) );
#7406 = PCURVE('',#7078,#7407);
#7407 = DEFINITIONAL_REPRESENTATION('',(#7408),#7412);
#7408 = LINE('',#7409,#7410);
#7409 = CARTESIAN_POINT('',(0.,-0.));
#7410 = VECTOR('',#7411,1.);
#7411 = DIRECTION('',(0.,1.));
#7412 = ( GEOMETRIC_REPRESENTATION_CONTEXT(2) 
PARAMETRIC_REPRESENTATION_CONTEXT() REPRESENTATION_CONTEXT('2D SPACE',''
  ) );
#7413 = ORIENTED_EDGE('',*,*,#7277,.T.);
#7414 = ORIENTED_EDGE('',*,*,#7393,.T.);
#7415 = ADVANCED_FACE('',(#7416),#7263,.T.);
#7416 = FACE_BOUND('',#7417,.T.);
#7417 = EDGE_LOOP('',(#7418,#7419,#7442,#7471,#7500,#7524,#7553,#7575));
#7418 = ORIENTED_EDGE('',*,*,#7246,.F.);
#7419 = ORIENTED_EDGE('',*,*,#7420,.F.);
#7420 = EDGE_CURVE('',#7421,#7247,#7423,.T.);
#7421 = VERTEX_POINT('',#7422);
#7422 = CARTESIAN_POINT('',(2.083E+03,935.,212.));
#7423 = SEAM_CURVE('',#7424,(#7428,#7435),.PCURVE_S1.);
#7424 = LINE('',#7425,#7426);
#7425 = CARTESIAN_POINT('',(2.083E+03,935.,212.));
#7426 = VECTOR('',#7427,1.);
#7427 = DIRECTION('',(0.,0.,1.));
#7428 = PCURVE('',#7263,#7429);
#7429 = DEFINITIONAL_REPRESENTATION('',(#7430),#7434);
#7430 = LINE('',#7431,#7432);
#7431 = CARTESIAN_POINT('',(6.28318530718,-0.));
#7432 = VECTOR('',#7433,1.);
#7433 = DIRECTION('',(0.,1.));
#7434 = ( GEOMETRIC_REPRESENTATION_CONTEXT(2) 
PARAMETRIC_REPRESENTATION_CONTEXT() REPRESENTATION_CONTEXT('2D SPACE',''
  ) );
#7435 = PCURVE('',#7263,#7436);
#7436 = DEFINITIONAL_REPRESENTATION('',(#7437),#7441);
#7437 = LINE('',#7438,#7439);
#7438 = CARTESIAN_POINT('',(0.,-0.));
#7439 = VECTOR('',#7440,1.);
#7440 = DIRECTION('',(0.,1.));
#7441 = ( GEOMETRIC_REPRESENTATION_CONTEXT(2) 
PARAMETRIC_REPRESENTATION_CONTEXT() REPRESENTATION_CONTEXT('2D SPACE',''
  ) );
#7442 = ORIENTED_EDGE('',*,*,#7443,.T.);
#7443 = EDGE_CURVE('',#7421,#7444,#7446,.T.);
#7444 = VERTEX_POINT('',#7445);
#7445 = CARTESIAN_POINT('',(2.004422230297E+03,972.,212.));
#7446 = SURFACE_CURVE('',#7447,(#7452,#7459),.PCURVE_S1.);
#7447 = CIRCLE('',#7448,48.);
#7448 = AXIS2_PLACEMENT_3D('',#7449,#7450,#7451);
#7449 = CARTESIAN_POINT('',(2.035E+03,935.,212.));
#7450 = DIRECTION('',(0.,0.,1.));
#7451 = DIRECTION('',(1.,0.,-0.));
#7452 = PCURVE('',#7263,#7453);
#7453 = DEFINITIONAL_REPRESENTATION('',(#7454),#7458);
#7454 = LINE('',#7455,#7456);
#7455 = CARTESIAN_POINT('',(0.,0.));
#7456 = VECTOR('',#7457,1.);
#7457 = DIRECTION('',(1.,0.));
#7458 = ( GEOMETRIC_REPRESENTATION_CONTEXT(2) 
PARAMETRIC_REPRESENTATION_CONTEXT() REPRESENTATION_CONTEXT('2D SPACE',''
  ) );
#7459 = PCURVE('',#7460,#7465);
#7460 = PLANE('',#7461);
#7461 = AXIS2_PLACEMENT_3D('',#7462,#7463,#7464);
#7462 = CARTESIAN_POINT('',(2.035E+03,935.,212.));
#7463 = DIRECTION('',(0.,0.,1.));
#7464 = DIRECTION('',(1.,0.,-0.));
#7465 = DEFINITIONAL_REPRESENTATION('',(#7466),#7470);
#7466 = CIRCLE('',#7467,48.);
#7467 = AXIS2_PLACEMENT_2D('',#7468,#7469);
#7468 = CARTESIAN_POINT('',(0.,0.));
#7469 = DIRECTION('',(1.,0.));
#7470 = ( GEOMETRIC_REPRESENTATION_CONTEXT(2) 
PARAMETRIC_REPRESENTATION_CONTEXT() REPRESENTATION_CONTEXT('2D SPACE',''
  ) );
#7471 = ORIENTED_EDGE('',*,*,#7472,.T.);
#7472 = EDGE_CURVE('',#7444,#7473,#7475,.T.);
#7473 = VERTEX_POINT('',#7474);
#7474 = CARTESIAN_POINT('',(1.996750817002E+03,964.,212.));
#7475 = SURFACE_CURVE('',#7476,(#7481,#7488),.PCURVE_S1.);
#7476 = CIRCLE('',#7477,48.);
#7477 = AXIS2_PLACEMENT_3D('',#7478,#7479,#7480);
#7478 = CARTESIAN_POINT('',(2.035E+03,935.,212.));
#7479 = DIRECTION('',(0.,0.,1.));
#7480 = DIRECTION('',(1.,0.,-0.));
#7481 = PCURVE('',#7263,#7482);
#7482 = DEFINITIONAL_REPRESENTATION('',(#7483),#7487);
#7483 = LINE('',#7484,#7485);
#7484 = CARTESIAN_POINT('',(0.,0.));
#7485 = VECTOR('',#7486,1.);
#7486 = DIRECTION('',(1.,0.));
#7487 = ( GEOMETRIC_REPRESENTATION_CONTEXT(2) 
PARAMETRIC_REPRESENTATION_CONTEXT() REPRESENTATION_CONTEXT('2D SPACE',''
  ) );
#7488 = PCURVE('',#7489,#7494);
#7489 = PLANE('',#7490);
#7490 = AXIS2_PLACEMENT_3D('',#7491,#7492,#7493);
#7491 = CARTESIAN_POINT('',(1.955E+03,964.,212.));
#7492 = DIRECTION('',(0.,0.,1.));
#7493 = DIRECTION('',(1.,0.,-0.));
#7494 = DEFINITIONAL_REPRESENTATION('',(#7495),#7499);
#7495 = CIRCLE('',#7496,48.);
#7496 = AXIS2_PLACEMENT_2D('',#7497,#7498);
#7497 = CARTESIAN_POINT('',(80.,-29.));
#7498 = DIRECTION('',(1.,0.));
#7499 = ( GEOMETRIC_REPRESENTATION_CONTEXT(2) 
PARAMETRIC_REPRESENTATION_CONTEXT() REPRESENTATION_CONTEXT('2D SPACE',''
  ) );
#7500 = ORIENTED_EDGE('',*,*,#7501,.T.);
#7501 = EDGE_CURVE('',#7473,#7502,#7504,.T.);
#7502 = VERTEX_POINT('',#7503);
#7503 = CARTESIAN_POINT('',(1.996750817002E+03,905.99999999999,212.));
#7504 = SURFACE_CURVE('',#7505,(#7510,#7517),.PCURVE_S1.);
#7505 = CIRCLE('',#7506,48.);
#7506 = AXIS2_PLACEMENT_3D('',#7507,#7508,#7509);
#7507 = CARTESIAN_POINT('',(2.035E+03,935.,212.));
#7508 = DIRECTION('',(0.,0.,1.));
#7509 = DIRECTION('',(1.,0.,-0.));
#7510 = PCURVE('',#7263,#7511);
#7511 = DEFINITIONAL_REPRESENTATION('',(#7512),#7516);
#7512 = LINE('',#7513,#7514);
#7513 = CARTESIAN_POINT('',(0.,0.));
#7514 = VECTOR('',#7515,1.);
#7515 = DIRECTION('',(1.,0.));
#7516 = ( GEOMETRIC_REPRESENTATION_CONTEXT(2) 
PARAMETRIC_REPRESENTATION_CONTEXT() REPRESENTATION_CONTEXT('2D SPACE',''
  ) );
#7517 = PCURVE('',#7460,#7518);
#7518 = DEFINITIONAL_REPRESENTATION('',(#7519),#7523);
#7519 = CIRCLE('',#7520,48.);
#7520 = AXIS2_PLACEMENT_2D('',#7521,#7522);
#7521 = CARTESIAN_POINT('',(0.,0.));
#7522 = DIRECTION('',(1.,0.));
#7523 = ( GEOMETRIC_REPRESENTATION_CONTEXT(2) 
PARAMETRIC_REPRESENTATION_CONTEXT() REPRESENTATION_CONTEXT('2D SPACE',''
  ) );
#7524 = ORIENTED_EDGE('',*,*,#7525,.T.);
#7525 = EDGE_CURVE('',#7502,#7526,#7528,.T.);
#7526 = VERTEX_POINT('',#7527);
#7527 = CARTESIAN_POINT('',(2.004422230297E+03,898.,212.));
#7528 = SURFACE_CURVE('',#7529,(#7534,#7541),.PCURVE_S1.);
#7529 = CIRCLE('',#7530,48.);
#7530 = AXIS2_PLACEMENT_3D('',#7531,#7532,#7533);
#7531 = CARTESIAN_POINT('',(2.035E+03,935.,212.));
#7532 = DIRECTION('',(0.,0.,1.));
#7533 = DIRECTION('',(1.,0.,-0.));
#7534 = PCURVE('',#7263,#7535);
#7535 = DEFINITIONAL_REPRESENTATION('',(#7536),#7540);
#7536 = LINE('',#7537,#7538);
#7537 = CARTESIAN_POINT('',(0.,0.));
#7538 = VECTOR('',#7539,1.);
#7539 = DIRECTION('',(1.,0.));
#7540 = ( GEOMETRIC_REPRESENTATION_CONTEXT(2) 
PARAMETRIC_REPRESENTATION_CONTEXT() REPRESENTATION_CONTEXT('2D SPACE',''
  ) );
#7541 = PCURVE('',#7542,#7547);
#7542 = PLANE('',#7543);
#7543 = AXIS2_PLACEMENT_3D('',#7544,#7545,#7546);
#7544 = CARTESIAN_POINT('',(1.955E+03,898.,212.));
#7545 = DIRECTION('',(0.,0.,1.));
#7546 = DIRECTION('',(1.,0.,-0.));
#7547 = DEFINITIONAL_REPRESENTATION('',(#7548),#7552);
#7548 = CIRCLE('',#7549,48.);
#7549 = AXIS2_PLACEMENT_2D('',#7550,#7551);
#7550 = CARTESIAN_POINT('',(80.,37.));
#7551 = DIRECTION('',(1.,0.));
#7552 = ( GEOMETRIC_REPRESENTATION_CONTEXT(2) 
PARAMETRIC_REPRESENTATION_CONTEXT() REPRESENTATION_CONTEXT('2D SPACE',''
  ) );
#7553 = ORIENTED_EDGE('',*,*,#7554,.T.);
#7554 = EDGE_CURVE('',#7526,#7421,#7555,.T.);
#7555 = SURFACE_CURVE('',#7556,(#7561,#7568),.PCURVE_S1.);
#7556 = CIRCLE('',#7557,48.);
#7557 = AXIS2_PLACEMENT_3D('',#7558,#7559,#7560);
#7558 = CARTESIAN_POINT('',(2.035E+03,935.,212.));
#7559 = DIRECTION('',(0.,0.,1.));
#7560 = DIRECTION('',(1.,0.,-0.));
#7561 = PCURVE('',#7263,#7562);
#7562 = DEFINITIONAL_REPRESENTATION('',(#7563),#7567);
#7563 = LINE('',#7564,#7565);
#7564 = CARTESIAN_POINT('',(0.,0.));
#7565 = VECTOR('',#7566,1.);
#7566 = DIRECTION('',(1.,0.));
#7567 = ( GEOMETRIC_REPRESENTATION_CONTEXT(2) 
PARAMETRIC_REPRESENTATION_CONTEXT() REPRESENTATION_CONTEXT('2D SPACE',''
  ) );
#7568 = PCURVE('',#7460,#7569);
#7569 = DEFINITIONAL_REPRESENTATION('',(#7570),#7574);
#7570 = CIRCLE('',#7571,48.);
#7571 = AXIS2_PLACEMENT_2D('',#7572,#7573);
#7572 = CARTESIAN_POINT('',(0.,0.));
#7573 = DIRECTION('',(1.,0.));
#7574 = ( GEOMETRIC_REPRESENTATION_CONTEXT(2) 
PARAMETRIC_REPRESENTATION_CONTEXT() REPRESENTATION_CONTEXT('2D SPACE',''
  ) );
#7575 = ORIENTED_EDGE('',*,*,#7420,.T.);
#7576 = ADVANCED_FACE('',(#7577),#7460,.F.);
#7577 = FACE_BOUND('',#7578,.F.);
#7578 = EDGE_LOOP('',(#7579,#7607,#7608,#7609,#7637,#7665,#7691,#7692,
    #7720));
#7579 = ORIENTED_EDGE('',*,*,#7580,.F.);
#7580 = EDGE_CURVE('',#7526,#7581,#7583,.T.);
#7581 = VERTEX_POINT('',#7582);
#7582 = CARTESIAN_POINT('',(2.06E+03,898.,212.));
#7583 = SURFACE_CURVE('',#7584,(#7588,#7595),.PCURVE_S1.);
#7584 = LINE('',#7585,#7586);
#7585 = CARTESIAN_POINT('',(1.955E+03,898.,212.));
#7586 = VECTOR('',#7587,1.);
#7587 = DIRECTION('',(1.,0.,-0.));
#7588 = PCURVE('',#7460,#7589);
#7589 = DEFINITIONAL_REPRESENTATION('',(#7590),#7594);
#7590 = LINE('',#7591,#7592);
#7591 = CARTESIAN_POINT('',(-80.,-37.));
#7592 = VECTOR('',#7593,1.);
#7593 = DIRECTION('',(1.,0.));
#7594 = ( GEOMETRIC_REPRESENTATION_CONTEXT(2) 
PARAMETRIC_REPRESENTATION_CONTEXT() REPRESENTATION_CONTEXT('2D SPACE',''
  ) );
#7595 = PCURVE('',#7596,#7601);
#7596 = PLANE('',#7597);
#7597 = AXIS2_PLACEMENT_3D('',#7598,#7599,#7600);
#7598 = CARTESIAN_POINT('',(1.955E+03,898.,85.));
#7599 = DIRECTION('',(-0.,1.,0.));
#7600 = DIRECTION('',(0.,0.,1.));
#7601 = DEFINITIONAL_REPRESENTATION('',(#7602),#7606);
#7602 = LINE('',#7603,#7604);
#7603 = CARTESIAN_POINT('',(127.,0.));
#7604 = VECTOR('',#7605,1.);
#7605 = DIRECTION('',(0.,1.));
#7606 = ( GEOMETRIC_REPRESENTATION_CONTEXT(2) 
PARAMETRIC_REPRESENTATION_CONTEXT() REPRESENTATION_CONTEXT('2D SPACE',''
  ) );
#7607 = ORIENTED_EDGE('',*,*,#7554,.T.);
#7608 = ORIENTED_EDGE('',*,*,#7443,.T.);
#7609 = ORIENTED_EDGE('',*,*,#7610,.T.);
#7610 = EDGE_CURVE('',#7444,#7611,#7613,.T.);
#7611 = VERTEX_POINT('',#7612);
#7612 = CARTESIAN_POINT('',(2.06E+03,972.,212.));
#7613 = SURFACE_CURVE('',#7614,(#7618,#7625),.PCURVE_S1.);
#7614 = LINE('',#7615,#7616);
#7615 = CARTESIAN_POINT('',(1.955E+03,972.,212.));
#7616 = VECTOR('',#7617,1.);
#7617 = DIRECTION('',(1.,0.,-0.));
#7618 = PCURVE('',#7460,#7619);
#7619 = DEFINITIONAL_REPRESENTATION('',(#7620),#7624);
#7620 = LINE('',#7621,#7622);
#7621 = CARTESIAN_POINT('',(-80.,37.));
#7622 = VECTOR('',#7623,1.);
#7623 = DIRECTION('',(1.,0.));
#7624 = ( GEOMETRIC_REPRESENTATION_CONTEXT(2) 
PARAMETRIC_REPRESENTATION_CONTEXT() REPRESENTATION_CONTEXT('2D SPACE',''
  ) );
#7625 = PCURVE('',#7626,#7631);
#7626 = PLANE('',#7627);
#7627 = AXIS2_PLACEMENT_3D('',#7628,#7629,#7630);
#7628 = CARTESIAN_POINT('',(1.955E+03,972.,85.));
#7629 = DIRECTION('',(-0.,1.,0.));
#7630 = DIRECTION('',(0.,0.,1.));
#7631 = DEFINITIONAL_REPRESENTATION('',(#7632),#7636);
#7632 = LINE('',#7633,#7634);
#7633 = CARTESIAN_POINT('',(127.,0.));
#7634 = VECTOR('',#7635,1.);
#7635 = DIRECTION('',(0.,1.));
#7636 = ( GEOMETRIC_REPRESENTATION_CONTEXT(2) 
PARAMETRIC_REPRESENTATION_CONTEXT() REPRESENTATION_CONTEXT('2D SPACE',''
  ) );
#7637 = ORIENTED_EDGE('',*,*,#7638,.F.);
#7638 = EDGE_CURVE('',#7639,#7611,#7641,.T.);
#7639 = VERTEX_POINT('',#7640);
#7640 = CARTESIAN_POINT('',(2.06E+03,964.,212.));
#7641 = SURFACE_CURVE('',#7642,(#7646,#7653),.PCURVE_S1.);
#7642 = LINE('',#7643,#7644);
#7643 = CARTESIAN_POINT('',(2.06E+03,964.,212.));
#7644 = VECTOR('',#7645,1.);
#7645 = DIRECTION('',(-0.,1.,0.));
#7646 = PCURVE('',#7460,#7647);
#7647 = DEFINITIONAL_REPRESENTATION('',(#7648),#7652);
#7648 = LINE('',#7649,#7650);
#7649 = CARTESIAN_POINT('',(25.,29.));
#7650 = VECTOR('',#7651,1.);
#7651 = DIRECTION('',(0.,1.));
#7652 = ( GEOMETRIC_REPRESENTATION_CONTEXT(2) 
PARAMETRIC_REPRESENTATION_CONTEXT() REPRESENTATION_CONTEXT('2D SPACE',''
  ) );
#7653 = PCURVE('',#7654,#7659);
#7654 = PLANE('',#7655);
#7655 = AXIS2_PLACEMENT_3D('',#7656,#7657,#7658);
#7656 = CARTESIAN_POINT('',(2.06E+03,964.,85.));
#7657 = DIRECTION('',(1.,0.,-0.));
#7658 = DIRECTION('',(0.,0.,1.));
#7659 = DEFINITIONAL_REPRESENTATION('',(#7660),#7664);
#7660 = LINE('',#7661,#7662);
#7661 = CARTESIAN_POINT('',(127.,0.));
#7662 = VECTOR('',#7663,1.);
#7663 = DIRECTION('',(0.,-1.));
#7664 = ( GEOMETRIC_REPRESENTATION_CONTEXT(2) 
PARAMETRIC_REPRESENTATION_CONTEXT() REPRESENTATION_CONTEXT('2D SPACE',''
  ) );
#7665 = ORIENTED_EDGE('',*,*,#7666,.F.);
#7666 = EDGE_CURVE('',#7473,#7639,#7667,.T.);
#7667 = SURFACE_CURVE('',#7668,(#7672,#7679),.PCURVE_S1.);
#7668 = LINE('',#7669,#7670);
#7669 = CARTESIAN_POINT('',(1.955E+03,964.,212.));
#7670 = VECTOR('',#7671,1.);
#7671 = DIRECTION('',(1.,0.,-0.));
#7672 = PCURVE('',#7460,#7673);
#7673 = DEFINITIONAL_REPRESENTATION('',(#7674),#7678);
#7674 = LINE('',#7675,#7676);
#7675 = CARTESIAN_POINT('',(-80.,29.));
#7676 = VECTOR('',#7677,1.);
#7677 = DIRECTION('',(1.,0.));
#7678 = ( GEOMETRIC_REPRESENTATION_CONTEXT(2) 
PARAMETRIC_REPRESENTATION_CONTEXT() REPRESENTATION_CONTEXT('2D SPACE',''
  ) );
#7679 = PCURVE('',#7680,#7685);
#7680 = PLANE('',#7681);
#7681 = AXIS2_PLACEMENT_3D('',#7682,#7683,#7684);
#7682 = CARTESIAN_POINT('',(1.955E+03,964.,85.));
#7683 = DIRECTION('',(-0.,1.,0.));
#7684 = DIRECTION('',(0.,0.,1.));
#7685 = DEFINITIONAL_REPRESENTATION('',(#7686),#7690);
#7686 = LINE('',#7687,#7688);
#7687 = CARTESIAN_POINT('',(127.,0.));
#7688 = VECTOR('',#7689,1.);
#7689 = DIRECTION('',(0.,1.));
#7690 = ( GEOMETRIC_REPRESENTATION_CONTEXT(2) 
PARAMETRIC_REPRESENTATION_CONTEXT() REPRESENTATION_CONTEXT('2D SPACE',''
  ) );
#7691 = ORIENTED_EDGE('',*,*,#7501,.T.);
#7692 = ORIENTED_EDGE('',*,*,#7693,.T.);
#7693 = EDGE_CURVE('',#7502,#7694,#7696,.T.);
#7694 = VERTEX_POINT('',#7695);
#7695 = CARTESIAN_POINT('',(2.06E+03,906.,212.));
#7696 = SURFACE_CURVE('',#7697,(#7701,#7708),.PCURVE_S1.);
#7697 = LINE('',#7698,#7699);
#7698 = CARTESIAN_POINT('',(1.955E+03,906.,212.));
#7699 = VECTOR('',#7700,1.);
#7700 = DIRECTION('',(1.,0.,-0.));
#7701 = PCURVE('',#7460,#7702);
#7702 = DEFINITIONAL_REPRESENTATION('',(#7703),#7707);
#7703 = LINE('',#7704,#7705);
#7704 = CARTESIAN_POINT('',(-80.,-29.));
#7705 = VECTOR('',#7706,1.);
#7706 = DIRECTION('',(1.,0.));
#7707 = ( GEOMETRIC_REPRESENTATION_CONTEXT(2) 
PARAMETRIC_REPRESENTATION_CONTEXT() REPRESENTATION_CONTEXT('2D SPACE',''
  ) );
#7708 = PCURVE('',#7709,#7714);
#7709 = PLANE('',#7710);
#7710 = AXIS2_PLACEMENT_3D('',#7711,#7712,#7713);
#7711 = CARTESIAN_POINT('',(1.955E+03,906.,85.));
#7712 = DIRECTION('',(-0.,1.,0.));
#7713 = DIRECTION('',(0.,0.,1.));
#7714 = DEFINITIONAL_REPRESENTATION('',(#7715),#7719);
#7715 = LINE('',#7716,#7717);
#7716 = CARTESIAN_POINT('',(127.,0.));
#7717 = VECTOR('',#7718,1.);
#7718 = DIRECTION('',(0.,1.));
#7719 = ( GEOMETRIC_REPRESENTATION_CONTEXT(2) 
PARAMETRIC_REPRESENTATION_CONTEXT() REPRESENTATION_CONTEXT('2D SPACE',''
  ) );
#7720 = ORIENTED_EDGE('',*,*,#7721,.F.);
#7721 = EDGE_CURVE('',#7581,#7694,#7722,.T.);
#7722 = SURFACE_CURVE('',#7723,(#7727,#7734),.PCURVE_S1.);
#7723 = LINE('',#7724,#7725);
#7724 = CARTESIAN_POINT('',(2.06E+03,898.,212.));
#7725 = VECTOR('',#7726,1.);
#7726 = DIRECTION('',(-0.,1.,0.));
#7727 = PCURVE('',#7460,#7728);
#7728 = DEFINITIONAL_REPRESENTATION('',(#7729),#7733);
#7729 = LINE('',#7730,#7731);
#7730 = CARTESIAN_POINT('',(25.,-37.));
#7731 = VECTOR('',#7732,1.);
#7732 = DIRECTION('',(0.,1.));
#7733 = ( GEOMETRIC_REPRESENTATION_CONTEXT(2) 
PARAMETRIC_REPRESENTATION_CONTEXT() REPRESENTATION_CONTEXT('2D SPACE',''
  ) );
#7734 = PCURVE('',#7735,#7740);
#7735 = PLANE('',#7736);
#7736 = AXIS2_PLACEMENT_3D('',#7737,#7738,#7739);
#7737 = CARTESIAN_POINT('',(2.06E+03,898.,85.));
#7738 = DIRECTION('',(1.,0.,-0.));
#7739 = DIRECTION('',(0.,0.,1.));
#7740 = DEFINITIONAL_REPRESENTATION('',(#7741),#7745);
#7741 = LINE('',#7742,#7743);
#7742 = CARTESIAN_POINT('',(127.,0.));
#7743 = VECTOR('',#7744,1.);
#7744 = DIRECTION('',(0.,-1.));
#7745 = ( GEOMETRIC_REPRESENTATION_CONTEXT(2) 
PARAMETRIC_REPRESENTATION_CONTEXT() REPRESENTATION_CONTEXT('2D SPACE',''
  ) );
#7746 = ADVANCED_FACE('',(#7747),#7542,.T.);
#7747 = FACE_BOUND('',#7748,.T.);
#7748 = EDGE_LOOP('',(#7749,#7772,#7800,#7821));
#7749 = ORIENTED_EDGE('',*,*,#7750,.F.);
#7750 = EDGE_CURVE('',#7751,#7502,#7753,.T.);
#7751 = VERTEX_POINT('',#7752);
#7752 = CARTESIAN_POINT('',(1.955E+03,906.,212.));
#7753 = SURFACE_CURVE('',#7754,(#7758,#7765),.PCURVE_S1.);
#7754 = LINE('',#7755,#7756);
#7755 = CARTESIAN_POINT('',(1.955E+03,906.,212.));
#7756 = VECTOR('',#7757,1.);
#7757 = DIRECTION('',(1.,0.,-0.));
#7758 = PCURVE('',#7542,#7759);
#7759 = DEFINITIONAL_REPRESENTATION('',(#7760),#7764);
#7760 = LINE('',#7761,#7762);
#7761 = CARTESIAN_POINT('',(0.,8.));
#7762 = VECTOR('',#7763,1.);
#7763 = DIRECTION('',(1.,0.));
#7764 = ( GEOMETRIC_REPRESENTATION_CONTEXT(2) 
PARAMETRIC_REPRESENTATION_CONTEXT() REPRESENTATION_CONTEXT('2D SPACE',''
  ) );
#7765 = PCURVE('',#7709,#7766);
#7766 = DEFINITIONAL_REPRESENTATION('',(#7767),#7771);
#7767 = LINE('',#7768,#7769);
#7768 = CARTESIAN_POINT('',(127.,0.));
#7769 = VECTOR('',#7770,1.);
#7770 = DIRECTION('',(0.,1.));
#7771 = ( GEOMETRIC_REPRESENTATION_CONTEXT(2) 
PARAMETRIC_REPRESENTATION_CONTEXT() REPRESENTATION_CONTEXT('2D SPACE',''
  ) );
#7772 = ORIENTED_EDGE('',*,*,#7773,.F.);
#7773 = EDGE_CURVE('',#7774,#7751,#7776,.T.);
#7774 = VERTEX_POINT('',#7775);
#7775 = CARTESIAN_POINT('',(1.955E+03,898.,212.));
#7776 = SURFACE_CURVE('',#7777,(#7781,#7788),.PCURVE_S1.);
#7777 = LINE('',#7778,#7779);
#7778 = CARTESIAN_POINT('',(1.955E+03,898.,212.));
#7779 = VECTOR('',#7780,1.);
#7780 = DIRECTION('',(-0.,1.,0.));
#7781 = PCURVE('',#7542,#7782);
#7782 = DEFINITIONAL_REPRESENTATION('',(#7783),#7787);
#7783 = LINE('',#7784,#7785);
#7784 = CARTESIAN_POINT('',(0.,0.));
#7785 = VECTOR('',#7786,1.);
#7786 = DIRECTION('',(0.,1.));
#7787 = ( GEOMETRIC_REPRESENTATION_CONTEXT(2) 
PARAMETRIC_REPRESENTATION_CONTEXT() REPRESENTATION_CONTEXT('2D SPACE',''
  ) );
#7788 = PCURVE('',#7789,#7794);
#7789 = PLANE('',#7790);
#7790 = AXIS2_PLACEMENT_3D('',#7791,#7792,#7793);
#7791 = CARTESIAN_POINT('',(1.955E+03,898.,85.));
#7792 = DIRECTION('',(1.,0.,-0.));
#7793 = DIRECTION('',(0.,0.,1.));
#7794 = DEFINITIONAL_REPRESENTATION('',(#7795),#7799);
#7795 = LINE('',#7796,#7797);
#7796 = CARTESIAN_POINT('',(127.,0.));
#7797 = VECTOR('',#7798,1.);
#7798 = DIRECTION('',(0.,-1.));
#7799 = ( GEOMETRIC_REPRESENTATION_CONTEXT(2) 
PARAMETRIC_REPRESENTATION_CONTEXT() REPRESENTATION_CONTEXT('2D SPACE',''
  ) );
#7800 = ORIENTED_EDGE('',*,*,#7801,.T.);
#7801 = EDGE_CURVE('',#7774,#7526,#7802,.T.);
#7802 = SURFACE_CURVE('',#7803,(#7807,#7814),.PCURVE_S1.);
#7803 = LINE('',#7804,#7805);
#7804 = CARTESIAN_POINT('',(1.955E+03,898.,212.));
#7805 = VECTOR('',#7806,1.);
#7806 = DIRECTION('',(1.,0.,-0.));
#7807 = PCURVE('',#7542,#7808);
#7808 = DEFINITIONAL_REPRESENTATION('',(#7809),#7813);
#7809 = LINE('',#7810,#7811);
#7810 = CARTESIAN_POINT('',(0.,0.));
#7811 = VECTOR('',#7812,1.);
#7812 = DIRECTION('',(1.,0.));
#7813 = ( GEOMETRIC_REPRESENTATION_CONTEXT(2) 
PARAMETRIC_REPRESENTATION_CONTEXT() REPRESENTATION_CONTEXT('2D SPACE',''
  ) );
#7814 = PCURVE('',#7596,#7815);
#7815 = DEFINITIONAL_REPRESENTATION('',(#7816),#7820);
#7816 = LINE('',#7817,#7818);
#7817 = CARTESIAN_POINT('',(127.,0.));
#7818 = VECTOR('',#7819,1.);
#7819 = DIRECTION('',(0.,1.));
#7820 = ( GEOMETRIC_REPRESENTATION_CONTEXT(2) 
PARAMETRIC_REPRESENTATION_CONTEXT() REPRESENTATION_CONTEXT('2D SPACE',''
  ) );
#7821 = ORIENTED_EDGE('',*,*,#7525,.F.);
#7822 = ADVANCED_FACE('',(#7823),#7489,.T.);
#7823 = FACE_BOUND('',#7824,.T.);
#7824 = EDGE_LOOP('',(#7825,#7848,#7876,#7897));
#7825 = ORIENTED_EDGE('',*,*,#7826,.F.);
#7826 = EDGE_CURVE('',#7827,#7444,#7829,.T.);
#7827 = VERTEX_POINT('',#7828);
#7828 = CARTESIAN_POINT('',(1.955E+03,972.,212.));
#7829 = SURFACE_CURVE('',#7830,(#7834,#7841),.PCURVE_S1.);
#7830 = LINE('',#7831,#7832);
#7831 = CARTESIAN_POINT('',(1.955E+03,972.,212.));
#7832 = VECTOR('',#7833,1.);
#7833 = DIRECTION('',(1.,0.,-0.));
#7834 = PCURVE('',#7489,#7835);
#7835 = DEFINITIONAL_REPRESENTATION('',(#7836),#7840);
#7836 = LINE('',#7837,#7838);
#7837 = CARTESIAN_POINT('',(0.,8.));
#7838 = VECTOR('',#7839,1.);
#7839 = DIRECTION('',(1.,0.));
#7840 = ( GEOMETRIC_REPRESENTATION_CONTEXT(2) 
PARAMETRIC_REPRESENTATION_CONTEXT() REPRESENTATION_CONTEXT('2D SPACE',''
  ) );
#7841 = PCURVE('',#7626,#7842);
#7842 = DEFINITIONAL_REPRESENTATION('',(#7843),#7847);
#7843 = LINE('',#7844,#7845);
#7844 = CARTESIAN_POINT('',(127.,0.));
#7845 = VECTOR('',#7846,1.);
#7846 = DIRECTION('',(0.,1.));
#7847 = ( GEOMETRIC_REPRESENTATION_CONTEXT(2) 
PARAMETRIC_REPRESENTATION_CONTEXT() REPRESENTATION_CONTEXT('2D SPACE',''
  ) );
#7848 = ORIENTED_EDGE('',*,*,#7849,.F.);
#7849 = EDGE_CURVE('',#7850,#7827,#7852,.T.);
#7850 = VERTEX_POINT('',#7851);
#7851 = CARTESIAN_POINT('',(1.955E+03,964.,212.));
#7852 = SURFACE_CURVE('',#7853,(#7857,#7864),.PCURVE_S1.);
#7853 = LINE('',#7854,#7855);
#7854 = CARTESIAN_POINT('',(1.955E+03,964.,212.));
#7855 = VECTOR('',#7856,1.);
#7856 = DIRECTION('',(-0.,1.,0.));
#7857 = PCURVE('',#7489,#7858);
#7858 = DEFINITIONAL_REPRESENTATION('',(#7859),#7863);
#7859 = LINE('',#7860,#7861);
#7860 = CARTESIAN_POINT('',(0.,0.));
#7861 = VECTOR('',#7862,1.);
#7862 = DIRECTION('',(0.,1.));
#7863 = ( GEOMETRIC_REPRESENTATION_CONTEXT(2) 
PARAMETRIC_REPRESENTATION_CONTEXT() REPRESENTATION_CONTEXT('2D SPACE',''
  ) );
#7864 = PCURVE('',#7865,#7870);
#7865 = PLANE('',#7866);
#7866 = AXIS2_PLACEMENT_3D('',#7867,#7868,#7869);
#7867 = CARTESIAN_POINT('',(1.955E+03,964.,85.));
#7868 = DIRECTION('',(1.,0.,-0.));
#7869 = DIRECTION('',(0.,0.,1.));
#7870 = DEFINITIONAL_REPRESENTATION('',(#7871),#7875);
#7871 = LINE('',#7872,#7873);
#7872 = CARTESIAN_POINT('',(127.,0.));
#7873 = VECTOR('',#7874,1.);
#7874 = DIRECTION('',(0.,-1.));
#7875 = ( GEOMETRIC_REPRESENTATION_CONTEXT(2) 
PARAMETRIC_REPRESENTATION_CONTEXT() REPRESENTATION_CONTEXT('2D SPACE',''
  ) );
#7876 = ORIENTED_EDGE('',*,*,#7877,.T.);
#7877 = EDGE_CURVE('',#7850,#7473,#7878,.T.);
#7878 = SURFACE_CURVE('',#7879,(#7883,#7890),.PCURVE_S1.);
#7879 = LINE('',#7880,#7881);
#7880 = CARTESIAN_POINT('',(1.955E+03,964.,212.));
#7881 = VECTOR('',#7882,1.);
#7882 = DIRECTION('',(1.,0.,-0.));
#7883 = PCURVE('',#7489,#7884);
#7884 = DEFINITIONAL_REPRESENTATION('',(#7885),#7889);
#7885 = LINE('',#7886,#7887);
#7886 = CARTESIAN_POINT('',(0.,0.));
#7887 = VECTOR('',#7888,1.);
#7888 = DIRECTION('',(1.,0.));
#7889 = ( GEOMETRIC_REPRESENTATION_CONTEXT(2) 
PARAMETRIC_REPRESENTATION_CONTEXT() REPRESENTATION_CONTEXT('2D SPACE',''
  ) );
#7890 = PCURVE('',#7680,#7891);
#7891 = DEFINITIONAL_REPRESENTATION('',(#7892),#7896);
#7892 = LINE('',#7893,#7894);
#7893 = CARTESIAN_POINT('',(127.,0.));
#7894 = VECTOR('',#7895,1.);
#7895 = DIRECTION('',(0.,1.));
#7896 = ( GEOMETRIC_REPRESENTATION_CONTEXT(2) 
PARAMETRIC_REPRESENTATION_CONTEXT() REPRESENTATION_CONTEXT('2D SPACE',''
  ) );
#7897 = ORIENTED_EDGE('',*,*,#7472,.F.);
#7898 = ADVANCED_FACE('',(#7899,#7975),#7596,.F.);
#7899 = FACE_BOUND('',#7900,.F.);
#7900 = EDGE_LOOP('',(#7901,#7931,#7952,#7953,#7954));
#7901 = ORIENTED_EDGE('',*,*,#7902,.F.);
#7902 = EDGE_CURVE('',#7903,#7905,#7907,.T.);
#7903 = VERTEX_POINT('',#7904);
#7904 = CARTESIAN_POINT('',(1.955E+03,898.,85.));
#7905 = VERTEX_POINT('',#7906);
#7906 = CARTESIAN_POINT('',(2.06E+03,898.,85.));
#7907 = SURFACE_CURVE('',#7908,(#7912,#7919),.PCURVE_S1.);
#7908 = LINE('',#7909,#7910);
#7909 = CARTESIAN_POINT('',(1.955E+03,898.,85.));
#7910 = VECTOR('',#7911,1.);
#7911 = DIRECTION('',(1.,0.,-0.));
#7912 = PCURVE('',#7596,#7913);
#7913 = DEFINITIONAL_REPRESENTATION('',(#7914),#7918);
#7914 = LINE('',#7915,#7916);
#7915 = CARTESIAN_POINT('',(0.,0.));
#7916 = VECTOR('',#7917,1.);
#7917 = DIRECTION('',(0.,1.));
#7918 = ( GEOMETRIC_REPRESENTATION_CONTEXT(2) 
PARAMETRIC_REPRESENTATION_CONTEXT() REPRESENTATION_CONTEXT('2D SPACE',''
  ) );
#7919 = PCURVE('',#7920,#7925);
#7920 = PLANE('',#7921);
#7921 = AXIS2_PLACEMENT_3D('',#7922,#7923,#7924);
#7922 = CARTESIAN_POINT('',(1.955E+03,898.,85.));
#7923 = DIRECTION('',(0.,0.,1.));
#7924 = DIRECTION('',(1.,0.,-0.));
#7925 = DEFINITIONAL_REPRESENTATION('',(#7926),#7930);
#7926 = LINE('',#7927,#7928);
#7927 = CARTESIAN_POINT('',(0.,0.));
#7928 = VECTOR('',#7929,1.);
#7929 = DIRECTION('',(1.,0.));
#7930 = ( GEOMETRIC_REPRESENTATION_CONTEXT(2) 
PARAMETRIC_REPRESENTATION_CONTEXT() REPRESENTATION_CONTEXT('2D SPACE',''
  ) );
#7931 = ORIENTED_EDGE('',*,*,#7932,.T.);
#7932 = EDGE_CURVE('',#7903,#7774,#7933,.T.);
#7933 = SURFACE_CURVE('',#7934,(#7938,#7945),.PCURVE_S1.);
#7934 = LINE('',#7935,#7936);
#7935 = CARTESIAN_POINT('',(1.955E+03,898.,85.));
#7936 = VECTOR('',#7937,1.);
#7937 = DIRECTION('',(0.,0.,1.));
#7938 = PCURVE('',#7596,#7939);
#7939 = DEFINITIONAL_REPRESENTATION('',(#7940),#7944);
#7940 = LINE('',#7941,#7942);
#7941 = CARTESIAN_POINT('',(0.,0.));
#7942 = VECTOR('',#7943,1.);
#7943 = DIRECTION('',(1.,0.));
#7944 = ( GEOMETRIC_REPRESENTATION_CONTEXT(2) 
PARAMETRIC_REPRESENTATION_CONTEXT() REPRESENTATION_CONTEXT('2D SPACE',''
  ) );
#7945 = PCURVE('',#7789,#7946);
#7946 = DEFINITIONAL_REPRESENTATION('',(#7947),#7951);
#7947 = LINE('',#7948,#7949);
#7948 = CARTESIAN_POINT('',(0.,0.));
#7949 = VECTOR('',#7950,1.);
#7950 = DIRECTION('',(1.,0.));
#7951 = ( GEOMETRIC_REPRESENTATION_CONTEXT(2) 
PARAMETRIC_REPRESENTATION_CONTEXT() REPRESENTATION_CONTEXT('2D SPACE',''
  ) );
#7952 = ORIENTED_EDGE('',*,*,#7801,.T.);
#7953 = ORIENTED_EDGE('',*,*,#7580,.T.);
#7954 = ORIENTED_EDGE('',*,*,#7955,.F.);
#7955 = EDGE_CURVE('',#7905,#7581,#7956,.T.);
#7956 = SURFACE_CURVE('',#7957,(#7961,#7968),.PCURVE_S1.);
#7957 = LINE('',#7958,#7959);
#7958 = CARTESIAN_POINT('',(2.06E+03,898.,85.));
#7959 = VECTOR('',#7960,1.);
#7960 = DIRECTION('',(0.,0.,1.));
#7961 = PCURVE('',#7596,#7962);
#7962 = DEFINITIONAL_REPRESENTATION('',(#7963),#7967);
#7963 = LINE('',#7964,#7965);
#7964 = CARTESIAN_POINT('',(0.,105.));
#7965 = VECTOR('',#7966,1.);
#7966 = DIRECTION('',(1.,0.));
#7967 = ( GEOMETRIC_REPRESENTATION_CONTEXT(2) 
PARAMETRIC_REPRESENTATION_CONTEXT() REPRESENTATION_CONTEXT('2D SPACE',''
  ) );
#7968 = PCURVE('',#7735,#7969);
#7969 = DEFINITIONAL_REPRESENTATION('',(#7970),#7974);
#7970 = LINE('',#7971,#7972);
#7971 = CARTESIAN_POINT('',(0.,0.));
#7972 = VECTOR('',#7973,1.);
#7973 = DIRECTION('',(1.,0.));
#7974 = ( GEOMETRIC_REPRESENTATION_CONTEXT(2) 
PARAMETRIC_REPRESENTATION_CONTEXT() REPRESENTATION_CONTEXT('2D SPACE',''
  ) );
#7975 = FACE_BOUND('',#7976,.F.);
#7976 = EDGE_LOOP('',(#7977));
#7977 = ORIENTED_EDGE('',*,*,#7978,.F.);
#7978 = EDGE_CURVE('',#7979,#7979,#7981,.T.);
#7979 = VERTEX_POINT('',#7980);
#7980 = CARTESIAN_POINT('',(1.98E+03,898.,110.));
#7981 = SURFACE_CURVE('',#7982,(#7987,#7994),.PCURVE_S1.);
#7982 = CIRCLE('',#7983,10.);
#7983 = AXIS2_PLACEMENT_3D('',#7984,#7985,#7986);
#7984 = CARTESIAN_POINT('',(1.98E+03,898.,100.));
#7985 = DIRECTION('',(0.,1.,0.));
#7986 = DIRECTION('',(0.,-0.,1.));
#7987 = PCURVE('',#7596,#7988);
#7988 = DEFINITIONAL_REPRESENTATION('',(#7989),#7993);
#7989 = CIRCLE('',#7990,10.);
#7990 = AXIS2_PLACEMENT_2D('',#7991,#7992);
#7991 = CARTESIAN_POINT('',(15.,25.));
#7992 = DIRECTION('',(1.,0.));
#7993 = ( GEOMETRIC_REPRESENTATION_CONTEXT(2) 
PARAMETRIC_REPRESENTATION_CONTEXT() REPRESENTATION_CONTEXT('2D SPACE',''
  ) );
#7994 = PCURVE('',#7995,#8000);
#7995 = CYLINDRICAL_SURFACE('',#7996,10.);
#7996 = AXIS2_PLACEMENT_3D('',#7997,#7998,#7999);
#7997 = CARTESIAN_POINT('',(1.98E+03,896.,100.));
#7998 = DIRECTION('',(0.,1.,0.));
#7999 = DIRECTION('',(0.,-0.,1.));
#8000 = DEFINITIONAL_REPRESENTATION('',(#8001),#8005);
#8001 = LINE('',#8002,#8003);
#8002 = CARTESIAN_POINT('',(0.,2.));
#8003 = VECTOR('',#8004,1.);
#8004 = DIRECTION('',(1.,0.));
#8005 = ( GEOMETRIC_REPRESENTATION_CONTEXT(2) 
PARAMETRIC_REPRESENTATION_CONTEXT() REPRESENTATION_CONTEXT('2D SPACE',''
  ) );
#8006 = ADVANCED_FACE('',(#8007),#7735,.T.);
#8007 = FACE_BOUND('',#8008,.T.);
#8008 = EDGE_LOOP('',(#8009,#8010,#8033,#8054));
#8009 = ORIENTED_EDGE('',*,*,#7955,.F.);
#8010 = ORIENTED_EDGE('',*,*,#8011,.T.);
#8011 = EDGE_CURVE('',#7905,#8012,#8014,.T.);
#8012 = VERTEX_POINT('',#8013);
#8013 = CARTESIAN_POINT('',(2.06E+03,906.,85.));
#8014 = SURFACE_CURVE('',#8015,(#8019,#8026),.PCURVE_S1.);
#8015 = LINE('',#8016,#8017);
#8016 = CARTESIAN_POINT('',(2.06E+03,898.,85.));
#8017 = VECTOR('',#8018,1.);
#8018 = DIRECTION('',(-0.,1.,0.));
#8019 = PCURVE('',#7735,#8020);
#8020 = DEFINITIONAL_REPRESENTATION('',(#8021),#8025);
#8021 = LINE('',#8022,#8023);
#8022 = CARTESIAN_POINT('',(0.,0.));
#8023 = VECTOR('',#8024,1.);
#8024 = DIRECTION('',(0.,-1.));
#8025 = ( GEOMETRIC_REPRESENTATION_CONTEXT(2) 
PARAMETRIC_REPRESENTATION_CONTEXT() REPRESENTATION_CONTEXT('2D SPACE',''
  ) );
#8026 = PCURVE('',#7920,#8027);
#8027 = DEFINITIONAL_REPRESENTATION('',(#8028),#8032);
#8028 = LINE('',#8029,#8030);
#8029 = CARTESIAN_POINT('',(105.,0.));
#8030 = VECTOR('',#8031,1.);
#8031 = DIRECTION('',(0.,1.));
#8032 = ( GEOMETRIC_REPRESENTATION_CONTEXT(2) 
PARAMETRIC_REPRESENTATION_CONTEXT() REPRESENTATION_CONTEXT('2D SPACE',''
  ) );
#8033 = ORIENTED_EDGE('',*,*,#8034,.T.);
#8034 = EDGE_CURVE('',#8012,#7694,#8035,.T.);
#8035 = SURFACE_CURVE('',#8036,(#8040,#8047),.PCURVE_S1.);
#8036 = LINE('',#8037,#8038);
#8037 = CARTESIAN_POINT('',(2.06E+03,906.,85.));
#8038 = VECTOR('',#8039,1.);
#8039 = DIRECTION('',(0.,0.,1.));
#8040 = PCURVE('',#7735,#8041);
#8041 = DEFINITIONAL_REPRESENTATION('',(#8042),#8046);
#8042 = LINE('',#8043,#8044);
#8043 = CARTESIAN_POINT('',(0.,-8.));
#8044 = VECTOR('',#8045,1.);
#8045 = DIRECTION('',(1.,0.));
#8046 = ( GEOMETRIC_REPRESENTATION_CONTEXT(2) 
PARAMETRIC_REPRESENTATION_CONTEXT() REPRESENTATION_CONTEXT('2D SPACE',''
  ) );
#8047 = PCURVE('',#7709,#8048);
#8048 = DEFINITIONAL_REPRESENTATION('',(#8049),#8053);
#8049 = LINE('',#8050,#8051);
#8050 = CARTESIAN_POINT('',(0.,105.));
#8051 = VECTOR('',#8052,1.);
#8052 = DIRECTION('',(1.,0.));
#8053 = ( GEOMETRIC_REPRESENTATION_CONTEXT(2) 
PARAMETRIC_REPRESENTATION_CONTEXT() REPRESENTATION_CONTEXT('2D SPACE',''
  ) );
#8054 = ORIENTED_EDGE('',*,*,#7721,.F.);
#8055 = ADVANCED_FACE('',(#8056,#8105),#7709,.T.);
#8056 = FACE_BOUND('',#8057,.T.);
#8057 = EDGE_LOOP('',(#8058,#8081,#8102,#8103,#8104));
#8058 = ORIENTED_EDGE('',*,*,#8059,.F.);
#8059 = EDGE_CURVE('',#8060,#8012,#8062,.T.);
#8060 = VERTEX_POINT('',#8061);
#8061 = CARTESIAN_POINT('',(1.955E+03,906.,85.));
#8062 = SURFACE_CURVE('',#8063,(#8067,#8074),.PCURVE_S1.);
#8063 = LINE('',#8064,#8065);
#8064 = CARTESIAN_POINT('',(1.955E+03,906.,85.));
#8065 = VECTOR('',#8066,1.);
#8066 = DIRECTION('',(1.,0.,-0.));
#8067 = PCURVE('',#7709,#8068);
#8068 = DEFINITIONAL_REPRESENTATION('',(#8069),#8073);
#8069 = LINE('',#8070,#8071);
#8070 = CARTESIAN_POINT('',(0.,0.));
#8071 = VECTOR('',#8072,1.);
#8072 = DIRECTION('',(0.,1.));
#8073 = ( GEOMETRIC_REPRESENTATION_CONTEXT(2) 
PARAMETRIC_REPRESENTATION_CONTEXT() REPRESENTATION_CONTEXT('2D SPACE',''
  ) );
#8074 = PCURVE('',#7920,#8075);
#8075 = DEFINITIONAL_REPRESENTATION('',(#8076),#8080);
#8076 = LINE('',#8077,#8078);
#8077 = CARTESIAN_POINT('',(0.,8.));
#8078 = VECTOR('',#8079,1.);
#8079 = DIRECTION('',(1.,0.));
#8080 = ( GEOMETRIC_REPRESENTATION_CONTEXT(2) 
PARAMETRIC_REPRESENTATION_CONTEXT() REPRESENTATION_CONTEXT('2D SPACE',''
  ) );
#8081 = ORIENTED_EDGE('',*,*,#8082,.T.);
#8082 = EDGE_CURVE('',#8060,#7751,#8083,.T.);
#8083 = SURFACE_CURVE('',#8084,(#8088,#8095),.PCURVE_S1.);
#8084 = LINE('',#8085,#8086);
#8085 = CARTESIAN_POINT('',(1.955E+03,906.,85.));
#8086 = VECTOR('',#8087,1.);
#8087 = DIRECTION('',(0.,0.,1.));
#8088 = PCURVE('',#7709,#8089);
#8089 = DEFINITIONAL_REPRESENTATION('',(#8090),#8094);
#8090 = LINE('',#8091,#8092);
#8091 = CARTESIAN_POINT('',(0.,0.));
#8092 = VECTOR('',#8093,1.);
#8093 = DIRECTION('',(1.,0.));
#8094 = ( GEOMETRIC_REPRESENTATION_CONTEXT(2) 
PARAMETRIC_REPRESENTATION_CONTEXT() REPRESENTATION_CONTEXT('2D SPACE',''
  ) );
#8095 = PCURVE('',#7789,#8096);
#8096 = DEFINITIONAL_REPRESENTATION('',(#8097),#8101);
#8097 = LINE('',#8098,#8099);
#8098 = CARTESIAN_POINT('',(0.,-8.));
#8099 = VECTOR('',#8100,1.);
#8100 = DIRECTION('',(1.,0.));
#8101 = ( GEOMETRIC_REPRESENTATION_CONTEXT(2) 
PARAMETRIC_REPRESENTATION_CONTEXT() REPRESENTATION_CONTEXT('2D SPACE',''
  ) );
#8102 = ORIENTED_EDGE('',*,*,#7750,.T.);
#8103 = ORIENTED_EDGE('',*,*,#7693,.T.);
#8104 = ORIENTED_EDGE('',*,*,#8034,.F.);
#8105 = FACE_BOUND('',#8106,.T.);
#8106 = EDGE_LOOP('',(#8107));
#8107 = ORIENTED_EDGE('',*,*,#8108,.F.);
#8108 = EDGE_CURVE('',#8109,#8109,#8111,.T.);
#8109 = VERTEX_POINT('',#8110);
#8110 = CARTESIAN_POINT('',(1.98E+03,906.,110.));
#8111 = SURFACE_CURVE('',#8112,(#8117,#8124),.PCURVE_S1.);
#8112 = CIRCLE('',#8113,10.);
#8113 = AXIS2_PLACEMENT_3D('',#8114,#8115,#8116);
#8114 = CARTESIAN_POINT('',(1.98E+03,906.,100.));
#8115 = DIRECTION('',(0.,1.,0.));
#8116 = DIRECTION('',(0.,-0.,1.));
#8117 = PCURVE('',#7709,#8118);
#8118 = DEFINITIONAL_REPRESENTATION('',(#8119),#8123);
#8119 = CIRCLE('',#8120,10.);
#8120 = AXIS2_PLACEMENT_2D('',#8121,#8122);
#8121 = CARTESIAN_POINT('',(15.,25.));
#8122 = DIRECTION('',(1.,0.));
#8123 = ( GEOMETRIC_REPRESENTATION_CONTEXT(2) 
PARAMETRIC_REPRESENTATION_CONTEXT() REPRESENTATION_CONTEXT('2D SPACE',''
  ) );
#8124 = PCURVE('',#8125,#8130);
#8125 = CYLINDRICAL_SURFACE('',#8126,10.);
#8126 = AXIS2_PLACEMENT_3D('',#8127,#8128,#8129);
#8127 = CARTESIAN_POINT('',(1.98E+03,896.,100.));
#8128 = DIRECTION('',(0.,1.,0.));
#8129 = DIRECTION('',(0.,-0.,1.));
#8130 = DEFINITIONAL_REPRESENTATION('',(#8131),#8135);
#8131 = LINE('',#8132,#8133);
#8132 = CARTESIAN_POINT('',(0.,10.));
#8133 = VECTOR('',#8134,1.);
#8134 = DIRECTION('',(1.,0.));
#8135 = ( GEOMETRIC_REPRESENTATION_CONTEXT(2) 
PARAMETRIC_REPRESENTATION_CONTEXT() REPRESENTATION_CONTEXT('2D SPACE',''
  ) );
#8136 = ADVANCED_FACE('',(#8137,#8213),#7680,.F.);
#8137 = FACE_BOUND('',#8138,.F.);
#8138 = EDGE_LOOP('',(#8139,#8169,#8190,#8191,#8192));
#8139 = ORIENTED_EDGE('',*,*,#8140,.F.);
#8140 = EDGE_CURVE('',#8141,#8143,#8145,.T.);
#8141 = VERTEX_POINT('',#8142);
#8142 = CARTESIAN_POINT('',(1.955E+03,964.,85.));
#8143 = VERTEX_POINT('',#8144);
#8144 = CARTESIAN_POINT('',(2.06E+03,964.,85.));
#8145 = SURFACE_CURVE('',#8146,(#8150,#8157),.PCURVE_S1.);
#8146 = LINE('',#8147,#8148);
#8147 = CARTESIAN_POINT('',(1.955E+03,964.,85.));
#8148 = VECTOR('',#8149,1.);
#8149 = DIRECTION('',(1.,0.,-0.));
#8150 = PCURVE('',#7680,#8151);
#8151 = DEFINITIONAL_REPRESENTATION('',(#8152),#8156);
#8152 = LINE('',#8153,#8154);
#8153 = CARTESIAN_POINT('',(0.,0.));
#8154 = VECTOR('',#8155,1.);
#8155 = DIRECTION('',(0.,1.));
#8156 = ( GEOMETRIC_REPRESENTATION_CONTEXT(2) 
PARAMETRIC_REPRESENTATION_CONTEXT() REPRESENTATION_CONTEXT('2D SPACE',''
  ) );
#8157 = PCURVE('',#8158,#8163);
#8158 = PLANE('',#8159);
#8159 = AXIS2_PLACEMENT_3D('',#8160,#8161,#8162);
#8160 = CARTESIAN_POINT('',(1.955E+03,964.,85.));
#8161 = DIRECTION('',(0.,0.,1.));
#8162 = DIRECTION('',(1.,0.,-0.));
#8163 = DEFINITIONAL_REPRESENTATION('',(#8164),#8168);
#8164 = LINE('',#8165,#8166);
#8165 = CARTESIAN_POINT('',(0.,0.));
#8166 = VECTOR('',#8167,1.);
#8167 = DIRECTION('',(1.,0.));
#8168 = ( GEOMETRIC_REPRESENTATION_CONTEXT(2) 
PARAMETRIC_REPRESENTATION_CONTEXT() REPRESENTATION_CONTEXT('2D SPACE',''
  ) );
#8169 = ORIENTED_EDGE('',*,*,#8170,.T.);
#8170 = EDGE_CURVE('',#8141,#7850,#8171,.T.);
#8171 = SURFACE_CURVE('',#8172,(#8176,#8183),.PCURVE_S1.);
#8172 = LINE('',#8173,#8174);
#8173 = CARTESIAN_POINT('',(1.955E+03,964.,85.));
#8174 = VECTOR('',#8175,1.);
#8175 = DIRECTION('',(0.,0.,1.));
#8176 = PCURVE('',#7680,#8177);
#8177 = DEFINITIONAL_REPRESENTATION('',(#8178),#8182);
#8178 = LINE('',#8179,#8180);
#8179 = CARTESIAN_POINT('',(0.,0.));
#8180 = VECTOR('',#8181,1.);
#8181 = DIRECTION('',(1.,0.));
#8182 = ( GEOMETRIC_REPRESENTATION_CONTEXT(2) 
PARAMETRIC_REPRESENTATION_CONTEXT() REPRESENTATION_CONTEXT('2D SPACE',''
  ) );
#8183 = PCURVE('',#7865,#8184);
#8184 = DEFINITIONAL_REPRESENTATION('',(#8185),#8189);
#8185 = LINE('',#8186,#8187);
#8186 = CARTESIAN_POINT('',(0.,0.));
#8187 = VECTOR('',#8188,1.);
#8188 = DIRECTION('',(1.,0.));
#8189 = ( GEOMETRIC_REPRESENTATION_CONTEXT(2) 
PARAMETRIC_REPRESENTATION_CONTEXT() REPRESENTATION_CONTEXT('2D SPACE',''
  ) );
#8190 = ORIENTED_EDGE('',*,*,#7877,.T.);
#8191 = ORIENTED_EDGE('',*,*,#7666,.T.);
#8192 = ORIENTED_EDGE('',*,*,#8193,.F.);
#8193 = EDGE_CURVE('',#8143,#7639,#8194,.T.);
#8194 = SURFACE_CURVE('',#8195,(#8199,#8206),.PCURVE_S1.);
#8195 = LINE('',#8196,#8197);
#8196 = CARTESIAN_POINT('',(2.06E+03,964.,85.));
#8197 = VECTOR('',#8198,1.);
#8198 = DIRECTION('',(0.,0.,1.));
#8199 = PCURVE('',#7680,#8200);
#8200 = DEFINITIONAL_REPRESENTATION('',(#8201),#8205);
#8201 = LINE('',#8202,#8203);
#8202 = CARTESIAN_POINT('',(0.,105.));
#8203 = VECTOR('',#8204,1.);
#8204 = DIRECTION('',(1.,0.));
#8205 = ( GEOMETRIC_REPRESENTATION_CONTEXT(2) 
PARAMETRIC_REPRESENTATION_CONTEXT() REPRESENTATION_CONTEXT('2D SPACE',''
  ) );
#8206 = PCURVE('',#7654,#8207);
#8207 = DEFINITIONAL_REPRESENTATION('',(#8208),#8212);
#8208 = LINE('',#8209,#8210);
#8209 = CARTESIAN_POINT('',(0.,0.));
#8210 = VECTOR('',#8211,1.);
#8211 = DIRECTION('',(1.,0.));
#8212 = ( GEOMETRIC_REPRESENTATION_CONTEXT(2) 
PARAMETRIC_REPRESENTATION_CONTEXT() REPRESENTATION_CONTEXT('2D SPACE',''
  ) );
#8213 = FACE_BOUND('',#8214,.F.);
#8214 = EDGE_LOOP('',(#8215));
#8215 = ORIENTED_EDGE('',*,*,#8216,.F.);
#8216 = EDGE_CURVE('',#8217,#8217,#8219,.T.);
#8217 = VERTEX_POINT('',#8218);
#8218 = CARTESIAN_POINT('',(1.98E+03,964.,110.));
#8219 = SURFACE_CURVE('',#8220,(#8225,#8232),.PCURVE_S1.);
#8220 = CIRCLE('',#8221,10.);
#8221 = AXIS2_PLACEMENT_3D('',#8222,#8223,#8224);
#8222 = CARTESIAN_POINT('',(1.98E+03,964.,100.));
#8223 = DIRECTION('',(0.,1.,0.));
#8224 = DIRECTION('',(0.,-0.,1.));
#8225 = PCURVE('',#7680,#8226);
#8226 = DEFINITIONAL_REPRESENTATION('',(#8227),#8231);
#8227 = CIRCLE('',#8228,10.);
#8228 = AXIS2_PLACEMENT_2D('',#8229,#8230);
#8229 = CARTESIAN_POINT('',(15.,25.));
#8230 = DIRECTION('',(1.,0.));
#8231 = ( GEOMETRIC_REPRESENTATION_CONTEXT(2) 
PARAMETRIC_REPRESENTATION_CONTEXT() REPRESENTATION_CONTEXT('2D SPACE',''
  ) );
#8232 = PCURVE('',#8233,#8238);
#8233 = CYLINDRICAL_SURFACE('',#8234,10.);
#8234 = AXIS2_PLACEMENT_3D('',#8235,#8236,#8237);
#8235 = CARTESIAN_POINT('',(1.98E+03,896.,100.));
#8236 = DIRECTION('',(0.,1.,0.));
#8237 = DIRECTION('',(0.,-0.,1.));
#8238 = DEFINITIONAL_REPRESENTATION('',(#8239),#8243);
#8239 = LINE('',#8240,#8241);
#8240 = CARTESIAN_POINT('',(0.,68.));
#8241 = VECTOR('',#8242,1.);
#8242 = DIRECTION('',(1.,0.));
#8243 = ( GEOMETRIC_REPRESENTATION_CONTEXT(2) 
PARAMETRIC_REPRESENTATION_CONTEXT() REPRESENTATION_CONTEXT('2D SPACE',''
  ) );
#8244 = ADVANCED_FACE('',(#8245),#7654,.T.);
#8245 = FACE_BOUND('',#8246,.T.);
#8246 = EDGE_LOOP('',(#8247,#8248,#8271,#8292));
#8247 = ORIENTED_EDGE('',*,*,#8193,.F.);
#8248 = ORIENTED_EDGE('',*,*,#8249,.T.);
#8249 = EDGE_CURVE('',#8143,#8250,#8252,.T.);
#8250 = VERTEX_POINT('',#8251);
#8251 = CARTESIAN_POINT('',(2.06E+03,972.,85.));
#8252 = SURFACE_CURVE('',#8253,(#8257,#8264),.PCURVE_S1.);
#8253 = LINE('',#8254,#8255);
#8254 = CARTESIAN_POINT('',(2.06E+03,964.,85.));
#8255 = VECTOR('',#8256,1.);
#8256 = DIRECTION('',(-0.,1.,0.));
#8257 = PCURVE('',#7654,#8258);
#8258 = DEFINITIONAL_REPRESENTATION('',(#8259),#8263);
#8259 = LINE('',#8260,#8261);
#8260 = CARTESIAN_POINT('',(0.,0.));
#8261 = VECTOR('',#8262,1.);
#8262 = DIRECTION('',(0.,-1.));
#8263 = ( GEOMETRIC_REPRESENTATION_CONTEXT(2) 
PARAMETRIC_REPRESENTATION_CONTEXT() REPRESENTATION_CONTEXT('2D SPACE',''
  ) );
#8264 = PCURVE('',#8158,#8265);
#8265 = DEFINITIONAL_REPRESENTATION('',(#8266),#8270);
#8266 = LINE('',#8267,#8268);
#8267 = CARTESIAN_POINT('',(105.,0.));
#8268 = VECTOR('',#8269,1.);
#8269 = DIRECTION('',(0.,1.));
#8270 = ( GEOMETRIC_REPRESENTATION_CONTEXT(2) 
PARAMETRIC_REPRESENTATION_CONTEXT() REPRESENTATION_CONTEXT('2D SPACE',''
  ) );
#8271 = ORIENTED_EDGE('',*,*,#8272,.T.);
#8272 = EDGE_CURVE('',#8250,#7611,#8273,.T.);
#8273 = SURFACE_CURVE('',#8274,(#8278,#8285),.PCURVE_S1.);
#8274 = LINE('',#8275,#8276);
#8275 = CARTESIAN_POINT('',(2.06E+03,972.,85.));
#8276 = VECTOR('',#8277,1.);
#8277 = DIRECTION('',(0.,0.,1.));
#8278 = PCURVE('',#7654,#8279);
#8279 = DEFINITIONAL_REPRESENTATION('',(#8280),#8284);
#8280 = LINE('',#8281,#8282);
#8281 = CARTESIAN_POINT('',(0.,-8.));
#8282 = VECTOR('',#8283,1.);
#8283 = DIRECTION('',(1.,0.));
#8284 = ( GEOMETRIC_REPRESENTATION_CONTEXT(2) 
PARAMETRIC_REPRESENTATION_CONTEXT() REPRESENTATION_CONTEXT('2D SPACE',''
  ) );
#8285 = PCURVE('',#7626,#8286);
#8286 = DEFINITIONAL_REPRESENTATION('',(#8287),#8291);
#8287 = LINE('',#8288,#8289);
#8288 = CARTESIAN_POINT('',(0.,105.));
#8289 = VECTOR('',#8290,1.);
#8290 = DIRECTION('',(1.,0.));
#8291 = ( GEOMETRIC_REPRESENTATION_CONTEXT(2) 
PARAMETRIC_REPRESENTATION_CONTEXT() REPRESENTATION_CONTEXT('2D SPACE',''
  ) );
#8292 = ORIENTED_EDGE('',*,*,#7638,.F.);
#8293 = ADVANCED_FACE('',(#8294,#8343),#7626,.T.);
#8294 = FACE_BOUND('',#8295,.T.);
#8295 = EDGE_LOOP('',(#8296,#8319,#8340,#8341,#8342));
#8296 = ORIENTED_EDGE('',*,*,#8297,.F.);
#8297 = EDGE_CURVE('',#8298,#8250,#8300,.T.);
#8298 = VERTEX_POINT('',#8299);
#8299 = CARTESIAN_POINT('',(1.955E+03,972.,85.));
#8300 = SURFACE_CURVE('',#8301,(#8305,#8312),.PCURVE_S1.);
#8301 = LINE('',#8302,#8303);
#8302 = CARTESIAN_POINT('',(1.955E+03,972.,85.));
#8303 = VECTOR('',#8304,1.);
#8304 = DIRECTION('',(1.,0.,-0.));
#8305 = PCURVE('',#7626,#8306);
#8306 = DEFINITIONAL_REPRESENTATION('',(#8307),#8311);
#8307 = LINE('',#8308,#8309);
#8308 = CARTESIAN_POINT('',(0.,0.));
#8309 = VECTOR('',#8310,1.);
#8310 = DIRECTION('',(0.,1.));
#8311 = ( GEOMETRIC_REPRESENTATION_CONTEXT(2) 
PARAMETRIC_REPRESENTATION_CONTEXT() REPRESENTATION_CONTEXT('2D SPACE',''
  ) );
#8312 = PCURVE('',#8158,#8313);
#8313 = DEFINITIONAL_REPRESENTATION('',(#8314),#8318);
#8314 = LINE('',#8315,#8316);
#8315 = CARTESIAN_POINT('',(0.,8.));
#8316 = VECTOR('',#8317,1.);
#8317 = DIRECTION('',(1.,0.));
#8318 = ( GEOMETRIC_REPRESENTATION_CONTEXT(2) 
PARAMETRIC_REPRESENTATION_CONTEXT() REPRESENTATION_CONTEXT('2D SPACE',''
  ) );
#8319 = ORIENTED_EDGE('',*,*,#8320,.T.);
#8320 = EDGE_CURVE('',#8298,#7827,#8321,.T.);
#8321 = SURFACE_CURVE('',#8322,(#8326,#8333),.PCURVE_S1.);
#8322 = LINE('',#8323,#8324);
#8323 = CARTESIAN_POINT('',(1.955E+03,972.,85.));
#8324 = VECTOR('',#8325,1.);
#8325 = DIRECTION('',(0.,0.,1.));
#8326 = PCURVE('',#7626,#8327);
#8327 = DEFINITIONAL_REPRESENTATION('',(#8328),#8332);
#8328 = LINE('',#8329,#8330);
#8329 = CARTESIAN_POINT('',(0.,0.));
#8330 = VECTOR('',#8331,1.);
#8331 = DIRECTION('',(1.,0.));
#8332 = ( GEOMETRIC_REPRESENTATION_CONTEXT(2) 
PARAMETRIC_REPRESENTATION_CONTEXT() REPRESENTATION_CONTEXT('2D SPACE',''
  ) );
#8333 = PCURVE('',#7865,#8334);
#8334 = DEFINITIONAL_REPRESENTATION('',(#8335),#8339);
#8335 = LINE('',#8336,#8337);
#8336 = CARTESIAN_POINT('',(0.,-8.));
#8337 = VECTOR('',#8338,1.);
#8338 = DIRECTION('',(1.,0.));
#8339 = ( GEOMETRIC_REPRESENTATION_CONTEXT(2) 
PARAMETRIC_REPRESENTATION_CONTEXT() REPRESENTATION_CONTEXT('2D SPACE',''
  ) );
#8340 = ORIENTED_EDGE('',*,*,#7826,.T.);
#8341 = ORIENTED_EDGE('',*,*,#7610,.T.);
#8342 = ORIENTED_EDGE('',*,*,#8272,.F.);
#8343 = FACE_BOUND('',#8344,.T.);
#8344 = EDGE_LOOP('',(#8345));
#8345 = ORIENTED_EDGE('',*,*,#8346,.F.);
#8346 = EDGE_CURVE('',#8347,#8347,#8349,.T.);
#8347 = VERTEX_POINT('',#8348);
#8348 = CARTESIAN_POINT('',(1.98E+03,972.,110.));
#8349 = SURFACE_CURVE('',#8350,(#8355,#8362),.PCURVE_S1.);
#8350 = CIRCLE('',#8351,10.);
#8351 = AXIS2_PLACEMENT_3D('',#8352,#8353,#8354);
#8352 = CARTESIAN_POINT('',(1.98E+03,972.,100.));
#8353 = DIRECTION('',(0.,1.,0.));
#8354 = DIRECTION('',(0.,-0.,1.));
#8355 = PCURVE('',#7626,#8356);
#8356 = DEFINITIONAL_REPRESENTATION('',(#8357),#8361);
#8357 = CIRCLE('',#8358,10.);
#8358 = AXIS2_PLACEMENT_2D('',#8359,#8360);
#8359 = CARTESIAN_POINT('',(15.,25.));
#8360 = DIRECTION('',(1.,0.));
#8361 = ( GEOMETRIC_REPRESENTATION_CONTEXT(2) 
PARAMETRIC_REPRESENTATION_CONTEXT() REPRESENTATION_CONTEXT('2D SPACE',''
  ) );
#8362 = PCURVE('',#8363,#8368);
#8363 = CYLINDRICAL_SURFACE('',#8364,10.);
#8364 = AXIS2_PLACEMENT_3D('',#8365,#8366,#8367);
#8365 = CARTESIAN_POINT('',(1.98E+03,896.,100.));
#8366 = DIRECTION('',(0.,1.,0.));
#8367 = DIRECTION('',(0.,-0.,1.));
#8368 = DEFINITIONAL_REPRESENTATION('',(#8369),#8373);
#8369 = LINE('',#8370,#8371);
#8370 = CARTESIAN_POINT('',(0.,76.));
#8371 = VECTOR('',#8372,1.);
#8372 = DIRECTION('',(1.,0.));
#8373 = ( GEOMETRIC_REPRESENTATION_CONTEXT(2) 
PARAMETRIC_REPRESENTATION_CONTEXT() REPRESENTATION_CONTEXT('2D SPACE',''
  ) );
#8374 = ADVANCED_FACE('',(#8375),#7789,.F.);
#8375 = FACE_BOUND('',#8376,.F.);
#8376 = EDGE_LOOP('',(#8377,#8378,#8399,#8400));
#8377 = ORIENTED_EDGE('',*,*,#7932,.F.);
#8378 = ORIENTED_EDGE('',*,*,#8379,.T.);
#8379 = EDGE_CURVE('',#7903,#8060,#8380,.T.);
#8380 = SURFACE_CURVE('',#8381,(#8385,#8392),.PCURVE_S1.);
#8381 = LINE('',#8382,#8383);
#8382 = CARTESIAN_POINT('',(1.955E+03,898.,85.));
#8383 = VECTOR('',#8384,1.);
#8384 = DIRECTION('',(-0.,1.,0.));
#8385 = PCURVE('',#7789,#8386);
#8386 = DEFINITIONAL_REPRESENTATION('',(#8387),#8391);
#8387 = LINE('',#8388,#8389);
#8388 = CARTESIAN_POINT('',(0.,0.));
#8389 = VECTOR('',#8390,1.);
#8390 = DIRECTION('',(0.,-1.));
#8391 = ( GEOMETRIC_REPRESENTATION_CONTEXT(2) 
PARAMETRIC_REPRESENTATION_CONTEXT() REPRESENTATION_CONTEXT('2D SPACE',''
  ) );
#8392 = PCURVE('',#7920,#8393);
#8393 = DEFINITIONAL_REPRESENTATION('',(#8394),#8398);
#8394 = LINE('',#8395,#8396);
#8395 = CARTESIAN_POINT('',(0.,0.));
#8396 = VECTOR('',#8397,1.);
#8397 = DIRECTION('',(0.,1.));
#8398 = ( GEOMETRIC_REPRESENTATION_CONTEXT(2) 
PARAMETRIC_REPRESENTATION_CONTEXT() REPRESENTATION_CONTEXT('2D SPACE',''
  ) );
#8399 = ORIENTED_EDGE('',*,*,#8082,.T.);
#8400 = ORIENTED_EDGE('',*,*,#7773,.F.);
#8401 = ADVANCED_FACE('',(#8402),#7865,.F.);
#8402 = FACE_BOUND('',#8403,.F.);
#8403 = EDGE_LOOP('',(#8404,#8405,#8426,#8427));
#8404 = ORIENTED_EDGE('',*,*,#8170,.F.);
#8405 = ORIENTED_EDGE('',*,*,#8406,.T.);
#8406 = EDGE_CURVE('',#8141,#8298,#8407,.T.);
#8407 = SURFACE_CURVE('',#8408,(#8412,#8419),.PCURVE_S1.);
#8408 = LINE('',#8409,#8410);
#8409 = CARTESIAN_POINT('',(1.955E+03,964.,85.));
#8410 = VECTOR('',#8411,1.);
#8411 = DIRECTION('',(-0.,1.,0.));
#8412 = PCURVE('',#7865,#8413);
#8413 = DEFINITIONAL_REPRESENTATION('',(#8414),#8418);
#8414 = LINE('',#8415,#8416);
#8415 = CARTESIAN_POINT('',(0.,0.));
#8416 = VECTOR('',#8417,1.);
#8417 = DIRECTION('',(0.,-1.));
#8418 = ( GEOMETRIC_REPRESENTATION_CONTEXT(2) 
PARAMETRIC_REPRESENTATION_CONTEXT() REPRESENTATION_CONTEXT('2D SPACE',''
  ) );
#8419 = PCURVE('',#8158,#8420);
#8420 = DEFINITIONAL_REPRESENTATION('',(#8421),#8425);
#8421 = LINE('',#8422,#8423);
#8422 = CARTESIAN_POINT('',(0.,0.));
#8423 = VECTOR('',#8424,1.);
#8424 = DIRECTION('',(0.,1.));
#8425 = ( GEOMETRIC_REPRESENTATION_CONTEXT(2) 
PARAMETRIC_REPRESENTATION_CONTEXT() REPRESENTATION_CONTEXT('2D SPACE',''
  ) );
#8426 = ORIENTED_EDGE('',*,*,#8320,.T.);
#8427 = ORIENTED_EDGE('',*,*,#7849,.F.);
#8428 = ADVANCED_FACE('',(#8429),#7920,.F.);
#8429 = FACE_BOUND('',#8430,.F.);
#8430 = EDGE_LOOP('',(#8431,#8432,#8433,#8434));
#8431 = ORIENTED_EDGE('',*,*,#8379,.F.);
#8432 = ORIENTED_EDGE('',*,*,#7902,.T.);
#8433 = ORIENTED_EDGE('',*,*,#8011,.T.);
#8434 = ORIENTED_EDGE('',*,*,#8059,.F.);
#8435 = ADVANCED_FACE('',(#8436),#7995,.T.);
#8436 = FACE_BOUND('',#8437,.T.);
#8437 = EDGE_LOOP('',(#8438,#8439,#8462,#8489));
#8438 = ORIENTED_EDGE('',*,*,#7978,.F.);
#8439 = ORIENTED_EDGE('',*,*,#8440,.F.);
#8440 = EDGE_CURVE('',#8441,#7979,#8443,.T.);
#8441 = VERTEX_POINT('',#8442);
#8442 = CARTESIAN_POINT('',(1.98E+03,896.,110.));
#8443 = SEAM_CURVE('',#8444,(#8448,#8455),.PCURVE_S1.);
#8444 = LINE('',#8445,#8446);
#8445 = CARTESIAN_POINT('',(1.98E+03,896.,110.));
#8446 = VECTOR('',#8447,1.);
#8447 = DIRECTION('',(0.,1.,0.));
#8448 = PCURVE('',#7995,#8449);
#8449 = DEFINITIONAL_REPRESENTATION('',(#8450),#8454);
#8450 = LINE('',#8451,#8452);
#8451 = CARTESIAN_POINT('',(6.28318530718,-0.));
#8452 = VECTOR('',#8453,1.);
#8453 = DIRECTION('',(0.,1.));
#8454 = ( GEOMETRIC_REPRESENTATION_CONTEXT(2) 
PARAMETRIC_REPRESENTATION_CONTEXT() REPRESENTATION_CONTEXT('2D SPACE',''
  ) );
#8455 = PCURVE('',#7995,#8456);
#8456 = DEFINITIONAL_REPRESENTATION('',(#8457),#8461);
#8457 = LINE('',#8458,#8459);
#8458 = CARTESIAN_POINT('',(0.,-0.));
#8459 = VECTOR('',#8460,1.);
#8460 = DIRECTION('',(0.,1.));
#8461 = ( GEOMETRIC_REPRESENTATION_CONTEXT(2) 
PARAMETRIC_REPRESENTATION_CONTEXT() REPRESENTATION_CONTEXT('2D SPACE',''
  ) );
#8462 = ORIENTED_EDGE('',*,*,#8463,.T.);
#8463 = EDGE_CURVE('',#8441,#8441,#8464,.T.);
#8464 = SURFACE_CURVE('',#8465,(#8470,#8477),.PCURVE_S1.);
#8465 = CIRCLE('',#8466,10.);
#8466 = AXIS2_PLACEMENT_3D('',#8467,#8468,#8469);
#8467 = CARTESIAN_POINT('',(1.98E+03,896.,100.));
#8468 = DIRECTION('',(0.,1.,0.));
#8469 = DIRECTION('',(0.,-0.,1.));
#8470 = PCURVE('',#7995,#8471);
#8471 = DEFINITIONAL_REPRESENTATION('',(#8472),#8476);
#8472 = LINE('',#8473,#8474);
#8473 = CARTESIAN_POINT('',(0.,0.));
#8474 = VECTOR('',#8475,1.);
#8475 = DIRECTION('',(1.,0.));
#8476 = ( GEOMETRIC_REPRESENTATION_CONTEXT(2) 
PARAMETRIC_REPRESENTATION_CONTEXT() REPRESENTATION_CONTEXT('2D SPACE',''
  ) );
#8477 = PCURVE('',#8478,#8483);
#8478 = PLANE('',#8479);
#8479 = AXIS2_PLACEMENT_3D('',#8480,#8481,#8482);
#8480 = CARTESIAN_POINT('',(1.98E+03,896.,100.));
#8481 = DIRECTION('',(0.,1.,0.));
#8482 = DIRECTION('',(0.,-0.,1.));
#8483 = DEFINITIONAL_REPRESENTATION('',(#8484),#8488);
#8484 = CIRCLE('',#8485,10.);
#8485 = AXIS2_PLACEMENT_2D('',#8486,#8487);
#8486 = CARTESIAN_POINT('',(0.,0.));
#8487 = DIRECTION('',(1.,0.));
#8488 = ( GEOMETRIC_REPRESENTATION_CONTEXT(2) 
PARAMETRIC_REPRESENTATION_CONTEXT() REPRESENTATION_CONTEXT('2D SPACE',''
  ) );
#8489 = ORIENTED_EDGE('',*,*,#8440,.T.);
#8490 = ADVANCED_FACE('',(#8491),#8125,.T.);
#8491 = FACE_BOUND('',#8492,.T.);
#8492 = EDGE_LOOP('',(#8493,#8522,#8543,#8544));
#8493 = ORIENTED_EDGE('',*,*,#8494,.F.);
#8494 = EDGE_CURVE('',#8495,#8495,#8497,.T.);
#8495 = VERTEX_POINT('',#8496);
#8496 = CARTESIAN_POINT('',(1.98E+03,910.,110.));
#8497 = SURFACE_CURVE('',#8498,(#8503,#8510),.PCURVE_S1.);
#8498 = CIRCLE('',#8499,10.);
#8499 = AXIS2_PLACEMENT_3D('',#8500,#8501,#8502);
#8500 = CARTESIAN_POINT('',(1.98E+03,910.,100.));
#8501 = DIRECTION('',(0.,1.,0.));
#8502 = DIRECTION('',(0.,-0.,1.));
#8503 = PCURVE('',#8125,#8504);
#8504 = DEFINITIONAL_REPRESENTATION('',(#8505),#8509);
#8505 = LINE('',#8506,#8507);
#8506 = CARTESIAN_POINT('',(0.,14.));
#8507 = VECTOR('',#8508,1.);
#8508 = DIRECTION('',(1.,0.));
#8509 = ( GEOMETRIC_REPRESENTATION_CONTEXT(2) 
PARAMETRIC_REPRESENTATION_CONTEXT() REPRESENTATION_CONTEXT('2D SPACE',''
  ) );
#8510 = PCURVE('',#8511,#8516);
#8511 = PLANE('',#8512);
#8512 = AXIS2_PLACEMENT_3D('',#8513,#8514,#8515);
#8513 = CARTESIAN_POINT('',(1.98E+03,910.,100.));
#8514 = DIRECTION('',(0.,1.,0.));
#8515 = DIRECTION('',(0.,-0.,1.));
#8516 = DEFINITIONAL_REPRESENTATION('',(#8517),#8521);
#8517 = CIRCLE('',#8518,10.);
#8518 = AXIS2_PLACEMENT_2D('',#8519,#8520);
#8519 = CARTESIAN_POINT('',(0.,0.));
#8520 = DIRECTION('',(1.,0.));
#8521 = ( GEOMETRIC_REPRESENTATION_CONTEXT(2) 
PARAMETRIC_REPRESENTATION_CONTEXT() REPRESENTATION_CONTEXT('2D SPACE',''
  ) );
#8522 = ORIENTED_EDGE('',*,*,#8523,.F.);
#8523 = EDGE_CURVE('',#8109,#8495,#8524,.T.);
#8524 = SEAM_CURVE('',#8525,(#8529,#8536),.PCURVE_S1.);
#8525 = LINE('',#8526,#8527);
#8526 = CARTESIAN_POINT('',(1.98E+03,896.,110.));
#8527 = VECTOR('',#8528,1.);
#8528 = DIRECTION('',(0.,1.,0.));
#8529 = PCURVE('',#8125,#8530);
#8530 = DEFINITIONAL_REPRESENTATION('',(#8531),#8535);
#8531 = LINE('',#8532,#8533);
#8532 = CARTESIAN_POINT('',(6.28318530718,-0.));
#8533 = VECTOR('',#8534,1.);
#8534 = DIRECTION('',(0.,1.));
#8535 = ( GEOMETRIC_REPRESENTATION_CONTEXT(2) 
PARAMETRIC_REPRESENTATION_CONTEXT() REPRESENTATION_CONTEXT('2D SPACE',''
  ) );
#8536 = PCURVE('',#8125,#8537);
#8537 = DEFINITIONAL_REPRESENTATION('',(#8538),#8542);
#8538 = LINE('',#8539,#8540);
#8539 = CARTESIAN_POINT('',(0.,-0.));
#8540 = VECTOR('',#8541,1.);
#8541 = DIRECTION('',(0.,1.));
#8542 = ( GEOMETRIC_REPRESENTATION_CONTEXT(2) 
PARAMETRIC_REPRESENTATION_CONTEXT() REPRESENTATION_CONTEXT('2D SPACE',''
  ) );
#8543 = ORIENTED_EDGE('',*,*,#8108,.T.);
#8544 = ORIENTED_EDGE('',*,*,#8523,.T.);
#8545 = ADVANCED_FACE('',(#8546),#8158,.F.);
#8546 = FACE_BOUND('',#8547,.F.);
#8547 = EDGE_LOOP('',(#8548,#8549,#8550,#8551));
#8548 = ORIENTED_EDGE('',*,*,#8406,.F.);
#8549 = ORIENTED_EDGE('',*,*,#8140,.T.);
#8550 = ORIENTED_EDGE('',*,*,#8249,.T.);
#8551 = ORIENTED_EDGE('',*,*,#8297,.F.);
#8552 = ADVANCED_FACE('',(#8553),#8233,.T.);
#8553 = FACE_BOUND('',#8554,.T.);
#8554 = EDGE_LOOP('',(#8555,#8556,#8579,#8606));
#8555 = ORIENTED_EDGE('',*,*,#8216,.F.);
#8556 = ORIENTED_EDGE('',*,*,#8557,.F.);
#8557 = EDGE_CURVE('',#8558,#8217,#8560,.T.);
#8558 = VERTEX_POINT('',#8559);
#8559 = CARTESIAN_POINT('',(1.98E+03,960.,110.));
#8560 = SEAM_CURVE('',#8561,(#8565,#8572),.PCURVE_S1.);
#8561 = LINE('',#8562,#8563);
#8562 = CARTESIAN_POINT('',(1.98E+03,896.,110.));
#8563 = VECTOR('',#8564,1.);
#8564 = DIRECTION('',(0.,1.,0.));
#8565 = PCURVE('',#8233,#8566);
#8566 = DEFINITIONAL_REPRESENTATION('',(#8567),#8571);
#8567 = LINE('',#8568,#8569);
#8568 = CARTESIAN_POINT('',(6.28318530718,-0.));
#8569 = VECTOR('',#8570,1.);
#8570 = DIRECTION('',(0.,1.));
#8571 = ( GEOMETRIC_REPRESENTATION_CONTEXT(2) 
PARAMETRIC_REPRESENTATION_CONTEXT() REPRESENTATION_CONTEXT('2D SPACE',''
  ) );
#8572 = PCURVE('',#8233,#8573);
#8573 = DEFINITIONAL_REPRESENTATION('',(#8574),#8578);
#8574 = LINE('',#8575,#8576);
#8575 = CARTESIAN_POINT('',(0.,-0.));
#8576 = VECTOR('',#8577,1.);
#8577 = DIRECTION('',(0.,1.));
#8578 = ( GEOMETRIC_REPRESENTATION_CONTEXT(2) 
PARAMETRIC_REPRESENTATION_CONTEXT() REPRESENTATION_CONTEXT('2D SPACE',''
  ) );
#8579 = ORIENTED_EDGE('',*,*,#8580,.T.);
#8580 = EDGE_CURVE('',#8558,#8558,#8581,.T.);
#8581 = SURFACE_CURVE('',#8582,(#8587,#8594),.PCURVE_S1.);
#8582 = CIRCLE('',#8583,10.);
#8583 = AXIS2_PLACEMENT_3D('',#8584,#8585,#8586);
#8584 = CARTESIAN_POINT('',(1.98E+03,960.,100.));
#8585 = DIRECTION('',(0.,1.,0.));
#8586 = DIRECTION('',(0.,-0.,1.));
#8587 = PCURVE('',#8233,#8588);
#8588 = DEFINITIONAL_REPRESENTATION('',(#8589),#8593);
#8589 = LINE('',#8590,#8591);
#8590 = CARTESIAN_POINT('',(0.,64.));
#8591 = VECTOR('',#8592,1.);
#8592 = DIRECTION('',(1.,0.));
#8593 = ( GEOMETRIC_REPRESENTATION_CONTEXT(2) 
PARAMETRIC_REPRESENTATION_CONTEXT() REPRESENTATION_CONTEXT('2D SPACE',''
  ) );
#8594 = PCURVE('',#8595,#8600);
#8595 = PLANE('',#8596);
#8596 = AXIS2_PLACEMENT_3D('',#8597,#8598,#8599);
#8597 = CARTESIAN_POINT('',(1.98E+03,960.,100.));
#8598 = DIRECTION('',(0.,1.,0.));
#8599 = DIRECTION('',(0.,-0.,1.));
#8600 = DEFINITIONAL_REPRESENTATION('',(#8601),#8605);
#8601 = CIRCLE('',#8602,10.);
#8602 = AXIS2_PLACEMENT_2D('',#8603,#8604);
#8603 = CARTESIAN_POINT('',(0.,0.));
#8604 = DIRECTION('',(1.,0.));
#8605 = ( GEOMETRIC_REPRESENTATION_CONTEXT(2) 
PARAMETRIC_REPRESENTATION_CONTEXT() REPRESENTATION_CONTEXT('2D SPACE',''
  ) );
#8606 = ORIENTED_EDGE('',*,*,#8557,.T.);
#8607 = ADVANCED_FACE('',(#8608),#8363,.T.);
#8608 = FACE_BOUND('',#8609,.T.);
#8609 = EDGE_LOOP('',(#8610,#8633,#8660,#8661));
#8610 = ORIENTED_EDGE('',*,*,#8611,.T.);
#8611 = EDGE_CURVE('',#8347,#8612,#8614,.T.);
#8612 = VERTEX_POINT('',#8613);
#8613 = CARTESIAN_POINT('',(1.98E+03,974.,110.));
#8614 = SEAM_CURVE('',#8615,(#8619,#8626),.PCURVE_S1.);
#8615 = LINE('',#8616,#8617);
#8616 = CARTESIAN_POINT('',(1.98E+03,896.,110.));
#8617 = VECTOR('',#8618,1.);
#8618 = DIRECTION('',(0.,1.,0.));
#8619 = PCURVE('',#8363,#8620);
#8620 = DEFINITIONAL_REPRESENTATION('',(#8621),#8625);
#8621 = LINE('',#8622,#8623);
#8622 = CARTESIAN_POINT('',(6.28318530718,-0.));
#8623 = VECTOR('',#8624,1.);
#8624 = DIRECTION('',(0.,1.));
#8625 = ( GEOMETRIC_REPRESENTATION_CONTEXT(2) 
PARAMETRIC_REPRESENTATION_CONTEXT() REPRESENTATION_CONTEXT('2D SPACE',''
  ) );
#8626 = PCURVE('',#8363,#8627);
#8627 = DEFINITIONAL_REPRESENTATION('',(#8628),#8632);
#8628 = LINE('',#8629,#8630);
#8629 = CARTESIAN_POINT('',(0.,-0.));
#8630 = VECTOR('',#8631,1.);
#8631 = DIRECTION('',(0.,1.));
#8632 = ( GEOMETRIC_REPRESENTATION_CONTEXT(2) 
PARAMETRIC_REPRESENTATION_CONTEXT() REPRESENTATION_CONTEXT('2D SPACE',''
  ) );
#8633 = ORIENTED_EDGE('',*,*,#8634,.F.);
#8634 = EDGE_CURVE('',#8612,#8612,#8635,.T.);
#8635 = SURFACE_CURVE('',#8636,(#8641,#8648),.PCURVE_S1.);
#8636 = CIRCLE('',#8637,10.);
#8637 = AXIS2_PLACEMENT_3D('',#8638,#8639,#8640);
#8638 = CARTESIAN_POINT('',(1.98E+03,974.,100.));
#8639 = DIRECTION('',(0.,1.,0.));
#8640 = DIRECTION('',(0.,-0.,1.));
#8641 = PCURVE('',#8363,#8642);
#8642 = DEFINITIONAL_REPRESENTATION('',(#8643),#8647);
#8643 = LINE('',#8644,#8645);
#8644 = CARTESIAN_POINT('',(0.,78.));
#8645 = VECTOR('',#8646,1.);
#8646 = DIRECTION('',(1.,0.));
#8647 = ( GEOMETRIC_REPRESENTATION_CONTEXT(2) 
PARAMETRIC_REPRESENTATION_CONTEXT() REPRESENTATION_CONTEXT('2D SPACE',''
  ) );
#8648 = PCURVE('',#8649,#8654);
#8649 = PLANE('',#8650);
#8650 = AXIS2_PLACEMENT_3D('',#8651,#8652,#8653);
#8651 = CARTESIAN_POINT('',(1.98E+03,974.,100.));
#8652 = DIRECTION('',(0.,1.,0.));
#8653 = DIRECTION('',(0.,-0.,1.));
#8654 = DEFINITIONAL_REPRESENTATION('',(#8655),#8659);
#8655 = CIRCLE('',#8656,10.);
#8656 = AXIS2_PLACEMENT_2D('',#8657,#8658);
#8657 = CARTESIAN_POINT('',(0.,0.));
#8658 = DIRECTION('',(1.,0.));
#8659 = ( GEOMETRIC_REPRESENTATION_CONTEXT(2) 
PARAMETRIC_REPRESENTATION_CONTEXT() REPRESENTATION_CONTEXT('2D SPACE',''
  ) );
#8660 = ORIENTED_EDGE('',*,*,#8611,.F.);
#8661 = ORIENTED_EDGE('',*,*,#8346,.T.);
#8662 = ADVANCED_FACE('',(#8663),#8478,.F.);
#8663 = FACE_BOUND('',#8664,.T.);
#8664 = EDGE_LOOP('',(#8665));
#8665 = ORIENTED_EDGE('',*,*,#8463,.F.);
#8666 = ADVANCED_FACE('',(#8667,#8698),#8511,.F.);
#8667 = FACE_BOUND('',#8668,.F.);
#8668 = EDGE_LOOP('',(#8669));
#8669 = ORIENTED_EDGE('',*,*,#8670,.T.);
#8670 = EDGE_CURVE('',#8671,#8671,#8673,.T.);
#8671 = VERTEX_POINT('',#8672);
#8672 = CARTESIAN_POINT('',(1.98E+03,910.,200.));
#8673 = SURFACE_CURVE('',#8674,(#8679,#8686),.PCURVE_S1.);
#8674 = CIRCLE('',#8675,100.);
#8675 = AXIS2_PLACEMENT_3D('',#8676,#8677,#8678);
#8676 = CARTESIAN_POINT('',(1.98E+03,910.,100.));
#8677 = DIRECTION('',(0.,1.,0.));
#8678 = DIRECTION('',(0.,-0.,1.));
#8679 = PCURVE('',#8511,#8680);
#8680 = DEFINITIONAL_REPRESENTATION('',(#8681),#8685);
#8681 = CIRCLE('',#8682,100.);
#8682 = AXIS2_PLACEMENT_2D('',#8683,#8684);
#8683 = CARTESIAN_POINT('',(0.,0.));
#8684 = DIRECTION('',(1.,0.));
#8685 = ( GEOMETRIC_REPRESENTATION_CONTEXT(2) 
PARAMETRIC_REPRESENTATION_CONTEXT() REPRESENTATION_CONTEXT('2D SPACE',''
  ) );
#8686 = PCURVE('',#8687,#8692);
#8687 = CYLINDRICAL_SURFACE('',#8688,100.);
#8688 = AXIS2_PLACEMENT_3D('',#8689,#8690,#8691);
#8689 = CARTESIAN_POINT('',(1.98E+03,910.,100.));
#8690 = DIRECTION('',(0.,1.,0.));
#8691 = DIRECTION('',(0.,-0.,1.));
#8692 = DEFINITIONAL_REPRESENTATION('',(#8693),#8697);
#8693 = LINE('',#8694,#8695);
#8694 = CARTESIAN_POINT('',(0.,0.));
#8695 = VECTOR('',#8696,1.);
#8696 = DIRECTION('',(1.,0.));
#8697 = ( GEOMETRIC_REPRESENTATION_CONTEXT(2) 
PARAMETRIC_REPRESENTATION_CONTEXT() REPRESENTATION_CONTEXT('2D SPACE',''
  ) );
#8698 = FACE_BOUND('',#8699,.F.);
#8699 = EDGE_LOOP('',(#8700));
#8700 = ORIENTED_EDGE('',*,*,#8494,.F.);
#8701 = ADVANCED_FACE('',(#8702,#8728),#8595,.T.);
#8702 = FACE_BOUND('',#8703,.T.);
#8703 = EDGE_LOOP('',(#8704));
#8704 = ORIENTED_EDGE('',*,*,#8705,.T.);
#8705 = EDGE_CURVE('',#8706,#8706,#8708,.T.);
#8706 = VERTEX_POINT('',#8707);
#8707 = CARTESIAN_POINT('',(1.98E+03,960.,200.));
#8708 = SURFACE_CURVE('',#8709,(#8714,#8721),.PCURVE_S1.);
#8709 = CIRCLE('',#8710,100.);
#8710 = AXIS2_PLACEMENT_3D('',#8711,#8712,#8713);
#8711 = CARTESIAN_POINT('',(1.98E+03,960.,100.));
#8712 = DIRECTION('',(0.,1.,0.));
#8713 = DIRECTION('',(0.,-0.,1.));
#8714 = PCURVE('',#8595,#8715);
#8715 = DEFINITIONAL_REPRESENTATION('',(#8716),#8720);
#8716 = CIRCLE('',#8717,100.);
#8717 = AXIS2_PLACEMENT_2D('',#8718,#8719);
#8718 = CARTESIAN_POINT('',(0.,0.));
#8719 = DIRECTION('',(1.,0.));
#8720 = ( GEOMETRIC_REPRESENTATION_CONTEXT(2) 
PARAMETRIC_REPRESENTATION_CONTEXT() REPRESENTATION_CONTEXT('2D SPACE',''
  ) );
#8721 = PCURVE('',#8687,#8722);
#8722 = DEFINITIONAL_REPRESENTATION('',(#8723),#8727);
#8723 = LINE('',#8724,#8725);
#8724 = CARTESIAN_POINT('',(0.,50.));
#8725 = VECTOR('',#8726,1.);
#8726 = DIRECTION('',(1.,0.));
#8727 = ( GEOMETRIC_REPRESENTATION_CONTEXT(2) 
PARAMETRIC_REPRESENTATION_CONTEXT() REPRESENTATION_CONTEXT('2D SPACE',''
  ) );
#8728 = FACE_BOUND('',#8729,.T.);
#8729 = EDGE_LOOP('',(#8730));
#8730 = ORIENTED_EDGE('',*,*,#8580,.F.);
#8731 = ADVANCED_FACE('',(#8732),#8649,.T.);
#8732 = FACE_BOUND('',#8733,.T.);
#8733 = EDGE_LOOP('',(#8734));
#8734 = ORIENTED_EDGE('',*,*,#8634,.T.);
#8735 = ADVANCED_FACE('',(#8736),#8687,.T.);
#8736 = FACE_BOUND('',#8737,.T.);
#8737 = EDGE_LOOP('',(#8738,#8739,#8760,#8761));
#8738 = ORIENTED_EDGE('',*,*,#8705,.F.);
#8739 = ORIENTED_EDGE('',*,*,#8740,.F.);
#8740 = EDGE_CURVE('',#8671,#8706,#8741,.T.);
#8741 = SEAM_CURVE('',#8742,(#8746,#8753),.PCURVE_S1.);
#8742 = LINE('',#8743,#8744);
#8743 = CARTESIAN_POINT('',(1.98E+03,910.,200.));
#8744 = VECTOR('',#8745,1.);
#8745 = DIRECTION('',(0.,1.,0.));
#8746 = PCURVE('',#8687,#8747);
#8747 = DEFINITIONAL_REPRESENTATION('',(#8748),#8752);
#8748 = LINE('',#8749,#8750);
#8749 = CARTESIAN_POINT('',(6.28318530718,-0.));
#8750 = VECTOR('',#8751,1.);
#8751 = DIRECTION('',(0.,1.));
#8752 = ( GEOMETRIC_REPRESENTATION_CONTEXT(2) 
PARAMETRIC_REPRESENTATION_CONTEXT() REPRESENTATION_CONTEXT('2D SPACE',''
  ) );
#8753 = PCURVE('',#8687,#8754);
#8754 = DEFINITIONAL_REPRESENTATION('',(#8755),#8759);
#8755 = LINE('',#8756,#8757);
#8756 = CARTESIAN_POINT('',(0.,-0.));
#8757 = VECTOR('',#8758,1.);
#8758 = DIRECTION('',(0.,1.));
#8759 = ( GEOMETRIC_REPRESENTATION_CONTEXT(2) 
PARAMETRIC_REPRESENTATION_CONTEXT() REPRESENTATION_CONTEXT('2D SPACE',''
  ) );
#8760 = ORIENTED_EDGE('',*,*,#8670,.T.);
#8761 = ORIENTED_EDGE('',*,*,#8740,.T.);
#8762 = ( GEOMETRIC_REPRESENTATION_CONTEXT(3) 
GLOBAL_UNCERTAINTY_ASSIGNED_CONTEXT((#8766)) 
GLOBAL_UNIT_ASSIGNED_CONTEXT((#8763,#8764,#8765)) REPRESENTATION_CONTEXT
('Context #1','3D Context with UNIT and UNCERTAINTY') );
#8763 = ( LENGTH_UNIT() NAMED_UNIT(*) SI_UNIT(.MILLI.,.METRE.) );
#8764 = ( NAMED_UNIT(*) PLANE_ANGLE_UNIT() SI_UNIT($,.RADIAN.) );
#8765 = ( NAMED_UNIT(*) SI_UNIT($,.STERADIAN.) SOLID_ANGLE_UNIT() );
#8766 = UNCERTAINTY_MEASURE_WITH_UNIT(LENGTH_MEASURE(1.E-07),#8763,
  'distance_accuracy_value','confusion accuracy');
#8767 = CONTEXT_DEPENDENT_SHAPE_REPRESENTATION(#8768,#8770);
#8768 = ( REPRESENTATION_RELATIONSHIP('','',#6717,#10) 
REPRESENTATION_RELATIONSHIP_WITH_TRANSFORMATION(#8769) 
SHAPE_REPRESENTATION_RELATIONSHIP() );
#8769 = ITEM_DEFINED_TRANSFORMATION('','',#11,#27);
#8770 = PRODUCT_DEFINITION_SHAPE('Placement','Placement of an item',
  #8771);
#8771 = NEXT_ASSEMBLY_USAGE_OCCURRENCE('339','','',#5,#6712,$);
#8772 = PRODUCT_RELATED_PRODUCT_CATEGORY('part',$,(#6714));
ENDSEC;
END-ISO-10303-21;
