ISO-10303-21;
HEADER;
FILE_DESCRIPTION(('Open CASCADE Model'),'2;1');
FILE_NAME('Open CASCADE Shape Model','2026-09-26T18:48:21',('Author'),(
    'Open CASCADE'),'Open CASCADE STEP processor 7.9','Open CASCADE 7.9'
  ,'Unknown');
FILE_SCHEMA(('AUTOMOTIVE_DESIGN { 1 0 10303 214 1 1 1 1 }'));
ENDSEC;
DATA;
#1 = APPLICATION_PROTOCOL_DEFINITION('international standard',
  'automotive_design',2000,#2);
#2 = APPLICATION_CONTEXT(
  'core data for automotive mechanical design processes');
#3 = SHAPE_DEFINITION_REPRESENTATION(#4,#10);
#4 = PRODUCT_DEFINITION_SHAPE('','',#5);
#5 = PRODUCT_DEFINITION('design','',#6,#9);
#6 = PRODUCT_DEFINITION_FORMATION('','',#7);
#7 = PRODUCT('Open CASCADE STEP translator 7.9 25',
  'Open CASCADE STEP translator 7.9 25','',(#8));
#8 = PRODUCT_CONTEXT('',#2,'mechanical');
#9 = PRODUCT_DEFINITION_CONTEXT('part definition',#2,'design');
#10 = SHAPE_REPRESENTATION('',(#11,#15,#19,#23,#27,#31,#35,#39,#43,#47,
    #51,#55,#59,#63,#67,#71,#75),#79);
#11 = AXIS2_PLACEMENT_3D('',#12,#13,#14);
#12 = CARTESIAN_POINT('',(0.,0.,0.));
#13 = DIRECTION('',(0.,0.,1.));
#14 = DIRECTION('',(1.,0.,-0.));
#15 = AXIS2_PLACEMENT_3D('',#16,#17,#18);
#16 = CARTESIAN_POINT('',(0.,0.,0.));
#17 = DIRECTION('',(0.,0.,1.));
#18 = DIRECTION('',(1.,0.,-0.));
#19 = AXIS2_PLACEMENT_3D('',#20,#21,#22);
#20 = CARTESIAN_POINT('',(0.,0.,0.));
#21 = DIRECTION('',(0.,0.,1.));
#22 = DIRECTION('',(1.,0.,-0.));
#23 = AXIS2_PLACEMENT_3D('',#24,#25,#26);
#24 = CARTESIAN_POINT('',(0.,0.,0.));
#25 = DIRECTION('',(0.,0.,1.));
#26 = DIRECTION('',(1.,0.,-0.));
#27 = AXIS2_PLACEMENT_3D('',#28,#29,#30);
#28 = CARTESIAN_POINT('',(0.,0.,0.));
#29 = DIRECTION('',(0.,0.,1.));
#30 = DIRECTION('',(1.,0.,-0.));
#31 = AXIS2_PLACEMENT_3D('',#32,#33,#34);
#32 = CARTESIAN_POINT('',(0.,0.,0.));
#33 = DIRECTION('',(0.,0.,1.));
#34 = DIRECTION('',(1.,0.,-0.));
#35 = AXIS2_PLACEMENT_3D('',#36,#37,#38);
#36 = CARTESIAN_POINT('',(0.,0.,0.));
#37 = DIRECTION('',(0.,0.,1.));
#38 = DIRECTION('',(1.,0.,-0.));
#39 = AXIS2_PLACEMENT_3D('',#40,#41,#42);
#40 = CARTESIAN_POINT('',(0.,0.,0.));
#41 = DIRECTION('',(0.,0.,1.));
#42 = DIRECTION('',(1.,0.,-0.));
#43 = AXIS2_PLACEMENT_3D('',#44,#45,#46);
#44 = CARTESIAN_POINT('',(0.,0.,0.));
#45 = DIRECTION('',(0.,0.,1.));
#46 = DIRECTION('',(1.,0.,-0.));
#47 = AXIS2_PLACEMENT_3D('',#48,#49,#50);
#48 = CARTESIAN_POINT('',(0.,0.,0.));
#49 = DIRECTION('',(0.,0.,1.));
#50 = DIRECTION('',(1.,0.,-0.));
#51 = AXIS2_PLACEMENT_3D('',#52,#53,#54);
#52 = CARTESIAN_POINT('',(0.,0.,0.));
#53 = DIRECTION('',(0.,0.,1.));
#54 = DIRECTION('',(1.,0.,-0.));
#55 = AXIS2_PLACEMENT_3D('',#56,#57,#58);
#56 = CARTESIAN_POINT('',(0.,0.,0.));
#57 = DIRECTION('',(0.,0.,1.));
#58 = DIRECTION('',(1.,0.,-0.));
#59 = AXIS2_PLACEMENT_3D('',#60,#61,#62);
#60 = CARTESIAN_POINT('',(0.,0.,0.));
#61 = DIRECTION('',(0.,0.,1.));
#62 = DIRECTION('',(1.,0.,-0.));
#63 = AXIS2_PLACEMENT_3D('',#64,#65,#66);
#64 = CARTESIAN_POINT('',(0.,0.,0.));
#65 = DIRECTION('',(0.,0.,1.));
#66 = DIRECTION('',(1.,0.,-0.));
#67 = AXIS2_PLACEMENT_3D('',#68,#69,#70);
#68 = CARTESIAN_POINT('',(0.,0.,0.));
#69 = DIRECTION('',(0.,0.,1.));
#70 = DIRECTION('',(1.,0.,-0.));
#71 = AXIS2_PLACEMENT_3D('',#72,#73,#74);
#72 = CARTESIAN_POINT('',(0.,0.,0.));
#73 = DIRECTION('',(0.,0.,1.));
#74 = DIRECTION('',(1.,0.,-0.));
#75 = AXIS2_PLACEMENT_3D('',#76,#77,#78);
#76 = CARTESIAN_POINT('',(0.,0.,0.));
#77 = DIRECTION('',(0.,0.,1.));
#78 = DIRECTION('',(1.,0.,-0.));
#79 = ( GEOMETRIC_REPRESENTATION_CONTEXT(3) 
GLOBAL_UNCERTAINTY_ASSIGNED_CONTEXT((#83)) GLOBAL_UNIT_ASSIGNED_CONTEXT(
(#80,#81,#82)) REPRESENTATION_CONTEXT('Context #1',
  '3D Context with UNIT and UNCERTAINTY') );
#80 = ( LENGTH_UNIT() NAMED_UNIT(*) SI_UNIT(.MILLI.,.METRE.) );
#81 = ( NAMED_UNIT(*) PLANE_ANGLE_UNIT() SI_UNIT($,.RADIAN.) );
#82 = ( NAMED_UNIT(*) SI_UNIT($,.STERADIAN.) SOLID_ANGLE_UNIT() );
#83 = UNCERTAINTY_MEASURE_WITH_UNIT(LENGTH_MEASURE(1.E-07),#80,
  'distance_accuracy_value','confusion accuracy');
#84 = PRODUCT_RELATED_PRODUCT_CATEGORY('part',$,(#7));
#85 = SHAPE_DEFINITION_REPRESENTATION(#86,#92);
#86 = PRODUCT_DEFINITION_SHAPE('','',#87);
#87 = PRODUCT_DEFINITION('design','',#88,#91);
#88 = PRODUCT_DEFINITION_FORMATION('','',#89);
#89 = PRODUCT('Open CASCADE STEP translator 7.9 25.1',
  'Open CASCADE STEP translator 7.9 25.1','',(#90));
#90 = PRODUCT_CONTEXT('',#2,'mechanical');
#91 = PRODUCT_DEFINITION_CONTEXT('part definition',#2,'design');
#92 = ADVANCED_BREP_SHAPE_REPRESENTATION('',(#11,#93),#496);
#93 = MANIFOLD_SOLID_BREP('',#94);
#94 = CLOSED_SHELL('',(#95,#183,#218,#253,#308,#363,#398,#433,#437,#492)
  );
#95 = ADVANCED_FACE('',(#96),#109,.T.);
#96 = FACE_BOUND('',#97,.T.);
#97 = EDGE_LOOP('',(#98,#132,#155,#182));
#98 = ORIENTED_EDGE('',*,*,#99,.T.);
#99 = EDGE_CURVE('',#100,#100,#102,.T.);
#100 = VERTEX_POINT('',#101);
#101 = CARTESIAN_POINT('',(116.,125.,237.));
#102 = SURFACE_CURVE('',#103,(#108,#120),.PCURVE_S1.);
#103 = CIRCLE('',#104,6.);
#104 = AXIS2_PLACEMENT_3D('',#105,#106,#107);
#105 = CARTESIAN_POINT('',(110.,125.,237.));
#106 = DIRECTION('',(0.,0.,1.));
#107 = DIRECTION('',(1.,0.,-0.));
#108 = PCURVE('',#109,#114);
#109 = CYLINDRICAL_SURFACE('',#110,6.);
#110 = AXIS2_PLACEMENT_3D('',#111,#112,#113);
#111 = CARTESIAN_POINT('',(110.,125.,229.));
#112 = DIRECTION('',(0.,0.,1.));
#113 = DIRECTION('',(1.,0.,-0.));
#114 = DEFINITIONAL_REPRESENTATION('',(#115),#119);
#115 = LINE('',#116,#117);
#116 = CARTESIAN_POINT('',(0.,8.));
#117 = VECTOR('',#118,1.);
#118 = DIRECTION('',(1.,0.));
#119 = ( GEOMETRIC_REPRESENTATION_CONTEXT(2) 
PARAMETRIC_REPRESENTATION_CONTEXT() REPRESENTATION_CONTEXT('2D SPACE',''
  ) );
#120 = PCURVE('',#121,#126);
#121 = PLANE('',#122);
#122 = AXIS2_PLACEMENT_3D('',#123,#124,#125);
#123 = CARTESIAN_POINT('',(110.,125.,237.));
#124 = DIRECTION('',(0.,0.,1.));
#125 = DIRECTION('',(1.,0.,-0.));
#126 = DEFINITIONAL_REPRESENTATION('',(#127),#131);
#127 = CIRCLE('',#128,6.);
#128 = AXIS2_PLACEMENT_2D('',#129,#130);
#129 = CARTESIAN_POINT('',(0.,0.));
#130 = DIRECTION('',(1.,0.));
#131 = ( GEOMETRIC_REPRESENTATION_CONTEXT(2) 
PARAMETRIC_REPRESENTATION_CONTEXT() REPRESENTATION_CONTEXT('2D SPACE',''
  ) );
#132 = ORIENTED_EDGE('',*,*,#133,.T.);
#133 = EDGE_CURVE('',#100,#134,#136,.T.);
#134 = VERTEX_POINT('',#135);
#135 = CARTESIAN_POINT('',(116.,125.,270.));
#136 = SEAM_CURVE('',#137,(#141,#148),.PCURVE_S1.);
#137 = LINE('',#138,#139);
#138 = CARTESIAN_POINT('',(116.,125.,229.));
#139 = VECTOR('',#140,1.);
#140 = DIRECTION('',(0.,0.,1.));
#141 = PCURVE('',#109,#142);
#142 = DEFINITIONAL_REPRESENTATION('',(#143),#147);
#143 = LINE('',#144,#145);
#144 = CARTESIAN_POINT('',(0.,-0.));
#145 = VECTOR('',#146,1.);
#146 = DIRECTION('',(0.,1.));
#147 = ( GEOMETRIC_REPRESENTATION_CONTEXT(2) 
PARAMETRIC_REPRESENTATION_CONTEXT() REPRESENTATION_CONTEXT('2D SPACE',''
  ) );
#148 = PCURVE('',#109,#149);
#149 = DEFINITIONAL_REPRESENTATION('',(#150),#154);
#150 = LINE('',#151,#152);
#151 = CARTESIAN_POINT('',(6.28318530718,-0.));
#152 = VECTOR('',#153,1.);
#153 = DIRECTION('',(0.,1.));
#154 = ( GEOMETRIC_REPRESENTATION_CONTEXT(2) 
PARAMETRIC_REPRESENTATION_CONTEXT() REPRESENTATION_CONTEXT('2D SPACE',''
  ) );
#155 = ORIENTED_EDGE('',*,*,#156,.F.);
#156 = EDGE_CURVE('',#134,#134,#157,.T.);
#157 = SURFACE_CURVE('',#158,(#163,#170),.PCURVE_S1.);
#158 = CIRCLE('',#159,6.);
#159 = AXIS2_PLACEMENT_3D('',#160,#161,#162);
#160 = CARTESIAN_POINT('',(110.,125.,270.));
#161 = DIRECTION('',(0.,0.,1.));
#162 = DIRECTION('',(1.,0.,-0.));
#163 = PCURVE('',#109,#164);
#164 = DEFINITIONAL_REPRESENTATION('',(#165),#169);
#165 = LINE('',#166,#167);
#166 = CARTESIAN_POINT('',(0.,41.));
#167 = VECTOR('',#168,1.);
#168 = DIRECTION('',(1.,0.));
#169 = ( GEOMETRIC_REPRESENTATION_CONTEXT(2) 
PARAMETRIC_REPRESENTATION_CONTEXT() REPRESENTATION_CONTEXT('2D SPACE',''
  ) );
#170 = PCURVE('',#171,#176);
#171 = PLANE('',#172);
#172 = AXIS2_PLACEMENT_3D('',#173,#174,#175);
#173 = CARTESIAN_POINT('',(110.,125.,270.));
#174 = DIRECTION('',(0.,0.,1.));
#175 = DIRECTION('',(1.,0.,-0.));
#176 = DEFINITIONAL_REPRESENTATION('',(#177),#181);
#177 = CIRCLE('',#178,6.);
#178 = AXIS2_PLACEMENT_2D('',#179,#180);
#179 = CARTESIAN_POINT('',(0.,0.));
#180 = DIRECTION('',(1.,0.));
#181 = ( GEOMETRIC_REPRESENTATION_CONTEXT(2) 
PARAMETRIC_REPRESENTATION_CONTEXT() REPRESENTATION_CONTEXT('2D SPACE',''
  ) );
#182 = ORIENTED_EDGE('',*,*,#133,.F.);
#183 = ADVANCED_FACE('',(#184,#215),#121,.T.);
#184 = FACE_BOUND('',#185,.T.);
#185 = EDGE_LOOP('',(#186));
#186 = ORIENTED_EDGE('',*,*,#187,.T.);
#187 = EDGE_CURVE('',#188,#188,#190,.T.);
#188 = VERTEX_POINT('',#189);
#189 = CARTESIAN_POINT('',(119.5,125.,237.));
#190 = SURFACE_CURVE('',#191,(#196,#203),.PCURVE_S1.);
#191 = CIRCLE('',#192,9.5);
#192 = AXIS2_PLACEMENT_3D('',#193,#194,#195);
#193 = CARTESIAN_POINT('',(110.,125.,237.));
#194 = DIRECTION('',(0.,0.,1.));
#195 = DIRECTION('',(1.,0.,-0.));
#196 = PCURVE('',#121,#197);
#197 = DEFINITIONAL_REPRESENTATION('',(#198),#202);
#198 = CIRCLE('',#199,9.5);
#199 = AXIS2_PLACEMENT_2D('',#200,#201);
#200 = CARTESIAN_POINT('',(0.,0.));
#201 = DIRECTION('',(1.,0.));
#202 = ( GEOMETRIC_REPRESENTATION_CONTEXT(2) 
PARAMETRIC_REPRESENTATION_CONTEXT() REPRESENTATION_CONTEXT('2D SPACE',''
  ) );
#203 = PCURVE('',#204,#209);
#204 = CYLINDRICAL_SURFACE('',#205,9.5);
#205 = AXIS2_PLACEMENT_3D('',#206,#207,#208);
#206 = CARTESIAN_POINT('',(110.,125.,229.));
#207 = DIRECTION('',(0.,0.,1.));
#208 = DIRECTION('',(1.,0.,-0.));
#209 = DEFINITIONAL_REPRESENTATION('',(#210),#214);
#210 = LINE('',#211,#212);
#211 = CARTESIAN_POINT('',(0.,8.));
#212 = VECTOR('',#213,1.);
#213 = DIRECTION('',(1.,0.));
#214 = ( GEOMETRIC_REPRESENTATION_CONTEXT(2) 
PARAMETRIC_REPRESENTATION_CONTEXT() REPRESENTATION_CONTEXT('2D SPACE',''
  ) );
#215 = FACE_BOUND('',#216,.T.);
#216 = EDGE_LOOP('',(#217));
#217 = ORIENTED_EDGE('',*,*,#99,.F.);
#218 = ADVANCED_FACE('',(#219,#250),#171,.F.);
#219 = FACE_BOUND('',#220,.F.);
#220 = EDGE_LOOP('',(#221));
#221 = ORIENTED_EDGE('',*,*,#222,.T.);
#222 = EDGE_CURVE('',#223,#223,#225,.T.);
#223 = VERTEX_POINT('',#224);
#224 = CARTESIAN_POINT('',(119.5,125.,270.));
#225 = SURFACE_CURVE('',#226,(#231,#238),.PCURVE_S1.);
#226 = CIRCLE('',#227,9.5);
#227 = AXIS2_PLACEMENT_3D('',#228,#229,#230);
#228 = CARTESIAN_POINT('',(110.,125.,270.));
#229 = DIRECTION('',(0.,0.,1.));
#230 = DIRECTION('',(1.,0.,-0.));
#231 = PCURVE('',#171,#232);
#232 = DEFINITIONAL_REPRESENTATION('',(#233),#237);
#233 = CIRCLE('',#234,9.5);
#234 = AXIS2_PLACEMENT_2D('',#235,#236);
#235 = CARTESIAN_POINT('',(0.,0.));
#236 = DIRECTION('',(1.,0.));
#237 = ( GEOMETRIC_REPRESENTATION_CONTEXT(2) 
PARAMETRIC_REPRESENTATION_CONTEXT() REPRESENTATION_CONTEXT('2D SPACE',''
  ) );
#238 = PCURVE('',#239,#244);
#239 = CYLINDRICAL_SURFACE('',#240,9.5);
#240 = AXIS2_PLACEMENT_3D('',#241,#242,#243);
#241 = CARTESIAN_POINT('',(110.,125.,270.));
#242 = DIRECTION('',(0.,0.,1.));
#243 = DIRECTION('',(1.,0.,-0.));
#244 = DEFINITIONAL_REPRESENTATION('',(#245),#249);
#245 = LINE('',#246,#247);
#246 = CARTESIAN_POINT('',(0.,0.));
#247 = VECTOR('',#248,1.);
#248 = DIRECTION('',(1.,0.));
#249 = ( GEOMETRIC_REPRESENTATION_CONTEXT(2) 
PARAMETRIC_REPRESENTATION_CONTEXT() REPRESENTATION_CONTEXT('2D SPACE',''
  ) );
#250 = FACE_BOUND('',#251,.F.);
#251 = EDGE_LOOP('',(#252));
#252 = ORIENTED_EDGE('',*,*,#156,.F.);
#253 = ADVANCED_FACE('',(#254),#204,.T.);
#254 = FACE_BOUND('',#255,.T.);
#255 = EDGE_LOOP('',(#256,#257,#280,#307));
#256 = ORIENTED_EDGE('',*,*,#187,.F.);
#257 = ORIENTED_EDGE('',*,*,#258,.F.);
#258 = EDGE_CURVE('',#259,#188,#261,.T.);
#259 = VERTEX_POINT('',#260);
#260 = CARTESIAN_POINT('',(119.5,125.,229.));
#261 = SEAM_CURVE('',#262,(#266,#273),.PCURVE_S1.);
#262 = LINE('',#263,#264);
#263 = CARTESIAN_POINT('',(119.5,125.,229.));
#264 = VECTOR('',#265,1.);
#265 = DIRECTION('',(0.,0.,1.));
#266 = PCURVE('',#204,#267);
#267 = DEFINITIONAL_REPRESENTATION('',(#268),#272);
#268 = LINE('',#269,#270);
#269 = CARTESIAN_POINT('',(6.28318530718,-0.));
#270 = VECTOR('',#271,1.);
#271 = DIRECTION('',(0.,1.));
#272 = ( GEOMETRIC_REPRESENTATION_CONTEXT(2) 
PARAMETRIC_REPRESENTATION_CONTEXT() REPRESENTATION_CONTEXT('2D SPACE',''
  ) );
#273 = PCURVE('',#204,#274);
#274 = DEFINITIONAL_REPRESENTATION('',(#275),#279);
#275 = LINE('',#276,#277);
#276 = CARTESIAN_POINT('',(0.,-0.));
#277 = VECTOR('',#278,1.);
#278 = DIRECTION('',(0.,1.));
#279 = ( GEOMETRIC_REPRESENTATION_CONTEXT(2) 
PARAMETRIC_REPRESENTATION_CONTEXT() REPRESENTATION_CONTEXT('2D SPACE',''
  ) );
#280 = ORIENTED_EDGE('',*,*,#281,.T.);
#281 = EDGE_CURVE('',#259,#259,#282,.T.);
#282 = SURFACE_CURVE('',#283,(#288,#295),.PCURVE_S1.);
#283 = CIRCLE('',#284,9.5);
#284 = AXIS2_PLACEMENT_3D('',#285,#286,#287);
#285 = CARTESIAN_POINT('',(110.,125.,229.));
#286 = DIRECTION('',(0.,0.,1.));
#287 = DIRECTION('',(1.,0.,-0.));
#288 = PCURVE('',#204,#289);
#289 = DEFINITIONAL_REPRESENTATION('',(#290),#294);
#290 = LINE('',#291,#292);
#291 = CARTESIAN_POINT('',(0.,0.));
#292 = VECTOR('',#293,1.);
#293 = DIRECTION('',(1.,0.));
#294 = ( GEOMETRIC_REPRESENTATION_CONTEXT(2) 
PARAMETRIC_REPRESENTATION_CONTEXT() REPRESENTATION_CONTEXT('2D SPACE',''
  ) );
#295 = PCURVE('',#296,#301);
#296 = PLANE('',#297);
#297 = AXIS2_PLACEMENT_3D('',#298,#299,#300);
#298 = CARTESIAN_POINT('',(110.,125.,229.));
#299 = DIRECTION('',(0.,0.,1.));
#300 = DIRECTION('',(1.,0.,-0.));
#301 = DEFINITIONAL_REPRESENTATION('',(#302),#306);
#302 = CIRCLE('',#303,9.5);
#303 = AXIS2_PLACEMENT_2D('',#304,#305);
#304 = CARTESIAN_POINT('',(0.,0.));
#305 = DIRECTION('',(1.,0.));
#306 = ( GEOMETRIC_REPRESENTATION_CONTEXT(2) 
PARAMETRIC_REPRESENTATION_CONTEXT() REPRESENTATION_CONTEXT('2D SPACE',''
  ) );
#307 = ORIENTED_EDGE('',*,*,#258,.T.);
#308 = ADVANCED_FACE('',(#309),#239,.T.);
#309 = FACE_BOUND('',#310,.T.);
#310 = EDGE_LOOP('',(#311,#340,#361,#362));
#311 = ORIENTED_EDGE('',*,*,#312,.F.);
#312 = EDGE_CURVE('',#313,#313,#315,.T.);
#313 = VERTEX_POINT('',#314);
#314 = CARTESIAN_POINT('',(119.5,125.,280.));
#315 = SURFACE_CURVE('',#316,(#321,#328),.PCURVE_S1.);
#316 = CIRCLE('',#317,9.5);
#317 = AXIS2_PLACEMENT_3D('',#318,#319,#320);
#318 = CARTESIAN_POINT('',(110.,125.,280.));
#319 = DIRECTION('',(0.,0.,1.));
#320 = DIRECTION('',(1.,0.,-0.));
#321 = PCURVE('',#239,#322);
#322 = DEFINITIONAL_REPRESENTATION('',(#323),#327);
#323 = LINE('',#324,#325);
#324 = CARTESIAN_POINT('',(0.,10.));
#325 = VECTOR('',#326,1.);
#326 = DIRECTION('',(1.,0.));
#327 = ( GEOMETRIC_REPRESENTATION_CONTEXT(2) 
PARAMETRIC_REPRESENTATION_CONTEXT() REPRESENTATION_CONTEXT('2D SPACE',''
  ) );
#328 = PCURVE('',#329,#334);
#329 = PLANE('',#330);
#330 = AXIS2_PLACEMENT_3D('',#331,#332,#333);
#331 = CARTESIAN_POINT('',(110.,125.,280.));
#332 = DIRECTION('',(0.,0.,1.));
#333 = DIRECTION('',(1.,0.,-0.));
#334 = DEFINITIONAL_REPRESENTATION('',(#335),#339);
#335 = CIRCLE('',#336,9.5);
#336 = AXIS2_PLACEMENT_2D('',#337,#338);
#337 = CARTESIAN_POINT('',(0.,0.));
#338 = DIRECTION('',(1.,0.));
#339 = ( GEOMETRIC_REPRESENTATION_CONTEXT(2) 
PARAMETRIC_REPRESENTATION_CONTEXT() REPRESENTATION_CONTEXT('2D SPACE',''
  ) );
#340 = ORIENTED_EDGE('',*,*,#341,.F.);
#341 = EDGE_CURVE('',#223,#313,#342,.T.);
#342 = SEAM_CURVE('',#343,(#347,#354),.PCURVE_S1.);
#343 = LINE('',#344,#345);
#344 = CARTESIAN_POINT('',(119.5,125.,270.));
#345 = VECTOR('',#346,1.);
#346 = DIRECTION('',(0.,0.,1.));
#347 = PCURVE('',#239,#348);
#348 = DEFINITIONAL_REPRESENTATION('',(#349),#353);
#349 = LINE('',#350,#351);
#350 = CARTESIAN_POINT('',(6.28318530718,-0.));
#351 = VECTOR('',#352,1.);
#352 = DIRECTION('',(0.,1.));
#353 = ( GEOMETRIC_REPRESENTATION_CONTEXT(2) 
PARAMETRIC_REPRESENTATION_CONTEXT() REPRESENTATION_CONTEXT('2D SPACE',''
  ) );
#354 = PCURVE('',#239,#355);
#355 = DEFINITIONAL_REPRESENTATION('',(#356),#360);
#356 = LINE('',#357,#358);
#357 = CARTESIAN_POINT('',(0.,-0.));
#358 = VECTOR('',#359,1.);
#359 = DIRECTION('',(0.,1.));
#360 = ( GEOMETRIC_REPRESENTATION_CONTEXT(2) 
PARAMETRIC_REPRESENTATION_CONTEXT() REPRESENTATION_CONTEXT('2D SPACE',''
  ) );
#361 = ORIENTED_EDGE('',*,*,#222,.T.);
#362 = ORIENTED_EDGE('',*,*,#341,.T.);
#363 = ADVANCED_FACE('',(#364,#367),#296,.F.);
#364 = FACE_BOUND('',#365,.F.);
#365 = EDGE_LOOP('',(#366));
#366 = ORIENTED_EDGE('',*,*,#281,.T.);
#367 = FACE_BOUND('',#368,.F.);
#368 = EDGE_LOOP('',(#369));
#369 = ORIENTED_EDGE('',*,*,#370,.F.);
#370 = EDGE_CURVE('',#371,#371,#373,.T.);
#371 = VERTEX_POINT('',#372);
#372 = CARTESIAN_POINT('',(116.,125.,229.));
#373 = SURFACE_CURVE('',#374,(#379,#386),.PCURVE_S1.);
#374 = CIRCLE('',#375,6.);
#375 = AXIS2_PLACEMENT_3D('',#376,#377,#378);
#376 = CARTESIAN_POINT('',(110.,125.,229.));
#377 = DIRECTION('',(0.,0.,1.));
#378 = DIRECTION('',(1.,0.,-0.));
#379 = PCURVE('',#296,#380);
#380 = DEFINITIONAL_REPRESENTATION('',(#381),#385);
#381 = CIRCLE('',#382,6.);
#382 = AXIS2_PLACEMENT_2D('',#383,#384);
#383 = CARTESIAN_POINT('',(0.,0.));
#384 = DIRECTION('',(1.,0.));
#385 = ( GEOMETRIC_REPRESENTATION_CONTEXT(2) 
PARAMETRIC_REPRESENTATION_CONTEXT() REPRESENTATION_CONTEXT('2D SPACE',''
  ) );
#386 = PCURVE('',#387,#392);
#387 = PLANE('',#388);
#388 = AXIS2_PLACEMENT_3D('',#389,#390,#391);
#389 = CARTESIAN_POINT('',(110.,125.,229.));
#390 = DIRECTION('',(0.,0.,1.));
#391 = DIRECTION('',(1.,0.,-0.));
#392 = DEFINITIONAL_REPRESENTATION('',(#393),#397);
#393 = CIRCLE('',#394,6.);
#394 = AXIS2_PLACEMENT_2D('',#395,#396);
#395 = CARTESIAN_POINT('',(0.,0.));
#396 = DIRECTION('',(1.,0.));
#397 = ( GEOMETRIC_REPRESENTATION_CONTEXT(2) 
PARAMETRIC_REPRESENTATION_CONTEXT() REPRESENTATION_CONTEXT('2D SPACE',''
  ) );
#398 = ADVANCED_FACE('',(#399,#402),#329,.T.);
#399 = FACE_BOUND('',#400,.T.);
#400 = EDGE_LOOP('',(#401));
#401 = ORIENTED_EDGE('',*,*,#312,.T.);
#402 = FACE_BOUND('',#403,.T.);
#403 = EDGE_LOOP('',(#404));
#404 = ORIENTED_EDGE('',*,*,#405,.F.);
#405 = EDGE_CURVE('',#406,#406,#408,.T.);
#406 = VERTEX_POINT('',#407);
#407 = CARTESIAN_POINT('',(116.,125.,280.));
#408 = SURFACE_CURVE('',#409,(#414,#421),.PCURVE_S1.);
#409 = CIRCLE('',#410,6.);
#410 = AXIS2_PLACEMENT_3D('',#411,#412,#413);
#411 = CARTESIAN_POINT('',(110.,125.,280.));
#412 = DIRECTION('',(0.,0.,1.));
#413 = DIRECTION('',(1.,0.,-0.));
#414 = PCURVE('',#329,#415);
#415 = DEFINITIONAL_REPRESENTATION('',(#416),#420);
#416 = CIRCLE('',#417,6.);
#417 = AXIS2_PLACEMENT_2D('',#418,#419);
#418 = CARTESIAN_POINT('',(0.,0.));
#419 = DIRECTION('',(1.,0.));
#420 = ( GEOMETRIC_REPRESENTATION_CONTEXT(2) 
PARAMETRIC_REPRESENTATION_CONTEXT() REPRESENTATION_CONTEXT('2D SPACE',''
  ) );
#421 = PCURVE('',#422,#427);
#422 = CYLINDRICAL_SURFACE('',#423,6.);
#423 = AXIS2_PLACEMENT_3D('',#424,#425,#426);
#424 = CARTESIAN_POINT('',(110.,125.,229.));
#425 = DIRECTION('',(0.,0.,1.));
#426 = DIRECTION('',(1.,0.,-0.));
#427 = DEFINITIONAL_REPRESENTATION('',(#428),#432);
#428 = LINE('',#429,#430);
#429 = CARTESIAN_POINT('',(0.,51.));
#430 = VECTOR('',#431,1.);
#431 = DIRECTION('',(1.,0.));
#432 = ( GEOMETRIC_REPRESENTATION_CONTEXT(2) 
PARAMETRIC_REPRESENTATION_CONTEXT() REPRESENTATION_CONTEXT('2D SPACE',''
  ) );
#433 = ADVANCED_FACE('',(#434),#387,.F.);
#434 = FACE_BOUND('',#435,.T.);
#435 = EDGE_LOOP('',(#436));
#436 = ORIENTED_EDGE('',*,*,#370,.F.);
#437 = ADVANCED_FACE('',(#438),#422,.T.);
#438 = FACE_BOUND('',#439,.T.);
#439 = EDGE_LOOP('',(#440,#441,#464,#491));
#440 = ORIENTED_EDGE('',*,*,#405,.T.);
#441 = ORIENTED_EDGE('',*,*,#442,.T.);
#442 = EDGE_CURVE('',#406,#443,#445,.T.);
#443 = VERTEX_POINT('',#444);
#444 = CARTESIAN_POINT('',(116.,125.,282.));
#445 = SEAM_CURVE('',#446,(#450,#457),.PCURVE_S1.);
#446 = LINE('',#447,#448);
#447 = CARTESIAN_POINT('',(116.,125.,229.));
#448 = VECTOR('',#449,1.);
#449 = DIRECTION('',(0.,0.,1.));
#450 = PCURVE('',#422,#451);
#451 = DEFINITIONAL_REPRESENTATION('',(#452),#456);
#452 = LINE('',#453,#454);
#453 = CARTESIAN_POINT('',(0.,-0.));
#454 = VECTOR('',#455,1.);
#455 = DIRECTION('',(0.,1.));
#456 = ( GEOMETRIC_REPRESENTATION_CONTEXT(2) 
PARAMETRIC_REPRESENTATION_CONTEXT() REPRESENTATION_CONTEXT('2D SPACE',''
  ) );
#457 = PCURVE('',#422,#458);
#458 = DEFINITIONAL_REPRESENTATION('',(#459),#463);
#459 = LINE('',#460,#461);
#460 = CARTESIAN_POINT('',(6.28318530718,-0.));
#461 = VECTOR('',#462,1.);
#462 = DIRECTION('',(0.,1.));
#463 = ( GEOMETRIC_REPRESENTATION_CONTEXT(2) 
PARAMETRIC_REPRESENTATION_CONTEXT() REPRESENTATION_CONTEXT('2D SPACE',''
  ) );
#464 = ORIENTED_EDGE('',*,*,#465,.F.);
#465 = EDGE_CURVE('',#443,#443,#466,.T.);
#466 = SURFACE_CURVE('',#467,(#472,#479),.PCURVE_S1.);
#467 = CIRCLE('',#468,6.);
#468 = AXIS2_PLACEMENT_3D('',#469,#470,#471);
#469 = CARTESIAN_POINT('',(110.,125.,282.));
#470 = DIRECTION('',(0.,0.,1.));
#471 = DIRECTION('',(1.,0.,-0.));
#472 = PCURVE('',#422,#473);
#473 = DEFINITIONAL_REPRESENTATION('',(#474),#478);
#474 = LINE('',#475,#476);
#475 = CARTESIAN_POINT('',(0.,53.));
#476 = VECTOR('',#477,1.);
#477 = DIRECTION('',(1.,0.));
#478 = ( GEOMETRIC_REPRESENTATION_CONTEXT(2) 
PARAMETRIC_REPRESENTATION_CONTEXT() REPRESENTATION_CONTEXT('2D SPACE',''
  ) );
#479 = PCURVE('',#480,#485);
#480 = PLANE('',#481);
#481 = AXIS2_PLACEMENT_3D('',#482,#483,#484);
#482 = CARTESIAN_POINT('',(110.,125.,282.));
#483 = DIRECTION('',(0.,0.,1.));
#484 = DIRECTION('',(1.,0.,-0.));
#485 = DEFINITIONAL_REPRESENTATION('',(#486),#490);
#486 = CIRCLE('',#487,6.);
#487 = AXIS2_PLACEMENT_2D('',#488,#489);
#488 = CARTESIAN_POINT('',(0.,0.));
#489 = DIRECTION('',(1.,0.));
#490 = ( GEOMETRIC_REPRESENTATION_CONTEXT(2) 
PARAMETRIC_REPRESENTATION_CONTEXT() REPRESENTATION_CONTEXT('2D SPACE',''
  ) );
#491 = ORIENTED_EDGE('',*,*,#442,.F.);
#492 = ADVANCED_FACE('',(#493),#480,.T.);
#493 = FACE_BOUND('',#494,.T.);
#494 = EDGE_LOOP('',(#495));
#495 = ORIENTED_EDGE('',*,*,#465,.T.);
#496 = ( GEOMETRIC_REPRESENTATION_CONTEXT(3) 
GLOBAL_UNCERTAINTY_ASSIGNED_CONTEXT((#500)) GLOBAL_UNIT_ASSIGNED_CONTEXT
((#497,#498,#499)) REPRESENTATION_CONTEXT('Context #1',
  '3D Context with UNIT and UNCERTAINTY') );
#497 = ( LENGTH_UNIT() NAMED_UNIT(*) SI_UNIT(.MILLI.,.METRE.) );
#498 = ( NAMED_UNIT(*) PLANE_ANGLE_UNIT() SI_UNIT($,.RADIAN.) );
#499 = ( NAMED_UNIT(*) SI_UNIT($,.STERADIAN.) SOLID_ANGLE_UNIT() );
#500 = UNCERTAINTY_MEASURE_WITH_UNIT(LENGTH_MEASURE(1.E-07),#497,
  'distance_accuracy_value','confusion accuracy');
#501 = CONTEXT_DEPENDENT_SHAPE_REPRESENTATION(#502,#504);
#502 = ( REPRESENTATION_RELATIONSHIP('','',#92,#10) 
REPRESENTATION_RELATIONSHIP_WITH_TRANSFORMATION(#503) 
SHAPE_REPRESENTATION_RELATIONSHIP() );
#503 = ITEM_DEFINED_TRANSFORMATION('','',#11,#15);
#504 = PRODUCT_DEFINITION_SHAPE('Placement','Placement of an item',#505
  );
#505 = NEXT_ASSEMBLY_USAGE_OCCURRENCE('405','','',#5,#87,$);
#506 = PRODUCT_RELATED_PRODUCT_CATEGORY('part',$,(#89));
#507 = SHAPE_DEFINITION_REPRESENTATION(#508,#514);
#508 = PRODUCT_DEFINITION_SHAPE('','',#509);
#509 = PRODUCT_DEFINITION('design','',#510,#513);
#510 = PRODUCT_DEFINITION_FORMATION('','',#511);
#511 = PRODUCT('Open CASCADE STEP translator 7.9 25.2',
  'Open CASCADE STEP translator 7.9 25.2','',(#512));
#512 = PRODUCT_CONTEXT('',#2,'mechanical');
#513 = PRODUCT_DEFINITION_CONTEXT('part definition',#2,'design');
#514 = ADVANCED_BREP_SHAPE_REPRESENTATION('',(#11,#515),#918);
#515 = MANIFOLD_SOLID_BREP('',#516);
#516 = CLOSED_SHELL('',(#517,#605,#640,#675,#730,#785,#820,#855,#859,
    #914));
#517 = ADVANCED_FACE('',(#518),#531,.T.);
#518 = FACE_BOUND('',#519,.T.);
#519 = EDGE_LOOP('',(#520,#554,#577,#604));
#520 = ORIENTED_EDGE('',*,*,#521,.T.);
#521 = EDGE_CURVE('',#522,#522,#524,.T.);
#522 = VERTEX_POINT('',#523);
#523 = CARTESIAN_POINT('',(116.,205.,237.));
#524 = SURFACE_CURVE('',#525,(#530,#542),.PCURVE_S1.);
#525 = CIRCLE('',#526,6.);
#526 = AXIS2_PLACEMENT_3D('',#527,#528,#529);
#527 = CARTESIAN_POINT('',(110.,205.,237.));
#528 = DIRECTION('',(0.,0.,1.));
#529 = DIRECTION('',(1.,0.,-0.));
#530 = PCURVE('',#531,#536);
#531 = CYLINDRICAL_SURFACE('',#532,6.);
#532 = AXIS2_PLACEMENT_3D('',#533,#534,#535);
#533 = CARTESIAN_POINT('',(110.,205.,229.));
#534 = DIRECTION('',(0.,0.,1.));
#535 = DIRECTION('',(1.,0.,-0.));
#536 = DEFINITIONAL_REPRESENTATION('',(#537),#541);
#537 = LINE('',#538,#539);
#538 = CARTESIAN_POINT('',(0.,8.));
#539 = VECTOR('',#540,1.);
#540 = DIRECTION('',(1.,0.));
#541 = ( GEOMETRIC_REPRESENTATION_CONTEXT(2) 
PARAMETRIC_REPRESENTATION_CONTEXT() REPRESENTATION_CONTEXT('2D SPACE',''
  ) );
#542 = PCURVE('',#543,#548);
#543 = PLANE('',#544);
#544 = AXIS2_PLACEMENT_3D('',#545,#546,#547);
#545 = CARTESIAN_POINT('',(110.,205.,237.));
#546 = DIRECTION('',(0.,0.,1.));
#547 = DIRECTION('',(1.,0.,-0.));
#548 = DEFINITIONAL_REPRESENTATION('',(#549),#553);
#549 = CIRCLE('',#550,6.);
#550 = AXIS2_PLACEMENT_2D('',#551,#552);
#551 = CARTESIAN_POINT('',(0.,0.));
#552 = DIRECTION('',(1.,0.));
#553 = ( GEOMETRIC_REPRESENTATION_CONTEXT(2) 
PARAMETRIC_REPRESENTATION_CONTEXT() REPRESENTATION_CONTEXT('2D SPACE',''
  ) );
#554 = ORIENTED_EDGE('',*,*,#555,.T.);
#555 = EDGE_CURVE('',#522,#556,#558,.T.);
#556 = VERTEX_POINT('',#557);
#557 = CARTESIAN_POINT('',(116.,205.,270.));
#558 = SEAM_CURVE('',#559,(#563,#570),.PCURVE_S1.);
#559 = LINE('',#560,#561);
#560 = CARTESIAN_POINT('',(116.,205.,229.));
#561 = VECTOR('',#562,1.);
#562 = DIRECTION('',(0.,0.,1.));
#563 = PCURVE('',#531,#564);
#564 = DEFINITIONAL_REPRESENTATION('',(#565),#569);
#565 = LINE('',#566,#567);
#566 = CARTESIAN_POINT('',(0.,-0.));
#567 = VECTOR('',#568,1.);
#568 = DIRECTION('',(0.,1.));
#569 = ( GEOMETRIC_REPRESENTATION_CONTEXT(2) 
PARAMETRIC_REPRESENTATION_CONTEXT() REPRESENTATION_CONTEXT('2D SPACE',''
  ) );
#570 = PCURVE('',#531,#571);
#571 = DEFINITIONAL_REPRESENTATION('',(#572),#576);
#572 = LINE('',#573,#574);
#573 = CARTESIAN_POINT('',(6.28318530718,-0.));
#574 = VECTOR('',#575,1.);
#575 = DIRECTION('',(0.,1.));
#576 = ( GEOMETRIC_REPRESENTATION_CONTEXT(2) 
PARAMETRIC_REPRESENTATION_CONTEXT() REPRESENTATION_CONTEXT('2D SPACE',''
  ) );
#577 = ORIENTED_EDGE('',*,*,#578,.F.);
#578 = EDGE_CURVE('',#556,#556,#579,.T.);
#579 = SURFACE_CURVE('',#580,(#585,#592),.PCURVE_S1.);
#580 = CIRCLE('',#581,6.);
#581 = AXIS2_PLACEMENT_3D('',#582,#583,#584);
#582 = CARTESIAN_POINT('',(110.,205.,270.));
#583 = DIRECTION('',(0.,0.,1.));
#584 = DIRECTION('',(1.,0.,-0.));
#585 = PCURVE('',#531,#586);
#586 = DEFINITIONAL_REPRESENTATION('',(#587),#591);
#587 = LINE('',#588,#589);
#588 = CARTESIAN_POINT('',(0.,41.));
#589 = VECTOR('',#590,1.);
#590 = DIRECTION('',(1.,0.));
#591 = ( GEOMETRIC_REPRESENTATION_CONTEXT(2) 
PARAMETRIC_REPRESENTATION_CONTEXT() REPRESENTATION_CONTEXT('2D SPACE',''
  ) );
#592 = PCURVE('',#593,#598);
#593 = PLANE('',#594);
#594 = AXIS2_PLACEMENT_3D('',#595,#596,#597);
#595 = CARTESIAN_POINT('',(110.,205.,270.));
#596 = DIRECTION('',(0.,0.,1.));
#597 = DIRECTION('',(1.,0.,-0.));
#598 = DEFINITIONAL_REPRESENTATION('',(#599),#603);
#599 = CIRCLE('',#600,6.);
#600 = AXIS2_PLACEMENT_2D('',#601,#602);
#601 = CARTESIAN_POINT('',(0.,0.));
#602 = DIRECTION('',(1.,0.));
#603 = ( GEOMETRIC_REPRESENTATION_CONTEXT(2) 
PARAMETRIC_REPRESENTATION_CONTEXT() REPRESENTATION_CONTEXT('2D SPACE',''
  ) );
#604 = ORIENTED_EDGE('',*,*,#555,.F.);
#605 = ADVANCED_FACE('',(#606,#637),#543,.T.);
#606 = FACE_BOUND('',#607,.T.);
#607 = EDGE_LOOP('',(#608));
#608 = ORIENTED_EDGE('',*,*,#609,.T.);
#609 = EDGE_CURVE('',#610,#610,#612,.T.);
#610 = VERTEX_POINT('',#611);
#611 = CARTESIAN_POINT('',(119.5,205.,237.));
#612 = SURFACE_CURVE('',#613,(#618,#625),.PCURVE_S1.);
#613 = CIRCLE('',#614,9.5);
#614 = AXIS2_PLACEMENT_3D('',#615,#616,#617);
#615 = CARTESIAN_POINT('',(110.,205.,237.));
#616 = DIRECTION('',(0.,0.,1.));
#617 = DIRECTION('',(1.,0.,-0.));
#618 = PCURVE('',#543,#619);
#619 = DEFINITIONAL_REPRESENTATION('',(#620),#624);
#620 = CIRCLE('',#621,9.5);
#621 = AXIS2_PLACEMENT_2D('',#622,#623);
#622 = CARTESIAN_POINT('',(0.,0.));
#623 = DIRECTION('',(1.,0.));
#624 = ( GEOMETRIC_REPRESENTATION_CONTEXT(2) 
PARAMETRIC_REPRESENTATION_CONTEXT() REPRESENTATION_CONTEXT('2D SPACE',''
  ) );
#625 = PCURVE('',#626,#631);
#626 = CYLINDRICAL_SURFACE('',#627,9.5);
#627 = AXIS2_PLACEMENT_3D('',#628,#629,#630);
#628 = CARTESIAN_POINT('',(110.,205.,229.));
#629 = DIRECTION('',(0.,0.,1.));
#630 = DIRECTION('',(1.,0.,-0.));
#631 = DEFINITIONAL_REPRESENTATION('',(#632),#636);
#632 = LINE('',#633,#634);
#633 = CARTESIAN_POINT('',(0.,8.));
#634 = VECTOR('',#635,1.);
#635 = DIRECTION('',(1.,0.));
#636 = ( GEOMETRIC_REPRESENTATION_CONTEXT(2) 
PARAMETRIC_REPRESENTATION_CONTEXT() REPRESENTATION_CONTEXT('2D SPACE',''
  ) );
#637 = FACE_BOUND('',#638,.T.);
#638 = EDGE_LOOP('',(#639));
#639 = ORIENTED_EDGE('',*,*,#521,.F.);
#640 = ADVANCED_FACE('',(#641,#672),#593,.F.);
#641 = FACE_BOUND('',#642,.F.);
#642 = EDGE_LOOP('',(#643));
#643 = ORIENTED_EDGE('',*,*,#644,.T.);
#644 = EDGE_CURVE('',#645,#645,#647,.T.);
#645 = VERTEX_POINT('',#646);
#646 = CARTESIAN_POINT('',(119.5,205.,270.));
#647 = SURFACE_CURVE('',#648,(#653,#660),.PCURVE_S1.);
#648 = CIRCLE('',#649,9.5);
#649 = AXIS2_PLACEMENT_3D('',#650,#651,#652);
#650 = CARTESIAN_POINT('',(110.,205.,270.));
#651 = DIRECTION('',(0.,0.,1.));
#652 = DIRECTION('',(1.,0.,-0.));
#653 = PCURVE('',#593,#654);
#654 = DEFINITIONAL_REPRESENTATION('',(#655),#659);
#655 = CIRCLE('',#656,9.5);
#656 = AXIS2_PLACEMENT_2D('',#657,#658);
#657 = CARTESIAN_POINT('',(0.,0.));
#658 = DIRECTION('',(1.,0.));
#659 = ( GEOMETRIC_REPRESENTATION_CONTEXT(2) 
PARAMETRIC_REPRESENTATION_CONTEXT() REPRESENTATION_CONTEXT('2D SPACE',''
  ) );
#660 = PCURVE('',#661,#666);
#661 = CYLINDRICAL_SURFACE('',#662,9.5);
#662 = AXIS2_PLACEMENT_3D('',#663,#664,#665);
#663 = CARTESIAN_POINT('',(110.,205.,270.));
#664 = DIRECTION('',(0.,0.,1.));
#665 = DIRECTION('',(1.,0.,-0.));
#666 = DEFINITIONAL_REPRESENTATION('',(#667),#671);
#667 = LINE('',#668,#669);
#668 = CARTESIAN_POINT('',(0.,0.));
#669 = VECTOR('',#670,1.);
#670 = DIRECTION('',(1.,0.));
#671 = ( GEOMETRIC_REPRESENTATION_CONTEXT(2) 
PARAMETRIC_REPRESENTATION_CONTEXT() REPRESENTATION_CONTEXT('2D SPACE',''
  ) );
#672 = FACE_BOUND('',#673,.F.);
#673 = EDGE_LOOP('',(#674));
#674 = ORIENTED_EDGE('',*,*,#578,.F.);
#675 = ADVANCED_FACE('',(#676),#626,.T.);
#676 = FACE_BOUND('',#677,.T.);
#677 = EDGE_LOOP('',(#678,#679,#702,#729));
#678 = ORIENTED_EDGE('',*,*,#609,.F.);
#679 = ORIENTED_EDGE('',*,*,#680,.F.);
#680 = EDGE_CURVE('',#681,#610,#683,.T.);
#681 = VERTEX_POINT('',#682);
#682 = CARTESIAN_POINT('',(119.5,205.,229.));
#683 = SEAM_CURVE('',#684,(#688,#695),.PCURVE_S1.);
#684 = LINE('',#685,#686);
#685 = CARTESIAN_POINT('',(119.5,205.,229.));
#686 = VECTOR('',#687,1.);
#687 = DIRECTION('',(0.,0.,1.));
#688 = PCURVE('',#626,#689);
#689 = DEFINITIONAL_REPRESENTATION('',(#690),#694);
#690 = LINE('',#691,#692);
#691 = CARTESIAN_POINT('',(6.28318530718,-0.));
#692 = VECTOR('',#693,1.);
#693 = DIRECTION('',(0.,1.));
#694 = ( GEOMETRIC_REPRESENTATION_CONTEXT(2) 
PARAMETRIC_REPRESENTATION_CONTEXT() REPRESENTATION_CONTEXT('2D SPACE',''
  ) );
#695 = PCURVE('',#626,#696);
#696 = DEFINITIONAL_REPRESENTATION('',(#697),#701);
#697 = LINE('',#698,#699);
#698 = CARTESIAN_POINT('',(0.,-0.));
#699 = VECTOR('',#700,1.);
#700 = DIRECTION('',(0.,1.));
#701 = ( GEOMETRIC_REPRESENTATION_CONTEXT(2) 
PARAMETRIC_REPRESENTATION_CONTEXT() REPRESENTATION_CONTEXT('2D SPACE',''
  ) );
#702 = ORIENTED_EDGE('',*,*,#703,.T.);
#703 = EDGE_CURVE('',#681,#681,#704,.T.);
#704 = SURFACE_CURVE('',#705,(#710,#717),.PCURVE_S1.);
#705 = CIRCLE('',#706,9.5);
#706 = AXIS2_PLACEMENT_3D('',#707,#708,#709);
#707 = CARTESIAN_POINT('',(110.,205.,229.));
#708 = DIRECTION('',(0.,0.,1.));
#709 = DIRECTION('',(1.,0.,-0.));
#710 = PCURVE('',#626,#711);
#711 = DEFINITIONAL_REPRESENTATION('',(#712),#716);
#712 = LINE('',#713,#714);
#713 = CARTESIAN_POINT('',(0.,0.));
#714 = VECTOR('',#715,1.);
#715 = DIRECTION('',(1.,0.));
#716 = ( GEOMETRIC_REPRESENTATION_CONTEXT(2) 
PARAMETRIC_REPRESENTATION_CONTEXT() REPRESENTATION_CONTEXT('2D SPACE',''
  ) );
#717 = PCURVE('',#718,#723);
#718 = PLANE('',#719);
#719 = AXIS2_PLACEMENT_3D('',#720,#721,#722);
#720 = CARTESIAN_POINT('',(110.,205.,229.));
#721 = DIRECTION('',(0.,0.,1.));
#722 = DIRECTION('',(1.,0.,-0.));
#723 = DEFINITIONAL_REPRESENTATION('',(#724),#728);
#724 = CIRCLE('',#725,9.5);
#725 = AXIS2_PLACEMENT_2D('',#726,#727);
#726 = CARTESIAN_POINT('',(0.,0.));
#727 = DIRECTION('',(1.,0.));
#728 = ( GEOMETRIC_REPRESENTATION_CONTEXT(2) 
PARAMETRIC_REPRESENTATION_CONTEXT() REPRESENTATION_CONTEXT('2D SPACE',''
  ) );
#729 = ORIENTED_EDGE('',*,*,#680,.T.);
#730 = ADVANCED_FACE('',(#731),#661,.T.);
#731 = FACE_BOUND('',#732,.T.);
#732 = EDGE_LOOP('',(#733,#762,#783,#784));
#733 = ORIENTED_EDGE('',*,*,#734,.F.);
#734 = EDGE_CURVE('',#735,#735,#737,.T.);
#735 = VERTEX_POINT('',#736);
#736 = CARTESIAN_POINT('',(119.5,205.,280.));
#737 = SURFACE_CURVE('',#738,(#743,#750),.PCURVE_S1.);
#738 = CIRCLE('',#739,9.5);
#739 = AXIS2_PLACEMENT_3D('',#740,#741,#742);
#740 = CARTESIAN_POINT('',(110.,205.,280.));
#741 = DIRECTION('',(0.,0.,1.));
#742 = DIRECTION('',(1.,0.,-0.));
#743 = PCURVE('',#661,#744);
#744 = DEFINITIONAL_REPRESENTATION('',(#745),#749);
#745 = LINE('',#746,#747);
#746 = CARTESIAN_POINT('',(0.,10.));
#747 = VECTOR('',#748,1.);
#748 = DIRECTION('',(1.,0.));
#749 = ( GEOMETRIC_REPRESENTATION_CONTEXT(2) 
PARAMETRIC_REPRESENTATION_CONTEXT() REPRESENTATION_CONTEXT('2D SPACE',''
  ) );
#750 = PCURVE('',#751,#756);
#751 = PLANE('',#752);
#752 = AXIS2_PLACEMENT_3D('',#753,#754,#755);
#753 = CARTESIAN_POINT('',(110.,205.,280.));
#754 = DIRECTION('',(0.,0.,1.));
#755 = DIRECTION('',(1.,0.,-0.));
#756 = DEFINITIONAL_REPRESENTATION('',(#757),#761);
#757 = CIRCLE('',#758,9.5);
#758 = AXIS2_PLACEMENT_2D('',#759,#760);
#759 = CARTESIAN_POINT('',(0.,0.));
#760 = DIRECTION('',(1.,0.));
#761 = ( GEOMETRIC_REPRESENTATION_CONTEXT(2) 
PARAMETRIC_REPRESENTATION_CONTEXT() REPRESENTATION_CONTEXT('2D SPACE',''
  ) );
#762 = ORIENTED_EDGE('',*,*,#763,.F.);
#763 = EDGE_CURVE('',#645,#735,#764,.T.);
#764 = SEAM_CURVE('',#765,(#769,#776),.PCURVE_S1.);
#765 = LINE('',#766,#767);
#766 = CARTESIAN_POINT('',(119.5,205.,270.));
#767 = VECTOR('',#768,1.);
#768 = DIRECTION('',(0.,0.,1.));
#769 = PCURVE('',#661,#770);
#770 = DEFINITIONAL_REPRESENTATION('',(#771),#775);
#771 = LINE('',#772,#773);
#772 = CARTESIAN_POINT('',(6.28318530718,-0.));
#773 = VECTOR('',#774,1.);
#774 = DIRECTION('',(0.,1.));
#775 = ( GEOMETRIC_REPRESENTATION_CONTEXT(2) 
PARAMETRIC_REPRESENTATION_CONTEXT() REPRESENTATION_CONTEXT('2D SPACE',''
  ) );
#776 = PCURVE('',#661,#777);
#777 = DEFINITIONAL_REPRESENTATION('',(#778),#782);
#778 = LINE('',#779,#780);
#779 = CARTESIAN_POINT('',(0.,-0.));
#780 = VECTOR('',#781,1.);
#781 = DIRECTION('',(0.,1.));
#782 = ( GEOMETRIC_REPRESENTATION_CONTEXT(2) 
PARAMETRIC_REPRESENTATION_CONTEXT() REPRESENTATION_CONTEXT('2D SPACE',''
  ) );
#783 = ORIENTED_EDGE('',*,*,#644,.T.);
#784 = ORIENTED_EDGE('',*,*,#763,.T.);
#785 = ADVANCED_FACE('',(#786,#789),#718,.F.);
#786 = FACE_BOUND('',#787,.F.);
#787 = EDGE_LOOP('',(#788));
#788 = ORIENTED_EDGE('',*,*,#703,.T.);
#789 = FACE_BOUND('',#790,.F.);
#790 = EDGE_LOOP('',(#791));
#791 = ORIENTED_EDGE('',*,*,#792,.F.);
#792 = EDGE_CURVE('',#793,#793,#795,.T.);
#793 = VERTEX_POINT('',#794);
#794 = CARTESIAN_POINT('',(116.,205.,229.));
#795 = SURFACE_CURVE('',#796,(#801,#808),.PCURVE_S1.);
#796 = CIRCLE('',#797,6.);
#797 = AXIS2_PLACEMENT_3D('',#798,#799,#800);
#798 = CARTESIAN_POINT('',(110.,205.,229.));
#799 = DIRECTION('',(0.,0.,1.));
#800 = DIRECTION('',(1.,0.,-0.));
#801 = PCURVE('',#718,#802);
#802 = DEFINITIONAL_REPRESENTATION('',(#803),#807);
#803 = CIRCLE('',#804,6.);
#804 = AXIS2_PLACEMENT_2D('',#805,#806);
#805 = CARTESIAN_POINT('',(0.,0.));
#806 = DIRECTION('',(1.,0.));
#807 = ( GEOMETRIC_REPRESENTATION_CONTEXT(2) 
PARAMETRIC_REPRESENTATION_CONTEXT() REPRESENTATION_CONTEXT('2D SPACE',''
  ) );
#808 = PCURVE('',#809,#814);
#809 = PLANE('',#810);
#810 = AXIS2_PLACEMENT_3D('',#811,#812,#813);
#811 = CARTESIAN_POINT('',(110.,205.,229.));
#812 = DIRECTION('',(0.,0.,1.));
#813 = DIRECTION('',(1.,0.,-0.));
#814 = DEFINITIONAL_REPRESENTATION('',(#815),#819);
#815 = CIRCLE('',#816,6.);
#816 = AXIS2_PLACEMENT_2D('',#817,#818);
#817 = CARTESIAN_POINT('',(0.,0.));
#818 = DIRECTION('',(1.,0.));
#819 = ( GEOMETRIC_REPRESENTATION_CONTEXT(2) 
PARAMETRIC_REPRESENTATION_CONTEXT() REPRESENTATION_CONTEXT('2D SPACE',''
  ) );
#820 = ADVANCED_FACE('',(#821,#824),#751,.T.);
#821 = FACE_BOUND('',#822,.T.);
#822 = EDGE_LOOP('',(#823));
#823 = ORIENTED_EDGE('',*,*,#734,.T.);
#824 = FACE_BOUND('',#825,.T.);
#825 = EDGE_LOOP('',(#826));
#826 = ORIENTED_EDGE('',*,*,#827,.F.);
#827 = EDGE_CURVE('',#828,#828,#830,.T.);
#828 = VERTEX_POINT('',#829);
#829 = CARTESIAN_POINT('',(116.,205.,280.));
#830 = SURFACE_CURVE('',#831,(#836,#843),.PCURVE_S1.);
#831 = CIRCLE('',#832,6.);
#832 = AXIS2_PLACEMENT_3D('',#833,#834,#835);
#833 = CARTESIAN_POINT('',(110.,205.,280.));
#834 = DIRECTION('',(0.,0.,1.));
#835 = DIRECTION('',(1.,0.,-0.));
#836 = PCURVE('',#751,#837);
#837 = DEFINITIONAL_REPRESENTATION('',(#838),#842);
#838 = CIRCLE('',#839,6.);
#839 = AXIS2_PLACEMENT_2D('',#840,#841);
#840 = CARTESIAN_POINT('',(0.,0.));
#841 = DIRECTION('',(1.,0.));
#842 = ( GEOMETRIC_REPRESENTATION_CONTEXT(2) 
PARAMETRIC_REPRESENTATION_CONTEXT() REPRESENTATION_CONTEXT('2D SPACE',''
  ) );
#843 = PCURVE('',#844,#849);
#844 = CYLINDRICAL_SURFACE('',#845,6.);
#845 = AXIS2_PLACEMENT_3D('',#846,#847,#848);
#846 = CARTESIAN_POINT('',(110.,205.,229.));
#847 = DIRECTION('',(0.,0.,1.));
#848 = DIRECTION('',(1.,0.,-0.));
#849 = DEFINITIONAL_REPRESENTATION('',(#850),#854);
#850 = LINE('',#851,#852);
#851 = CARTESIAN_POINT('',(0.,51.));
#852 = VECTOR('',#853,1.);
#853 = DIRECTION('',(1.,0.));
#854 = ( GEOMETRIC_REPRESENTATION_CONTEXT(2) 
PARAMETRIC_REPRESENTATION_CONTEXT() REPRESENTATION_CONTEXT('2D SPACE',''
  ) );
#855 = ADVANCED_FACE('',(#856),#809,.F.);
#856 = FACE_BOUND('',#857,.T.);
#857 = EDGE_LOOP('',(#858));
#858 = ORIENTED_EDGE('',*,*,#792,.F.);
#859 = ADVANCED_FACE('',(#860),#844,.T.);
#860 = FACE_BOUND('',#861,.T.);
#861 = EDGE_LOOP('',(#862,#863,#886,#913));
#862 = ORIENTED_EDGE('',*,*,#827,.T.);
#863 = ORIENTED_EDGE('',*,*,#864,.T.);
#864 = EDGE_CURVE('',#828,#865,#867,.T.);
#865 = VERTEX_POINT('',#866);
#866 = CARTESIAN_POINT('',(116.,205.,282.));
#867 = SEAM_CURVE('',#868,(#872,#879),.PCURVE_S1.);
#868 = LINE('',#869,#870);
#869 = CARTESIAN_POINT('',(116.,205.,229.));
#870 = VECTOR('',#871,1.);
#871 = DIRECTION('',(0.,0.,1.));
#872 = PCURVE('',#844,#873);
#873 = DEFINITIONAL_REPRESENTATION('',(#874),#878);
#874 = LINE('',#875,#876);
#875 = CARTESIAN_POINT('',(0.,-0.));
#876 = VECTOR('',#877,1.);
#877 = DIRECTION('',(0.,1.));
#878 = ( GEOMETRIC_REPRESENTATION_CONTEXT(2) 
PARAMETRIC_REPRESENTATION_CONTEXT() REPRESENTATION_CONTEXT('2D SPACE',''
  ) );
#879 = PCURVE('',#844,#880);
#880 = DEFINITIONAL_REPRESENTATION('',(#881),#885);
#881 = LINE('',#882,#883);
#882 = CARTESIAN_POINT('',(6.28318530718,-0.));
#883 = VECTOR('',#884,1.);
#884 = DIRECTION('',(0.,1.));
#885 = ( GEOMETRIC_REPRESENTATION_CONTEXT(2) 
PARAMETRIC_REPRESENTATION_CONTEXT() REPRESENTATION_CONTEXT('2D SPACE',''
  ) );
#886 = ORIENTED_EDGE('',*,*,#887,.F.);
#887 = EDGE_CURVE('',#865,#865,#888,.T.);
#888 = SURFACE_CURVE('',#889,(#894,#901),.PCURVE_S1.);
#889 = CIRCLE('',#890,6.);
#890 = AXIS2_PLACEMENT_3D('',#891,#892,#893);
#891 = CARTESIAN_POINT('',(110.,205.,282.));
#892 = DIRECTION('',(0.,0.,1.));
#893 = DIRECTION('',(1.,0.,-0.));
#894 = PCURVE('',#844,#895);
#895 = DEFINITIONAL_REPRESENTATION('',(#896),#900);
#896 = LINE('',#897,#898);
#897 = CARTESIAN_POINT('',(0.,53.));
#898 = VECTOR('',#899,1.);
#899 = DIRECTION('',(1.,0.));
#900 = ( GEOMETRIC_REPRESENTATION_CONTEXT(2) 
PARAMETRIC_REPRESENTATION_CONTEXT() REPRESENTATION_CONTEXT('2D SPACE',''
  ) );
#901 = PCURVE('',#902,#907);
#902 = PLANE('',#903);
#903 = AXIS2_PLACEMENT_3D('',#904,#905,#906);
#904 = CARTESIAN_POINT('',(110.,205.,282.));
#905 = DIRECTION('',(0.,0.,1.));
#906 = DIRECTION('',(1.,0.,-0.));
#907 = DEFINITIONAL_REPRESENTATION('',(#908),#912);
#908 = CIRCLE('',#909,6.);
#909 = AXIS2_PLACEMENT_2D('',#910,#911);
#910 = CARTESIAN_POINT('',(0.,0.));
#911 = DIRECTION('',(1.,0.));
#912 = ( GEOMETRIC_REPRESENTATION_CONTEXT(2) 
PARAMETRIC_REPRESENTATION_CONTEXT() REPRESENTATION_CONTEXT('2D SPACE',''
  ) );
#913 = ORIENTED_EDGE('',*,*,#864,.F.);
#914 = ADVANCED_FACE('',(#915),#902,.T.);
#915 = FACE_BOUND('',#916,.T.);
#916 = EDGE_LOOP('',(#917));
#917 = ORIENTED_EDGE('',*,*,#887,.T.);
#918 = ( GEOMETRIC_REPRESENTATION_CONTEXT(3) 
GLOBAL_UNCERTAINTY_ASSIGNED_CONTEXT((#922)) GLOBAL_UNIT_ASSIGNED_CONTEXT
((#919,#920,#921)) REPRESENTATION_CONTEXT('Context #1',
  '3D Context with UNIT and UNCERTAINTY') );
#919 = ( LENGTH_UNIT() NAMED_UNIT(*) SI_UNIT(.MILLI.,.METRE.) );
#920 = ( NAMED_UNIT(*) PLANE_ANGLE_UNIT() SI_UNIT($,.RADIAN.) );
#921 = ( NAMED_UNIT(*) SI_UNIT($,.STERADIAN.) SOLID_ANGLE_UNIT() );
#922 = UNCERTAINTY_MEASURE_WITH_UNIT(LENGTH_MEASURE(1.E-07),#919,
  'distance_accuracy_value','confusion accuracy');
#923 = CONTEXT_DEPENDENT_SHAPE_REPRESENTATION(#924,#926);
#924 = ( REPRESENTATION_RELATIONSHIP('','',#514,#10) 
REPRESENTATION_RELATIONSHIP_WITH_TRANSFORMATION(#925) 
SHAPE_REPRESENTATION_RELATIONSHIP() );
#925 = ITEM_DEFINED_TRANSFORMATION('','',#11,#19);
#926 = PRODUCT_DEFINITION_SHAPE('Placement','Placement of an item',#927
  );
#927 = NEXT_ASSEMBLY_USAGE_OCCURRENCE('406','','',#5,#509,$);
#928 = PRODUCT_RELATED_PRODUCT_CATEGORY('part',$,(#511));
#929 = SHAPE_DEFINITION_REPRESENTATION(#930,#936);
#930 = PRODUCT_DEFINITION_SHAPE('','',#931);
#931 = PRODUCT_DEFINITION('design','',#932,#935);
#932 = PRODUCT_DEFINITION_FORMATION('','',#933);
#933 = PRODUCT('Open CASCADE STEP translator 7.9 25.3',
  'Open CASCADE STEP translator 7.9 25.3','',(#934));
#934 = PRODUCT_CONTEXT('',#2,'mechanical');
#935 = PRODUCT_DEFINITION_CONTEXT('part definition',#2,'design');
#936 = ADVANCED_BREP_SHAPE_REPRESENTATION('',(#11,#937),#1340);
#937 = MANIFOLD_SOLID_BREP('',#938);
#938 = CLOSED_SHELL('',(#939,#1027,#1062,#1097,#1152,#1207,#1242,#1277,
    #1281,#1336));
#939 = ADVANCED_FACE('',(#940),#953,.T.);
#940 = FACE_BOUND('',#941,.T.);
#941 = EDGE_LOOP('',(#942,#976,#999,#1026));
#942 = ORIENTED_EDGE('',*,*,#943,.T.);
#943 = EDGE_CURVE('',#944,#944,#946,.T.);
#944 = VERTEX_POINT('',#945);
#945 = CARTESIAN_POINT('',(226.,125.,237.));
#946 = SURFACE_CURVE('',#947,(#952,#964),.PCURVE_S1.);
#947 = CIRCLE('',#948,6.);
#948 = AXIS2_PLACEMENT_3D('',#949,#950,#951);
#949 = CARTESIAN_POINT('',(220.,125.,237.));
#950 = DIRECTION('',(0.,0.,1.));
#951 = DIRECTION('',(1.,0.,-0.));
#952 = PCURVE('',#953,#958);
#953 = CYLINDRICAL_SURFACE('',#954,6.);
#954 = AXIS2_PLACEMENT_3D('',#955,#956,#957);
#955 = CARTESIAN_POINT('',(220.,125.,229.));
#956 = DIRECTION('',(0.,0.,1.));
#957 = DIRECTION('',(1.,0.,-0.));
#958 = DEFINITIONAL_REPRESENTATION('',(#959),#963);
#959 = LINE('',#960,#961);
#960 = CARTESIAN_POINT('',(0.,8.));
#961 = VECTOR('',#962,1.);
#962 = DIRECTION('',(1.,0.));
#963 = ( GEOMETRIC_REPRESENTATION_CONTEXT(2) 
PARAMETRIC_REPRESENTATION_CONTEXT() REPRESENTATION_CONTEXT('2D SPACE',''
  ) );
#964 = PCURVE('',#965,#970);
#965 = PLANE('',#966);
#966 = AXIS2_PLACEMENT_3D('',#967,#968,#969);
#967 = CARTESIAN_POINT('',(220.,125.,237.));
#968 = DIRECTION('',(0.,0.,1.));
#969 = DIRECTION('',(1.,0.,-0.));
#970 = DEFINITIONAL_REPRESENTATION('',(#971),#975);
#971 = CIRCLE('',#972,6.);
#972 = AXIS2_PLACEMENT_2D('',#973,#974);
#973 = CARTESIAN_POINT('',(0.,0.));
#974 = DIRECTION('',(1.,0.));
#975 = ( GEOMETRIC_REPRESENTATION_CONTEXT(2) 
PARAMETRIC_REPRESENTATION_CONTEXT() REPRESENTATION_CONTEXT('2D SPACE',''
  ) );
#976 = ORIENTED_EDGE('',*,*,#977,.T.);
#977 = EDGE_CURVE('',#944,#978,#980,.T.);
#978 = VERTEX_POINT('',#979);
#979 = CARTESIAN_POINT('',(226.,125.,270.));
#980 = SEAM_CURVE('',#981,(#985,#992),.PCURVE_S1.);
#981 = LINE('',#982,#983);
#982 = CARTESIAN_POINT('',(226.,125.,229.));
#983 = VECTOR('',#984,1.);
#984 = DIRECTION('',(0.,0.,1.));
#985 = PCURVE('',#953,#986);
#986 = DEFINITIONAL_REPRESENTATION('',(#987),#991);
#987 = LINE('',#988,#989);
#988 = CARTESIAN_POINT('',(0.,-0.));
#989 = VECTOR('',#990,1.);
#990 = DIRECTION('',(0.,1.));
#991 = ( GEOMETRIC_REPRESENTATION_CONTEXT(2) 
PARAMETRIC_REPRESENTATION_CONTEXT() REPRESENTATION_CONTEXT('2D SPACE',''
  ) );
#992 = PCURVE('',#953,#993);
#993 = DEFINITIONAL_REPRESENTATION('',(#994),#998);
#994 = LINE('',#995,#996);
#995 = CARTESIAN_POINT('',(6.28318530718,-0.));
#996 = VECTOR('',#997,1.);
#997 = DIRECTION('',(0.,1.));
#998 = ( GEOMETRIC_REPRESENTATION_CONTEXT(2) 
PARAMETRIC_REPRESENTATION_CONTEXT() REPRESENTATION_CONTEXT('2D SPACE',''
  ) );
#999 = ORIENTED_EDGE('',*,*,#1000,.F.);
#1000 = EDGE_CURVE('',#978,#978,#1001,.T.);
#1001 = SURFACE_CURVE('',#1002,(#1007,#1014),.PCURVE_S1.);
#1002 = CIRCLE('',#1003,6.);
#1003 = AXIS2_PLACEMENT_3D('',#1004,#1005,#1006);
#1004 = CARTESIAN_POINT('',(220.,125.,270.));
#1005 = DIRECTION('',(0.,0.,1.));
#1006 = DIRECTION('',(1.,0.,-0.));
#1007 = PCURVE('',#953,#1008);
#1008 = DEFINITIONAL_REPRESENTATION('',(#1009),#1013);
#1009 = LINE('',#1010,#1011);
#1010 = CARTESIAN_POINT('',(0.,41.));
#1011 = VECTOR('',#1012,1.);
#1012 = DIRECTION('',(1.,0.));
#1013 = ( GEOMETRIC_REPRESENTATION_CONTEXT(2) 
PARAMETRIC_REPRESENTATION_CONTEXT() REPRESENTATION_CONTEXT('2D SPACE',''
  ) );
#1014 = PCURVE('',#1015,#1020);
#1015 = PLANE('',#1016);
#1016 = AXIS2_PLACEMENT_3D('',#1017,#1018,#1019);
#1017 = CARTESIAN_POINT('',(220.,125.,270.));
#1018 = DIRECTION('',(0.,0.,1.));
#1019 = DIRECTION('',(1.,0.,-0.));
#1020 = DEFINITIONAL_REPRESENTATION('',(#1021),#1025);
#1021 = CIRCLE('',#1022,6.);
#1022 = AXIS2_PLACEMENT_2D('',#1023,#1024);
#1023 = CARTESIAN_POINT('',(0.,0.));
#1024 = DIRECTION('',(1.,0.));
#1025 = ( GEOMETRIC_REPRESENTATION_CONTEXT(2) 
PARAMETRIC_REPRESENTATION_CONTEXT() REPRESENTATION_CONTEXT('2D SPACE',''
  ) );
#1026 = ORIENTED_EDGE('',*,*,#977,.F.);
#1027 = ADVANCED_FACE('',(#1028,#1059),#965,.T.);
#1028 = FACE_BOUND('',#1029,.T.);
#1029 = EDGE_LOOP('',(#1030));
#1030 = ORIENTED_EDGE('',*,*,#1031,.T.);
#1031 = EDGE_CURVE('',#1032,#1032,#1034,.T.);
#1032 = VERTEX_POINT('',#1033);
#1033 = CARTESIAN_POINT('',(229.5,125.,237.));
#1034 = SURFACE_CURVE('',#1035,(#1040,#1047),.PCURVE_S1.);
#1035 = CIRCLE('',#1036,9.5);
#1036 = AXIS2_PLACEMENT_3D('',#1037,#1038,#1039);
#1037 = CARTESIAN_POINT('',(220.,125.,237.));
#1038 = DIRECTION('',(0.,0.,1.));
#1039 = DIRECTION('',(1.,0.,-0.));
#1040 = PCURVE('',#965,#1041);
#1041 = DEFINITIONAL_REPRESENTATION('',(#1042),#1046);
#1042 = CIRCLE('',#1043,9.5);
#1043 = AXIS2_PLACEMENT_2D('',#1044,#1045);
#1044 = CARTESIAN_POINT('',(0.,0.));
#1045 = DIRECTION('',(1.,0.));
#1046 = ( GEOMETRIC_REPRESENTATION_CONTEXT(2) 
PARAMETRIC_REPRESENTATION_CONTEXT() REPRESENTATION_CONTEXT('2D SPACE',''
  ) );
#1047 = PCURVE('',#1048,#1053);
#1048 = CYLINDRICAL_SURFACE('',#1049,9.5);
#1049 = AXIS2_PLACEMENT_3D('',#1050,#1051,#1052);
#1050 = CARTESIAN_POINT('',(220.,125.,229.));
#1051 = DIRECTION('',(0.,0.,1.));
#1052 = DIRECTION('',(1.,0.,-0.));
#1053 = DEFINITIONAL_REPRESENTATION('',(#1054),#1058);
#1054 = LINE('',#1055,#1056);
#1055 = CARTESIAN_POINT('',(0.,8.));
#1056 = VECTOR('',#1057,1.);
#1057 = DIRECTION('',(1.,0.));
#1058 = ( GEOMETRIC_REPRESENTATION_CONTEXT(2) 
PARAMETRIC_REPRESENTATION_CONTEXT() REPRESENTATION_CONTEXT('2D SPACE',''
  ) );
#1059 = FACE_BOUND('',#1060,.T.);
#1060 = EDGE_LOOP('',(#1061));
#1061 = ORIENTED_EDGE('',*,*,#943,.F.);
#1062 = ADVANCED_FACE('',(#1063,#1094),#1015,.F.);
#1063 = FACE_BOUND('',#1064,.F.);
#1064 = EDGE_LOOP('',(#1065));
#1065 = ORIENTED_EDGE('',*,*,#1066,.T.);
#1066 = EDGE_CURVE('',#1067,#1067,#1069,.T.);
#1067 = VERTEX_POINT('',#1068);
#1068 = CARTESIAN_POINT('',(229.5,125.,270.));
#1069 = SURFACE_CURVE('',#1070,(#1075,#1082),.PCURVE_S1.);
#1070 = CIRCLE('',#1071,9.5);
#1071 = AXIS2_PLACEMENT_3D('',#1072,#1073,#1074);
#1072 = CARTESIAN_POINT('',(220.,125.,270.));
#1073 = DIRECTION('',(0.,0.,1.));
#1074 = DIRECTION('',(1.,0.,-0.));
#1075 = PCURVE('',#1015,#1076);
#1076 = DEFINITIONAL_REPRESENTATION('',(#1077),#1081);
#1077 = CIRCLE('',#1078,9.5);
#1078 = AXIS2_PLACEMENT_2D('',#1079,#1080);
#1079 = CARTESIAN_POINT('',(0.,0.));
#1080 = DIRECTION('',(1.,0.));
#1081 = ( GEOMETRIC_REPRESENTATION_CONTEXT(2) 
PARAMETRIC_REPRESENTATION_CONTEXT() REPRESENTATION_CONTEXT('2D SPACE',''
  ) );
#1082 = PCURVE('',#1083,#1088);
#1083 = CYLINDRICAL_SURFACE('',#1084,9.5);
#1084 = AXIS2_PLACEMENT_3D('',#1085,#1086,#1087);
#1085 = CARTESIAN_POINT('',(220.,125.,270.));
#1086 = DIRECTION('',(0.,0.,1.));
#1087 = DIRECTION('',(1.,0.,-0.));
#1088 = DEFINITIONAL_REPRESENTATION('',(#1089),#1093);
#1089 = LINE('',#1090,#1091);
#1090 = CARTESIAN_POINT('',(0.,0.));
#1091 = VECTOR('',#1092,1.);
#1092 = DIRECTION('',(1.,0.));
#1093 = ( GEOMETRIC_REPRESENTATION_CONTEXT(2) 
PARAMETRIC_REPRESENTATION_CONTEXT() REPRESENTATION_CONTEXT('2D SPACE',''
  ) );
#1094 = FACE_BOUND('',#1095,.F.);
#1095 = EDGE_LOOP('',(#1096));
#1096 = ORIENTED_EDGE('',*,*,#1000,.F.);
#1097 = ADVANCED_FACE('',(#1098),#1048,.T.);
#1098 = FACE_BOUND('',#1099,.T.);
#1099 = EDGE_LOOP('',(#1100,#1101,#1124,#1151));
#1100 = ORIENTED_EDGE('',*,*,#1031,.F.);
#1101 = ORIENTED_EDGE('',*,*,#1102,.F.);
#1102 = EDGE_CURVE('',#1103,#1032,#1105,.T.);
#1103 = VERTEX_POINT('',#1104);
#1104 = CARTESIAN_POINT('',(229.5,125.,229.));
#1105 = SEAM_CURVE('',#1106,(#1110,#1117),.PCURVE_S1.);
#1106 = LINE('',#1107,#1108);
#1107 = CARTESIAN_POINT('',(229.5,125.,229.));
#1108 = VECTOR('',#1109,1.);
#1109 = DIRECTION('',(0.,0.,1.));
#1110 = PCURVE('',#1048,#1111);
#1111 = DEFINITIONAL_REPRESENTATION('',(#1112),#1116);
#1112 = LINE('',#1113,#1114);
#1113 = CARTESIAN_POINT('',(6.28318530718,-0.));
#1114 = VECTOR('',#1115,1.);
#1115 = DIRECTION('',(0.,1.));
#1116 = ( GEOMETRIC_REPRESENTATION_CONTEXT(2) 
PARAMETRIC_REPRESENTATION_CONTEXT() REPRESENTATION_CONTEXT('2D SPACE',''
  ) );
#1117 = PCURVE('',#1048,#1118);
#1118 = DEFINITIONAL_REPRESENTATION('',(#1119),#1123);
#1119 = LINE('',#1120,#1121);
#1120 = CARTESIAN_POINT('',(0.,-0.));
#1121 = VECTOR('',#1122,1.);
#1122 = DIRECTION('',(0.,1.));
#1123 = ( GEOMETRIC_REPRESENTATION_CONTEXT(2) 
PARAMETRIC_REPRESENTATION_CONTEXT() REPRESENTATION_CONTEXT('2D SPACE',''
  ) );
#1124 = ORIENTED_EDGE('',*,*,#1125,.T.);
#1125 = EDGE_CURVE('',#1103,#1103,#1126,.T.);
#1126 = SURFACE_CURVE('',#1127,(#1132,#1139),.PCURVE_S1.);
#1127 = CIRCLE('',#1128,9.5);
#1128 = AXIS2_PLACEMENT_3D('',#1129,#1130,#1131);
#1129 = CARTESIAN_POINT('',(220.,125.,229.));
#1130 = DIRECTION('',(0.,0.,1.));
#1131 = DIRECTION('',(1.,0.,-0.));
#1132 = PCURVE('',#1048,#1133);
#1133 = DEFINITIONAL_REPRESENTATION('',(#1134),#1138);
#1134 = LINE('',#1135,#1136);
#1135 = CARTESIAN_POINT('',(0.,0.));
#1136 = VECTOR('',#1137,1.);
#1137 = DIRECTION('',(1.,0.));
#1138 = ( GEOMETRIC_REPRESENTATION_CONTEXT(2) 
PARAMETRIC_REPRESENTATION_CONTEXT() REPRESENTATION_CONTEXT('2D SPACE',''
  ) );
#1139 = PCURVE('',#1140,#1145);
#1140 = PLANE('',#1141);
#1141 = AXIS2_PLACEMENT_3D('',#1142,#1143,#1144);
#1142 = CARTESIAN_POINT('',(220.,125.,229.));
#1143 = DIRECTION('',(0.,0.,1.));
#1144 = DIRECTION('',(1.,0.,-0.));
#1145 = DEFINITIONAL_REPRESENTATION('',(#1146),#1150);
#1146 = CIRCLE('',#1147,9.5);
#1147 = AXIS2_PLACEMENT_2D('',#1148,#1149);
#1148 = CARTESIAN_POINT('',(0.,0.));
#1149 = DIRECTION('',(1.,0.));
#1150 = ( GEOMETRIC_REPRESENTATION_CONTEXT(2) 
PARAMETRIC_REPRESENTATION_CONTEXT() REPRESENTATION_CONTEXT('2D SPACE',''
  ) );
#1151 = ORIENTED_EDGE('',*,*,#1102,.T.);
#1152 = ADVANCED_FACE('',(#1153),#1083,.T.);
#1153 = FACE_BOUND('',#1154,.T.);
#1154 = EDGE_LOOP('',(#1155,#1184,#1205,#1206));
#1155 = ORIENTED_EDGE('',*,*,#1156,.F.);
#1156 = EDGE_CURVE('',#1157,#1157,#1159,.T.);
#1157 = VERTEX_POINT('',#1158);
#1158 = CARTESIAN_POINT('',(229.5,125.,280.));
#1159 = SURFACE_CURVE('',#1160,(#1165,#1172),.PCURVE_S1.);
#1160 = CIRCLE('',#1161,9.5);
#1161 = AXIS2_PLACEMENT_3D('',#1162,#1163,#1164);
#1162 = CARTESIAN_POINT('',(220.,125.,280.));
#1163 = DIRECTION('',(0.,0.,1.));
#1164 = DIRECTION('',(1.,0.,-0.));
#1165 = PCURVE('',#1083,#1166);
#1166 = DEFINITIONAL_REPRESENTATION('',(#1167),#1171);
#1167 = LINE('',#1168,#1169);
#1168 = CARTESIAN_POINT('',(0.,10.));
#1169 = VECTOR('',#1170,1.);
#1170 = DIRECTION('',(1.,0.));
#1171 = ( GEOMETRIC_REPRESENTATION_CONTEXT(2) 
PARAMETRIC_REPRESENTATION_CONTEXT() REPRESENTATION_CONTEXT('2D SPACE',''
  ) );
#1172 = PCURVE('',#1173,#1178);
#1173 = PLANE('',#1174);
#1174 = AXIS2_PLACEMENT_3D('',#1175,#1176,#1177);
#1175 = CARTESIAN_POINT('',(220.,125.,280.));
#1176 = DIRECTION('',(0.,0.,1.));
#1177 = DIRECTION('',(1.,0.,-0.));
#1178 = DEFINITIONAL_REPRESENTATION('',(#1179),#1183);
#1179 = CIRCLE('',#1180,9.5);
#1180 = AXIS2_PLACEMENT_2D('',#1181,#1182);
#1181 = CARTESIAN_POINT('',(0.,0.));
#1182 = DIRECTION('',(1.,0.));
#1183 = ( GEOMETRIC_REPRESENTATION_CONTEXT(2) 
PARAMETRIC_REPRESENTATION_CONTEXT() REPRESENTATION_CONTEXT('2D SPACE',''
  ) );
#1184 = ORIENTED_EDGE('',*,*,#1185,.F.);
#1185 = EDGE_CURVE('',#1067,#1157,#1186,.T.);
#1186 = SEAM_CURVE('',#1187,(#1191,#1198),.PCURVE_S1.);
#1187 = LINE('',#1188,#1189);
#1188 = CARTESIAN_POINT('',(229.5,125.,270.));
#1189 = VECTOR('',#1190,1.);
#1190 = DIRECTION('',(0.,0.,1.));
#1191 = PCURVE('',#1083,#1192);
#1192 = DEFINITIONAL_REPRESENTATION('',(#1193),#1197);
#1193 = LINE('',#1194,#1195);
#1194 = CARTESIAN_POINT('',(6.28318530718,-0.));
#1195 = VECTOR('',#1196,1.);
#1196 = DIRECTION('',(0.,1.));
#1197 = ( GEOMETRIC_REPRESENTATION_CONTEXT(2) 
PARAMETRIC_REPRESENTATION_CONTEXT() REPRESENTATION_CONTEXT('2D SPACE',''
  ) );
#1198 = PCURVE('',#1083,#1199);
#1199 = DEFINITIONAL_REPRESENTATION('',(#1200),#1204);
#1200 = LINE('',#1201,#1202);
#1201 = CARTESIAN_POINT('',(0.,-0.));
#1202 = VECTOR('',#1203,1.);
#1203 = DIRECTION('',(0.,1.));
#1204 = ( GEOMETRIC_REPRESENTATION_CONTEXT(2) 
PARAMETRIC_REPRESENTATION_CONTEXT() REPRESENTATION_CONTEXT('2D SPACE',''
  ) );
#1205 = ORIENTED_EDGE('',*,*,#1066,.T.);
#1206 = ORIENTED_EDGE('',*,*,#1185,.T.);
#1207 = ADVANCED_FACE('',(#1208,#1211),#1140,.F.);
#1208 = FACE_BOUND('',#1209,.F.);
#1209 = EDGE_LOOP('',(#1210));
#1210 = ORIENTED_EDGE('',*,*,#1125,.T.);
#1211 = FACE_BOUND('',#1212,.F.);
#1212 = EDGE_LOOP('',(#1213));
#1213 = ORIENTED_EDGE('',*,*,#1214,.F.);
#1214 = EDGE_CURVE('',#1215,#1215,#1217,.T.);
#1215 = VERTEX_POINT('',#1216);
#1216 = CARTESIAN_POINT('',(226.,125.,229.));
#1217 = SURFACE_CURVE('',#1218,(#1223,#1230),.PCURVE_S1.);
#1218 = CIRCLE('',#1219,6.);
#1219 = AXIS2_PLACEMENT_3D('',#1220,#1221,#1222);
#1220 = CARTESIAN_POINT('',(220.,125.,229.));
#1221 = DIRECTION('',(0.,0.,1.));
#1222 = DIRECTION('',(1.,0.,-0.));
#1223 = PCURVE('',#1140,#1224);
#1224 = DEFINITIONAL_REPRESENTATION('',(#1225),#1229);
#1225 = CIRCLE('',#1226,6.);
#1226 = AXIS2_PLACEMENT_2D('',#1227,#1228);
#1227 = CARTESIAN_POINT('',(0.,0.));
#1228 = DIRECTION('',(1.,0.));
#1229 = ( GEOMETRIC_REPRESENTATION_CONTEXT(2) 
PARAMETRIC_REPRESENTATION_CONTEXT() REPRESENTATION_CONTEXT('2D SPACE',''
  ) );
#1230 = PCURVE('',#1231,#1236);
#1231 = PLANE('',#1232);
#1232 = AXIS2_PLACEMENT_3D('',#1233,#1234,#1235);
#1233 = CARTESIAN_POINT('',(220.,125.,229.));
#1234 = DIRECTION('',(0.,0.,1.));
#1235 = DIRECTION('',(1.,0.,-0.));
#1236 = DEFINITIONAL_REPRESENTATION('',(#1237),#1241);
#1237 = CIRCLE('',#1238,6.);
#1238 = AXIS2_PLACEMENT_2D('',#1239,#1240);
#1239 = CARTESIAN_POINT('',(0.,0.));
#1240 = DIRECTION('',(1.,0.));
#1241 = ( GEOMETRIC_REPRESENTATION_CONTEXT(2) 
PARAMETRIC_REPRESENTATION_CONTEXT() REPRESENTATION_CONTEXT('2D SPACE',''
  ) );
#1242 = ADVANCED_FACE('',(#1243,#1246),#1173,.T.);
#1243 = FACE_BOUND('',#1244,.T.);
#1244 = EDGE_LOOP('',(#1245));
#1245 = ORIENTED_EDGE('',*,*,#1156,.T.);
#1246 = FACE_BOUND('',#1247,.T.);
#1247 = EDGE_LOOP('',(#1248));
#1248 = ORIENTED_EDGE('',*,*,#1249,.F.);
#1249 = EDGE_CURVE('',#1250,#1250,#1252,.T.);
#1250 = VERTEX_POINT('',#1251);
#1251 = CARTESIAN_POINT('',(226.,125.,280.));
#1252 = SURFACE_CURVE('',#1253,(#1258,#1265),.PCURVE_S1.);
#1253 = CIRCLE('',#1254,6.);
#1254 = AXIS2_PLACEMENT_3D('',#1255,#1256,#1257);
#1255 = CARTESIAN_POINT('',(220.,125.,280.));
#1256 = DIRECTION('',(0.,0.,1.));
#1257 = DIRECTION('',(1.,0.,-0.));
#1258 = PCURVE('',#1173,#1259);
#1259 = DEFINITIONAL_REPRESENTATION('',(#1260),#1264);
#1260 = CIRCLE('',#1261,6.);
#1261 = AXIS2_PLACEMENT_2D('',#1262,#1263);
#1262 = CARTESIAN_POINT('',(0.,0.));
#1263 = DIRECTION('',(1.,0.));
#1264 = ( GEOMETRIC_REPRESENTATION_CONTEXT(2) 
PARAMETRIC_REPRESENTATION_CONTEXT() REPRESENTATION_CONTEXT('2D SPACE',''
  ) );
#1265 = PCURVE('',#1266,#1271);
#1266 = CYLINDRICAL_SURFACE('',#1267,6.);
#1267 = AXIS2_PLACEMENT_3D('',#1268,#1269,#1270);
#1268 = CARTESIAN_POINT('',(220.,125.,229.));
#1269 = DIRECTION('',(0.,0.,1.));
#1270 = DIRECTION('',(1.,0.,-0.));
#1271 = DEFINITIONAL_REPRESENTATION('',(#1272),#1276);
#1272 = LINE('',#1273,#1274);
#1273 = CARTESIAN_POINT('',(0.,51.));
#1274 = VECTOR('',#1275,1.);
#1275 = DIRECTION('',(1.,0.));
#1276 = ( GEOMETRIC_REPRESENTATION_CONTEXT(2) 
PARAMETRIC_REPRESENTATION_CONTEXT() REPRESENTATION_CONTEXT('2D SPACE',''
  ) );
#1277 = ADVANCED_FACE('',(#1278),#1231,.F.);
#1278 = FACE_BOUND('',#1279,.T.);
#1279 = EDGE_LOOP('',(#1280));
#1280 = ORIENTED_EDGE('',*,*,#1214,.F.);
#1281 = ADVANCED_FACE('',(#1282),#1266,.T.);
#1282 = FACE_BOUND('',#1283,.T.);
#1283 = EDGE_LOOP('',(#1284,#1285,#1308,#1335));
#1284 = ORIENTED_EDGE('',*,*,#1249,.T.);
#1285 = ORIENTED_EDGE('',*,*,#1286,.T.);
#1286 = EDGE_CURVE('',#1250,#1287,#1289,.T.);
#1287 = VERTEX_POINT('',#1288);
#1288 = CARTESIAN_POINT('',(226.,125.,282.));
#1289 = SEAM_CURVE('',#1290,(#1294,#1301),.PCURVE_S1.);
#1290 = LINE('',#1291,#1292);
#1291 = CARTESIAN_POINT('',(226.,125.,229.));
#1292 = VECTOR('',#1293,1.);
#1293 = DIRECTION('',(0.,0.,1.));
#1294 = PCURVE('',#1266,#1295);
#1295 = DEFINITIONAL_REPRESENTATION('',(#1296),#1300);
#1296 = LINE('',#1297,#1298);
#1297 = CARTESIAN_POINT('',(0.,-0.));
#1298 = VECTOR('',#1299,1.);
#1299 = DIRECTION('',(0.,1.));
#1300 = ( GEOMETRIC_REPRESENTATION_CONTEXT(2) 
PARAMETRIC_REPRESENTATION_CONTEXT() REPRESENTATION_CONTEXT('2D SPACE',''
  ) );
#1301 = PCURVE('',#1266,#1302);
#1302 = DEFINITIONAL_REPRESENTATION('',(#1303),#1307);
#1303 = LINE('',#1304,#1305);
#1304 = CARTESIAN_POINT('',(6.28318530718,-0.));
#1305 = VECTOR('',#1306,1.);
#1306 = DIRECTION('',(0.,1.));
#1307 = ( GEOMETRIC_REPRESENTATION_CONTEXT(2) 
PARAMETRIC_REPRESENTATION_CONTEXT() REPRESENTATION_CONTEXT('2D SPACE',''
  ) );
#1308 = ORIENTED_EDGE('',*,*,#1309,.F.);
#1309 = EDGE_CURVE('',#1287,#1287,#1310,.T.);
#1310 = SURFACE_CURVE('',#1311,(#1316,#1323),.PCURVE_S1.);
#1311 = CIRCLE('',#1312,6.);
#1312 = AXIS2_PLACEMENT_3D('',#1313,#1314,#1315);
#1313 = CARTESIAN_POINT('',(220.,125.,282.));
#1314 = DIRECTION('',(0.,0.,1.));
#1315 = DIRECTION('',(1.,0.,-0.));
#1316 = PCURVE('',#1266,#1317);
#1317 = DEFINITIONAL_REPRESENTATION('',(#1318),#1322);
#1318 = LINE('',#1319,#1320);
#1319 = CARTESIAN_POINT('',(0.,53.));
#1320 = VECTOR('',#1321,1.);
#1321 = DIRECTION('',(1.,0.));
#1322 = ( GEOMETRIC_REPRESENTATION_CONTEXT(2) 
PARAMETRIC_REPRESENTATION_CONTEXT() REPRESENTATION_CONTEXT('2D SPACE',''
  ) );
#1323 = PCURVE('',#1324,#1329);
#1324 = PLANE('',#1325);
#1325 = AXIS2_PLACEMENT_3D('',#1326,#1327,#1328);
#1326 = CARTESIAN_POINT('',(220.,125.,282.));
#1327 = DIRECTION('',(0.,0.,1.));
#1328 = DIRECTION('',(1.,0.,-0.));
#1329 = DEFINITIONAL_REPRESENTATION('',(#1330),#1334);
#1330 = CIRCLE('',#1331,6.);
#1331 = AXIS2_PLACEMENT_2D('',#1332,#1333);
#1332 = CARTESIAN_POINT('',(0.,0.));
#1333 = DIRECTION('',(1.,0.));
#1334 = ( GEOMETRIC_REPRESENTATION_CONTEXT(2) 
PARAMETRIC_REPRESENTATION_CONTEXT() REPRESENTATION_CONTEXT('2D SPACE',''
  ) );
#1335 = ORIENTED_EDGE('',*,*,#1286,.F.);
#1336 = ADVANCED_FACE('',(#1337),#1324,.T.);
#1337 = FACE_BOUND('',#1338,.T.);
#1338 = EDGE_LOOP('',(#1339));
#1339 = ORIENTED_EDGE('',*,*,#1309,.T.);
#1340 = ( GEOMETRIC_REPRESENTATION_CONTEXT(3) 
GLOBAL_UNCERTAINTY_ASSIGNED_CONTEXT((#1344)) 
GLOBAL_UNIT_ASSIGNED_CONTEXT((#1341,#1342,#1343)) REPRESENTATION_CONTEXT
('Context #1','3D Context with UNIT and UNCERTAINTY') );
#1341 = ( LENGTH_UNIT() NAMED_UNIT(*) SI_UNIT(.MILLI.,.METRE.) );
#1342 = ( NAMED_UNIT(*) PLANE_ANGLE_UNIT() SI_UNIT($,.RADIAN.) );
#1343 = ( NAMED_UNIT(*) SI_UNIT($,.STERADIAN.) SOLID_ANGLE_UNIT() );
#1344 = UNCERTAINTY_MEASURE_WITH_UNIT(LENGTH_MEASURE(1.E-07),#1341,
  'distance_accuracy_value','confusion accuracy');
#1345 = CONTEXT_DEPENDENT_SHAPE_REPRESENTATION(#1346,#1348);
#1346 = ( REPRESENTATION_RELATIONSHIP('','',#936,#10) 
REPRESENTATION_RELATIONSHIP_WITH_TRANSFORMATION(#1347) 
SHAPE_REPRESENTATION_RELATIONSHIP() );
#1347 = ITEM_DEFINED_TRANSFORMATION('','',#11,#23);
#1348 = PRODUCT_DEFINITION_SHAPE('Placement','Placement of an item',
  #1349);
#1349 = NEXT_ASSEMBLY_USAGE_OCCURRENCE('407','','',#5,#931,$);
#1350 = PRODUCT_RELATED_PRODUCT_CATEGORY('part',$,(#933));
#1351 = SHAPE_DEFINITION_REPRESENTATION(#1352,#1358);
#1352 = PRODUCT_DEFINITION_SHAPE('','',#1353);
#1353 = PRODUCT_DEFINITION('design','',#1354,#1357);
#1354 = PRODUCT_DEFINITION_FORMATION('','',#1355);
#1355 = PRODUCT('Open CASCADE STEP translator 7.9 25.4',
  'Open CASCADE STEP translator 7.9 25.4','',(#1356));
#1356 = PRODUCT_CONTEXT('',#2,'mechanical');
#1357 = PRODUCT_DEFINITION_CONTEXT('part definition',#2,'design');
#1358 = ADVANCED_BREP_SHAPE_REPRESENTATION('',(#11,#1359),#1762);
#1359 = MANIFOLD_SOLID_BREP('',#1360);
#1360 = CLOSED_SHELL('',(#1361,#1449,#1484,#1519,#1574,#1629,#1664,#1699
    ,#1703,#1758));
#1361 = ADVANCED_FACE('',(#1362),#1375,.T.);
#1362 = FACE_BOUND('',#1363,.T.);
#1363 = EDGE_LOOP('',(#1364,#1398,#1421,#1448));
#1364 = ORIENTED_EDGE('',*,*,#1365,.T.);
#1365 = EDGE_CURVE('',#1366,#1366,#1368,.T.);
#1366 = VERTEX_POINT('',#1367);
#1367 = CARTESIAN_POINT('',(226.,205.,237.));
#1368 = SURFACE_CURVE('',#1369,(#1374,#1386),.PCURVE_S1.);
#1369 = CIRCLE('',#1370,6.);
#1370 = AXIS2_PLACEMENT_3D('',#1371,#1372,#1373);
#1371 = CARTESIAN_POINT('',(220.,205.,237.));
#1372 = DIRECTION('',(0.,0.,1.));
#1373 = DIRECTION('',(1.,0.,-0.));
#1374 = PCURVE('',#1375,#1380);
#1375 = CYLINDRICAL_SURFACE('',#1376,6.);
#1376 = AXIS2_PLACEMENT_3D('',#1377,#1378,#1379);
#1377 = CARTESIAN_POINT('',(220.,205.,229.));
#1378 = DIRECTION('',(0.,0.,1.));
#1379 = DIRECTION('',(1.,0.,-0.));
#1380 = DEFINITIONAL_REPRESENTATION('',(#1381),#1385);
#1381 = LINE('',#1382,#1383);
#1382 = CARTESIAN_POINT('',(0.,8.));
#1383 = VECTOR('',#1384,1.);
#1384 = DIRECTION('',(1.,0.));
#1385 = ( GEOMETRIC_REPRESENTATION_CONTEXT(2) 
PARAMETRIC_REPRESENTATION_CONTEXT() REPRESENTATION_CONTEXT('2D SPACE',''
  ) );
#1386 = PCURVE('',#1387,#1392);
#1387 = PLANE('',#1388);
#1388 = AXIS2_PLACEMENT_3D('',#1389,#1390,#1391);
#1389 = CARTESIAN_POINT('',(220.,205.,237.));
#1390 = DIRECTION('',(0.,0.,1.));
#1391 = DIRECTION('',(1.,0.,-0.));
#1392 = DEFINITIONAL_REPRESENTATION('',(#1393),#1397);
#1393 = CIRCLE('',#1394,6.);
#1394 = AXIS2_PLACEMENT_2D('',#1395,#1396);
#1395 = CARTESIAN_POINT('',(0.,0.));
#1396 = DIRECTION('',(1.,0.));
#1397 = ( GEOMETRIC_REPRESENTATION_CONTEXT(2) 
PARAMETRIC_REPRESENTATION_CONTEXT() REPRESENTATION_CONTEXT('2D SPACE',''
  ) );
#1398 = ORIENTED_EDGE('',*,*,#1399,.T.);
#1399 = EDGE_CURVE('',#1366,#1400,#1402,.T.);
#1400 = VERTEX_POINT('',#1401);
#1401 = CARTESIAN_POINT('',(226.,205.,270.));
#1402 = SEAM_CURVE('',#1403,(#1407,#1414),.PCURVE_S1.);
#1403 = LINE('',#1404,#1405);
#1404 = CARTESIAN_POINT('',(226.,205.,229.));
#1405 = VECTOR('',#1406,1.);
#1406 = DIRECTION('',(0.,0.,1.));
#1407 = PCURVE('',#1375,#1408);
#1408 = DEFINITIONAL_REPRESENTATION('',(#1409),#1413);
#1409 = LINE('',#1410,#1411);
#1410 = CARTESIAN_POINT('',(0.,-0.));
#1411 = VECTOR('',#1412,1.);
#1412 = DIRECTION('',(0.,1.));
#1413 = ( GEOMETRIC_REPRESENTATION_CONTEXT(2) 
PARAMETRIC_REPRESENTATION_CONTEXT() REPRESENTATION_CONTEXT('2D SPACE',''
  ) );
#1414 = PCURVE('',#1375,#1415);
#1415 = DEFINITIONAL_REPRESENTATION('',(#1416),#1420);
#1416 = LINE('',#1417,#1418);
#1417 = CARTESIAN_POINT('',(6.28318530718,-0.));
#1418 = VECTOR('',#1419,1.);
#1419 = DIRECTION('',(0.,1.));
#1420 = ( GEOMETRIC_REPRESENTATION_CONTEXT(2) 
PARAMETRIC_REPRESENTATION_CONTEXT() REPRESENTATION_CONTEXT('2D SPACE',''
  ) );
#1421 = ORIENTED_EDGE('',*,*,#1422,.F.);
#1422 = EDGE_CURVE('',#1400,#1400,#1423,.T.);
#1423 = SURFACE_CURVE('',#1424,(#1429,#1436),.PCURVE_S1.);
#1424 = CIRCLE('',#1425,6.);
#1425 = AXIS2_PLACEMENT_3D('',#1426,#1427,#1428);
#1426 = CARTESIAN_POINT('',(220.,205.,270.));
#1427 = DIRECTION('',(0.,0.,1.));
#1428 = DIRECTION('',(1.,0.,-0.));
#1429 = PCURVE('',#1375,#1430);
#1430 = DEFINITIONAL_REPRESENTATION('',(#1431),#1435);
#1431 = LINE('',#1432,#1433);
#1432 = CARTESIAN_POINT('',(0.,41.));
#1433 = VECTOR('',#1434,1.);
#1434 = DIRECTION('',(1.,0.));
#1435 = ( GEOMETRIC_REPRESENTATION_CONTEXT(2) 
PARAMETRIC_REPRESENTATION_CONTEXT() REPRESENTATION_CONTEXT('2D SPACE',''
  ) );
#1436 = PCURVE('',#1437,#1442);
#1437 = PLANE('',#1438);
#1438 = AXIS2_PLACEMENT_3D('',#1439,#1440,#1441);
#1439 = CARTESIAN_POINT('',(220.,205.,270.));
#1440 = DIRECTION('',(0.,0.,1.));
#1441 = DIRECTION('',(1.,0.,-0.));
#1442 = DEFINITIONAL_REPRESENTATION('',(#1443),#1447);
#1443 = CIRCLE('',#1444,6.);
#1444 = AXIS2_PLACEMENT_2D('',#1445,#1446);
#1445 = CARTESIAN_POINT('',(0.,0.));
#1446 = DIRECTION('',(1.,0.));
#1447 = ( GEOMETRIC_REPRESENTATION_CONTEXT(2) 
PARAMETRIC_REPRESENTATION_CONTEXT() REPRESENTATION_CONTEXT('2D SPACE',''
  ) );
#1448 = ORIENTED_EDGE('',*,*,#1399,.F.);
#1449 = ADVANCED_FACE('',(#1450,#1481),#1387,.T.);
#1450 = FACE_BOUND('',#1451,.T.);
#1451 = EDGE_LOOP('',(#1452));
#1452 = ORIENTED_EDGE('',*,*,#1453,.T.);
#1453 = EDGE_CURVE('',#1454,#1454,#1456,.T.);
#1454 = VERTEX_POINT('',#1455);
#1455 = CARTESIAN_POINT('',(229.5,205.,237.));
#1456 = SURFACE_CURVE('',#1457,(#1462,#1469),.PCURVE_S1.);
#1457 = CIRCLE('',#1458,9.5);
#1458 = AXIS2_PLACEMENT_3D('',#1459,#1460,#1461);
#1459 = CARTESIAN_POINT('',(220.,205.,237.));
#1460 = DIRECTION('',(0.,0.,1.));
#1461 = DIRECTION('',(1.,0.,-0.));
#1462 = PCURVE('',#1387,#1463);
#1463 = DEFINITIONAL_REPRESENTATION('',(#1464),#1468);
#1464 = CIRCLE('',#1465,9.5);
#1465 = AXIS2_PLACEMENT_2D('',#1466,#1467);
#1466 = CARTESIAN_POINT('',(0.,0.));
#1467 = DIRECTION('',(1.,0.));
#1468 = ( GEOMETRIC_REPRESENTATION_CONTEXT(2) 
PARAMETRIC_REPRESENTATION_CONTEXT() REPRESENTATION_CONTEXT('2D SPACE',''
  ) );
#1469 = PCURVE('',#1470,#1475);
#1470 = CYLINDRICAL_SURFACE('',#1471,9.5);
#1471 = AXIS2_PLACEMENT_3D('',#1472,#1473,#1474);
#1472 = CARTESIAN_POINT('',(220.,205.,229.));
#1473 = DIRECTION('',(0.,0.,1.));
#1474 = DIRECTION('',(1.,0.,-0.));
#1475 = DEFINITIONAL_REPRESENTATION('',(#1476),#1480);
#1476 = LINE('',#1477,#1478);
#1477 = CARTESIAN_POINT('',(0.,8.));
#1478 = VECTOR('',#1479,1.);
#1479 = DIRECTION('',(1.,0.));
#1480 = ( GEOMETRIC_REPRESENTATION_CONTEXT(2) 
PARAMETRIC_REPRESENTATION_CONTEXT() REPRESENTATION_CONTEXT('2D SPACE',''
  ) );
#1481 = FACE_BOUND('',#1482,.T.);
#1482 = EDGE_LOOP('',(#1483));
#1483 = ORIENTED_EDGE('',*,*,#1365,.F.);
#1484 = ADVANCED_FACE('',(#1485,#1516),#1437,.F.);
#1485 = FACE_BOUND('',#1486,.F.);
#1486 = EDGE_LOOP('',(#1487));
#1487 = ORIENTED_EDGE('',*,*,#1488,.T.);
#1488 = EDGE_CURVE('',#1489,#1489,#1491,.T.);
#1489 = VERTEX_POINT('',#1490);
#1490 = CARTESIAN_POINT('',(229.5,205.,270.));
#1491 = SURFACE_CURVE('',#1492,(#1497,#1504),.PCURVE_S1.);
#1492 = CIRCLE('',#1493,9.5);
#1493 = AXIS2_PLACEMENT_3D('',#1494,#1495,#1496);
#1494 = CARTESIAN_POINT('',(220.,205.,270.));
#1495 = DIRECTION('',(0.,0.,1.));
#1496 = DIRECTION('',(1.,0.,-0.));
#1497 = PCURVE('',#1437,#1498);
#1498 = DEFINITIONAL_REPRESENTATION('',(#1499),#1503);
#1499 = CIRCLE('',#1500,9.5);
#1500 = AXIS2_PLACEMENT_2D('',#1501,#1502);
#1501 = CARTESIAN_POINT('',(0.,0.));
#1502 = DIRECTION('',(1.,0.));
#1503 = ( GEOMETRIC_REPRESENTATION_CONTEXT(2) 
PARAMETRIC_REPRESENTATION_CONTEXT() REPRESENTATION_CONTEXT('2D SPACE',''
  ) );
#1504 = PCURVE('',#1505,#1510);
#1505 = CYLINDRICAL_SURFACE('',#1506,9.5);
#1506 = AXIS2_PLACEMENT_3D('',#1507,#1508,#1509);
#1507 = CARTESIAN_POINT('',(220.,205.,270.));
#1508 = DIRECTION('',(0.,0.,1.));
#1509 = DIRECTION('',(1.,0.,-0.));
#1510 = DEFINITIONAL_REPRESENTATION('',(#1511),#1515);
#1511 = LINE('',#1512,#1513);
#1512 = CARTESIAN_POINT('',(0.,0.));
#1513 = VECTOR('',#1514,1.);
#1514 = DIRECTION('',(1.,0.));
#1515 = ( GEOMETRIC_REPRESENTATION_CONTEXT(2) 
PARAMETRIC_REPRESENTATION_CONTEXT() REPRESENTATION_CONTEXT('2D SPACE',''
  ) );
#1516 = FACE_BOUND('',#1517,.F.);
#1517 = EDGE_LOOP('',(#1518));
#1518 = ORIENTED_EDGE('',*,*,#1422,.F.);
#1519 = ADVANCED_FACE('',(#1520),#1470,.T.);
#1520 = FACE_BOUND('',#1521,.T.);
#1521 = EDGE_LOOP('',(#1522,#1523,#1546,#1573));
#1522 = ORIENTED_EDGE('',*,*,#1453,.F.);
#1523 = ORIENTED_EDGE('',*,*,#1524,.F.);
#1524 = EDGE_CURVE('',#1525,#1454,#1527,.T.);
#1525 = VERTEX_POINT('',#1526);
#1526 = CARTESIAN_POINT('',(229.5,205.,229.));
#1527 = SEAM_CURVE('',#1528,(#1532,#1539),.PCURVE_S1.);
#1528 = LINE('',#1529,#1530);
#1529 = CARTESIAN_POINT('',(229.5,205.,229.));
#1530 = VECTOR('',#1531,1.);
#1531 = DIRECTION('',(0.,0.,1.));
#1532 = PCURVE('',#1470,#1533);
#1533 = DEFINITIONAL_REPRESENTATION('',(#1534),#1538);
#1534 = LINE('',#1535,#1536);
#1535 = CARTESIAN_POINT('',(6.28318530718,-0.));
#1536 = VECTOR('',#1537,1.);
#1537 = DIRECTION('',(0.,1.));
#1538 = ( GEOMETRIC_REPRESENTATION_CONTEXT(2) 
PARAMETRIC_REPRESENTATION_CONTEXT() REPRESENTATION_CONTEXT('2D SPACE',''
  ) );
#1539 = PCURVE('',#1470,#1540);
#1540 = DEFINITIONAL_REPRESENTATION('',(#1541),#1545);
#1541 = LINE('',#1542,#1543);
#1542 = CARTESIAN_POINT('',(0.,-0.));
#1543 = VECTOR('',#1544,1.);
#1544 = DIRECTION('',(0.,1.));
#1545 = ( GEOMETRIC_REPRESENTATION_CONTEXT(2) 
PARAMETRIC_REPRESENTATION_CONTEXT() REPRESENTATION_CONTEXT('2D SPACE',''
  ) );
#1546 = ORIENTED_EDGE('',*,*,#1547,.T.);
#1547 = EDGE_CURVE('',#1525,#1525,#1548,.T.);
#1548 = SURFACE_CURVE('',#1549,(#1554,#1561),.PCURVE_S1.);
#1549 = CIRCLE('',#1550,9.5);
#1550 = AXIS2_PLACEMENT_3D('',#1551,#1552,#1553);
#1551 = CARTESIAN_POINT('',(220.,205.,229.));
#1552 = DIRECTION('',(0.,0.,1.));
#1553 = DIRECTION('',(1.,0.,-0.));
#1554 = PCURVE('',#1470,#1555);
#1555 = DEFINITIONAL_REPRESENTATION('',(#1556),#1560);
#1556 = LINE('',#1557,#1558);
#1557 = CARTESIAN_POINT('',(0.,0.));
#1558 = VECTOR('',#1559,1.);
#1559 = DIRECTION('',(1.,0.));
#1560 = ( GEOMETRIC_REPRESENTATION_CONTEXT(2) 
PARAMETRIC_REPRESENTATION_CONTEXT() REPRESENTATION_CONTEXT('2D SPACE',''
  ) );
#1561 = PCURVE('',#1562,#1567);
#1562 = PLANE('',#1563);
#1563 = AXIS2_PLACEMENT_3D('',#1564,#1565,#1566);
#1564 = CARTESIAN_POINT('',(220.,205.,229.));
#1565 = DIRECTION('',(0.,0.,1.));
#1566 = DIRECTION('',(1.,0.,-0.));
#1567 = DEFINITIONAL_REPRESENTATION('',(#1568),#1572);
#1568 = CIRCLE('',#1569,9.5);
#1569 = AXIS2_PLACEMENT_2D('',#1570,#1571);
#1570 = CARTESIAN_POINT('',(0.,0.));
#1571 = DIRECTION('',(1.,0.));
#1572 = ( GEOMETRIC_REPRESENTATION_CONTEXT(2) 
PARAMETRIC_REPRESENTATION_CONTEXT() REPRESENTATION_CONTEXT('2D SPACE',''
  ) );
#1573 = ORIENTED_EDGE('',*,*,#1524,.T.);
#1574 = ADVANCED_FACE('',(#1575),#1505,.T.);
#1575 = FACE_BOUND('',#1576,.T.);
#1576 = EDGE_LOOP('',(#1577,#1606,#1627,#1628));
#1577 = ORIENTED_EDGE('',*,*,#1578,.F.);
#1578 = EDGE_CURVE('',#1579,#1579,#1581,.T.);
#1579 = VERTEX_POINT('',#1580);
#1580 = CARTESIAN_POINT('',(229.5,205.,280.));
#1581 = SURFACE_CURVE('',#1582,(#1587,#1594),.PCURVE_S1.);
#1582 = CIRCLE('',#1583,9.5);
#1583 = AXIS2_PLACEMENT_3D('',#1584,#1585,#1586);
#1584 = CARTESIAN_POINT('',(220.,205.,280.));
#1585 = DIRECTION('',(0.,0.,1.));
#1586 = DIRECTION('',(1.,0.,-0.));
#1587 = PCURVE('',#1505,#1588);
#1588 = DEFINITIONAL_REPRESENTATION('',(#1589),#1593);
#1589 = LINE('',#1590,#1591);
#1590 = CARTESIAN_POINT('',(0.,10.));
#1591 = VECTOR('',#1592,1.);
#1592 = DIRECTION('',(1.,0.));
#1593 = ( GEOMETRIC_REPRESENTATION_CONTEXT(2) 
PARAMETRIC_REPRESENTATION_CONTEXT() REPRESENTATION_CONTEXT('2D SPACE',''
  ) );
#1594 = PCURVE('',#1595,#1600);
#1595 = PLANE('',#1596);
#1596 = AXIS2_PLACEMENT_3D('',#1597,#1598,#1599);
#1597 = CARTESIAN_POINT('',(220.,205.,280.));
#1598 = DIRECTION('',(0.,0.,1.));
#1599 = DIRECTION('',(1.,0.,-0.));
#1600 = DEFINITIONAL_REPRESENTATION('',(#1601),#1605);
#1601 = CIRCLE('',#1602,9.5);
#1602 = AXIS2_PLACEMENT_2D('',#1603,#1604);
#1603 = CARTESIAN_POINT('',(0.,0.));
#1604 = DIRECTION('',(1.,0.));
#1605 = ( GEOMETRIC_REPRESENTATION_CONTEXT(2) 
PARAMETRIC_REPRESENTATION_CONTEXT() REPRESENTATION_CONTEXT('2D SPACE',''
  ) );
#1606 = ORIENTED_EDGE('',*,*,#1607,.F.);
#1607 = EDGE_CURVE('',#1489,#1579,#1608,.T.);
#1608 = SEAM_CURVE('',#1609,(#1613,#1620),.PCURVE_S1.);
#1609 = LINE('',#1610,#1611);
#1610 = CARTESIAN_POINT('',(229.5,205.,270.));
#1611 = VECTOR('',#1612,1.);
#1612 = DIRECTION('',(0.,0.,1.));
#1613 = PCURVE('',#1505,#1614);
#1614 = DEFINITIONAL_REPRESENTATION('',(#1615),#1619);
#1615 = LINE('',#1616,#1617);
#1616 = CARTESIAN_POINT('',(6.28318530718,-0.));
#1617 = VECTOR('',#1618,1.);
#1618 = DIRECTION('',(0.,1.));
#1619 = ( GEOMETRIC_REPRESENTATION_CONTEXT(2) 
PARAMETRIC_REPRESENTATION_CONTEXT() REPRESENTATION_CONTEXT('2D SPACE',''
  ) );
#1620 = PCURVE('',#1505,#1621);
#1621 = DEFINITIONAL_REPRESENTATION('',(#1622),#1626);
#1622 = LINE('',#1623,#1624);
#1623 = CARTESIAN_POINT('',(0.,-0.));
#1624 = VECTOR('',#1625,1.);
#1625 = DIRECTION('',(0.,1.));
#1626 = ( GEOMETRIC_REPRESENTATION_CONTEXT(2) 
PARAMETRIC_REPRESENTATION_CONTEXT() REPRESENTATION_CONTEXT('2D SPACE',''
  ) );
#1627 = ORIENTED_EDGE('',*,*,#1488,.T.);
#1628 = ORIENTED_EDGE('',*,*,#1607,.T.);
#1629 = ADVANCED_FACE('',(#1630,#1633),#1562,.F.);
#1630 = FACE_BOUND('',#1631,.F.);
#1631 = EDGE_LOOP('',(#1632));
#1632 = ORIENTED_EDGE('',*,*,#1547,.T.);
#1633 = FACE_BOUND('',#1634,.F.);
#1634 = EDGE_LOOP('',(#1635));
#1635 = ORIENTED_EDGE('',*,*,#1636,.F.);
#1636 = EDGE_CURVE('',#1637,#1637,#1639,.T.);
#1637 = VERTEX_POINT('',#1638);
#1638 = CARTESIAN_POINT('',(226.,205.,229.));
#1639 = SURFACE_CURVE('',#1640,(#1645,#1652),.PCURVE_S1.);
#1640 = CIRCLE('',#1641,6.);
#1641 = AXIS2_PLACEMENT_3D('',#1642,#1643,#1644);
#1642 = CARTESIAN_POINT('',(220.,205.,229.));
#1643 = DIRECTION('',(0.,0.,1.));
#1644 = DIRECTION('',(1.,0.,-0.));
#1645 = PCURVE('',#1562,#1646);
#1646 = DEFINITIONAL_REPRESENTATION('',(#1647),#1651);
#1647 = CIRCLE('',#1648,6.);
#1648 = AXIS2_PLACEMENT_2D('',#1649,#1650);
#1649 = CARTESIAN_POINT('',(0.,0.));
#1650 = DIRECTION('',(1.,0.));
#1651 = ( GEOMETRIC_REPRESENTATION_CONTEXT(2) 
PARAMETRIC_REPRESENTATION_CONTEXT() REPRESENTATION_CONTEXT('2D SPACE',''
  ) );
#1652 = PCURVE('',#1653,#1658);
#1653 = PLANE('',#1654);
#1654 = AXIS2_PLACEMENT_3D('',#1655,#1656,#1657);
#1655 = CARTESIAN_POINT('',(220.,205.,229.));
#1656 = DIRECTION('',(0.,0.,1.));
#1657 = DIRECTION('',(1.,0.,-0.));
#1658 = DEFINITIONAL_REPRESENTATION('',(#1659),#1663);
#1659 = CIRCLE('',#1660,6.);
#1660 = AXIS2_PLACEMENT_2D('',#1661,#1662);
#1661 = CARTESIAN_POINT('',(0.,0.));
#1662 = DIRECTION('',(1.,0.));
#1663 = ( GEOMETRIC_REPRESENTATION_CONTEXT(2) 
PARAMETRIC_REPRESENTATION_CONTEXT() REPRESENTATION_CONTEXT('2D SPACE',''
  ) );
#1664 = ADVANCED_FACE('',(#1665,#1668),#1595,.T.);
#1665 = FACE_BOUND('',#1666,.T.);
#1666 = EDGE_LOOP('',(#1667));
#1667 = ORIENTED_EDGE('',*,*,#1578,.T.);
#1668 = FACE_BOUND('',#1669,.T.);
#1669 = EDGE_LOOP('',(#1670));
#1670 = ORIENTED_EDGE('',*,*,#1671,.F.);
#1671 = EDGE_CURVE('',#1672,#1672,#1674,.T.);
#1672 = VERTEX_POINT('',#1673);
#1673 = CARTESIAN_POINT('',(226.,205.,280.));
#1674 = SURFACE_CURVE('',#1675,(#1680,#1687),.PCURVE_S1.);
#1675 = CIRCLE('',#1676,6.);
#1676 = AXIS2_PLACEMENT_3D('',#1677,#1678,#1679);
#1677 = CARTESIAN_POINT('',(220.,205.,280.));
#1678 = DIRECTION('',(0.,0.,1.));
#1679 = DIRECTION('',(1.,0.,-0.));
#1680 = PCURVE('',#1595,#1681);
#1681 = DEFINITIONAL_REPRESENTATION('',(#1682),#1686);
#1682 = CIRCLE('',#1683,6.);
#1683 = AXIS2_PLACEMENT_2D('',#1684,#1685);
#1684 = CARTESIAN_POINT('',(0.,0.));
#1685 = DIRECTION('',(1.,0.));
#1686 = ( GEOMETRIC_REPRESENTATION_CONTEXT(2) 
PARAMETRIC_REPRESENTATION_CONTEXT() REPRESENTATION_CONTEXT('2D SPACE',''
  ) );
#1687 = PCURVE('',#1688,#1693);
#1688 = CYLINDRICAL_SURFACE('',#1689,6.);
#1689 = AXIS2_PLACEMENT_3D('',#1690,#1691,#1692);
#1690 = CARTESIAN_POINT('',(220.,205.,229.));
#1691 = DIRECTION('',(0.,0.,1.));
#1692 = DIRECTION('',(1.,0.,-0.));
#1693 = DEFINITIONAL_REPRESENTATION('',(#1694),#1698);
#1694 = LINE('',#1695,#1696);
#1695 = CARTESIAN_POINT('',(0.,51.));
#1696 = VECTOR('',#1697,1.);
#1697 = DIRECTION('',(1.,0.));
#1698 = ( GEOMETRIC_REPRESENTATION_CONTEXT(2) 
PARAMETRIC_REPRESENTATION_CONTEXT() REPRESENTATION_CONTEXT('2D SPACE',''
  ) );
#1699 = ADVANCED_FACE('',(#1700),#1653,.F.);
#1700 = FACE_BOUND('',#1701,.T.);
#1701 = EDGE_LOOP('',(#1702));
#1702 = ORIENTED_EDGE('',*,*,#1636,.F.);
#1703 = ADVANCED_FACE('',(#1704),#1688,.T.);
#1704 = FACE_BOUND('',#1705,.T.);
#1705 = EDGE_LOOP('',(#1706,#1707,#1730,#1757));
#1706 = ORIENTED_EDGE('',*,*,#1671,.T.);
#1707 = ORIENTED_EDGE('',*,*,#1708,.T.);
#1708 = EDGE_CURVE('',#1672,#1709,#1711,.T.);
#1709 = VERTEX_POINT('',#1710);
#1710 = CARTESIAN_POINT('',(226.,205.,282.));
#1711 = SEAM_CURVE('',#1712,(#1716,#1723),.PCURVE_S1.);
#1712 = LINE('',#1713,#1714);
#1713 = CARTESIAN_POINT('',(226.,205.,229.));
#1714 = VECTOR('',#1715,1.);
#1715 = DIRECTION('',(0.,0.,1.));
#1716 = PCURVE('',#1688,#1717);
#1717 = DEFINITIONAL_REPRESENTATION('',(#1718),#1722);
#1718 = LINE('',#1719,#1720);
#1719 = CARTESIAN_POINT('',(0.,-0.));
#1720 = VECTOR('',#1721,1.);
#1721 = DIRECTION('',(0.,1.));
#1722 = ( GEOMETRIC_REPRESENTATION_CONTEXT(2) 
PARAMETRIC_REPRESENTATION_CONTEXT() REPRESENTATION_CONTEXT('2D SPACE',''
  ) );
#1723 = PCURVE('',#1688,#1724);
#1724 = DEFINITIONAL_REPRESENTATION('',(#1725),#1729);
#1725 = LINE('',#1726,#1727);
#1726 = CARTESIAN_POINT('',(6.28318530718,-0.));
#1727 = VECTOR('',#1728,1.);
#1728 = DIRECTION('',(0.,1.));
#1729 = ( GEOMETRIC_REPRESENTATION_CONTEXT(2) 
PARAMETRIC_REPRESENTATION_CONTEXT() REPRESENTATION_CONTEXT('2D SPACE',''
  ) );
#1730 = ORIENTED_EDGE('',*,*,#1731,.F.);
#1731 = EDGE_CURVE('',#1709,#1709,#1732,.T.);
#1732 = SURFACE_CURVE('',#1733,(#1738,#1745),.PCURVE_S1.);
#1733 = CIRCLE('',#1734,6.);
#1734 = AXIS2_PLACEMENT_3D('',#1735,#1736,#1737);
#1735 = CARTESIAN_POINT('',(220.,205.,282.));
#1736 = DIRECTION('',(0.,0.,1.));
#1737 = DIRECTION('',(1.,0.,-0.));
#1738 = PCURVE('',#1688,#1739);
#1739 = DEFINITIONAL_REPRESENTATION('',(#1740),#1744);
#1740 = LINE('',#1741,#1742);
#1741 = CARTESIAN_POINT('',(0.,53.));
#1742 = VECTOR('',#1743,1.);
#1743 = DIRECTION('',(1.,0.));
#1744 = ( GEOMETRIC_REPRESENTATION_CONTEXT(2) 
PARAMETRIC_REPRESENTATION_CONTEXT() REPRESENTATION_CONTEXT('2D SPACE',''
  ) );
#1745 = PCURVE('',#1746,#1751);
#1746 = PLANE('',#1747);
#1747 = AXIS2_PLACEMENT_3D('',#1748,#1749,#1750);
#1748 = CARTESIAN_POINT('',(220.,205.,282.));
#1749 = DIRECTION('',(0.,0.,1.));
#1750 = DIRECTION('',(1.,0.,-0.));
#1751 = DEFINITIONAL_REPRESENTATION('',(#1752),#1756);
#1752 = CIRCLE('',#1753,6.);
#1753 = AXIS2_PLACEMENT_2D('',#1754,#1755);
#1754 = CARTESIAN_POINT('',(0.,0.));
#1755 = DIRECTION('',(1.,0.));
#1756 = ( GEOMETRIC_REPRESENTATION_CONTEXT(2) 
PARAMETRIC_REPRESENTATION_CONTEXT() REPRESENTATION_CONTEXT('2D SPACE',''
  ) );
#1757 = ORIENTED_EDGE('',*,*,#1708,.F.);
#1758 = ADVANCED_FACE('',(#1759),#1746,.T.);
#1759 = FACE_BOUND('',#1760,.T.);
#1760 = EDGE_LOOP('',(#1761));
#1761 = ORIENTED_EDGE('',*,*,#1731,.T.);
#1762 = ( GEOMETRIC_REPRESENTATION_CONTEXT(3) 
GLOBAL_UNCERTAINTY_ASSIGNED_CONTEXT((#1766)) 
GLOBAL_UNIT_ASSIGNED_CONTEXT((#1763,#1764,#1765)) REPRESENTATION_CONTEXT
('Context #1','3D Context with UNIT and UNCERTAINTY') );
#1763 = ( LENGTH_UNIT() NAMED_UNIT(*) SI_UNIT(.MILLI.,.METRE.) );
#1764 = ( NAMED_UNIT(*) PLANE_ANGLE_UNIT() SI_UNIT($,.RADIAN.) );
#1765 = ( NAMED_UNIT(*) SI_UNIT($,.STERADIAN.) SOLID_ANGLE_UNIT() );
#1766 = UNCERTAINTY_MEASURE_WITH_UNIT(LENGTH_MEASURE(1.E-07),#1763,
  'distance_accuracy_value','confusion accuracy');
#1767 = CONTEXT_DEPENDENT_SHAPE_REPRESENTATION(#1768,#1770);
#1768 = ( REPRESENTATION_RELATIONSHIP('','',#1358,#10) 
REPRESENTATION_RELATIONSHIP_WITH_TRANSFORMATION(#1769) 
SHAPE_REPRESENTATION_RELATIONSHIP() );
#1769 = ITEM_DEFINED_TRANSFORMATION('','',#11,#27);
#1770 = PRODUCT_DEFINITION_SHAPE('Placement','Placement of an item',
  #1771);
#1771 = NEXT_ASSEMBLY_USAGE_OCCURRENCE('408','','',#5,#1353,$);
#1772 = PRODUCT_RELATED_PRODUCT_CATEGORY('part',$,(#1355));
#1773 = SHAPE_DEFINITION_REPRESENTATION(#1774,#1780);
#1774 = PRODUCT_DEFINITION_SHAPE('','',#1775);
#1775 = PRODUCT_DEFINITION('design','',#1776,#1779);
#1776 = PRODUCT_DEFINITION_FORMATION('','',#1777);
#1777 = PRODUCT('Open CASCADE STEP translator 7.9 25.5',
  'Open CASCADE STEP translator 7.9 25.5','',(#1778));
#1778 = PRODUCT_CONTEXT('',#2,'mechanical');
#1779 = PRODUCT_DEFINITION_CONTEXT('part definition',#2,'design');
#1780 = ADVANCED_BREP_SHAPE_REPRESENTATION('',(#11,#1781),#2184);
#1781 = MANIFOLD_SOLID_BREP('',#1782);
#1782 = CLOSED_SHELL('',(#1783,#1871,#1906,#1941,#1996,#2051,#2086,#2121
    ,#2125,#2180));
#1783 = ADVANCED_FACE('',(#1784),#1797,.T.);
#1784 = FACE_BOUND('',#1785,.T.);
#1785 = EDGE_LOOP('',(#1786,#1820,#1843,#1870));
#1786 = ORIENTED_EDGE('',*,*,#1787,.T.);
#1787 = EDGE_CURVE('',#1788,#1788,#1790,.T.);
#1788 = VERTEX_POINT('',#1789);
#1789 = CARTESIAN_POINT('',(1.986E+03,125.,237.));
#1790 = SURFACE_CURVE('',#1791,(#1796,#1808),.PCURVE_S1.);
#1791 = CIRCLE('',#1792,6.);
#1792 = AXIS2_PLACEMENT_3D('',#1793,#1794,#1795);
#1793 = CARTESIAN_POINT('',(1.98E+03,125.,237.));
#1794 = DIRECTION('',(0.,0.,1.));
#1795 = DIRECTION('',(1.,0.,-0.));
#1796 = PCURVE('',#1797,#1802);
#1797 = CYLINDRICAL_SURFACE('',#1798,6.);
#1798 = AXIS2_PLACEMENT_3D('',#1799,#1800,#1801);
#1799 = CARTESIAN_POINT('',(1.98E+03,125.,229.));
#1800 = DIRECTION('',(0.,0.,1.));
#1801 = DIRECTION('',(1.,0.,-0.));
#1802 = DEFINITIONAL_REPRESENTATION('',(#1803),#1807);
#1803 = LINE('',#1804,#1805);
#1804 = CARTESIAN_POINT('',(0.,8.));
#1805 = VECTOR('',#1806,1.);
#1806 = DIRECTION('',(1.,0.));
#1807 = ( GEOMETRIC_REPRESENTATION_CONTEXT(2) 
PARAMETRIC_REPRESENTATION_CONTEXT() REPRESENTATION_CONTEXT('2D SPACE',''
  ) );
#1808 = PCURVE('',#1809,#1814);
#1809 = PLANE('',#1810);
#1810 = AXIS2_PLACEMENT_3D('',#1811,#1812,#1813);
#1811 = CARTESIAN_POINT('',(1.98E+03,125.,237.));
#1812 = DIRECTION('',(0.,0.,1.));
#1813 = DIRECTION('',(1.,0.,-0.));
#1814 = DEFINITIONAL_REPRESENTATION('',(#1815),#1819);
#1815 = CIRCLE('',#1816,6.);
#1816 = AXIS2_PLACEMENT_2D('',#1817,#1818);
#1817 = CARTESIAN_POINT('',(0.,0.));
#1818 = DIRECTION('',(1.,0.));
#1819 = ( GEOMETRIC_REPRESENTATION_CONTEXT(2) 
PARAMETRIC_REPRESENTATION_CONTEXT() REPRESENTATION_CONTEXT('2D SPACE',''
  ) );
#1820 = ORIENTED_EDGE('',*,*,#1821,.T.);
#1821 = EDGE_CURVE('',#1788,#1822,#1824,.T.);
#1822 = VERTEX_POINT('',#1823);
#1823 = CARTESIAN_POINT('',(1.986E+03,125.,270.));
#1824 = SEAM_CURVE('',#1825,(#1829,#1836),.PCURVE_S1.);
#1825 = LINE('',#1826,#1827);
#1826 = CARTESIAN_POINT('',(1.986E+03,125.,229.));
#1827 = VECTOR('',#1828,1.);
#1828 = DIRECTION('',(0.,0.,1.));
#1829 = PCURVE('',#1797,#1830);
#1830 = DEFINITIONAL_REPRESENTATION('',(#1831),#1835);
#1831 = LINE('',#1832,#1833);
#1832 = CARTESIAN_POINT('',(0.,-0.));
#1833 = VECTOR('',#1834,1.);
#1834 = DIRECTION('',(0.,1.));
#1835 = ( GEOMETRIC_REPRESENTATION_CONTEXT(2) 
PARAMETRIC_REPRESENTATION_CONTEXT() REPRESENTATION_CONTEXT('2D SPACE',''
  ) );
#1836 = PCURVE('',#1797,#1837);
#1837 = DEFINITIONAL_REPRESENTATION('',(#1838),#1842);
#1838 = LINE('',#1839,#1840);
#1839 = CARTESIAN_POINT('',(6.28318530718,-0.));
#1840 = VECTOR('',#1841,1.);
#1841 = DIRECTION('',(0.,1.));
#1842 = ( GEOMETRIC_REPRESENTATION_CONTEXT(2) 
PARAMETRIC_REPRESENTATION_CONTEXT() REPRESENTATION_CONTEXT('2D SPACE',''
  ) );
#1843 = ORIENTED_EDGE('',*,*,#1844,.F.);
#1844 = EDGE_CURVE('',#1822,#1822,#1845,.T.);
#1845 = SURFACE_CURVE('',#1846,(#1851,#1858),.PCURVE_S1.);
#1846 = CIRCLE('',#1847,6.);
#1847 = AXIS2_PLACEMENT_3D('',#1848,#1849,#1850);
#1848 = CARTESIAN_POINT('',(1.98E+03,125.,270.));
#1849 = DIRECTION('',(0.,0.,1.));
#1850 = DIRECTION('',(1.,0.,-0.));
#1851 = PCURVE('',#1797,#1852);
#1852 = DEFINITIONAL_REPRESENTATION('',(#1853),#1857);
#1853 = LINE('',#1854,#1855);
#1854 = CARTESIAN_POINT('',(0.,41.));
#1855 = VECTOR('',#1856,1.);
#1856 = DIRECTION('',(1.,0.));
#1857 = ( GEOMETRIC_REPRESENTATION_CONTEXT(2) 
PARAMETRIC_REPRESENTATION_CONTEXT() REPRESENTATION_CONTEXT('2D SPACE',''
  ) );
#1858 = PCURVE('',#1859,#1864);
#1859 = PLANE('',#1860);
#1860 = AXIS2_PLACEMENT_3D('',#1861,#1862,#1863);
#1861 = CARTESIAN_POINT('',(1.98E+03,125.,270.));
#1862 = DIRECTION('',(0.,0.,1.));
#1863 = DIRECTION('',(1.,0.,-0.));
#1864 = DEFINITIONAL_REPRESENTATION('',(#1865),#1869);
#1865 = CIRCLE('',#1866,6.);
#1866 = AXIS2_PLACEMENT_2D('',#1867,#1868);
#1867 = CARTESIAN_POINT('',(0.,0.));
#1868 = DIRECTION('',(1.,0.));
#1869 = ( GEOMETRIC_REPRESENTATION_CONTEXT(2) 
PARAMETRIC_REPRESENTATION_CONTEXT() REPRESENTATION_CONTEXT('2D SPACE',''
  ) );
#1870 = ORIENTED_EDGE('',*,*,#1821,.F.);
#1871 = ADVANCED_FACE('',(#1872,#1903),#1809,.T.);
#1872 = FACE_BOUND('',#1873,.T.);
#1873 = EDGE_LOOP('',(#1874));
#1874 = ORIENTED_EDGE('',*,*,#1875,.T.);
#1875 = EDGE_CURVE('',#1876,#1876,#1878,.T.);
#1876 = VERTEX_POINT('',#1877);
#1877 = CARTESIAN_POINT('',(1.9895E+03,125.,237.));
#1878 = SURFACE_CURVE('',#1879,(#1884,#1891),.PCURVE_S1.);
#1879 = CIRCLE('',#1880,9.5);
#1880 = AXIS2_PLACEMENT_3D('',#1881,#1882,#1883);
#1881 = CARTESIAN_POINT('',(1.98E+03,125.,237.));
#1882 = DIRECTION('',(0.,0.,1.));
#1883 = DIRECTION('',(1.,0.,-0.));
#1884 = PCURVE('',#1809,#1885);
#1885 = DEFINITIONAL_REPRESENTATION('',(#1886),#1890);
#1886 = CIRCLE('',#1887,9.5);
#1887 = AXIS2_PLACEMENT_2D('',#1888,#1889);
#1888 = CARTESIAN_POINT('',(0.,0.));
#1889 = DIRECTION('',(1.,0.));
#1890 = ( GEOMETRIC_REPRESENTATION_CONTEXT(2) 
PARAMETRIC_REPRESENTATION_CONTEXT() REPRESENTATION_CONTEXT('2D SPACE',''
  ) );
#1891 = PCURVE('',#1892,#1897);
#1892 = CYLINDRICAL_SURFACE('',#1893,9.5);
#1893 = AXIS2_PLACEMENT_3D('',#1894,#1895,#1896);
#1894 = CARTESIAN_POINT('',(1.98E+03,125.,229.));
#1895 = DIRECTION('',(0.,0.,1.));
#1896 = DIRECTION('',(1.,0.,-0.));
#1897 = DEFINITIONAL_REPRESENTATION('',(#1898),#1902);
#1898 = LINE('',#1899,#1900);
#1899 = CARTESIAN_POINT('',(0.,8.));
#1900 = VECTOR('',#1901,1.);
#1901 = DIRECTION('',(1.,0.));
#1902 = ( GEOMETRIC_REPRESENTATION_CONTEXT(2) 
PARAMETRIC_REPRESENTATION_CONTEXT() REPRESENTATION_CONTEXT('2D SPACE',''
  ) );
#1903 = FACE_BOUND('',#1904,.T.);
#1904 = EDGE_LOOP('',(#1905));
#1905 = ORIENTED_EDGE('',*,*,#1787,.F.);
#1906 = ADVANCED_FACE('',(#1907,#1938),#1859,.F.);
#1907 = FACE_BOUND('',#1908,.F.);
#1908 = EDGE_LOOP('',(#1909));
#1909 = ORIENTED_EDGE('',*,*,#1910,.T.);
#1910 = EDGE_CURVE('',#1911,#1911,#1913,.T.);
#1911 = VERTEX_POINT('',#1912);
#1912 = CARTESIAN_POINT('',(1.9895E+03,125.,270.));
#1913 = SURFACE_CURVE('',#1914,(#1919,#1926),.PCURVE_S1.);
#1914 = CIRCLE('',#1915,9.5);
#1915 = AXIS2_PLACEMENT_3D('',#1916,#1917,#1918);
#1916 = CARTESIAN_POINT('',(1.98E+03,125.,270.));
#1917 = DIRECTION('',(0.,0.,1.));
#1918 = DIRECTION('',(1.,0.,-0.));
#1919 = PCURVE('',#1859,#1920);
#1920 = DEFINITIONAL_REPRESENTATION('',(#1921),#1925);
#1921 = CIRCLE('',#1922,9.5);
#1922 = AXIS2_PLACEMENT_2D('',#1923,#1924);
#1923 = CARTESIAN_POINT('',(0.,0.));
#1924 = DIRECTION('',(1.,0.));
#1925 = ( GEOMETRIC_REPRESENTATION_CONTEXT(2) 
PARAMETRIC_REPRESENTATION_CONTEXT() REPRESENTATION_CONTEXT('2D SPACE',''
  ) );
#1926 = PCURVE('',#1927,#1932);
#1927 = CYLINDRICAL_SURFACE('',#1928,9.5);
#1928 = AXIS2_PLACEMENT_3D('',#1929,#1930,#1931);
#1929 = CARTESIAN_POINT('',(1.98E+03,125.,270.));
#1930 = DIRECTION('',(0.,0.,1.));
#1931 = DIRECTION('',(1.,0.,-0.));
#1932 = DEFINITIONAL_REPRESENTATION('',(#1933),#1937);
#1933 = LINE('',#1934,#1935);
#1934 = CARTESIAN_POINT('',(0.,0.));
#1935 = VECTOR('',#1936,1.);
#1936 = DIRECTION('',(1.,0.));
#1937 = ( GEOMETRIC_REPRESENTATION_CONTEXT(2) 
PARAMETRIC_REPRESENTATION_CONTEXT() REPRESENTATION_CONTEXT('2D SPACE',''
  ) );
#1938 = FACE_BOUND('',#1939,.F.);
#1939 = EDGE_LOOP('',(#1940));
#1940 = ORIENTED_EDGE('',*,*,#1844,.F.);
#1941 = ADVANCED_FACE('',(#1942),#1892,.T.);
#1942 = FACE_BOUND('',#1943,.T.);
#1943 = EDGE_LOOP('',(#1944,#1945,#1968,#1995));
#1944 = ORIENTED_EDGE('',*,*,#1875,.F.);
#1945 = ORIENTED_EDGE('',*,*,#1946,.F.);
#1946 = EDGE_CURVE('',#1947,#1876,#1949,.T.);
#1947 = VERTEX_POINT('',#1948);
#1948 = CARTESIAN_POINT('',(1.9895E+03,125.,229.));
#1949 = SEAM_CURVE('',#1950,(#1954,#1961),.PCURVE_S1.);
#1950 = LINE('',#1951,#1952);
#1951 = CARTESIAN_POINT('',(1.9895E+03,125.,229.));
#1952 = VECTOR('',#1953,1.);
#1953 = DIRECTION('',(0.,0.,1.));
#1954 = PCURVE('',#1892,#1955);
#1955 = DEFINITIONAL_REPRESENTATION('',(#1956),#1960);
#1956 = LINE('',#1957,#1958);
#1957 = CARTESIAN_POINT('',(6.28318530718,-0.));
#1958 = VECTOR('',#1959,1.);
#1959 = DIRECTION('',(0.,1.));
#1960 = ( GEOMETRIC_REPRESENTATION_CONTEXT(2) 
PARAMETRIC_REPRESENTATION_CONTEXT() REPRESENTATION_CONTEXT('2D SPACE',''
  ) );
#1961 = PCURVE('',#1892,#1962);
#1962 = DEFINITIONAL_REPRESENTATION('',(#1963),#1967);
#1963 = LINE('',#1964,#1965);
#1964 = CARTESIAN_POINT('',(0.,-0.));
#1965 = VECTOR('',#1966,1.);
#1966 = DIRECTION('',(0.,1.));
#1967 = ( GEOMETRIC_REPRESENTATION_CONTEXT(2) 
PARAMETRIC_REPRESENTATION_CONTEXT() REPRESENTATION_CONTEXT('2D SPACE',''
  ) );
#1968 = ORIENTED_EDGE('',*,*,#1969,.T.);
#1969 = EDGE_CURVE('',#1947,#1947,#1970,.T.);
#1970 = SURFACE_CURVE('',#1971,(#1976,#1983),.PCURVE_S1.);
#1971 = CIRCLE('',#1972,9.5);
#1972 = AXIS2_PLACEMENT_3D('',#1973,#1974,#1975);
#1973 = CARTESIAN_POINT('',(1.98E+03,125.,229.));
#1974 = DIRECTION('',(0.,0.,1.));
#1975 = DIRECTION('',(1.,0.,-0.));
#1976 = PCURVE('',#1892,#1977);
#1977 = DEFINITIONAL_REPRESENTATION('',(#1978),#1982);
#1978 = LINE('',#1979,#1980);
#1979 = CARTESIAN_POINT('',(0.,0.));
#1980 = VECTOR('',#1981,1.);
#1981 = DIRECTION('',(1.,0.));
#1982 = ( GEOMETRIC_REPRESENTATION_CONTEXT(2) 
PARAMETRIC_REPRESENTATION_CONTEXT() REPRESENTATION_CONTEXT('2D SPACE',''
  ) );
#1983 = PCURVE('',#1984,#1989);
#1984 = PLANE('',#1985);
#1985 = AXIS2_PLACEMENT_3D('',#1986,#1987,#1988);
#1986 = CARTESIAN_POINT('',(1.98E+03,125.,229.));
#1987 = DIRECTION('',(0.,0.,1.));
#1988 = DIRECTION('',(1.,0.,-0.));
#1989 = DEFINITIONAL_REPRESENTATION('',(#1990),#1994);
#1990 = CIRCLE('',#1991,9.5);
#1991 = AXIS2_PLACEMENT_2D('',#1992,#1993);
#1992 = CARTESIAN_POINT('',(0.,0.));
#1993 = DIRECTION('',(1.,0.));
#1994 = ( GEOMETRIC_REPRESENTATION_CONTEXT(2) 
PARAMETRIC_REPRESENTATION_CONTEXT() REPRESENTATION_CONTEXT('2D SPACE',''
  ) );
#1995 = ORIENTED_EDGE('',*,*,#1946,.T.);
#1996 = ADVANCED_FACE('',(#1997),#1927,.T.);
#1997 = FACE_BOUND('',#1998,.T.);
#1998 = EDGE_LOOP('',(#1999,#2028,#2049,#2050));
#1999 = ORIENTED_EDGE('',*,*,#2000,.F.);
#2000 = EDGE_CURVE('',#2001,#2001,#2003,.T.);
#2001 = VERTEX_POINT('',#2002);
#2002 = CARTESIAN_POINT('',(1.9895E+03,125.,280.));
#2003 = SURFACE_CURVE('',#2004,(#2009,#2016),.PCURVE_S1.);
#2004 = CIRCLE('',#2005,9.5);
#2005 = AXIS2_PLACEMENT_3D('',#2006,#2007,#2008);
#2006 = CARTESIAN_POINT('',(1.98E+03,125.,280.));
#2007 = DIRECTION('',(0.,0.,1.));
#2008 = DIRECTION('',(1.,0.,-0.));
#2009 = PCURVE('',#1927,#2010);
#2010 = DEFINITIONAL_REPRESENTATION('',(#2011),#2015);
#2011 = LINE('',#2012,#2013);
#2012 = CARTESIAN_POINT('',(0.,10.));
#2013 = VECTOR('',#2014,1.);
#2014 = DIRECTION('',(1.,0.));
#2015 = ( GEOMETRIC_REPRESENTATION_CONTEXT(2) 
PARAMETRIC_REPRESENTATION_CONTEXT() REPRESENTATION_CONTEXT('2D SPACE',''
  ) );
#2016 = PCURVE('',#2017,#2022);
#2017 = PLANE('',#2018);
#2018 = AXIS2_PLACEMENT_3D('',#2019,#2020,#2021);
#2019 = CARTESIAN_POINT('',(1.98E+03,125.,280.));
#2020 = DIRECTION('',(0.,0.,1.));
#2021 = DIRECTION('',(1.,0.,-0.));
#2022 = DEFINITIONAL_REPRESENTATION('',(#2023),#2027);
#2023 = CIRCLE('',#2024,9.5);
#2024 = AXIS2_PLACEMENT_2D('',#2025,#2026);
#2025 = CARTESIAN_POINT('',(0.,0.));
#2026 = DIRECTION('',(1.,0.));
#2027 = ( GEOMETRIC_REPRESENTATION_CONTEXT(2) 
PARAMETRIC_REPRESENTATION_CONTEXT() REPRESENTATION_CONTEXT('2D SPACE',''
  ) );
#2028 = ORIENTED_EDGE('',*,*,#2029,.F.);
#2029 = EDGE_CURVE('',#1911,#2001,#2030,.T.);
#2030 = SEAM_CURVE('',#2031,(#2035,#2042),.PCURVE_S1.);
#2031 = LINE('',#2032,#2033);
#2032 = CARTESIAN_POINT('',(1.9895E+03,125.,270.));
#2033 = VECTOR('',#2034,1.);
#2034 = DIRECTION('',(0.,0.,1.));
#2035 = PCURVE('',#1927,#2036);
#2036 = DEFINITIONAL_REPRESENTATION('',(#2037),#2041);
#2037 = LINE('',#2038,#2039);
#2038 = CARTESIAN_POINT('',(6.28318530718,-0.));
#2039 = VECTOR('',#2040,1.);
#2040 = DIRECTION('',(0.,1.));
#2041 = ( GEOMETRIC_REPRESENTATION_CONTEXT(2) 
PARAMETRIC_REPRESENTATION_CONTEXT() REPRESENTATION_CONTEXT('2D SPACE',''
  ) );
#2042 = PCURVE('',#1927,#2043);
#2043 = DEFINITIONAL_REPRESENTATION('',(#2044),#2048);
#2044 = LINE('',#2045,#2046);
#2045 = CARTESIAN_POINT('',(0.,-0.));
#2046 = VECTOR('',#2047,1.);
#2047 = DIRECTION('',(0.,1.));
#2048 = ( GEOMETRIC_REPRESENTATION_CONTEXT(2) 
PARAMETRIC_REPRESENTATION_CONTEXT() REPRESENTATION_CONTEXT('2D SPACE',''
  ) );
#2049 = ORIENTED_EDGE('',*,*,#1910,.T.);
#2050 = ORIENTED_EDGE('',*,*,#2029,.T.);
#2051 = ADVANCED_FACE('',(#2052,#2055),#1984,.F.);
#2052 = FACE_BOUND('',#2053,.F.);
#2053 = EDGE_LOOP('',(#2054));
#2054 = ORIENTED_EDGE('',*,*,#1969,.T.);
#2055 = FACE_BOUND('',#2056,.F.);
#2056 = EDGE_LOOP('',(#2057));
#2057 = ORIENTED_EDGE('',*,*,#2058,.F.);
#2058 = EDGE_CURVE('',#2059,#2059,#2061,.T.);
#2059 = VERTEX_POINT('',#2060);
#2060 = CARTESIAN_POINT('',(1.986E+03,125.,229.));
#2061 = SURFACE_CURVE('',#2062,(#2067,#2074),.PCURVE_S1.);
#2062 = CIRCLE('',#2063,6.);
#2063 = AXIS2_PLACEMENT_3D('',#2064,#2065,#2066);
#2064 = CARTESIAN_POINT('',(1.98E+03,125.,229.));
#2065 = DIRECTION('',(0.,0.,1.));
#2066 = DIRECTION('',(1.,0.,-0.));
#2067 = PCURVE('',#1984,#2068);
#2068 = DEFINITIONAL_REPRESENTATION('',(#2069),#2073);
#2069 = CIRCLE('',#2070,6.);
#2070 = AXIS2_PLACEMENT_2D('',#2071,#2072);
#2071 = CARTESIAN_POINT('',(0.,0.));
#2072 = DIRECTION('',(1.,0.));
#2073 = ( GEOMETRIC_REPRESENTATION_CONTEXT(2) 
PARAMETRIC_REPRESENTATION_CONTEXT() REPRESENTATION_CONTEXT('2D SPACE',''
  ) );
#2074 = PCURVE('',#2075,#2080);
#2075 = PLANE('',#2076);
#2076 = AXIS2_PLACEMENT_3D('',#2077,#2078,#2079);
#2077 = CARTESIAN_POINT('',(1.98E+03,125.,229.));
#2078 = DIRECTION('',(0.,0.,1.));
#2079 = DIRECTION('',(1.,0.,-0.));
#2080 = DEFINITIONAL_REPRESENTATION('',(#2081),#2085);
#2081 = CIRCLE('',#2082,6.);
#2082 = AXIS2_PLACEMENT_2D('',#2083,#2084);
#2083 = CARTESIAN_POINT('',(0.,0.));
#2084 = DIRECTION('',(1.,0.));
#2085 = ( GEOMETRIC_REPRESENTATION_CONTEXT(2) 
PARAMETRIC_REPRESENTATION_CONTEXT() REPRESENTATION_CONTEXT('2D SPACE',''
  ) );
#2086 = ADVANCED_FACE('',(#2087,#2090),#2017,.T.);
#2087 = FACE_BOUND('',#2088,.T.);
#2088 = EDGE_LOOP('',(#2089));
#2089 = ORIENTED_EDGE('',*,*,#2000,.T.);
#2090 = FACE_BOUND('',#2091,.T.);
#2091 = EDGE_LOOP('',(#2092));
#2092 = ORIENTED_EDGE('',*,*,#2093,.F.);
#2093 = EDGE_CURVE('',#2094,#2094,#2096,.T.);
#2094 = VERTEX_POINT('',#2095);
#2095 = CARTESIAN_POINT('',(1.986E+03,125.,280.));
#2096 = SURFACE_CURVE('',#2097,(#2102,#2109),.PCURVE_S1.);
#2097 = CIRCLE('',#2098,6.);
#2098 = AXIS2_PLACEMENT_3D('',#2099,#2100,#2101);
#2099 = CARTESIAN_POINT('',(1.98E+03,125.,280.));
#2100 = DIRECTION('',(0.,0.,1.));
#2101 = DIRECTION('',(1.,0.,-0.));
#2102 = PCURVE('',#2017,#2103);
#2103 = DEFINITIONAL_REPRESENTATION('',(#2104),#2108);
#2104 = CIRCLE('',#2105,6.);
#2105 = AXIS2_PLACEMENT_2D('',#2106,#2107);
#2106 = CARTESIAN_POINT('',(0.,0.));
#2107 = DIRECTION('',(1.,0.));
#2108 = ( GEOMETRIC_REPRESENTATION_CONTEXT(2) 
PARAMETRIC_REPRESENTATION_CONTEXT() REPRESENTATION_CONTEXT('2D SPACE',''
  ) );
#2109 = PCURVE('',#2110,#2115);
#2110 = CYLINDRICAL_SURFACE('',#2111,6.);
#2111 = AXIS2_PLACEMENT_3D('',#2112,#2113,#2114);
#2112 = CARTESIAN_POINT('',(1.98E+03,125.,229.));
#2113 = DIRECTION('',(0.,0.,1.));
#2114 = DIRECTION('',(1.,0.,-0.));
#2115 = DEFINITIONAL_REPRESENTATION('',(#2116),#2120);
#2116 = LINE('',#2117,#2118);
#2117 = CARTESIAN_POINT('',(0.,51.));
#2118 = VECTOR('',#2119,1.);
#2119 = DIRECTION('',(1.,0.));
#2120 = ( GEOMETRIC_REPRESENTATION_CONTEXT(2) 
PARAMETRIC_REPRESENTATION_CONTEXT() REPRESENTATION_CONTEXT('2D SPACE',''
  ) );
#2121 = ADVANCED_FACE('',(#2122),#2075,.F.);
#2122 = FACE_BOUND('',#2123,.T.);
#2123 = EDGE_LOOP('',(#2124));
#2124 = ORIENTED_EDGE('',*,*,#2058,.F.);
#2125 = ADVANCED_FACE('',(#2126),#2110,.T.);
#2126 = FACE_BOUND('',#2127,.T.);
#2127 = EDGE_LOOP('',(#2128,#2129,#2152,#2179));
#2128 = ORIENTED_EDGE('',*,*,#2093,.T.);
#2129 = ORIENTED_EDGE('',*,*,#2130,.T.);
#2130 = EDGE_CURVE('',#2094,#2131,#2133,.T.);
#2131 = VERTEX_POINT('',#2132);
#2132 = CARTESIAN_POINT('',(1.986E+03,125.,282.));
#2133 = SEAM_CURVE('',#2134,(#2138,#2145),.PCURVE_S1.);
#2134 = LINE('',#2135,#2136);
#2135 = CARTESIAN_POINT('',(1.986E+03,125.,229.));
#2136 = VECTOR('',#2137,1.);
#2137 = DIRECTION('',(0.,0.,1.));
#2138 = PCURVE('',#2110,#2139);
#2139 = DEFINITIONAL_REPRESENTATION('',(#2140),#2144);
#2140 = LINE('',#2141,#2142);
#2141 = CARTESIAN_POINT('',(0.,-0.));
#2142 = VECTOR('',#2143,1.);
#2143 = DIRECTION('',(0.,1.));
#2144 = ( GEOMETRIC_REPRESENTATION_CONTEXT(2) 
PARAMETRIC_REPRESENTATION_CONTEXT() REPRESENTATION_CONTEXT('2D SPACE',''
  ) );
#2145 = PCURVE('',#2110,#2146);
#2146 = DEFINITIONAL_REPRESENTATION('',(#2147),#2151);
#2147 = LINE('',#2148,#2149);
#2148 = CARTESIAN_POINT('',(6.28318530718,-0.));
#2149 = VECTOR('',#2150,1.);
#2150 = DIRECTION('',(0.,1.));
#2151 = ( GEOMETRIC_REPRESENTATION_CONTEXT(2) 
PARAMETRIC_REPRESENTATION_CONTEXT() REPRESENTATION_CONTEXT('2D SPACE',''
  ) );
#2152 = ORIENTED_EDGE('',*,*,#2153,.F.);
#2153 = EDGE_CURVE('',#2131,#2131,#2154,.T.);
#2154 = SURFACE_CURVE('',#2155,(#2160,#2167),.PCURVE_S1.);
#2155 = CIRCLE('',#2156,6.);
#2156 = AXIS2_PLACEMENT_3D('',#2157,#2158,#2159);
#2157 = CARTESIAN_POINT('',(1.98E+03,125.,282.));
#2158 = DIRECTION('',(0.,0.,1.));
#2159 = DIRECTION('',(1.,0.,-0.));
#2160 = PCURVE('',#2110,#2161);
#2161 = DEFINITIONAL_REPRESENTATION('',(#2162),#2166);
#2162 = LINE('',#2163,#2164);
#2163 = CARTESIAN_POINT('',(0.,53.));
#2164 = VECTOR('',#2165,1.);
#2165 = DIRECTION('',(1.,0.));
#2166 = ( GEOMETRIC_REPRESENTATION_CONTEXT(2) 
PARAMETRIC_REPRESENTATION_CONTEXT() REPRESENTATION_CONTEXT('2D SPACE',''
  ) );
#2167 = PCURVE('',#2168,#2173);
#2168 = PLANE('',#2169);
#2169 = AXIS2_PLACEMENT_3D('',#2170,#2171,#2172);
#2170 = CARTESIAN_POINT('',(1.98E+03,125.,282.));
#2171 = DIRECTION('',(0.,0.,1.));
#2172 = DIRECTION('',(1.,0.,-0.));
#2173 = DEFINITIONAL_REPRESENTATION('',(#2174),#2178);
#2174 = CIRCLE('',#2175,6.);
#2175 = AXIS2_PLACEMENT_2D('',#2176,#2177);
#2176 = CARTESIAN_POINT('',(0.,0.));
#2177 = DIRECTION('',(1.,0.));
#2178 = ( GEOMETRIC_REPRESENTATION_CONTEXT(2) 
PARAMETRIC_REPRESENTATION_CONTEXT() REPRESENTATION_CONTEXT('2D SPACE',''
  ) );
#2179 = ORIENTED_EDGE('',*,*,#2130,.F.);
#2180 = ADVANCED_FACE('',(#2181),#2168,.T.);
#2181 = FACE_BOUND('',#2182,.T.);
#2182 = EDGE_LOOP('',(#2183));
#2183 = ORIENTED_EDGE('',*,*,#2153,.T.);
#2184 = ( GEOMETRIC_REPRESENTATION_CONTEXT(3) 
GLOBAL_UNCERTAINTY_ASSIGNED_CONTEXT((#2188)) 
GLOBAL_UNIT_ASSIGNED_CONTEXT((#2185,#2186,#2187)) REPRESENTATION_CONTEXT
('Context #1','3D Context with UNIT and UNCERTAINTY') );
#2185 = ( LENGTH_UNIT() NAMED_UNIT(*) SI_UNIT(.MILLI.,.METRE.) );
#2186 = ( NAMED_UNIT(*) PLANE_ANGLE_UNIT() SI_UNIT($,.RADIAN.) );
#2187 = ( NAMED_UNIT(*) SI_UNIT($,.STERADIAN.) SOLID_ANGLE_UNIT() );
#2188 = UNCERTAINTY_MEASURE_WITH_UNIT(LENGTH_MEASURE(1.E-07),#2185,
  'distance_accuracy_value','confusion accuracy');
#2189 = CONTEXT_DEPENDENT_SHAPE_REPRESENTATION(#2190,#2192);
#2190 = ( REPRESENTATION_RELATIONSHIP('','',#1780,#10) 
REPRESENTATION_RELATIONSHIP_WITH_TRANSFORMATION(#2191) 
SHAPE_REPRESENTATION_RELATIONSHIP() );
#2191 = ITEM_DEFINED_TRANSFORMATION('','',#11,#31);
#2192 = PRODUCT_DEFINITION_SHAPE('Placement','Placement of an item',
  #2193);
#2193 = NEXT_ASSEMBLY_USAGE_OCCURRENCE('409','','',#5,#1775,$);
#2194 = PRODUCT_RELATED_PRODUCT_CATEGORY('part',$,(#1777));
#2195 = SHAPE_DEFINITION_REPRESENTATION(#2196,#2202);
#2196 = PRODUCT_DEFINITION_SHAPE('','',#2197);
#2197 = PRODUCT_DEFINITION('design','',#2198,#2201);
#2198 = PRODUCT_DEFINITION_FORMATION('','',#2199);
#2199 = PRODUCT('Open CASCADE STEP translator 7.9 25.6',
  'Open CASCADE STEP translator 7.9 25.6','',(#2200));
#2200 = PRODUCT_CONTEXT('',#2,'mechanical');
#2201 = PRODUCT_DEFINITION_CONTEXT('part definition',#2,'design');
#2202 = ADVANCED_BREP_SHAPE_REPRESENTATION('',(#11,#2203),#2606);
#2203 = MANIFOLD_SOLID_BREP('',#2204);
#2204 = CLOSED_SHELL('',(#2205,#2293,#2328,#2363,#2418,#2473,#2508,#2543
    ,#2547,#2602));
#2205 = ADVANCED_FACE('',(#2206),#2219,.T.);
#2206 = FACE_BOUND('',#2207,.T.);
#2207 = EDGE_LOOP('',(#2208,#2242,#2265,#2292));
#2208 = ORIENTED_EDGE('',*,*,#2209,.T.);
#2209 = EDGE_CURVE('',#2210,#2210,#2212,.T.);
#2210 = VERTEX_POINT('',#2211);
#2211 = CARTESIAN_POINT('',(1.986E+03,205.,237.));
#2212 = SURFACE_CURVE('',#2213,(#2218,#2230),.PCURVE_S1.);
#2213 = CIRCLE('',#2214,6.);
#2214 = AXIS2_PLACEMENT_3D('',#2215,#2216,#2217);
#2215 = CARTESIAN_POINT('',(1.98E+03,205.,237.));
#2216 = DIRECTION('',(0.,0.,1.));
#2217 = DIRECTION('',(1.,0.,-0.));
#2218 = PCURVE('',#2219,#2224);
#2219 = CYLINDRICAL_SURFACE('',#2220,6.);
#2220 = AXIS2_PLACEMENT_3D('',#2221,#2222,#2223);
#2221 = CARTESIAN_POINT('',(1.98E+03,205.,229.));
#2222 = DIRECTION('',(0.,0.,1.));
#2223 = DIRECTION('',(1.,0.,-0.));
#2224 = DEFINITIONAL_REPRESENTATION('',(#2225),#2229);
#2225 = LINE('',#2226,#2227);
#2226 = CARTESIAN_POINT('',(0.,8.));
#2227 = VECTOR('',#2228,1.);
#2228 = DIRECTION('',(1.,0.));
#2229 = ( GEOMETRIC_REPRESENTATION_CONTEXT(2) 
PARAMETRIC_REPRESENTATION_CONTEXT() REPRESENTATION_CONTEXT('2D SPACE',''
  ) );
#2230 = PCURVE('',#2231,#2236);
#2231 = PLANE('',#2232);
#2232 = AXIS2_PLACEMENT_3D('',#2233,#2234,#2235);
#2233 = CARTESIAN_POINT('',(1.98E+03,205.,237.));
#2234 = DIRECTION('',(0.,0.,1.));
#2235 = DIRECTION('',(1.,0.,-0.));
#2236 = DEFINITIONAL_REPRESENTATION('',(#2237),#2241);
#2237 = CIRCLE('',#2238,6.);
#2238 = AXIS2_PLACEMENT_2D('',#2239,#2240);
#2239 = CARTESIAN_POINT('',(0.,0.));
#2240 = DIRECTION('',(1.,0.));
#2241 = ( GEOMETRIC_REPRESENTATION_CONTEXT(2) 
PARAMETRIC_REPRESENTATION_CONTEXT() REPRESENTATION_CONTEXT('2D SPACE',''
  ) );
#2242 = ORIENTED_EDGE('',*,*,#2243,.T.);
#2243 = EDGE_CURVE('',#2210,#2244,#2246,.T.);
#2244 = VERTEX_POINT('',#2245);
#2245 = CARTESIAN_POINT('',(1.986E+03,205.,270.));
#2246 = SEAM_CURVE('',#2247,(#2251,#2258),.PCURVE_S1.);
#2247 = LINE('',#2248,#2249);
#2248 = CARTESIAN_POINT('',(1.986E+03,205.,229.));
#2249 = VECTOR('',#2250,1.);
#2250 = DIRECTION('',(0.,0.,1.));
#2251 = PCURVE('',#2219,#2252);
#2252 = DEFINITIONAL_REPRESENTATION('',(#2253),#2257);
#2253 = LINE('',#2254,#2255);
#2254 = CARTESIAN_POINT('',(0.,-0.));
#2255 = VECTOR('',#2256,1.);
#2256 = DIRECTION('',(0.,1.));
#2257 = ( GEOMETRIC_REPRESENTATION_CONTEXT(2) 
PARAMETRIC_REPRESENTATION_CONTEXT() REPRESENTATION_CONTEXT('2D SPACE',''
  ) );
#2258 = PCURVE('',#2219,#2259);
#2259 = DEFINITIONAL_REPRESENTATION('',(#2260),#2264);
#2260 = LINE('',#2261,#2262);
#2261 = CARTESIAN_POINT('',(6.28318530718,-0.));
#2262 = VECTOR('',#2263,1.);
#2263 = DIRECTION('',(0.,1.));
#2264 = ( GEOMETRIC_REPRESENTATION_CONTEXT(2) 
PARAMETRIC_REPRESENTATION_CONTEXT() REPRESENTATION_CONTEXT('2D SPACE',''
  ) );
#2265 = ORIENTED_EDGE('',*,*,#2266,.F.);
#2266 = EDGE_CURVE('',#2244,#2244,#2267,.T.);
#2267 = SURFACE_CURVE('',#2268,(#2273,#2280),.PCURVE_S1.);
#2268 = CIRCLE('',#2269,6.);
#2269 = AXIS2_PLACEMENT_3D('',#2270,#2271,#2272);
#2270 = CARTESIAN_POINT('',(1.98E+03,205.,270.));
#2271 = DIRECTION('',(0.,0.,1.));
#2272 = DIRECTION('',(1.,0.,-0.));
#2273 = PCURVE('',#2219,#2274);
#2274 = DEFINITIONAL_REPRESENTATION('',(#2275),#2279);
#2275 = LINE('',#2276,#2277);
#2276 = CARTESIAN_POINT('',(0.,41.));
#2277 = VECTOR('',#2278,1.);
#2278 = DIRECTION('',(1.,0.));
#2279 = ( GEOMETRIC_REPRESENTATION_CONTEXT(2) 
PARAMETRIC_REPRESENTATION_CONTEXT() REPRESENTATION_CONTEXT('2D SPACE',''
  ) );
#2280 = PCURVE('',#2281,#2286);
#2281 = PLANE('',#2282);
#2282 = AXIS2_PLACEMENT_3D('',#2283,#2284,#2285);
#2283 = CARTESIAN_POINT('',(1.98E+03,205.,270.));
#2284 = DIRECTION('',(0.,0.,1.));
#2285 = DIRECTION('',(1.,0.,-0.));
#2286 = DEFINITIONAL_REPRESENTATION('',(#2287),#2291);
#2287 = CIRCLE('',#2288,6.);
#2288 = AXIS2_PLACEMENT_2D('',#2289,#2290);
#2289 = CARTESIAN_POINT('',(0.,0.));
#2290 = DIRECTION('',(1.,0.));
#2291 = ( GEOMETRIC_REPRESENTATION_CONTEXT(2) 
PARAMETRIC_REPRESENTATION_CONTEXT() REPRESENTATION_CONTEXT('2D SPACE',''
  ) );
#2292 = ORIENTED_EDGE('',*,*,#2243,.F.);
#2293 = ADVANCED_FACE('',(#2294,#2325),#2231,.T.);
#2294 = FACE_BOUND('',#2295,.T.);
#2295 = EDGE_LOOP('',(#2296));
#2296 = ORIENTED_EDGE('',*,*,#2297,.T.);
#2297 = EDGE_CURVE('',#2298,#2298,#2300,.T.);
#2298 = VERTEX_POINT('',#2299);
#2299 = CARTESIAN_POINT('',(1.9895E+03,205.,237.));
#2300 = SURFACE_CURVE('',#2301,(#2306,#2313),.PCURVE_S1.);
#2301 = CIRCLE('',#2302,9.5);
#2302 = AXIS2_PLACEMENT_3D('',#2303,#2304,#2305);
#2303 = CARTESIAN_POINT('',(1.98E+03,205.,237.));
#2304 = DIRECTION('',(0.,0.,1.));
#2305 = DIRECTION('',(1.,0.,-0.));
#2306 = PCURVE('',#2231,#2307);
#2307 = DEFINITIONAL_REPRESENTATION('',(#2308),#2312);
#2308 = CIRCLE('',#2309,9.5);
#2309 = AXIS2_PLACEMENT_2D('',#2310,#2311);
#2310 = CARTESIAN_POINT('',(0.,0.));
#2311 = DIRECTION('',(1.,0.));
#2312 = ( GEOMETRIC_REPRESENTATION_CONTEXT(2) 
PARAMETRIC_REPRESENTATION_CONTEXT() REPRESENTATION_CONTEXT('2D SPACE',''
  ) );
#2313 = PCURVE('',#2314,#2319);
#2314 = CYLINDRICAL_SURFACE('',#2315,9.5);
#2315 = AXIS2_PLACEMENT_3D('',#2316,#2317,#2318);
#2316 = CARTESIAN_POINT('',(1.98E+03,205.,229.));
#2317 = DIRECTION('',(0.,0.,1.));
#2318 = DIRECTION('',(1.,0.,-0.));
#2319 = DEFINITIONAL_REPRESENTATION('',(#2320),#2324);
#2320 = LINE('',#2321,#2322);
#2321 = CARTESIAN_POINT('',(0.,8.));
#2322 = VECTOR('',#2323,1.);
#2323 = DIRECTION('',(1.,0.));
#2324 = ( GEOMETRIC_REPRESENTATION_CONTEXT(2) 
PARAMETRIC_REPRESENTATION_CONTEXT() REPRESENTATION_CONTEXT('2D SPACE',''
  ) );
#2325 = FACE_BOUND('',#2326,.T.);
#2326 = EDGE_LOOP('',(#2327));
#2327 = ORIENTED_EDGE('',*,*,#2209,.F.);
#2328 = ADVANCED_FACE('',(#2329,#2360),#2281,.F.);
#2329 = FACE_BOUND('',#2330,.F.);
#2330 = EDGE_LOOP('',(#2331));
#2331 = ORIENTED_EDGE('',*,*,#2332,.T.);
#2332 = EDGE_CURVE('',#2333,#2333,#2335,.T.);
#2333 = VERTEX_POINT('',#2334);
#2334 = CARTESIAN_POINT('',(1.9895E+03,205.,270.));
#2335 = SURFACE_CURVE('',#2336,(#2341,#2348),.PCURVE_S1.);
#2336 = CIRCLE('',#2337,9.5);
#2337 = AXIS2_PLACEMENT_3D('',#2338,#2339,#2340);
#2338 = CARTESIAN_POINT('',(1.98E+03,205.,270.));
#2339 = DIRECTION('',(0.,0.,1.));
#2340 = DIRECTION('',(1.,0.,-0.));
#2341 = PCURVE('',#2281,#2342);
#2342 = DEFINITIONAL_REPRESENTATION('',(#2343),#2347);
#2343 = CIRCLE('',#2344,9.5);
#2344 = AXIS2_PLACEMENT_2D('',#2345,#2346);
#2345 = CARTESIAN_POINT('',(0.,0.));
#2346 = DIRECTION('',(1.,0.));
#2347 = ( GEOMETRIC_REPRESENTATION_CONTEXT(2) 
PARAMETRIC_REPRESENTATION_CONTEXT() REPRESENTATION_CONTEXT('2D SPACE',''
  ) );
#2348 = PCURVE('',#2349,#2354);
#2349 = CYLINDRICAL_SURFACE('',#2350,9.5);
#2350 = AXIS2_PLACEMENT_3D('',#2351,#2352,#2353);
#2351 = CARTESIAN_POINT('',(1.98E+03,205.,270.));
#2352 = DIRECTION('',(0.,0.,1.));
#2353 = DIRECTION('',(1.,0.,-0.));
#2354 = DEFINITIONAL_REPRESENTATION('',(#2355),#2359);
#2355 = LINE('',#2356,#2357);
#2356 = CARTESIAN_POINT('',(0.,0.));
#2357 = VECTOR('',#2358,1.);
#2358 = DIRECTION('',(1.,0.));
#2359 = ( GEOMETRIC_REPRESENTATION_CONTEXT(2) 
PARAMETRIC_REPRESENTATION_CONTEXT() REPRESENTATION_CONTEXT('2D SPACE',''
  ) );
#2360 = FACE_BOUND('',#2361,.F.);
#2361 = EDGE_LOOP('',(#2362));
#2362 = ORIENTED_EDGE('',*,*,#2266,.F.);
#2363 = ADVANCED_FACE('',(#2364),#2314,.T.);
#2364 = FACE_BOUND('',#2365,.T.);
#2365 = EDGE_LOOP('',(#2366,#2367,#2390,#2417));
#2366 = ORIENTED_EDGE('',*,*,#2297,.F.);
#2367 = ORIENTED_EDGE('',*,*,#2368,.F.);
#2368 = EDGE_CURVE('',#2369,#2298,#2371,.T.);
#2369 = VERTEX_POINT('',#2370);
#2370 = CARTESIAN_POINT('',(1.9895E+03,205.,229.));
#2371 = SEAM_CURVE('',#2372,(#2376,#2383),.PCURVE_S1.);
#2372 = LINE('',#2373,#2374);
#2373 = CARTESIAN_POINT('',(1.9895E+03,205.,229.));
#2374 = VECTOR('',#2375,1.);
#2375 = DIRECTION('',(0.,0.,1.));
#2376 = PCURVE('',#2314,#2377);
#2377 = DEFINITIONAL_REPRESENTATION('',(#2378),#2382);
#2378 = LINE('',#2379,#2380);
#2379 = CARTESIAN_POINT('',(6.28318530718,-0.));
#2380 = VECTOR('',#2381,1.);
#2381 = DIRECTION('',(0.,1.));
#2382 = ( GEOMETRIC_REPRESENTATION_CONTEXT(2) 
PARAMETRIC_REPRESENTATION_CONTEXT() REPRESENTATION_CONTEXT('2D SPACE',''
  ) );
#2383 = PCURVE('',#2314,#2384);
#2384 = DEFINITIONAL_REPRESENTATION('',(#2385),#2389);
#2385 = LINE('',#2386,#2387);
#2386 = CARTESIAN_POINT('',(0.,-0.));
#2387 = VECTOR('',#2388,1.);
#2388 = DIRECTION('',(0.,1.));
#2389 = ( GEOMETRIC_REPRESENTATION_CONTEXT(2) 
PARAMETRIC_REPRESENTATION_CONTEXT() REPRESENTATION_CONTEXT('2D SPACE',''
  ) );
#2390 = ORIENTED_EDGE('',*,*,#2391,.T.);
#2391 = EDGE_CURVE('',#2369,#2369,#2392,.T.);
#2392 = SURFACE_CURVE('',#2393,(#2398,#2405),.PCURVE_S1.);
#2393 = CIRCLE('',#2394,9.5);
#2394 = AXIS2_PLACEMENT_3D('',#2395,#2396,#2397);
#2395 = CARTESIAN_POINT('',(1.98E+03,205.,229.));
#2396 = DIRECTION('',(0.,0.,1.));
#2397 = DIRECTION('',(1.,0.,-0.));
#2398 = PCURVE('',#2314,#2399);
#2399 = DEFINITIONAL_REPRESENTATION('',(#2400),#2404);
#2400 = LINE('',#2401,#2402);
#2401 = CARTESIAN_POINT('',(0.,0.));
#2402 = VECTOR('',#2403,1.);
#2403 = DIRECTION('',(1.,0.));
#2404 = ( GEOMETRIC_REPRESENTATION_CONTEXT(2) 
PARAMETRIC_REPRESENTATION_CONTEXT() REPRESENTATION_CONTEXT('2D SPACE',''
  ) );
#2405 = PCURVE('',#2406,#2411);
#2406 = PLANE('',#2407);
#2407 = AXIS2_PLACEMENT_3D('',#2408,#2409,#2410);
#2408 = CARTESIAN_POINT('',(1.98E+03,205.,229.));
#2409 = DIRECTION('',(0.,0.,1.));
#2410 = DIRECTION('',(1.,0.,-0.));
#2411 = DEFINITIONAL_REPRESENTATION('',(#2412),#2416);
#2412 = CIRCLE('',#2413,9.5);
#2413 = AXIS2_PLACEMENT_2D('',#2414,#2415);
#2414 = CARTESIAN_POINT('',(0.,0.));
#2415 = DIRECTION('',(1.,0.));
#2416 = ( GEOMETRIC_REPRESENTATION_CONTEXT(2) 
PARAMETRIC_REPRESENTATION_CONTEXT() REPRESENTATION_CONTEXT('2D SPACE',''
  ) );
#2417 = ORIENTED_EDGE('',*,*,#2368,.T.);
#2418 = ADVANCED_FACE('',(#2419),#2349,.T.);
#2419 = FACE_BOUND('',#2420,.T.);
#2420 = EDGE_LOOP('',(#2421,#2450,#2471,#2472));
#2421 = ORIENTED_EDGE('',*,*,#2422,.F.);
#2422 = EDGE_CURVE('',#2423,#2423,#2425,.T.);
#2423 = VERTEX_POINT('',#2424);
#2424 = CARTESIAN_POINT('',(1.9895E+03,205.,280.));
#2425 = SURFACE_CURVE('',#2426,(#2431,#2438),.PCURVE_S1.);
#2426 = CIRCLE('',#2427,9.5);
#2427 = AXIS2_PLACEMENT_3D('',#2428,#2429,#2430);
#2428 = CARTESIAN_POINT('',(1.98E+03,205.,280.));
#2429 = DIRECTION('',(0.,0.,1.));
#2430 = DIRECTION('',(1.,0.,-0.));
#2431 = PCURVE('',#2349,#2432);
#2432 = DEFINITIONAL_REPRESENTATION('',(#2433),#2437);
#2433 = LINE('',#2434,#2435);
#2434 = CARTESIAN_POINT('',(0.,10.));
#2435 = VECTOR('',#2436,1.);
#2436 = DIRECTION('',(1.,0.));
#2437 = ( GEOMETRIC_REPRESENTATION_CONTEXT(2) 
PARAMETRIC_REPRESENTATION_CONTEXT() REPRESENTATION_CONTEXT('2D SPACE',''
  ) );
#2438 = PCURVE('',#2439,#2444);
#2439 = PLANE('',#2440);
#2440 = AXIS2_PLACEMENT_3D('',#2441,#2442,#2443);
#2441 = CARTESIAN_POINT('',(1.98E+03,205.,280.));
#2442 = DIRECTION('',(0.,0.,1.));
#2443 = DIRECTION('',(1.,0.,-0.));
#2444 = DEFINITIONAL_REPRESENTATION('',(#2445),#2449);
#2445 = CIRCLE('',#2446,9.5);
#2446 = AXIS2_PLACEMENT_2D('',#2447,#2448);
#2447 = CARTESIAN_POINT('',(0.,0.));
#2448 = DIRECTION('',(1.,0.));
#2449 = ( GEOMETRIC_REPRESENTATION_CONTEXT(2) 
PARAMETRIC_REPRESENTATION_CONTEXT() REPRESENTATION_CONTEXT('2D SPACE',''
  ) );
#2450 = ORIENTED_EDGE('',*,*,#2451,.F.);
#2451 = EDGE_CURVE('',#2333,#2423,#2452,.T.);
#2452 = SEAM_CURVE('',#2453,(#2457,#2464),.PCURVE_S1.);
#2453 = LINE('',#2454,#2455);
#2454 = CARTESIAN_POINT('',(1.9895E+03,205.,270.));
#2455 = VECTOR('',#2456,1.);
#2456 = DIRECTION('',(0.,0.,1.));
#2457 = PCURVE('',#2349,#2458);
#2458 = DEFINITIONAL_REPRESENTATION('',(#2459),#2463);
#2459 = LINE('',#2460,#2461);
#2460 = CARTESIAN_POINT('',(6.28318530718,-0.));
#2461 = VECTOR('',#2462,1.);
#2462 = DIRECTION('',(0.,1.));
#2463 = ( GEOMETRIC_REPRESENTATION_CONTEXT(2) 
PARAMETRIC_REPRESENTATION_CONTEXT() REPRESENTATION_CONTEXT('2D SPACE',''
  ) );
#2464 = PCURVE('',#2349,#2465);
#2465 = DEFINITIONAL_REPRESENTATION('',(#2466),#2470);
#2466 = LINE('',#2467,#2468);
#2467 = CARTESIAN_POINT('',(0.,-0.));
#2468 = VECTOR('',#2469,1.);
#2469 = DIRECTION('',(0.,1.));
#2470 = ( GEOMETRIC_REPRESENTATION_CONTEXT(2) 
PARAMETRIC_REPRESENTATION_CONTEXT() REPRESENTATION_CONTEXT('2D SPACE',''
  ) );
#2471 = ORIENTED_EDGE('',*,*,#2332,.T.);
#2472 = ORIENTED_EDGE('',*,*,#2451,.T.);
#2473 = ADVANCED_FACE('',(#2474,#2477),#2406,.F.);
#2474 = FACE_BOUND('',#2475,.F.);
#2475 = EDGE_LOOP('',(#2476));
#2476 = ORIENTED_EDGE('',*,*,#2391,.T.);
#2477 = FACE_BOUND('',#2478,.F.);
#2478 = EDGE_LOOP('',(#2479));
#2479 = ORIENTED_EDGE('',*,*,#2480,.F.);
#2480 = EDGE_CURVE('',#2481,#2481,#2483,.T.);
#2481 = VERTEX_POINT('',#2482);
#2482 = CARTESIAN_POINT('',(1.986E+03,205.,229.));
#2483 = SURFACE_CURVE('',#2484,(#2489,#2496),.PCURVE_S1.);
#2484 = CIRCLE('',#2485,6.);
#2485 = AXIS2_PLACEMENT_3D('',#2486,#2487,#2488);
#2486 = CARTESIAN_POINT('',(1.98E+03,205.,229.));
#2487 = DIRECTION('',(0.,0.,1.));
#2488 = DIRECTION('',(1.,0.,-0.));
#2489 = PCURVE('',#2406,#2490);
#2490 = DEFINITIONAL_REPRESENTATION('',(#2491),#2495);
#2491 = CIRCLE('',#2492,6.);
#2492 = AXIS2_PLACEMENT_2D('',#2493,#2494);
#2493 = CARTESIAN_POINT('',(0.,0.));
#2494 = DIRECTION('',(1.,0.));
#2495 = ( GEOMETRIC_REPRESENTATION_CONTEXT(2) 
PARAMETRIC_REPRESENTATION_CONTEXT() REPRESENTATION_CONTEXT('2D SPACE',''
  ) );
#2496 = PCURVE('',#2497,#2502);
#2497 = PLANE('',#2498);
#2498 = AXIS2_PLACEMENT_3D('',#2499,#2500,#2501);
#2499 = CARTESIAN_POINT('',(1.98E+03,205.,229.));
#2500 = DIRECTION('',(0.,0.,1.));
#2501 = DIRECTION('',(1.,0.,-0.));
#2502 = DEFINITIONAL_REPRESENTATION('',(#2503),#2507);
#2503 = CIRCLE('',#2504,6.);
#2504 = AXIS2_PLACEMENT_2D('',#2505,#2506);
#2505 = CARTESIAN_POINT('',(0.,0.));
#2506 = DIRECTION('',(1.,0.));
#2507 = ( GEOMETRIC_REPRESENTATION_CONTEXT(2) 
PARAMETRIC_REPRESENTATION_CONTEXT() REPRESENTATION_CONTEXT('2D SPACE',''
  ) );
#2508 = ADVANCED_FACE('',(#2509,#2512),#2439,.T.);
#2509 = FACE_BOUND('',#2510,.T.);
#2510 = EDGE_LOOP('',(#2511));
#2511 = ORIENTED_EDGE('',*,*,#2422,.T.);
#2512 = FACE_BOUND('',#2513,.T.);
#2513 = EDGE_LOOP('',(#2514));
#2514 = ORIENTED_EDGE('',*,*,#2515,.F.);
#2515 = EDGE_CURVE('',#2516,#2516,#2518,.T.);
#2516 = VERTEX_POINT('',#2517);
#2517 = CARTESIAN_POINT('',(1.986E+03,205.,280.));
#2518 = SURFACE_CURVE('',#2519,(#2524,#2531),.PCURVE_S1.);
#2519 = CIRCLE('',#2520,6.);
#2520 = AXIS2_PLACEMENT_3D('',#2521,#2522,#2523);
#2521 = CARTESIAN_POINT('',(1.98E+03,205.,280.));
#2522 = DIRECTION('',(0.,0.,1.));
#2523 = DIRECTION('',(1.,0.,-0.));
#2524 = PCURVE('',#2439,#2525);
#2525 = DEFINITIONAL_REPRESENTATION('',(#2526),#2530);
#2526 = CIRCLE('',#2527,6.);
#2527 = AXIS2_PLACEMENT_2D('',#2528,#2529);
#2528 = CARTESIAN_POINT('',(0.,0.));
#2529 = DIRECTION('',(1.,0.));
#2530 = ( GEOMETRIC_REPRESENTATION_CONTEXT(2) 
PARAMETRIC_REPRESENTATION_CONTEXT() REPRESENTATION_CONTEXT('2D SPACE',''
  ) );
#2531 = PCURVE('',#2532,#2537);
#2532 = CYLINDRICAL_SURFACE('',#2533,6.);
#2533 = AXIS2_PLACEMENT_3D('',#2534,#2535,#2536);
#2534 = CARTESIAN_POINT('',(1.98E+03,205.,229.));
#2535 = DIRECTION('',(0.,0.,1.));
#2536 = DIRECTION('',(1.,0.,-0.));
#2537 = DEFINITIONAL_REPRESENTATION('',(#2538),#2542);
#2538 = LINE('',#2539,#2540);
#2539 = CARTESIAN_POINT('',(0.,51.));
#2540 = VECTOR('',#2541,1.);
#2541 = DIRECTION('',(1.,0.));
#2542 = ( GEOMETRIC_REPRESENTATION_CONTEXT(2) 
PARAMETRIC_REPRESENTATION_CONTEXT() REPRESENTATION_CONTEXT('2D SPACE',''
  ) );
#2543 = ADVANCED_FACE('',(#2544),#2497,.F.);
#2544 = FACE_BOUND('',#2545,.T.);
#2545 = EDGE_LOOP('',(#2546));
#2546 = ORIENTED_EDGE('',*,*,#2480,.F.);
#2547 = ADVANCED_FACE('',(#2548),#2532,.T.);
#2548 = FACE_BOUND('',#2549,.T.);
#2549 = EDGE_LOOP('',(#2550,#2551,#2574,#2601));
#2550 = ORIENTED_EDGE('',*,*,#2515,.T.);
#2551 = ORIENTED_EDGE('',*,*,#2552,.T.);
#2552 = EDGE_CURVE('',#2516,#2553,#2555,.T.);
#2553 = VERTEX_POINT('',#2554);
#2554 = CARTESIAN_POINT('',(1.986E+03,205.,282.));
#2555 = SEAM_CURVE('',#2556,(#2560,#2567),.PCURVE_S1.);
#2556 = LINE('',#2557,#2558);
#2557 = CARTESIAN_POINT('',(1.986E+03,205.,229.));
#2558 = VECTOR('',#2559,1.);
#2559 = DIRECTION('',(0.,0.,1.));
#2560 = PCURVE('',#2532,#2561);
#2561 = DEFINITIONAL_REPRESENTATION('',(#2562),#2566);
#2562 = LINE('',#2563,#2564);
#2563 = CARTESIAN_POINT('',(0.,-0.));
#2564 = VECTOR('',#2565,1.);
#2565 = DIRECTION('',(0.,1.));
#2566 = ( GEOMETRIC_REPRESENTATION_CONTEXT(2) 
PARAMETRIC_REPRESENTATION_CONTEXT() REPRESENTATION_CONTEXT('2D SPACE',''
  ) );
#2567 = PCURVE('',#2532,#2568);
#2568 = DEFINITIONAL_REPRESENTATION('',(#2569),#2573);
#2569 = LINE('',#2570,#2571);
#2570 = CARTESIAN_POINT('',(6.28318530718,-0.));
#2571 = VECTOR('',#2572,1.);
#2572 = DIRECTION('',(0.,1.));
#2573 = ( GEOMETRIC_REPRESENTATION_CONTEXT(2) 
PARAMETRIC_REPRESENTATION_CONTEXT() REPRESENTATION_CONTEXT('2D SPACE',''
  ) );
#2574 = ORIENTED_EDGE('',*,*,#2575,.F.);
#2575 = EDGE_CURVE('',#2553,#2553,#2576,.T.);
#2576 = SURFACE_CURVE('',#2577,(#2582,#2589),.PCURVE_S1.);
#2577 = CIRCLE('',#2578,6.);
#2578 = AXIS2_PLACEMENT_3D('',#2579,#2580,#2581);
#2579 = CARTESIAN_POINT('',(1.98E+03,205.,282.));
#2580 = DIRECTION('',(0.,0.,1.));
#2581 = DIRECTION('',(1.,0.,-0.));
#2582 = PCURVE('',#2532,#2583);
#2583 = DEFINITIONAL_REPRESENTATION('',(#2584),#2588);
#2584 = LINE('',#2585,#2586);
#2585 = CARTESIAN_POINT('',(0.,53.));
#2586 = VECTOR('',#2587,1.);
#2587 = DIRECTION('',(1.,0.));
#2588 = ( GEOMETRIC_REPRESENTATION_CONTEXT(2) 
PARAMETRIC_REPRESENTATION_CONTEXT() REPRESENTATION_CONTEXT('2D SPACE',''
  ) );
#2589 = PCURVE('',#2590,#2595);
#2590 = PLANE('',#2591);
#2591 = AXIS2_PLACEMENT_3D('',#2592,#2593,#2594);
#2592 = CARTESIAN_POINT('',(1.98E+03,205.,282.));
#2593 = DIRECTION('',(0.,0.,1.));
#2594 = DIRECTION('',(1.,0.,-0.));
#2595 = DEFINITIONAL_REPRESENTATION('',(#2596),#2600);
#2596 = CIRCLE('',#2597,6.);
#2597 = AXIS2_PLACEMENT_2D('',#2598,#2599);
#2598 = CARTESIAN_POINT('',(0.,0.));
#2599 = DIRECTION('',(1.,0.));
#2600 = ( GEOMETRIC_REPRESENTATION_CONTEXT(2) 
PARAMETRIC_REPRESENTATION_CONTEXT() REPRESENTATION_CONTEXT('2D SPACE',''
  ) );
#2601 = ORIENTED_EDGE('',*,*,#2552,.F.);
#2602 = ADVANCED_FACE('',(#2603),#2590,.T.);
#2603 = FACE_BOUND('',#2604,.T.);
#2604 = EDGE_LOOP('',(#2605));
#2605 = ORIENTED_EDGE('',*,*,#2575,.T.);
#2606 = ( GEOMETRIC_REPRESENTATION_CONTEXT(3) 
GLOBAL_UNCERTAINTY_ASSIGNED_CONTEXT((#2610)) 
GLOBAL_UNIT_ASSIGNED_CONTEXT((#2607,#2608,#2609)) REPRESENTATION_CONTEXT
('Context #1','3D Context with UNIT and UNCERTAINTY') );
#2607 = ( LENGTH_UNIT() NAMED_UNIT(*) SI_UNIT(.MILLI.,.METRE.) );
#2608 = ( NAMED_UNIT(*) PLANE_ANGLE_UNIT() SI_UNIT($,.RADIAN.) );
#2609 = ( NAMED_UNIT(*) SI_UNIT($,.STERADIAN.) SOLID_ANGLE_UNIT() );
#2610 = UNCERTAINTY_MEASURE_WITH_UNIT(LENGTH_MEASURE(1.E-07),#2607,
  'distance_accuracy_value','confusion accuracy');
#2611 = CONTEXT_DEPENDENT_SHAPE_REPRESENTATION(#2612,#2614);
#2612 = ( REPRESENTATION_RELATIONSHIP('','',#2202,#10) 
REPRESENTATION_RELATIONSHIP_WITH_TRANSFORMATION(#2613) 
SHAPE_REPRESENTATION_RELATIONSHIP() );
#2613 = ITEM_DEFINED_TRANSFORMATION('','',#11,#35);
#2614 = PRODUCT_DEFINITION_SHAPE('Placement','Placement of an item',
  #2615);
#2615 = NEXT_ASSEMBLY_USAGE_OCCURRENCE('410','','',#5,#2197,$);
#2616 = PRODUCT_RELATED_PRODUCT_CATEGORY('part',$,(#2199));
#2617 = SHAPE_DEFINITION_REPRESENTATION(#2618,#2624);
#2618 = PRODUCT_DEFINITION_SHAPE('','',#2619);
#2619 = PRODUCT_DEFINITION('design','',#2620,#2623);
#2620 = PRODUCT_DEFINITION_FORMATION('','',#2621);
#2621 = PRODUCT('Open CASCADE STEP translator 7.9 25.7',
  'Open CASCADE STEP translator 7.9 25.7','',(#2622));
#2622 = PRODUCT_CONTEXT('',#2,'mechanical');
#2623 = PRODUCT_DEFINITION_CONTEXT('part definition',#2,'design');
#2624 = ADVANCED_BREP_SHAPE_REPRESENTATION('',(#11,#2625),#3028);
#2625 = MANIFOLD_SOLID_BREP('',#2626);
#2626 = CLOSED_SHELL('',(#2627,#2715,#2750,#2785,#2840,#2895,#2930,#2965
    ,#2969,#3024));
#2627 = ADVANCED_FACE('',(#2628),#2641,.T.);
#2628 = FACE_BOUND('',#2629,.T.);
#2629 = EDGE_LOOP('',(#2630,#2664,#2687,#2714));
#2630 = ORIENTED_EDGE('',*,*,#2631,.T.);
#2631 = EDGE_CURVE('',#2632,#2632,#2634,.T.);
#2632 = VERTEX_POINT('',#2633);
#2633 = CARTESIAN_POINT('',(2.096E+03,125.,237.));
#2634 = SURFACE_CURVE('',#2635,(#2640,#2652),.PCURVE_S1.);
#2635 = CIRCLE('',#2636,6.);
#2636 = AXIS2_PLACEMENT_3D('',#2637,#2638,#2639);
#2637 = CARTESIAN_POINT('',(2.09E+03,125.,237.));
#2638 = DIRECTION('',(0.,0.,1.));
#2639 = DIRECTION('',(1.,0.,-0.));
#2640 = PCURVE('',#2641,#2646);
#2641 = CYLINDRICAL_SURFACE('',#2642,6.);
#2642 = AXIS2_PLACEMENT_3D('',#2643,#2644,#2645);
#2643 = CARTESIAN_POINT('',(2.09E+03,125.,229.));
#2644 = DIRECTION('',(0.,0.,1.));
#2645 = DIRECTION('',(1.,0.,-0.));
#2646 = DEFINITIONAL_REPRESENTATION('',(#2647),#2651);
#2647 = LINE('',#2648,#2649);
#2648 = CARTESIAN_POINT('',(0.,8.));
#2649 = VECTOR('',#2650,1.);
#2650 = DIRECTION('',(1.,0.));
#2651 = ( GEOMETRIC_REPRESENTATION_CONTEXT(2) 
PARAMETRIC_REPRESENTATION_CONTEXT() REPRESENTATION_CONTEXT('2D SPACE',''
  ) );
#2652 = PCURVE('',#2653,#2658);
#2653 = PLANE('',#2654);
#2654 = AXIS2_PLACEMENT_3D('',#2655,#2656,#2657);
#2655 = CARTESIAN_POINT('',(2.09E+03,125.,237.));
#2656 = DIRECTION('',(0.,0.,1.));
#2657 = DIRECTION('',(1.,0.,-0.));
#2658 = DEFINITIONAL_REPRESENTATION('',(#2659),#2663);
#2659 = CIRCLE('',#2660,6.);
#2660 = AXIS2_PLACEMENT_2D('',#2661,#2662);
#2661 = CARTESIAN_POINT('',(0.,0.));
#2662 = DIRECTION('',(1.,0.));
#2663 = ( GEOMETRIC_REPRESENTATION_CONTEXT(2) 
PARAMETRIC_REPRESENTATION_CONTEXT() REPRESENTATION_CONTEXT('2D SPACE',''
  ) );
#2664 = ORIENTED_EDGE('',*,*,#2665,.T.);
#2665 = EDGE_CURVE('',#2632,#2666,#2668,.T.);
#2666 = VERTEX_POINT('',#2667);
#2667 = CARTESIAN_POINT('',(2.096E+03,125.,270.));
#2668 = SEAM_CURVE('',#2669,(#2673,#2680),.PCURVE_S1.);
#2669 = LINE('',#2670,#2671);
#2670 = CARTESIAN_POINT('',(2.096E+03,125.,229.));
#2671 = VECTOR('',#2672,1.);
#2672 = DIRECTION('',(0.,0.,1.));
#2673 = PCURVE('',#2641,#2674);
#2674 = DEFINITIONAL_REPRESENTATION('',(#2675),#2679);
#2675 = LINE('',#2676,#2677);
#2676 = CARTESIAN_POINT('',(0.,-0.));
#2677 = VECTOR('',#2678,1.);
#2678 = DIRECTION('',(0.,1.));
#2679 = ( GEOMETRIC_REPRESENTATION_CONTEXT(2) 
PARAMETRIC_REPRESENTATION_CONTEXT() REPRESENTATION_CONTEXT('2D SPACE',''
  ) );
#2680 = PCURVE('',#2641,#2681);
#2681 = DEFINITIONAL_REPRESENTATION('',(#2682),#2686);
#2682 = LINE('',#2683,#2684);
#2683 = CARTESIAN_POINT('',(6.28318530718,-0.));
#2684 = VECTOR('',#2685,1.);
#2685 = DIRECTION('',(0.,1.));
#2686 = ( GEOMETRIC_REPRESENTATION_CONTEXT(2) 
PARAMETRIC_REPRESENTATION_CONTEXT() REPRESENTATION_CONTEXT('2D SPACE',''
  ) );
#2687 = ORIENTED_EDGE('',*,*,#2688,.F.);
#2688 = EDGE_CURVE('',#2666,#2666,#2689,.T.);
#2689 = SURFACE_CURVE('',#2690,(#2695,#2702),.PCURVE_S1.);
#2690 = CIRCLE('',#2691,6.);
#2691 = AXIS2_PLACEMENT_3D('',#2692,#2693,#2694);
#2692 = CARTESIAN_POINT('',(2.09E+03,125.,270.));
#2693 = DIRECTION('',(0.,0.,1.));
#2694 = DIRECTION('',(1.,0.,-0.));
#2695 = PCURVE('',#2641,#2696);
#2696 = DEFINITIONAL_REPRESENTATION('',(#2697),#2701);
#2697 = LINE('',#2698,#2699);
#2698 = CARTESIAN_POINT('',(0.,41.));
#2699 = VECTOR('',#2700,1.);
#2700 = DIRECTION('',(1.,0.));
#2701 = ( GEOMETRIC_REPRESENTATION_CONTEXT(2) 
PARAMETRIC_REPRESENTATION_CONTEXT() REPRESENTATION_CONTEXT('2D SPACE',''
  ) );
#2702 = PCURVE('',#2703,#2708);
#2703 = PLANE('',#2704);
#2704 = AXIS2_PLACEMENT_3D('',#2705,#2706,#2707);
#2705 = CARTESIAN_POINT('',(2.09E+03,125.,270.));
#2706 = DIRECTION('',(0.,0.,1.));
#2707 = DIRECTION('',(1.,0.,-0.));
#2708 = DEFINITIONAL_REPRESENTATION('',(#2709),#2713);
#2709 = CIRCLE('',#2710,6.);
#2710 = AXIS2_PLACEMENT_2D('',#2711,#2712);
#2711 = CARTESIAN_POINT('',(0.,0.));
#2712 = DIRECTION('',(1.,0.));
#2713 = ( GEOMETRIC_REPRESENTATION_CONTEXT(2) 
PARAMETRIC_REPRESENTATION_CONTEXT() REPRESENTATION_CONTEXT('2D SPACE',''
  ) );
#2714 = ORIENTED_EDGE('',*,*,#2665,.F.);
#2715 = ADVANCED_FACE('',(#2716,#2747),#2653,.T.);
#2716 = FACE_BOUND('',#2717,.T.);
#2717 = EDGE_LOOP('',(#2718));
#2718 = ORIENTED_EDGE('',*,*,#2719,.T.);
#2719 = EDGE_CURVE('',#2720,#2720,#2722,.T.);
#2720 = VERTEX_POINT('',#2721);
#2721 = CARTESIAN_POINT('',(2.0995E+03,125.,237.));
#2722 = SURFACE_CURVE('',#2723,(#2728,#2735),.PCURVE_S1.);
#2723 = CIRCLE('',#2724,9.5);
#2724 = AXIS2_PLACEMENT_3D('',#2725,#2726,#2727);
#2725 = CARTESIAN_POINT('',(2.09E+03,125.,237.));
#2726 = DIRECTION('',(0.,0.,1.));
#2727 = DIRECTION('',(1.,0.,-0.));
#2728 = PCURVE('',#2653,#2729);
#2729 = DEFINITIONAL_REPRESENTATION('',(#2730),#2734);
#2730 = CIRCLE('',#2731,9.5);
#2731 = AXIS2_PLACEMENT_2D('',#2732,#2733);
#2732 = CARTESIAN_POINT('',(0.,0.));
#2733 = DIRECTION('',(1.,0.));
#2734 = ( GEOMETRIC_REPRESENTATION_CONTEXT(2) 
PARAMETRIC_REPRESENTATION_CONTEXT() REPRESENTATION_CONTEXT('2D SPACE',''
  ) );
#2735 = PCURVE('',#2736,#2741);
#2736 = CYLINDRICAL_SURFACE('',#2737,9.5);
#2737 = AXIS2_PLACEMENT_3D('',#2738,#2739,#2740);
#2738 = CARTESIAN_POINT('',(2.09E+03,125.,229.));
#2739 = DIRECTION('',(0.,0.,1.));
#2740 = DIRECTION('',(1.,0.,-0.));
#2741 = DEFINITIONAL_REPRESENTATION('',(#2742),#2746);
#2742 = LINE('',#2743,#2744);
#2743 = CARTESIAN_POINT('',(0.,8.));
#2744 = VECTOR('',#2745,1.);
#2745 = DIRECTION('',(1.,0.));
#2746 = ( GEOMETRIC_REPRESENTATION_CONTEXT(2) 
PARAMETRIC_REPRESENTATION_CONTEXT() REPRESENTATION_CONTEXT('2D SPACE',''
  ) );
#2747 = FACE_BOUND('',#2748,.T.);
#2748 = EDGE_LOOP('',(#2749));
#2749 = ORIENTED_EDGE('',*,*,#2631,.F.);
#2750 = ADVANCED_FACE('',(#2751,#2782),#2703,.F.);
#2751 = FACE_BOUND('',#2752,.F.);
#2752 = EDGE_LOOP('',(#2753));
#2753 = ORIENTED_EDGE('',*,*,#2754,.T.);
#2754 = EDGE_CURVE('',#2755,#2755,#2757,.T.);
#2755 = VERTEX_POINT('',#2756);
#2756 = CARTESIAN_POINT('',(2.0995E+03,125.,270.));
#2757 = SURFACE_CURVE('',#2758,(#2763,#2770),.PCURVE_S1.);
#2758 = CIRCLE('',#2759,9.5);
#2759 = AXIS2_PLACEMENT_3D('',#2760,#2761,#2762);
#2760 = CARTESIAN_POINT('',(2.09E+03,125.,270.));
#2761 = DIRECTION('',(0.,0.,1.));
#2762 = DIRECTION('',(1.,0.,-0.));
#2763 = PCURVE('',#2703,#2764);
#2764 = DEFINITIONAL_REPRESENTATION('',(#2765),#2769);
#2765 = CIRCLE('',#2766,9.5);
#2766 = AXIS2_PLACEMENT_2D('',#2767,#2768);
#2767 = CARTESIAN_POINT('',(0.,0.));
#2768 = DIRECTION('',(1.,0.));
#2769 = ( GEOMETRIC_REPRESENTATION_CONTEXT(2) 
PARAMETRIC_REPRESENTATION_CONTEXT() REPRESENTATION_CONTEXT('2D SPACE',''
  ) );
#2770 = PCURVE('',#2771,#2776);
#2771 = CYLINDRICAL_SURFACE('',#2772,9.5);
#2772 = AXIS2_PLACEMENT_3D('',#2773,#2774,#2775);
#2773 = CARTESIAN_POINT('',(2.09E+03,125.,270.));
#2774 = DIRECTION('',(0.,0.,1.));
#2775 = DIRECTION('',(1.,0.,-0.));
#2776 = DEFINITIONAL_REPRESENTATION('',(#2777),#2781);
#2777 = LINE('',#2778,#2779);
#2778 = CARTESIAN_POINT('',(0.,0.));
#2779 = VECTOR('',#2780,1.);
#2780 = DIRECTION('',(1.,0.));
#2781 = ( GEOMETRIC_REPRESENTATION_CONTEXT(2) 
PARAMETRIC_REPRESENTATION_CONTEXT() REPRESENTATION_CONTEXT('2D SPACE',''
  ) );
#2782 = FACE_BOUND('',#2783,.F.);
#2783 = EDGE_LOOP('',(#2784));
#2784 = ORIENTED_EDGE('',*,*,#2688,.F.);
#2785 = ADVANCED_FACE('',(#2786),#2736,.T.);
#2786 = FACE_BOUND('',#2787,.T.);
#2787 = EDGE_LOOP('',(#2788,#2789,#2812,#2839));
#2788 = ORIENTED_EDGE('',*,*,#2719,.F.);
#2789 = ORIENTED_EDGE('',*,*,#2790,.F.);
#2790 = EDGE_CURVE('',#2791,#2720,#2793,.T.);
#2791 = VERTEX_POINT('',#2792);
#2792 = CARTESIAN_POINT('',(2.0995E+03,125.,229.));
#2793 = SEAM_CURVE('',#2794,(#2798,#2805),.PCURVE_S1.);
#2794 = LINE('',#2795,#2796);
#2795 = CARTESIAN_POINT('',(2.0995E+03,125.,229.));
#2796 = VECTOR('',#2797,1.);
#2797 = DIRECTION('',(0.,0.,1.));
#2798 = PCURVE('',#2736,#2799);
#2799 = DEFINITIONAL_REPRESENTATION('',(#2800),#2804);
#2800 = LINE('',#2801,#2802);
#2801 = CARTESIAN_POINT('',(6.28318530718,-0.));
#2802 = VECTOR('',#2803,1.);
#2803 = DIRECTION('',(0.,1.));
#2804 = ( GEOMETRIC_REPRESENTATION_CONTEXT(2) 
PARAMETRIC_REPRESENTATION_CONTEXT() REPRESENTATION_CONTEXT('2D SPACE',''
  ) );
#2805 = PCURVE('',#2736,#2806);
#2806 = DEFINITIONAL_REPRESENTATION('',(#2807),#2811);
#2807 = LINE('',#2808,#2809);
#2808 = CARTESIAN_POINT('',(0.,-0.));
#2809 = VECTOR('',#2810,1.);
#2810 = DIRECTION('',(0.,1.));
#2811 = ( GEOMETRIC_REPRESENTATION_CONTEXT(2) 
PARAMETRIC_REPRESENTATION_CONTEXT() REPRESENTATION_CONTEXT('2D SPACE',''
  ) );
#2812 = ORIENTED_EDGE('',*,*,#2813,.T.);
#2813 = EDGE_CURVE('',#2791,#2791,#2814,.T.);
#2814 = SURFACE_CURVE('',#2815,(#2820,#2827),.PCURVE_S1.);
#2815 = CIRCLE('',#2816,9.5);
#2816 = AXIS2_PLACEMENT_3D('',#2817,#2818,#2819);
#2817 = CARTESIAN_POINT('',(2.09E+03,125.,229.));
#2818 = DIRECTION('',(0.,0.,1.));
#2819 = DIRECTION('',(1.,0.,-0.));
#2820 = PCURVE('',#2736,#2821);
#2821 = DEFINITIONAL_REPRESENTATION('',(#2822),#2826);
#2822 = LINE('',#2823,#2824);
#2823 = CARTESIAN_POINT('',(0.,0.));
#2824 = VECTOR('',#2825,1.);
#2825 = DIRECTION('',(1.,0.));
#2826 = ( GEOMETRIC_REPRESENTATION_CONTEXT(2) 
PARAMETRIC_REPRESENTATION_CONTEXT() REPRESENTATION_CONTEXT('2D SPACE',''
  ) );
#2827 = PCURVE('',#2828,#2833);
#2828 = PLANE('',#2829);
#2829 = AXIS2_PLACEMENT_3D('',#2830,#2831,#2832);
#2830 = CARTESIAN_POINT('',(2.09E+03,125.,229.));
#2831 = DIRECTION('',(0.,0.,1.));
#2832 = DIRECTION('',(1.,0.,-0.));
#2833 = DEFINITIONAL_REPRESENTATION('',(#2834),#2838);
#2834 = CIRCLE('',#2835,9.5);
#2835 = AXIS2_PLACEMENT_2D('',#2836,#2837);
#2836 = CARTESIAN_POINT('',(0.,0.));
#2837 = DIRECTION('',(1.,0.));
#2838 = ( GEOMETRIC_REPRESENTATION_CONTEXT(2) 
PARAMETRIC_REPRESENTATION_CONTEXT() REPRESENTATION_CONTEXT('2D SPACE',''
  ) );
#2839 = ORIENTED_EDGE('',*,*,#2790,.T.);
#2840 = ADVANCED_FACE('',(#2841),#2771,.T.);
#2841 = FACE_BOUND('',#2842,.T.);
#2842 = EDGE_LOOP('',(#2843,#2872,#2893,#2894));
#2843 = ORIENTED_EDGE('',*,*,#2844,.F.);
#2844 = EDGE_CURVE('',#2845,#2845,#2847,.T.);
#2845 = VERTEX_POINT('',#2846);
#2846 = CARTESIAN_POINT('',(2.0995E+03,125.,280.));
#2847 = SURFACE_CURVE('',#2848,(#2853,#2860),.PCURVE_S1.);
#2848 = CIRCLE('',#2849,9.5);
#2849 = AXIS2_PLACEMENT_3D('',#2850,#2851,#2852);
#2850 = CARTESIAN_POINT('',(2.09E+03,125.,280.));
#2851 = DIRECTION('',(0.,0.,1.));
#2852 = DIRECTION('',(1.,0.,-0.));
#2853 = PCURVE('',#2771,#2854);
#2854 = DEFINITIONAL_REPRESENTATION('',(#2855),#2859);
#2855 = LINE('',#2856,#2857);
#2856 = CARTESIAN_POINT('',(0.,10.));
#2857 = VECTOR('',#2858,1.);
#2858 = DIRECTION('',(1.,0.));
#2859 = ( GEOMETRIC_REPRESENTATION_CONTEXT(2) 
PARAMETRIC_REPRESENTATION_CONTEXT() REPRESENTATION_CONTEXT('2D SPACE',''
  ) );
#2860 = PCURVE('',#2861,#2866);
#2861 = PLANE('',#2862);
#2862 = AXIS2_PLACEMENT_3D('',#2863,#2864,#2865);
#2863 = CARTESIAN_POINT('',(2.09E+03,125.,280.));
#2864 = DIRECTION('',(0.,0.,1.));
#2865 = DIRECTION('',(1.,0.,-0.));
#2866 = DEFINITIONAL_REPRESENTATION('',(#2867),#2871);
#2867 = CIRCLE('',#2868,9.5);
#2868 = AXIS2_PLACEMENT_2D('',#2869,#2870);
#2869 = CARTESIAN_POINT('',(0.,0.));
#2870 = DIRECTION('',(1.,0.));
#2871 = ( GEOMETRIC_REPRESENTATION_CONTEXT(2) 
PARAMETRIC_REPRESENTATION_CONTEXT() REPRESENTATION_CONTEXT('2D SPACE',''
  ) );
#2872 = ORIENTED_EDGE('',*,*,#2873,.F.);
#2873 = EDGE_CURVE('',#2755,#2845,#2874,.T.);
#2874 = SEAM_CURVE('',#2875,(#2879,#2886),.PCURVE_S1.);
#2875 = LINE('',#2876,#2877);
#2876 = CARTESIAN_POINT('',(2.0995E+03,125.,270.));
#2877 = VECTOR('',#2878,1.);
#2878 = DIRECTION('',(0.,0.,1.));
#2879 = PCURVE('',#2771,#2880);
#2880 = DEFINITIONAL_REPRESENTATION('',(#2881),#2885);
#2881 = LINE('',#2882,#2883);
#2882 = CARTESIAN_POINT('',(6.28318530718,-0.));
#2883 = VECTOR('',#2884,1.);
#2884 = DIRECTION('',(0.,1.));
#2885 = ( GEOMETRIC_REPRESENTATION_CONTEXT(2) 
PARAMETRIC_REPRESENTATION_CONTEXT() REPRESENTATION_CONTEXT('2D SPACE',''
  ) );
#2886 = PCURVE('',#2771,#2887);
#2887 = DEFINITIONAL_REPRESENTATION('',(#2888),#2892);
#2888 = LINE('',#2889,#2890);
#2889 = CARTESIAN_POINT('',(0.,-0.));
#2890 = VECTOR('',#2891,1.);
#2891 = DIRECTION('',(0.,1.));
#2892 = ( GEOMETRIC_REPRESENTATION_CONTEXT(2) 
PARAMETRIC_REPRESENTATION_CONTEXT() REPRESENTATION_CONTEXT('2D SPACE',''
  ) );
#2893 = ORIENTED_EDGE('',*,*,#2754,.T.);
#2894 = ORIENTED_EDGE('',*,*,#2873,.T.);
#2895 = ADVANCED_FACE('',(#2896,#2899),#2828,.F.);
#2896 = FACE_BOUND('',#2897,.F.);
#2897 = EDGE_LOOP('',(#2898));
#2898 = ORIENTED_EDGE('',*,*,#2813,.T.);
#2899 = FACE_BOUND('',#2900,.F.);
#2900 = EDGE_LOOP('',(#2901));
#2901 = ORIENTED_EDGE('',*,*,#2902,.F.);
#2902 = EDGE_CURVE('',#2903,#2903,#2905,.T.);
#2903 = VERTEX_POINT('',#2904);
#2904 = CARTESIAN_POINT('',(2.096E+03,125.,229.));
#2905 = SURFACE_CURVE('',#2906,(#2911,#2918),.PCURVE_S1.);
#2906 = CIRCLE('',#2907,6.);
#2907 = AXIS2_PLACEMENT_3D('',#2908,#2909,#2910);
#2908 = CARTESIAN_POINT('',(2.09E+03,125.,229.));
#2909 = DIRECTION('',(0.,0.,1.));
#2910 = DIRECTION('',(1.,0.,-0.));
#2911 = PCURVE('',#2828,#2912);
#2912 = DEFINITIONAL_REPRESENTATION('',(#2913),#2917);
#2913 = CIRCLE('',#2914,6.);
#2914 = AXIS2_PLACEMENT_2D('',#2915,#2916);
#2915 = CARTESIAN_POINT('',(0.,0.));
#2916 = DIRECTION('',(1.,0.));
#2917 = ( GEOMETRIC_REPRESENTATION_CONTEXT(2) 
PARAMETRIC_REPRESENTATION_CONTEXT() REPRESENTATION_CONTEXT('2D SPACE',''
  ) );
#2918 = PCURVE('',#2919,#2924);
#2919 = PLANE('',#2920);
#2920 = AXIS2_PLACEMENT_3D('',#2921,#2922,#2923);
#2921 = CARTESIAN_POINT('',(2.09E+03,125.,229.));
#2922 = DIRECTION('',(0.,0.,1.));
#2923 = DIRECTION('',(1.,0.,-0.));
#2924 = DEFINITIONAL_REPRESENTATION('',(#2925),#2929);
#2925 = CIRCLE('',#2926,6.);
#2926 = AXIS2_PLACEMENT_2D('',#2927,#2928);
#2927 = CARTESIAN_POINT('',(0.,0.));
#2928 = DIRECTION('',(1.,0.));
#2929 = ( GEOMETRIC_REPRESENTATION_CONTEXT(2) 
PARAMETRIC_REPRESENTATION_CONTEXT() REPRESENTATION_CONTEXT('2D SPACE',''
  ) );
#2930 = ADVANCED_FACE('',(#2931,#2934),#2861,.T.);
#2931 = FACE_BOUND('',#2932,.T.);
#2932 = EDGE_LOOP('',(#2933));
#2933 = ORIENTED_EDGE('',*,*,#2844,.T.);
#2934 = FACE_BOUND('',#2935,.T.);
#2935 = EDGE_LOOP('',(#2936));
#2936 = ORIENTED_EDGE('',*,*,#2937,.F.);
#2937 = EDGE_CURVE('',#2938,#2938,#2940,.T.);
#2938 = VERTEX_POINT('',#2939);
#2939 = CARTESIAN_POINT('',(2.096E+03,125.,280.));
#2940 = SURFACE_CURVE('',#2941,(#2946,#2953),.PCURVE_S1.);
#2941 = CIRCLE('',#2942,6.);
#2942 = AXIS2_PLACEMENT_3D('',#2943,#2944,#2945);
#2943 = CARTESIAN_POINT('',(2.09E+03,125.,280.));
#2944 = DIRECTION('',(0.,0.,1.));
#2945 = DIRECTION('',(1.,0.,-0.));
#2946 = PCURVE('',#2861,#2947);
#2947 = DEFINITIONAL_REPRESENTATION('',(#2948),#2952);
#2948 = CIRCLE('',#2949,6.);
#2949 = AXIS2_PLACEMENT_2D('',#2950,#2951);
#2950 = CARTESIAN_POINT('',(0.,0.));
#2951 = DIRECTION('',(1.,0.));
#2952 = ( GEOMETRIC_REPRESENTATION_CONTEXT(2) 
PARAMETRIC_REPRESENTATION_CONTEXT() REPRESENTATION_CONTEXT('2D SPACE',''
  ) );
#2953 = PCURVE('',#2954,#2959);
#2954 = CYLINDRICAL_SURFACE('',#2955,6.);
#2955 = AXIS2_PLACEMENT_3D('',#2956,#2957,#2958);
#2956 = CARTESIAN_POINT('',(2.09E+03,125.,229.));
#2957 = DIRECTION('',(0.,0.,1.));
#2958 = DIRECTION('',(1.,0.,-0.));
#2959 = DEFINITIONAL_REPRESENTATION('',(#2960),#2964);
#2960 = LINE('',#2961,#2962);
#2961 = CARTESIAN_POINT('',(0.,51.));
#2962 = VECTOR('',#2963,1.);
#2963 = DIRECTION('',(1.,0.));
#2964 = ( GEOMETRIC_REPRESENTATION_CONTEXT(2) 
PARAMETRIC_REPRESENTATION_CONTEXT() REPRESENTATION_CONTEXT('2D SPACE',''
  ) );
#2965 = ADVANCED_FACE('',(#2966),#2919,.F.);
#2966 = FACE_BOUND('',#2967,.T.);
#2967 = EDGE_LOOP('',(#2968));
#2968 = ORIENTED_EDGE('',*,*,#2902,.F.);
#2969 = ADVANCED_FACE('',(#2970),#2954,.T.);
#2970 = FACE_BOUND('',#2971,.T.);
#2971 = EDGE_LOOP('',(#2972,#2973,#2996,#3023));
#2972 = ORIENTED_EDGE('',*,*,#2937,.T.);
#2973 = ORIENTED_EDGE('',*,*,#2974,.T.);
#2974 = EDGE_CURVE('',#2938,#2975,#2977,.T.);
#2975 = VERTEX_POINT('',#2976);
#2976 = CARTESIAN_POINT('',(2.096E+03,125.,282.));
#2977 = SEAM_CURVE('',#2978,(#2982,#2989),.PCURVE_S1.);
#2978 = LINE('',#2979,#2980);
#2979 = CARTESIAN_POINT('',(2.096E+03,125.,229.));
#2980 = VECTOR('',#2981,1.);
#2981 = DIRECTION('',(0.,0.,1.));
#2982 = PCURVE('',#2954,#2983);
#2983 = DEFINITIONAL_REPRESENTATION('',(#2984),#2988);
#2984 = LINE('',#2985,#2986);
#2985 = CARTESIAN_POINT('',(0.,-0.));
#2986 = VECTOR('',#2987,1.);
#2987 = DIRECTION('',(0.,1.));
#2988 = ( GEOMETRIC_REPRESENTATION_CONTEXT(2) 
PARAMETRIC_REPRESENTATION_CONTEXT() REPRESENTATION_CONTEXT('2D SPACE',''
  ) );
#2989 = PCURVE('',#2954,#2990);
#2990 = DEFINITIONAL_REPRESENTATION('',(#2991),#2995);
#2991 = LINE('',#2992,#2993);
#2992 = CARTESIAN_POINT('',(6.28318530718,-0.));
#2993 = VECTOR('',#2994,1.);
#2994 = DIRECTION('',(0.,1.));
#2995 = ( GEOMETRIC_REPRESENTATION_CONTEXT(2) 
PARAMETRIC_REPRESENTATION_CONTEXT() REPRESENTATION_CONTEXT('2D SPACE',''
  ) );
#2996 = ORIENTED_EDGE('',*,*,#2997,.F.);
#2997 = EDGE_CURVE('',#2975,#2975,#2998,.T.);
#2998 = SURFACE_CURVE('',#2999,(#3004,#3011),.PCURVE_S1.);
#2999 = CIRCLE('',#3000,6.);
#3000 = AXIS2_PLACEMENT_3D('',#3001,#3002,#3003);
#3001 = CARTESIAN_POINT('',(2.09E+03,125.,282.));
#3002 = DIRECTION('',(0.,0.,1.));
#3003 = DIRECTION('',(1.,0.,-0.));
#3004 = PCURVE('',#2954,#3005);
#3005 = DEFINITIONAL_REPRESENTATION('',(#3006),#3010);
#3006 = LINE('',#3007,#3008);
#3007 = CARTESIAN_POINT('',(0.,53.));
#3008 = VECTOR('',#3009,1.);
#3009 = DIRECTION('',(1.,0.));
#3010 = ( GEOMETRIC_REPRESENTATION_CONTEXT(2) 
PARAMETRIC_REPRESENTATION_CONTEXT() REPRESENTATION_CONTEXT('2D SPACE',''
  ) );
#3011 = PCURVE('',#3012,#3017);
#3012 = PLANE('',#3013);
#3013 = AXIS2_PLACEMENT_3D('',#3014,#3015,#3016);
#3014 = CARTESIAN_POINT('',(2.09E+03,125.,282.));
#3015 = DIRECTION('',(0.,0.,1.));
#3016 = DIRECTION('',(1.,0.,-0.));
#3017 = DEFINITIONAL_REPRESENTATION('',(#3018),#3022);
#3018 = CIRCLE('',#3019,6.);
#3019 = AXIS2_PLACEMENT_2D('',#3020,#3021);
#3020 = CARTESIAN_POINT('',(0.,0.));
#3021 = DIRECTION('',(1.,0.));
#3022 = ( GEOMETRIC_REPRESENTATION_CONTEXT(2) 
PARAMETRIC_REPRESENTATION_CONTEXT() REPRESENTATION_CONTEXT('2D SPACE',''
  ) );
#3023 = ORIENTED_EDGE('',*,*,#2974,.F.);
#3024 = ADVANCED_FACE('',(#3025),#3012,.T.);
#3025 = FACE_BOUND('',#3026,.T.);
#3026 = EDGE_LOOP('',(#3027));
#3027 = ORIENTED_EDGE('',*,*,#2997,.T.);
#3028 = ( GEOMETRIC_REPRESENTATION_CONTEXT(3) 
GLOBAL_UNCERTAINTY_ASSIGNED_CONTEXT((#3032)) 
GLOBAL_UNIT_ASSIGNED_CONTEXT((#3029,#3030,#3031)) REPRESENTATION_CONTEXT
('Context #1','3D Context with UNIT and UNCERTAINTY') );
#3029 = ( LENGTH_UNIT() NAMED_UNIT(*) SI_UNIT(.MILLI.,.METRE.) );
#3030 = ( NAMED_UNIT(*) PLANE_ANGLE_UNIT() SI_UNIT($,.RADIAN.) );
#3031 = ( NAMED_UNIT(*) SI_UNIT($,.STERADIAN.) SOLID_ANGLE_UNIT() );
#3032 = UNCERTAINTY_MEASURE_WITH_UNIT(LENGTH_MEASURE(1.E-07),#3029,
  'distance_accuracy_value','confusion accuracy');
#3033 = CONTEXT_DEPENDENT_SHAPE_REPRESENTATION(#3034,#3036);
#3034 = ( REPRESENTATION_RELATIONSHIP('','',#2624,#10) 
REPRESENTATION_RELATIONSHIP_WITH_TRANSFORMATION(#3035) 
SHAPE_REPRESENTATION_RELATIONSHIP() );
#3035 = ITEM_DEFINED_TRANSFORMATION('','',#11,#39);
#3036 = PRODUCT_DEFINITION_SHAPE('Placement','Placement of an item',
  #3037);
#3037 = NEXT_ASSEMBLY_USAGE_OCCURRENCE('411','','',#5,#2619,$);
#3038 = PRODUCT_RELATED_PRODUCT_CATEGORY('part',$,(#2621));
#3039 = SHAPE_DEFINITION_REPRESENTATION(#3040,#3046);
#3040 = PRODUCT_DEFINITION_SHAPE('','',#3041);
#3041 = PRODUCT_DEFINITION('design','',#3042,#3045);
#3042 = PRODUCT_DEFINITION_FORMATION('','',#3043);
#3043 = PRODUCT('Open CASCADE STEP translator 7.9 25.8',
  'Open CASCADE STEP translator 7.9 25.8','',(#3044));
#3044 = PRODUCT_CONTEXT('',#2,'mechanical');
#3045 = PRODUCT_DEFINITION_CONTEXT('part definition',#2,'design');
#3046 = ADVANCED_BREP_SHAPE_REPRESENTATION('',(#11,#3047),#3450);
#3047 = MANIFOLD_SOLID_BREP('',#3048);
#3048 = CLOSED_SHELL('',(#3049,#3137,#3172,#3207,#3262,#3317,#3352,#3387
    ,#3391,#3446));
#3049 = ADVANCED_FACE('',(#3050),#3063,.T.);
#3050 = FACE_BOUND('',#3051,.T.);
#3051 = EDGE_LOOP('',(#3052,#3086,#3109,#3136));
#3052 = ORIENTED_EDGE('',*,*,#3053,.T.);
#3053 = EDGE_CURVE('',#3054,#3054,#3056,.T.);
#3054 = VERTEX_POINT('',#3055);
#3055 = CARTESIAN_POINT('',(2.096E+03,205.,237.));
#3056 = SURFACE_CURVE('',#3057,(#3062,#3074),.PCURVE_S1.);
#3057 = CIRCLE('',#3058,6.);
#3058 = AXIS2_PLACEMENT_3D('',#3059,#3060,#3061);
#3059 = CARTESIAN_POINT('',(2.09E+03,205.,237.));
#3060 = DIRECTION('',(0.,0.,1.));
#3061 = DIRECTION('',(1.,0.,-0.));
#3062 = PCURVE('',#3063,#3068);
#3063 = CYLINDRICAL_SURFACE('',#3064,6.);
#3064 = AXIS2_PLACEMENT_3D('',#3065,#3066,#3067);
#3065 = CARTESIAN_POINT('',(2.09E+03,205.,229.));
#3066 = DIRECTION('',(0.,0.,1.));
#3067 = DIRECTION('',(1.,0.,-0.));
#3068 = DEFINITIONAL_REPRESENTATION('',(#3069),#3073);
#3069 = LINE('',#3070,#3071);
#3070 = CARTESIAN_POINT('',(0.,8.));
#3071 = VECTOR('',#3072,1.);
#3072 = DIRECTION('',(1.,0.));
#3073 = ( GEOMETRIC_REPRESENTATION_CONTEXT(2) 
PARAMETRIC_REPRESENTATION_CONTEXT() REPRESENTATION_CONTEXT('2D SPACE',''
  ) );
#3074 = PCURVE('',#3075,#3080);
#3075 = PLANE('',#3076);
#3076 = AXIS2_PLACEMENT_3D('',#3077,#3078,#3079);
#3077 = CARTESIAN_POINT('',(2.09E+03,205.,237.));
#3078 = DIRECTION('',(0.,0.,1.));
#3079 = DIRECTION('',(1.,0.,-0.));
#3080 = DEFINITIONAL_REPRESENTATION('',(#3081),#3085);
#3081 = CIRCLE('',#3082,6.);
#3082 = AXIS2_PLACEMENT_2D('',#3083,#3084);
#3083 = CARTESIAN_POINT('',(0.,0.));
#3084 = DIRECTION('',(1.,0.));
#3085 = ( GEOMETRIC_REPRESENTATION_CONTEXT(2) 
PARAMETRIC_REPRESENTATION_CONTEXT() REPRESENTATION_CONTEXT('2D SPACE',''
  ) );
#3086 = ORIENTED_EDGE('',*,*,#3087,.T.);
#3087 = EDGE_CURVE('',#3054,#3088,#3090,.T.);
#3088 = VERTEX_POINT('',#3089);
#3089 = CARTESIAN_POINT('',(2.096E+03,205.,270.));
#3090 = SEAM_CURVE('',#3091,(#3095,#3102),.PCURVE_S1.);
#3091 = LINE('',#3092,#3093);
#3092 = CARTESIAN_POINT('',(2.096E+03,205.,229.));
#3093 = VECTOR('',#3094,1.);
#3094 = DIRECTION('',(0.,0.,1.));
#3095 = PCURVE('',#3063,#3096);
#3096 = DEFINITIONAL_REPRESENTATION('',(#3097),#3101);
#3097 = LINE('',#3098,#3099);
#3098 = CARTESIAN_POINT('',(0.,-0.));
#3099 = VECTOR('',#3100,1.);
#3100 = DIRECTION('',(0.,1.));
#3101 = ( GEOMETRIC_REPRESENTATION_CONTEXT(2) 
PARAMETRIC_REPRESENTATION_CONTEXT() REPRESENTATION_CONTEXT('2D SPACE',''
  ) );
#3102 = PCURVE('',#3063,#3103);
#3103 = DEFINITIONAL_REPRESENTATION('',(#3104),#3108);
#3104 = LINE('',#3105,#3106);
#3105 = CARTESIAN_POINT('',(6.28318530718,-0.));
#3106 = VECTOR('',#3107,1.);
#3107 = DIRECTION('',(0.,1.));
#3108 = ( GEOMETRIC_REPRESENTATION_CONTEXT(2) 
PARAMETRIC_REPRESENTATION_CONTEXT() REPRESENTATION_CONTEXT('2D SPACE',''
  ) );
#3109 = ORIENTED_EDGE('',*,*,#3110,.F.);
#3110 = EDGE_CURVE('',#3088,#3088,#3111,.T.);
#3111 = SURFACE_CURVE('',#3112,(#3117,#3124),.PCURVE_S1.);
#3112 = CIRCLE('',#3113,6.);
#3113 = AXIS2_PLACEMENT_3D('',#3114,#3115,#3116);
#3114 = CARTESIAN_POINT('',(2.09E+03,205.,270.));
#3115 = DIRECTION('',(0.,0.,1.));
#3116 = DIRECTION('',(1.,0.,-0.));
#3117 = PCURVE('',#3063,#3118);
#3118 = DEFINITIONAL_REPRESENTATION('',(#3119),#3123);
#3119 = LINE('',#3120,#3121);
#3120 = CARTESIAN_POINT('',(0.,41.));
#3121 = VECTOR('',#3122,1.);
#3122 = DIRECTION('',(1.,0.));
#3123 = ( GEOMETRIC_REPRESENTATION_CONTEXT(2) 
PARAMETRIC_REPRESENTATION_CONTEXT() REPRESENTATION_CONTEXT('2D SPACE',''
  ) );
#3124 = PCURVE('',#3125,#3130);
#3125 = PLANE('',#3126);
#3126 = AXIS2_PLACEMENT_3D('',#3127,#3128,#3129);
#3127 = CARTESIAN_POINT('',(2.09E+03,205.,270.));
#3128 = DIRECTION('',(0.,0.,1.));
#3129 = DIRECTION('',(1.,0.,-0.));
#3130 = DEFINITIONAL_REPRESENTATION('',(#3131),#3135);
#3131 = CIRCLE('',#3132,6.);
#3132 = AXIS2_PLACEMENT_2D('',#3133,#3134);
#3133 = CARTESIAN_POINT('',(0.,0.));
#3134 = DIRECTION('',(1.,0.));
#3135 = ( GEOMETRIC_REPRESENTATION_CONTEXT(2) 
PARAMETRIC_REPRESENTATION_CONTEXT() REPRESENTATION_CONTEXT('2D SPACE',''
  ) );
#3136 = ORIENTED_EDGE('',*,*,#3087,.F.);
#3137 = ADVANCED_FACE('',(#3138,#3169),#3075,.T.);
#3138 = FACE_BOUND('',#3139,.T.);
#3139 = EDGE_LOOP('',(#3140));
#3140 = ORIENTED_EDGE('',*,*,#3141,.T.);
#3141 = EDGE_CURVE('',#3142,#3142,#3144,.T.);
#3142 = VERTEX_POINT('',#3143);
#3143 = CARTESIAN_POINT('',(2.0995E+03,205.,237.));
#3144 = SURFACE_CURVE('',#3145,(#3150,#3157),.PCURVE_S1.);
#3145 = CIRCLE('',#3146,9.5);
#3146 = AXIS2_PLACEMENT_3D('',#3147,#3148,#3149);
#3147 = CARTESIAN_POINT('',(2.09E+03,205.,237.));
#3148 = DIRECTION('',(0.,0.,1.));
#3149 = DIRECTION('',(1.,0.,-0.));
#3150 = PCURVE('',#3075,#3151);
#3151 = DEFINITIONAL_REPRESENTATION('',(#3152),#3156);
#3152 = CIRCLE('',#3153,9.5);
#3153 = AXIS2_PLACEMENT_2D('',#3154,#3155);
#3154 = CARTESIAN_POINT('',(0.,0.));
#3155 = DIRECTION('',(1.,0.));
#3156 = ( GEOMETRIC_REPRESENTATION_CONTEXT(2) 
PARAMETRIC_REPRESENTATION_CONTEXT() REPRESENTATION_CONTEXT('2D SPACE',''
  ) );
#3157 = PCURVE('',#3158,#3163);
#3158 = CYLINDRICAL_SURFACE('',#3159,9.5);
#3159 = AXIS2_PLACEMENT_3D('',#3160,#3161,#3162);
#3160 = CARTESIAN_POINT('',(2.09E+03,205.,229.));
#3161 = DIRECTION('',(0.,0.,1.));
#3162 = DIRECTION('',(1.,0.,-0.));
#3163 = DEFINITIONAL_REPRESENTATION('',(#3164),#3168);
#3164 = LINE('',#3165,#3166);
#3165 = CARTESIAN_POINT('',(0.,8.));
#3166 = VECTOR('',#3167,1.);
#3167 = DIRECTION('',(1.,0.));
#3168 = ( GEOMETRIC_REPRESENTATION_CONTEXT(2) 
PARAMETRIC_REPRESENTATION_CONTEXT() REPRESENTATION_CONTEXT('2D SPACE',''
  ) );
#3169 = FACE_BOUND('',#3170,.T.);
#3170 = EDGE_LOOP('',(#3171));
#3171 = ORIENTED_EDGE('',*,*,#3053,.F.);
#3172 = ADVANCED_FACE('',(#3173,#3204),#3125,.F.);
#3173 = FACE_BOUND('',#3174,.F.);
#3174 = EDGE_LOOP('',(#3175));
#3175 = ORIENTED_EDGE('',*,*,#3176,.T.);
#3176 = EDGE_CURVE('',#3177,#3177,#3179,.T.);
#3177 = VERTEX_POINT('',#3178);
#3178 = CARTESIAN_POINT('',(2.0995E+03,205.,270.));
#3179 = SURFACE_CURVE('',#3180,(#3185,#3192),.PCURVE_S1.);
#3180 = CIRCLE('',#3181,9.5);
#3181 = AXIS2_PLACEMENT_3D('',#3182,#3183,#3184);
#3182 = CARTESIAN_POINT('',(2.09E+03,205.,270.));
#3183 = DIRECTION('',(0.,0.,1.));
#3184 = DIRECTION('',(1.,0.,-0.));
#3185 = PCURVE('',#3125,#3186);
#3186 = DEFINITIONAL_REPRESENTATION('',(#3187),#3191);
#3187 = CIRCLE('',#3188,9.5);
#3188 = AXIS2_PLACEMENT_2D('',#3189,#3190);
#3189 = CARTESIAN_POINT('',(0.,0.));
#3190 = DIRECTION('',(1.,0.));
#3191 = ( GEOMETRIC_REPRESENTATION_CONTEXT(2) 
PARAMETRIC_REPRESENTATION_CONTEXT() REPRESENTATION_CONTEXT('2D SPACE',''
  ) );
#3192 = PCURVE('',#3193,#3198);
#3193 = CYLINDRICAL_SURFACE('',#3194,9.5);
#3194 = AXIS2_PLACEMENT_3D('',#3195,#3196,#3197);
#3195 = CARTESIAN_POINT('',(2.09E+03,205.,270.));
#3196 = DIRECTION('',(0.,0.,1.));
#3197 = DIRECTION('',(1.,0.,-0.));
#3198 = DEFINITIONAL_REPRESENTATION('',(#3199),#3203);
#3199 = LINE('',#3200,#3201);
#3200 = CARTESIAN_POINT('',(0.,0.));
#3201 = VECTOR('',#3202,1.);
#3202 = DIRECTION('',(1.,0.));
#3203 = ( GEOMETRIC_REPRESENTATION_CONTEXT(2) 
PARAMETRIC_REPRESENTATION_CONTEXT() REPRESENTATION_CONTEXT('2D SPACE',''
  ) );
#3204 = FACE_BOUND('',#3205,.F.);
#3205 = EDGE_LOOP('',(#3206));
#3206 = ORIENTED_EDGE('',*,*,#3110,.F.);
#3207 = ADVANCED_FACE('',(#3208),#3158,.T.);
#3208 = FACE_BOUND('',#3209,.T.);
#3209 = EDGE_LOOP('',(#3210,#3211,#3234,#3261));
#3210 = ORIENTED_EDGE('',*,*,#3141,.F.);
#3211 = ORIENTED_EDGE('',*,*,#3212,.F.);
#3212 = EDGE_CURVE('',#3213,#3142,#3215,.T.);
#3213 = VERTEX_POINT('',#3214);
#3214 = CARTESIAN_POINT('',(2.0995E+03,205.,229.));
#3215 = SEAM_CURVE('',#3216,(#3220,#3227),.PCURVE_S1.);
#3216 = LINE('',#3217,#3218);
#3217 = CARTESIAN_POINT('',(2.0995E+03,205.,229.));
#3218 = VECTOR('',#3219,1.);
#3219 = DIRECTION('',(0.,0.,1.));
#3220 = PCURVE('',#3158,#3221);
#3221 = DEFINITIONAL_REPRESENTATION('',(#3222),#3226);
#3222 = LINE('',#3223,#3224);
#3223 = CARTESIAN_POINT('',(6.28318530718,-0.));
#3224 = VECTOR('',#3225,1.);
#3225 = DIRECTION('',(0.,1.));
#3226 = ( GEOMETRIC_REPRESENTATION_CONTEXT(2) 
PARAMETRIC_REPRESENTATION_CONTEXT() REPRESENTATION_CONTEXT('2D SPACE',''
  ) );
#3227 = PCURVE('',#3158,#3228);
#3228 = DEFINITIONAL_REPRESENTATION('',(#3229),#3233);
#3229 = LINE('',#3230,#3231);
#3230 = CARTESIAN_POINT('',(0.,-0.));
#3231 = VECTOR('',#3232,1.);
#3232 = DIRECTION('',(0.,1.));
#3233 = ( GEOMETRIC_REPRESENTATION_CONTEXT(2) 
PARAMETRIC_REPRESENTATION_CONTEXT() REPRESENTATION_CONTEXT('2D SPACE',''
  ) );
#3234 = ORIENTED_EDGE('',*,*,#3235,.T.);
#3235 = EDGE_CURVE('',#3213,#3213,#3236,.T.);
#3236 = SURFACE_CURVE('',#3237,(#3242,#3249),.PCURVE_S1.);
#3237 = CIRCLE('',#3238,9.5);
#3238 = AXIS2_PLACEMENT_3D('',#3239,#3240,#3241);
#3239 = CARTESIAN_POINT('',(2.09E+03,205.,229.));
#3240 = DIRECTION('',(0.,0.,1.));
#3241 = DIRECTION('',(1.,0.,-0.));
#3242 = PCURVE('',#3158,#3243);
#3243 = DEFINITIONAL_REPRESENTATION('',(#3244),#3248);
#3244 = LINE('',#3245,#3246);
#3245 = CARTESIAN_POINT('',(0.,0.));
#3246 = VECTOR('',#3247,1.);
#3247 = DIRECTION('',(1.,0.));
#3248 = ( GEOMETRIC_REPRESENTATION_CONTEXT(2) 
PARAMETRIC_REPRESENTATION_CONTEXT() REPRESENTATION_CONTEXT('2D SPACE',''
  ) );
#3249 = PCURVE('',#3250,#3255);
#3250 = PLANE('',#3251);
#3251 = AXIS2_PLACEMENT_3D('',#3252,#3253,#3254);
#3252 = CARTESIAN_POINT('',(2.09E+03,205.,229.));
#3253 = DIRECTION('',(0.,0.,1.));
#3254 = DIRECTION('',(1.,0.,-0.));
#3255 = DEFINITIONAL_REPRESENTATION('',(#3256),#3260);
#3256 = CIRCLE('',#3257,9.5);
#3257 = AXIS2_PLACEMENT_2D('',#3258,#3259);
#3258 = CARTESIAN_POINT('',(0.,0.));
#3259 = DIRECTION('',(1.,0.));
#3260 = ( GEOMETRIC_REPRESENTATION_CONTEXT(2) 
PARAMETRIC_REPRESENTATION_CONTEXT() REPRESENTATION_CONTEXT('2D SPACE',''
  ) );
#3261 = ORIENTED_EDGE('',*,*,#3212,.T.);
#3262 = ADVANCED_FACE('',(#3263),#3193,.T.);
#3263 = FACE_BOUND('',#3264,.T.);
#3264 = EDGE_LOOP('',(#3265,#3294,#3315,#3316));
#3265 = ORIENTED_EDGE('',*,*,#3266,.F.);
#3266 = EDGE_CURVE('',#3267,#3267,#3269,.T.);
#3267 = VERTEX_POINT('',#3268);
#3268 = CARTESIAN_POINT('',(2.0995E+03,205.,280.));
#3269 = SURFACE_CURVE('',#3270,(#3275,#3282),.PCURVE_S1.);
#3270 = CIRCLE('',#3271,9.5);
#3271 = AXIS2_PLACEMENT_3D('',#3272,#3273,#3274);
#3272 = CARTESIAN_POINT('',(2.09E+03,205.,280.));
#3273 = DIRECTION('',(0.,0.,1.));
#3274 = DIRECTION('',(1.,0.,-0.));
#3275 = PCURVE('',#3193,#3276);
#3276 = DEFINITIONAL_REPRESENTATION('',(#3277),#3281);
#3277 = LINE('',#3278,#3279);
#3278 = CARTESIAN_POINT('',(0.,10.));
#3279 = VECTOR('',#3280,1.);
#3280 = DIRECTION('',(1.,0.));
#3281 = ( GEOMETRIC_REPRESENTATION_CONTEXT(2) 
PARAMETRIC_REPRESENTATION_CONTEXT() REPRESENTATION_CONTEXT('2D SPACE',''
  ) );
#3282 = PCURVE('',#3283,#3288);
#3283 = PLANE('',#3284);
#3284 = AXIS2_PLACEMENT_3D('',#3285,#3286,#3287);
#3285 = CARTESIAN_POINT('',(2.09E+03,205.,280.));
#3286 = DIRECTION('',(0.,0.,1.));
#3287 = DIRECTION('',(1.,0.,-0.));
#3288 = DEFINITIONAL_REPRESENTATION('',(#3289),#3293);
#3289 = CIRCLE('',#3290,9.5);
#3290 = AXIS2_PLACEMENT_2D('',#3291,#3292);
#3291 = CARTESIAN_POINT('',(0.,0.));
#3292 = DIRECTION('',(1.,0.));
#3293 = ( GEOMETRIC_REPRESENTATION_CONTEXT(2) 
PARAMETRIC_REPRESENTATION_CONTEXT() REPRESENTATION_CONTEXT('2D SPACE',''
  ) );
#3294 = ORIENTED_EDGE('',*,*,#3295,.F.);
#3295 = EDGE_CURVE('',#3177,#3267,#3296,.T.);
#3296 = SEAM_CURVE('',#3297,(#3301,#3308),.PCURVE_S1.);
#3297 = LINE('',#3298,#3299);
#3298 = CARTESIAN_POINT('',(2.0995E+03,205.,270.));
#3299 = VECTOR('',#3300,1.);
#3300 = DIRECTION('',(0.,0.,1.));
#3301 = PCURVE('',#3193,#3302);
#3302 = DEFINITIONAL_REPRESENTATION('',(#3303),#3307);
#3303 = LINE('',#3304,#3305);
#3304 = CARTESIAN_POINT('',(6.28318530718,-0.));
#3305 = VECTOR('',#3306,1.);
#3306 = DIRECTION('',(0.,1.));
#3307 = ( GEOMETRIC_REPRESENTATION_CONTEXT(2) 
PARAMETRIC_REPRESENTATION_CONTEXT() REPRESENTATION_CONTEXT('2D SPACE',''
  ) );
#3308 = PCURVE('',#3193,#3309);
#3309 = DEFINITIONAL_REPRESENTATION('',(#3310),#3314);
#3310 = LINE('',#3311,#3312);
#3311 = CARTESIAN_POINT('',(0.,-0.));
#3312 = VECTOR('',#3313,1.);
#3313 = DIRECTION('',(0.,1.));
#3314 = ( GEOMETRIC_REPRESENTATION_CONTEXT(2) 
PARAMETRIC_REPRESENTATION_CONTEXT() REPRESENTATION_CONTEXT('2D SPACE',''
  ) );
#3315 = ORIENTED_EDGE('',*,*,#3176,.T.);
#3316 = ORIENTED_EDGE('',*,*,#3295,.T.);
#3317 = ADVANCED_FACE('',(#3318,#3321),#3250,.F.);
#3318 = FACE_BOUND('',#3319,.F.);
#3319 = EDGE_LOOP('',(#3320));
#3320 = ORIENTED_EDGE('',*,*,#3235,.T.);
#3321 = FACE_BOUND('',#3322,.F.);
#3322 = EDGE_LOOP('',(#3323));
#3323 = ORIENTED_EDGE('',*,*,#3324,.F.);
#3324 = EDGE_CURVE('',#3325,#3325,#3327,.T.);
#3325 = VERTEX_POINT('',#3326);
#3326 = CARTESIAN_POINT('',(2.096E+03,205.,229.));
#3327 = SURFACE_CURVE('',#3328,(#3333,#3340),.PCURVE_S1.);
#3328 = CIRCLE('',#3329,6.);
#3329 = AXIS2_PLACEMENT_3D('',#3330,#3331,#3332);
#3330 = CARTESIAN_POINT('',(2.09E+03,205.,229.));
#3331 = DIRECTION('',(0.,0.,1.));
#3332 = DIRECTION('',(1.,0.,-0.));
#3333 = PCURVE('',#3250,#3334);
#3334 = DEFINITIONAL_REPRESENTATION('',(#3335),#3339);
#3335 = CIRCLE('',#3336,6.);
#3336 = AXIS2_PLACEMENT_2D('',#3337,#3338);
#3337 = CARTESIAN_POINT('',(0.,0.));
#3338 = DIRECTION('',(1.,0.));
#3339 = ( GEOMETRIC_REPRESENTATION_CONTEXT(2) 
PARAMETRIC_REPRESENTATION_CONTEXT() REPRESENTATION_CONTEXT('2D SPACE',''
  ) );
#3340 = PCURVE('',#3341,#3346);
#3341 = PLANE('',#3342);
#3342 = AXIS2_PLACEMENT_3D('',#3343,#3344,#3345);
#3343 = CARTESIAN_POINT('',(2.09E+03,205.,229.));
#3344 = DIRECTION('',(0.,0.,1.));
#3345 = DIRECTION('',(1.,0.,-0.));
#3346 = DEFINITIONAL_REPRESENTATION('',(#3347),#3351);
#3347 = CIRCLE('',#3348,6.);
#3348 = AXIS2_PLACEMENT_2D('',#3349,#3350);
#3349 = CARTESIAN_POINT('',(0.,0.));
#3350 = DIRECTION('',(1.,0.));
#3351 = ( GEOMETRIC_REPRESENTATION_CONTEXT(2) 
PARAMETRIC_REPRESENTATION_CONTEXT() REPRESENTATION_CONTEXT('2D SPACE',''
  ) );
#3352 = ADVANCED_FACE('',(#3353,#3356),#3283,.T.);
#3353 = FACE_BOUND('',#3354,.T.);
#3354 = EDGE_LOOP('',(#3355));
#3355 = ORIENTED_EDGE('',*,*,#3266,.T.);
#3356 = FACE_BOUND('',#3357,.T.);
#3357 = EDGE_LOOP('',(#3358));
#3358 = ORIENTED_EDGE('',*,*,#3359,.F.);
#3359 = EDGE_CURVE('',#3360,#3360,#3362,.T.);
#3360 = VERTEX_POINT('',#3361);
#3361 = CARTESIAN_POINT('',(2.096E+03,205.,280.));
#3362 = SURFACE_CURVE('',#3363,(#3368,#3375),.PCURVE_S1.);
#3363 = CIRCLE('',#3364,6.);
#3364 = AXIS2_PLACEMENT_3D('',#3365,#3366,#3367);
#3365 = CARTESIAN_POINT('',(2.09E+03,205.,280.));
#3366 = DIRECTION('',(0.,0.,1.));
#3367 = DIRECTION('',(1.,0.,-0.));
#3368 = PCURVE('',#3283,#3369);
#3369 = DEFINITIONAL_REPRESENTATION('',(#3370),#3374);
#3370 = CIRCLE('',#3371,6.);
#3371 = AXIS2_PLACEMENT_2D('',#3372,#3373);
#3372 = CARTESIAN_POINT('',(0.,0.));
#3373 = DIRECTION('',(1.,0.));
#3374 = ( GEOMETRIC_REPRESENTATION_CONTEXT(2) 
PARAMETRIC_REPRESENTATION_CONTEXT() REPRESENTATION_CONTEXT('2D SPACE',''
  ) );
#3375 = PCURVE('',#3376,#3381);
#3376 = CYLINDRICAL_SURFACE('',#3377,6.);
#3377 = AXIS2_PLACEMENT_3D('',#3378,#3379,#3380);
#3378 = CARTESIAN_POINT('',(2.09E+03,205.,229.));
#3379 = DIRECTION('',(0.,0.,1.));
#3380 = DIRECTION('',(1.,0.,-0.));
#3381 = DEFINITIONAL_REPRESENTATION('',(#3382),#3386);
#3382 = LINE('',#3383,#3384);
#3383 = CARTESIAN_POINT('',(0.,51.));
#3384 = VECTOR('',#3385,1.);
#3385 = DIRECTION('',(1.,0.));
#3386 = ( GEOMETRIC_REPRESENTATION_CONTEXT(2) 
PARAMETRIC_REPRESENTATION_CONTEXT() REPRESENTATION_CONTEXT('2D SPACE',''
  ) );
#3387 = ADVANCED_FACE('',(#3388),#3341,.F.);
#3388 = FACE_BOUND('',#3389,.T.);
#3389 = EDGE_LOOP('',(#3390));
#3390 = ORIENTED_EDGE('',*,*,#3324,.F.);
#3391 = ADVANCED_FACE('',(#3392),#3376,.T.);
#3392 = FACE_BOUND('',#3393,.T.);
#3393 = EDGE_LOOP('',(#3394,#3395,#3418,#3445));
#3394 = ORIENTED_EDGE('',*,*,#3359,.T.);
#3395 = ORIENTED_EDGE('',*,*,#3396,.T.);
#3396 = EDGE_CURVE('',#3360,#3397,#3399,.T.);
#3397 = VERTEX_POINT('',#3398);
#3398 = CARTESIAN_POINT('',(2.096E+03,205.,282.));
#3399 = SEAM_CURVE('',#3400,(#3404,#3411),.PCURVE_S1.);
#3400 = LINE('',#3401,#3402);
#3401 = CARTESIAN_POINT('',(2.096E+03,205.,229.));
#3402 = VECTOR('',#3403,1.);
#3403 = DIRECTION('',(0.,0.,1.));
#3404 = PCURVE('',#3376,#3405);
#3405 = DEFINITIONAL_REPRESENTATION('',(#3406),#3410);
#3406 = LINE('',#3407,#3408);
#3407 = CARTESIAN_POINT('',(0.,-0.));
#3408 = VECTOR('',#3409,1.);
#3409 = DIRECTION('',(0.,1.));
#3410 = ( GEOMETRIC_REPRESENTATION_CONTEXT(2) 
PARAMETRIC_REPRESENTATION_CONTEXT() REPRESENTATION_CONTEXT('2D SPACE',''
  ) );
#3411 = PCURVE('',#3376,#3412);
#3412 = DEFINITIONAL_REPRESENTATION('',(#3413),#3417);
#3413 = LINE('',#3414,#3415);
#3414 = CARTESIAN_POINT('',(6.28318530718,-0.));
#3415 = VECTOR('',#3416,1.);
#3416 = DIRECTION('',(0.,1.));
#3417 = ( GEOMETRIC_REPRESENTATION_CONTEXT(2) 
PARAMETRIC_REPRESENTATION_CONTEXT() REPRESENTATION_CONTEXT('2D SPACE',''
  ) );
#3418 = ORIENTED_EDGE('',*,*,#3419,.F.);
#3419 = EDGE_CURVE('',#3397,#3397,#3420,.T.);
#3420 = SURFACE_CURVE('',#3421,(#3426,#3433),.PCURVE_S1.);
#3421 = CIRCLE('',#3422,6.);
#3422 = AXIS2_PLACEMENT_3D('',#3423,#3424,#3425);
#3423 = CARTESIAN_POINT('',(2.09E+03,205.,282.));
#3424 = DIRECTION('',(0.,0.,1.));
#3425 = DIRECTION('',(1.,0.,-0.));
#3426 = PCURVE('',#3376,#3427);
#3427 = DEFINITIONAL_REPRESENTATION('',(#3428),#3432);
#3428 = LINE('',#3429,#3430);
#3429 = CARTESIAN_POINT('',(0.,53.));
#3430 = VECTOR('',#3431,1.);
#3431 = DIRECTION('',(1.,0.));
#3432 = ( GEOMETRIC_REPRESENTATION_CONTEXT(2) 
PARAMETRIC_REPRESENTATION_CONTEXT() REPRESENTATION_CONTEXT('2D SPACE',''
  ) );
#3433 = PCURVE('',#3434,#3439);
#3434 = PLANE('',#3435);
#3435 = AXIS2_PLACEMENT_3D('',#3436,#3437,#3438);
#3436 = CARTESIAN_POINT('',(2.09E+03,205.,282.));
#3437 = DIRECTION('',(0.,0.,1.));
#3438 = DIRECTION('',(1.,0.,-0.));
#3439 = DEFINITIONAL_REPRESENTATION('',(#3440),#3444);
#3440 = CIRCLE('',#3441,6.);
#3441 = AXIS2_PLACEMENT_2D('',#3442,#3443);
#3442 = CARTESIAN_POINT('',(0.,0.));
#3443 = DIRECTION('',(1.,0.));
#3444 = ( GEOMETRIC_REPRESENTATION_CONTEXT(2) 
PARAMETRIC_REPRESENTATION_CONTEXT() REPRESENTATION_CONTEXT('2D SPACE',''
  ) );
#3445 = ORIENTED_EDGE('',*,*,#3396,.F.);
#3446 = ADVANCED_FACE('',(#3447),#3434,.T.);
#3447 = FACE_BOUND('',#3448,.T.);
#3448 = EDGE_LOOP('',(#3449));
#3449 = ORIENTED_EDGE('',*,*,#3419,.T.);
#3450 = ( GEOMETRIC_REPRESENTATION_CONTEXT(3) 
GLOBAL_UNCERTAINTY_ASSIGNED_CONTEXT((#3454)) 
GLOBAL_UNIT_ASSIGNED_CONTEXT((#3451,#3452,#3453)) REPRESENTATION_CONTEXT
('Context #1','3D Context with UNIT and UNCERTAINTY') );
#3451 = ( LENGTH_UNIT() NAMED_UNIT(*) SI_UNIT(.MILLI.,.METRE.) );
#3452 = ( NAMED_UNIT(*) PLANE_ANGLE_UNIT() SI_UNIT($,.RADIAN.) );
#3453 = ( NAMED_UNIT(*) SI_UNIT($,.STERADIAN.) SOLID_ANGLE_UNIT() );
#3454 = UNCERTAINTY_MEASURE_WITH_UNIT(LENGTH_MEASURE(1.E-07),#3451,
  'distance_accuracy_value','confusion accuracy');
#3455 = CONTEXT_DEPENDENT_SHAPE_REPRESENTATION(#3456,#3458);
#3456 = ( REPRESENTATION_RELATIONSHIP('','',#3046,#10) 
REPRESENTATION_RELATIONSHIP_WITH_TRANSFORMATION(#3457) 
SHAPE_REPRESENTATION_RELATIONSHIP() );
#3457 = ITEM_DEFINED_TRANSFORMATION('','',#11,#43);
#3458 = PRODUCT_DEFINITION_SHAPE('Placement','Placement of an item',
  #3459);
#3459 = NEXT_ASSEMBLY_USAGE_OCCURRENCE('412','','',#5,#3041,$);
#3460 = PRODUCT_RELATED_PRODUCT_CATEGORY('part',$,(#3043));
#3461 = SHAPE_DEFINITION_REPRESENTATION(#3462,#3468);
#3462 = PRODUCT_DEFINITION_SHAPE('','',#3463);
#3463 = PRODUCT_DEFINITION('design','',#3464,#3467);
#3464 = PRODUCT_DEFINITION_FORMATION('','',#3465);
#3465 = PRODUCT('Open CASCADE STEP translator 7.9 25.9',
  'Open CASCADE STEP translator 7.9 25.9','',(#3466));
#3466 = PRODUCT_CONTEXT('',#2,'mechanical');
#3467 = PRODUCT_DEFINITION_CONTEXT('part definition',#2,'design');
#3468 = ADVANCED_BREP_SHAPE_REPRESENTATION('',(#11,#3469),#3872);
#3469 = MANIFOLD_SOLID_BREP('',#3470);
#3470 = CLOSED_SHELL('',(#3471,#3559,#3594,#3629,#3684,#3739,#3774,#3809
    ,#3813,#3868));
#3471 = ADVANCED_FACE('',(#3472),#3485,.T.);
#3472 = FACE_BOUND('',#3473,.T.);
#3473 = EDGE_LOOP('',(#3474,#3508,#3531,#3558));
#3474 = ORIENTED_EDGE('',*,*,#3475,.T.);
#3475 = EDGE_CURVE('',#3476,#3476,#3478,.T.);
#3476 = VERTEX_POINT('',#3477);
#3477 = CARTESIAN_POINT('',(116.,895.,237.));
#3478 = SURFACE_CURVE('',#3479,(#3484,#3496),.PCURVE_S1.);
#3479 = CIRCLE('',#3480,6.);
#3480 = AXIS2_PLACEMENT_3D('',#3481,#3482,#3483);
#3481 = CARTESIAN_POINT('',(110.,895.,237.));
#3482 = DIRECTION('',(0.,0.,1.));
#3483 = DIRECTION('',(1.,0.,-0.));
#3484 = PCURVE('',#3485,#3490);
#3485 = CYLINDRICAL_SURFACE('',#3486,6.);
#3486 = AXIS2_PLACEMENT_3D('',#3487,#3488,#3489);
#3487 = CARTESIAN_POINT('',(110.,895.,229.));
#3488 = DIRECTION('',(0.,0.,1.));
#3489 = DIRECTION('',(1.,0.,-0.));
#3490 = DEFINITIONAL_REPRESENTATION('',(#3491),#3495);
#3491 = LINE('',#3492,#3493);
#3492 = CARTESIAN_POINT('',(0.,8.));
#3493 = VECTOR('',#3494,1.);
#3494 = DIRECTION('',(1.,0.));
#3495 = ( GEOMETRIC_REPRESENTATION_CONTEXT(2) 
PARAMETRIC_REPRESENTATION_CONTEXT() REPRESENTATION_CONTEXT('2D SPACE',''
  ) );
#3496 = PCURVE('',#3497,#3502);
#3497 = PLANE('',#3498);
#3498 = AXIS2_PLACEMENT_3D('',#3499,#3500,#3501);
#3499 = CARTESIAN_POINT('',(110.,895.,237.));
#3500 = DIRECTION('',(0.,0.,1.));
#3501 = DIRECTION('',(1.,0.,-0.));
#3502 = DEFINITIONAL_REPRESENTATION('',(#3503),#3507);
#3503 = CIRCLE('',#3504,6.);
#3504 = AXIS2_PLACEMENT_2D('',#3505,#3506);
#3505 = CARTESIAN_POINT('',(0.,0.));
#3506 = DIRECTION('',(1.,0.));
#3507 = ( GEOMETRIC_REPRESENTATION_CONTEXT(2) 
PARAMETRIC_REPRESENTATION_CONTEXT() REPRESENTATION_CONTEXT('2D SPACE',''
  ) );
#3508 = ORIENTED_EDGE('',*,*,#3509,.T.);
#3509 = EDGE_CURVE('',#3476,#3510,#3512,.T.);
#3510 = VERTEX_POINT('',#3511);
#3511 = CARTESIAN_POINT('',(116.,895.,270.));
#3512 = SEAM_CURVE('',#3513,(#3517,#3524),.PCURVE_S1.);
#3513 = LINE('',#3514,#3515);
#3514 = CARTESIAN_POINT('',(116.,895.,229.));
#3515 = VECTOR('',#3516,1.);
#3516 = DIRECTION('',(0.,0.,1.));
#3517 = PCURVE('',#3485,#3518);
#3518 = DEFINITIONAL_REPRESENTATION('',(#3519),#3523);
#3519 = LINE('',#3520,#3521);
#3520 = CARTESIAN_POINT('',(0.,-0.));
#3521 = VECTOR('',#3522,1.);
#3522 = DIRECTION('',(0.,1.));
#3523 = ( GEOMETRIC_REPRESENTATION_CONTEXT(2) 
PARAMETRIC_REPRESENTATION_CONTEXT() REPRESENTATION_CONTEXT('2D SPACE',''
  ) );
#3524 = PCURVE('',#3485,#3525);
#3525 = DEFINITIONAL_REPRESENTATION('',(#3526),#3530);
#3526 = LINE('',#3527,#3528);
#3527 = CARTESIAN_POINT('',(6.28318530718,-0.));
#3528 = VECTOR('',#3529,1.);
#3529 = DIRECTION('',(0.,1.));
#3530 = ( GEOMETRIC_REPRESENTATION_CONTEXT(2) 
PARAMETRIC_REPRESENTATION_CONTEXT() REPRESENTATION_CONTEXT('2D SPACE',''
  ) );
#3531 = ORIENTED_EDGE('',*,*,#3532,.F.);
#3532 = EDGE_CURVE('',#3510,#3510,#3533,.T.);
#3533 = SURFACE_CURVE('',#3534,(#3539,#3546),.PCURVE_S1.);
#3534 = CIRCLE('',#3535,6.);
#3535 = AXIS2_PLACEMENT_3D('',#3536,#3537,#3538);
#3536 = CARTESIAN_POINT('',(110.,895.,270.));
#3537 = DIRECTION('',(0.,0.,1.));
#3538 = DIRECTION('',(1.,0.,-0.));
#3539 = PCURVE('',#3485,#3540);
#3540 = DEFINITIONAL_REPRESENTATION('',(#3541),#3545);
#3541 = LINE('',#3542,#3543);
#3542 = CARTESIAN_POINT('',(0.,41.));
#3543 = VECTOR('',#3544,1.);
#3544 = DIRECTION('',(1.,0.));
#3545 = ( GEOMETRIC_REPRESENTATION_CONTEXT(2) 
PARAMETRIC_REPRESENTATION_CONTEXT() REPRESENTATION_CONTEXT('2D SPACE',''
  ) );
#3546 = PCURVE('',#3547,#3552);
#3547 = PLANE('',#3548);
#3548 = AXIS2_PLACEMENT_3D('',#3549,#3550,#3551);
#3549 = CARTESIAN_POINT('',(110.,895.,270.));
#3550 = DIRECTION('',(0.,0.,1.));
#3551 = DIRECTION('',(1.,0.,-0.));
#3552 = DEFINITIONAL_REPRESENTATION('',(#3553),#3557);
#3553 = CIRCLE('',#3554,6.);
#3554 = AXIS2_PLACEMENT_2D('',#3555,#3556);
#3555 = CARTESIAN_POINT('',(0.,0.));
#3556 = DIRECTION('',(1.,0.));
#3557 = ( GEOMETRIC_REPRESENTATION_CONTEXT(2) 
PARAMETRIC_REPRESENTATION_CONTEXT() REPRESENTATION_CONTEXT('2D SPACE',''
  ) );
#3558 = ORIENTED_EDGE('',*,*,#3509,.F.);
#3559 = ADVANCED_FACE('',(#3560,#3591),#3497,.T.);
#3560 = FACE_BOUND('',#3561,.T.);
#3561 = EDGE_LOOP('',(#3562));
#3562 = ORIENTED_EDGE('',*,*,#3563,.T.);
#3563 = EDGE_CURVE('',#3564,#3564,#3566,.T.);
#3564 = VERTEX_POINT('',#3565);
#3565 = CARTESIAN_POINT('',(119.5,895.,237.));
#3566 = SURFACE_CURVE('',#3567,(#3572,#3579),.PCURVE_S1.);
#3567 = CIRCLE('',#3568,9.5);
#3568 = AXIS2_PLACEMENT_3D('',#3569,#3570,#3571);
#3569 = CARTESIAN_POINT('',(110.,895.,237.));
#3570 = DIRECTION('',(0.,0.,1.));
#3571 = DIRECTION('',(1.,0.,-0.));
#3572 = PCURVE('',#3497,#3573);
#3573 = DEFINITIONAL_REPRESENTATION('',(#3574),#3578);
#3574 = CIRCLE('',#3575,9.5);
#3575 = AXIS2_PLACEMENT_2D('',#3576,#3577);
#3576 = CARTESIAN_POINT('',(0.,0.));
#3577 = DIRECTION('',(1.,0.));
#3578 = ( GEOMETRIC_REPRESENTATION_CONTEXT(2) 
PARAMETRIC_REPRESENTATION_CONTEXT() REPRESENTATION_CONTEXT('2D SPACE',''
  ) );
#3579 = PCURVE('',#3580,#3585);
#3580 = CYLINDRICAL_SURFACE('',#3581,9.5);
#3581 = AXIS2_PLACEMENT_3D('',#3582,#3583,#3584);
#3582 = CARTESIAN_POINT('',(110.,895.,229.));
#3583 = DIRECTION('',(0.,0.,1.));
#3584 = DIRECTION('',(1.,0.,-0.));
#3585 = DEFINITIONAL_REPRESENTATION('',(#3586),#3590);
#3586 = LINE('',#3587,#3588);
#3587 = CARTESIAN_POINT('',(0.,8.));
#3588 = VECTOR('',#3589,1.);
#3589 = DIRECTION('',(1.,0.));
#3590 = ( GEOMETRIC_REPRESENTATION_CONTEXT(2) 
PARAMETRIC_REPRESENTATION_CONTEXT() REPRESENTATION_CONTEXT('2D SPACE',''
  ) );
#3591 = FACE_BOUND('',#3592,.T.);
#3592 = EDGE_LOOP('',(#3593));
#3593 = ORIENTED_EDGE('',*,*,#3475,.F.);
#3594 = ADVANCED_FACE('',(#3595,#3626),#3547,.F.);
#3595 = FACE_BOUND('',#3596,.F.);
#3596 = EDGE_LOOP('',(#3597));
#3597 = ORIENTED_EDGE('',*,*,#3598,.T.);
#3598 = EDGE_CURVE('',#3599,#3599,#3601,.T.);
#3599 = VERTEX_POINT('',#3600);
#3600 = CARTESIAN_POINT('',(119.5,895.,270.));
#3601 = SURFACE_CURVE('',#3602,(#3607,#3614),.PCURVE_S1.);
#3602 = CIRCLE('',#3603,9.5);
#3603 = AXIS2_PLACEMENT_3D('',#3604,#3605,#3606);
#3604 = CARTESIAN_POINT('',(110.,895.,270.));
#3605 = DIRECTION('',(0.,0.,1.));
#3606 = DIRECTION('',(1.,0.,-0.));
#3607 = PCURVE('',#3547,#3608);
#3608 = DEFINITIONAL_REPRESENTATION('',(#3609),#3613);
#3609 = CIRCLE('',#3610,9.5);
#3610 = AXIS2_PLACEMENT_2D('',#3611,#3612);
#3611 = CARTESIAN_POINT('',(0.,0.));
#3612 = DIRECTION('',(1.,0.));
#3613 = ( GEOMETRIC_REPRESENTATION_CONTEXT(2) 
PARAMETRIC_REPRESENTATION_CONTEXT() REPRESENTATION_CONTEXT('2D SPACE',''
  ) );
#3614 = PCURVE('',#3615,#3620);
#3615 = CYLINDRICAL_SURFACE('',#3616,9.5);
#3616 = AXIS2_PLACEMENT_3D('',#3617,#3618,#3619);
#3617 = CARTESIAN_POINT('',(110.,895.,270.));
#3618 = DIRECTION('',(0.,0.,1.));
#3619 = DIRECTION('',(1.,0.,-0.));
#3620 = DEFINITIONAL_REPRESENTATION('',(#3621),#3625);
#3621 = LINE('',#3622,#3623);
#3622 = CARTESIAN_POINT('',(0.,0.));
#3623 = VECTOR('',#3624,1.);
#3624 = DIRECTION('',(1.,0.));
#3625 = ( GEOMETRIC_REPRESENTATION_CONTEXT(2) 
PARAMETRIC_REPRESENTATION_CONTEXT() REPRESENTATION_CONTEXT('2D SPACE',''
  ) );
#3626 = FACE_BOUND('',#3627,.F.);
#3627 = EDGE_LOOP('',(#3628));
#3628 = ORIENTED_EDGE('',*,*,#3532,.F.);
#3629 = ADVANCED_FACE('',(#3630),#3580,.T.);
#3630 = FACE_BOUND('',#3631,.T.);
#3631 = EDGE_LOOP('',(#3632,#3633,#3656,#3683));
#3632 = ORIENTED_EDGE('',*,*,#3563,.F.);
#3633 = ORIENTED_EDGE('',*,*,#3634,.F.);
#3634 = EDGE_CURVE('',#3635,#3564,#3637,.T.);
#3635 = VERTEX_POINT('',#3636);
#3636 = CARTESIAN_POINT('',(119.5,895.,229.));
#3637 = SEAM_CURVE('',#3638,(#3642,#3649),.PCURVE_S1.);
#3638 = LINE('',#3639,#3640);
#3639 = CARTESIAN_POINT('',(119.5,895.,229.));
#3640 = VECTOR('',#3641,1.);
#3641 = DIRECTION('',(0.,0.,1.));
#3642 = PCURVE('',#3580,#3643);
#3643 = DEFINITIONAL_REPRESENTATION('',(#3644),#3648);
#3644 = LINE('',#3645,#3646);
#3645 = CARTESIAN_POINT('',(6.28318530718,-0.));
#3646 = VECTOR('',#3647,1.);
#3647 = DIRECTION('',(0.,1.));
#3648 = ( GEOMETRIC_REPRESENTATION_CONTEXT(2) 
PARAMETRIC_REPRESENTATION_CONTEXT() REPRESENTATION_CONTEXT('2D SPACE',''
  ) );
#3649 = PCURVE('',#3580,#3650);
#3650 = DEFINITIONAL_REPRESENTATION('',(#3651),#3655);
#3651 = LINE('',#3652,#3653);
#3652 = CARTESIAN_POINT('',(0.,-0.));
#3653 = VECTOR('',#3654,1.);
#3654 = DIRECTION('',(0.,1.));
#3655 = ( GEOMETRIC_REPRESENTATION_CONTEXT(2) 
PARAMETRIC_REPRESENTATION_CONTEXT() REPRESENTATION_CONTEXT('2D SPACE',''
  ) );
#3656 = ORIENTED_EDGE('',*,*,#3657,.T.);
#3657 = EDGE_CURVE('',#3635,#3635,#3658,.T.);
#3658 = SURFACE_CURVE('',#3659,(#3664,#3671),.PCURVE_S1.);
#3659 = CIRCLE('',#3660,9.5);
#3660 = AXIS2_PLACEMENT_3D('',#3661,#3662,#3663);
#3661 = CARTESIAN_POINT('',(110.,895.,229.));
#3662 = DIRECTION('',(0.,0.,1.));
#3663 = DIRECTION('',(1.,0.,-0.));
#3664 = PCURVE('',#3580,#3665);
#3665 = DEFINITIONAL_REPRESENTATION('',(#3666),#3670);
#3666 = LINE('',#3667,#3668);
#3667 = CARTESIAN_POINT('',(0.,0.));
#3668 = VECTOR('',#3669,1.);
#3669 = DIRECTION('',(1.,0.));
#3670 = ( GEOMETRIC_REPRESENTATION_CONTEXT(2) 
PARAMETRIC_REPRESENTATION_CONTEXT() REPRESENTATION_CONTEXT('2D SPACE',''
  ) );
#3671 = PCURVE('',#3672,#3677);
#3672 = PLANE('',#3673);
#3673 = AXIS2_PLACEMENT_3D('',#3674,#3675,#3676);
#3674 = CARTESIAN_POINT('',(110.,895.,229.));
#3675 = DIRECTION('',(0.,0.,1.));
#3676 = DIRECTION('',(1.,0.,-0.));
#3677 = DEFINITIONAL_REPRESENTATION('',(#3678),#3682);
#3678 = CIRCLE('',#3679,9.5);
#3679 = AXIS2_PLACEMENT_2D('',#3680,#3681);
#3680 = CARTESIAN_POINT('',(0.,0.));
#3681 = DIRECTION('',(1.,0.));
#3682 = ( GEOMETRIC_REPRESENTATION_CONTEXT(2) 
PARAMETRIC_REPRESENTATION_CONTEXT() REPRESENTATION_CONTEXT('2D SPACE',''
  ) );
#3683 = ORIENTED_EDGE('',*,*,#3634,.T.);
#3684 = ADVANCED_FACE('',(#3685),#3615,.T.);
#3685 = FACE_BOUND('',#3686,.T.);
#3686 = EDGE_LOOP('',(#3687,#3716,#3737,#3738));
#3687 = ORIENTED_EDGE('',*,*,#3688,.F.);
#3688 = EDGE_CURVE('',#3689,#3689,#3691,.T.);
#3689 = VERTEX_POINT('',#3690);
#3690 = CARTESIAN_POINT('',(119.5,895.,280.));
#3691 = SURFACE_CURVE('',#3692,(#3697,#3704),.PCURVE_S1.);
#3692 = CIRCLE('',#3693,9.5);
#3693 = AXIS2_PLACEMENT_3D('',#3694,#3695,#3696);
#3694 = CARTESIAN_POINT('',(110.,895.,280.));
#3695 = DIRECTION('',(0.,0.,1.));
#3696 = DIRECTION('',(1.,0.,-0.));
#3697 = PCURVE('',#3615,#3698);
#3698 = DEFINITIONAL_REPRESENTATION('',(#3699),#3703);
#3699 = LINE('',#3700,#3701);
#3700 = CARTESIAN_POINT('',(0.,10.));
#3701 = VECTOR('',#3702,1.);
#3702 = DIRECTION('',(1.,0.));
#3703 = ( GEOMETRIC_REPRESENTATION_CONTEXT(2) 
PARAMETRIC_REPRESENTATION_CONTEXT() REPRESENTATION_CONTEXT('2D SPACE',''
  ) );
#3704 = PCURVE('',#3705,#3710);
#3705 = PLANE('',#3706);
#3706 = AXIS2_PLACEMENT_3D('',#3707,#3708,#3709);
#3707 = CARTESIAN_POINT('',(110.,895.,280.));
#3708 = DIRECTION('',(0.,0.,1.));
#3709 = DIRECTION('',(1.,0.,-0.));
#3710 = DEFINITIONAL_REPRESENTATION('',(#3711),#3715);
#3711 = CIRCLE('',#3712,9.5);
#3712 = AXIS2_PLACEMENT_2D('',#3713,#3714);
#3713 = CARTESIAN_POINT('',(0.,0.));
#3714 = DIRECTION('',(1.,0.));
#3715 = ( GEOMETRIC_REPRESENTATION_CONTEXT(2) 
PARAMETRIC_REPRESENTATION_CONTEXT() REPRESENTATION_CONTEXT('2D SPACE',''
  ) );
#3716 = ORIENTED_EDGE('',*,*,#3717,.F.);
#3717 = EDGE_CURVE('',#3599,#3689,#3718,.T.);
#3718 = SEAM_CURVE('',#3719,(#3723,#3730),.PCURVE_S1.);
#3719 = LINE('',#3720,#3721);
#3720 = CARTESIAN_POINT('',(119.5,895.,270.));
#3721 = VECTOR('',#3722,1.);
#3722 = DIRECTION('',(0.,0.,1.));
#3723 = PCURVE('',#3615,#3724);
#3724 = DEFINITIONAL_REPRESENTATION('',(#3725),#3729);
#3725 = LINE('',#3726,#3727);
#3726 = CARTESIAN_POINT('',(6.28318530718,-0.));
#3727 = VECTOR('',#3728,1.);
#3728 = DIRECTION('',(0.,1.));
#3729 = ( GEOMETRIC_REPRESENTATION_CONTEXT(2) 
PARAMETRIC_REPRESENTATION_CONTEXT() REPRESENTATION_CONTEXT('2D SPACE',''
  ) );
#3730 = PCURVE('',#3615,#3731);
#3731 = DEFINITIONAL_REPRESENTATION('',(#3732),#3736);
#3732 = LINE('',#3733,#3734);
#3733 = CARTESIAN_POINT('',(0.,-0.));
#3734 = VECTOR('',#3735,1.);
#3735 = DIRECTION('',(0.,1.));
#3736 = ( GEOMETRIC_REPRESENTATION_CONTEXT(2) 
PARAMETRIC_REPRESENTATION_CONTEXT() REPRESENTATION_CONTEXT('2D SPACE',''
  ) );
#3737 = ORIENTED_EDGE('',*,*,#3598,.T.);
#3738 = ORIENTED_EDGE('',*,*,#3717,.T.);
#3739 = ADVANCED_FACE('',(#3740,#3743),#3672,.F.);
#3740 = FACE_BOUND('',#3741,.F.);
#3741 = EDGE_LOOP('',(#3742));
#3742 = ORIENTED_EDGE('',*,*,#3657,.T.);
#3743 = FACE_BOUND('',#3744,.F.);
#3744 = EDGE_LOOP('',(#3745));
#3745 = ORIENTED_EDGE('',*,*,#3746,.F.);
#3746 = EDGE_CURVE('',#3747,#3747,#3749,.T.);
#3747 = VERTEX_POINT('',#3748);
#3748 = CARTESIAN_POINT('',(116.,895.,229.));
#3749 = SURFACE_CURVE('',#3750,(#3755,#3762),.PCURVE_S1.);
#3750 = CIRCLE('',#3751,6.);
#3751 = AXIS2_PLACEMENT_3D('',#3752,#3753,#3754);
#3752 = CARTESIAN_POINT('',(110.,895.,229.));
#3753 = DIRECTION('',(0.,0.,1.));
#3754 = DIRECTION('',(1.,0.,-0.));
#3755 = PCURVE('',#3672,#3756);
#3756 = DEFINITIONAL_REPRESENTATION('',(#3757),#3761);
#3757 = CIRCLE('',#3758,6.);
#3758 = AXIS2_PLACEMENT_2D('',#3759,#3760);
#3759 = CARTESIAN_POINT('',(0.,0.));
#3760 = DIRECTION('',(1.,0.));
#3761 = ( GEOMETRIC_REPRESENTATION_CONTEXT(2) 
PARAMETRIC_REPRESENTATION_CONTEXT() REPRESENTATION_CONTEXT('2D SPACE',''
  ) );
#3762 = PCURVE('',#3763,#3768);
#3763 = PLANE('',#3764);
#3764 = AXIS2_PLACEMENT_3D('',#3765,#3766,#3767);
#3765 = CARTESIAN_POINT('',(110.,895.,229.));
#3766 = DIRECTION('',(0.,0.,1.));
#3767 = DIRECTION('',(1.,0.,-0.));
#3768 = DEFINITIONAL_REPRESENTATION('',(#3769),#3773);
#3769 = CIRCLE('',#3770,6.);
#3770 = AXIS2_PLACEMENT_2D('',#3771,#3772);
#3771 = CARTESIAN_POINT('',(0.,0.));
#3772 = DIRECTION('',(1.,0.));
#3773 = ( GEOMETRIC_REPRESENTATION_CONTEXT(2) 
PARAMETRIC_REPRESENTATION_CONTEXT() REPRESENTATION_CONTEXT('2D SPACE',''
  ) );
#3774 = ADVANCED_FACE('',(#3775,#3778),#3705,.T.);
#3775 = FACE_BOUND('',#3776,.T.);
#3776 = EDGE_LOOP('',(#3777));
#3777 = ORIENTED_EDGE('',*,*,#3688,.T.);
#3778 = FACE_BOUND('',#3779,.T.);
#3779 = EDGE_LOOP('',(#3780));
#3780 = ORIENTED_EDGE('',*,*,#3781,.F.);
#3781 = EDGE_CURVE('',#3782,#3782,#3784,.T.);
#3782 = VERTEX_POINT('',#3783);
#3783 = CARTESIAN_POINT('',(116.,895.,280.));
#3784 = SURFACE_CURVE('',#3785,(#3790,#3797),.PCURVE_S1.);
#3785 = CIRCLE('',#3786,6.);
#3786 = AXIS2_PLACEMENT_3D('',#3787,#3788,#3789);
#3787 = CARTESIAN_POINT('',(110.,895.,280.));
#3788 = DIRECTION('',(0.,0.,1.));
#3789 = DIRECTION('',(1.,0.,-0.));
#3790 = PCURVE('',#3705,#3791);
#3791 = DEFINITIONAL_REPRESENTATION('',(#3792),#3796);
#3792 = CIRCLE('',#3793,6.);
#3793 = AXIS2_PLACEMENT_2D('',#3794,#3795);
#3794 = CARTESIAN_POINT('',(0.,0.));
#3795 = DIRECTION('',(1.,0.));
#3796 = ( GEOMETRIC_REPRESENTATION_CONTEXT(2) 
PARAMETRIC_REPRESENTATION_CONTEXT() REPRESENTATION_CONTEXT('2D SPACE',''
  ) );
#3797 = PCURVE('',#3798,#3803);
#3798 = CYLINDRICAL_SURFACE('',#3799,6.);
#3799 = AXIS2_PLACEMENT_3D('',#3800,#3801,#3802);
#3800 = CARTESIAN_POINT('',(110.,895.,229.));
#3801 = DIRECTION('',(0.,0.,1.));
#3802 = DIRECTION('',(1.,0.,-0.));
#3803 = DEFINITIONAL_REPRESENTATION('',(#3804),#3808);
#3804 = LINE('',#3805,#3806);
#3805 = CARTESIAN_POINT('',(0.,51.));
#3806 = VECTOR('',#3807,1.);
#3807 = DIRECTION('',(1.,0.));
#3808 = ( GEOMETRIC_REPRESENTATION_CONTEXT(2) 
PARAMETRIC_REPRESENTATION_CONTEXT() REPRESENTATION_CONTEXT('2D SPACE',''
  ) );
#3809 = ADVANCED_FACE('',(#3810),#3763,.F.);
#3810 = FACE_BOUND('',#3811,.T.);
#3811 = EDGE_LOOP('',(#3812));
#3812 = ORIENTED_EDGE('',*,*,#3746,.F.);
#3813 = ADVANCED_FACE('',(#3814),#3798,.T.);
#3814 = FACE_BOUND('',#3815,.T.);
#3815 = EDGE_LOOP('',(#3816,#3817,#3840,#3867));
#3816 = ORIENTED_EDGE('',*,*,#3781,.T.);
#3817 = ORIENTED_EDGE('',*,*,#3818,.T.);
#3818 = EDGE_CURVE('',#3782,#3819,#3821,.T.);
#3819 = VERTEX_POINT('',#3820);
#3820 = CARTESIAN_POINT('',(116.,895.,282.));
#3821 = SEAM_CURVE('',#3822,(#3826,#3833),.PCURVE_S1.);
#3822 = LINE('',#3823,#3824);
#3823 = CARTESIAN_POINT('',(116.,895.,229.));
#3824 = VECTOR('',#3825,1.);
#3825 = DIRECTION('',(0.,0.,1.));
#3826 = PCURVE('',#3798,#3827);
#3827 = DEFINITIONAL_REPRESENTATION('',(#3828),#3832);
#3828 = LINE('',#3829,#3830);
#3829 = CARTESIAN_POINT('',(0.,-0.));
#3830 = VECTOR('',#3831,1.);
#3831 = DIRECTION('',(0.,1.));
#3832 = ( GEOMETRIC_REPRESENTATION_CONTEXT(2) 
PARAMETRIC_REPRESENTATION_CONTEXT() REPRESENTATION_CONTEXT('2D SPACE',''
  ) );
#3833 = PCURVE('',#3798,#3834);
#3834 = DEFINITIONAL_REPRESENTATION('',(#3835),#3839);
#3835 = LINE('',#3836,#3837);
#3836 = CARTESIAN_POINT('',(6.28318530718,-0.));
#3837 = VECTOR('',#3838,1.);
#3838 = DIRECTION('',(0.,1.));
#3839 = ( GEOMETRIC_REPRESENTATION_CONTEXT(2) 
PARAMETRIC_REPRESENTATION_CONTEXT() REPRESENTATION_CONTEXT('2D SPACE',''
  ) );
#3840 = ORIENTED_EDGE('',*,*,#3841,.F.);
#3841 = EDGE_CURVE('',#3819,#3819,#3842,.T.);
#3842 = SURFACE_CURVE('',#3843,(#3848,#3855),.PCURVE_S1.);
#3843 = CIRCLE('',#3844,6.);
#3844 = AXIS2_PLACEMENT_3D('',#3845,#3846,#3847);
#3845 = CARTESIAN_POINT('',(110.,895.,282.));
#3846 = DIRECTION('',(0.,0.,1.));
#3847 = DIRECTION('',(1.,0.,-0.));
#3848 = PCURVE('',#3798,#3849);
#3849 = DEFINITIONAL_REPRESENTATION('',(#3850),#3854);
#3850 = LINE('',#3851,#3852);
#3851 = CARTESIAN_POINT('',(0.,53.));
#3852 = VECTOR('',#3853,1.);
#3853 = DIRECTION('',(1.,0.));
#3854 = ( GEOMETRIC_REPRESENTATION_CONTEXT(2) 
PARAMETRIC_REPRESENTATION_CONTEXT() REPRESENTATION_CONTEXT('2D SPACE',''
  ) );
#3855 = PCURVE('',#3856,#3861);
#3856 = PLANE('',#3857);
#3857 = AXIS2_PLACEMENT_3D('',#3858,#3859,#3860);
#3858 = CARTESIAN_POINT('',(110.,895.,282.));
#3859 = DIRECTION('',(0.,0.,1.));
#3860 = DIRECTION('',(1.,0.,-0.));
#3861 = DEFINITIONAL_REPRESENTATION('',(#3862),#3866);
#3862 = CIRCLE('',#3863,6.);
#3863 = AXIS2_PLACEMENT_2D('',#3864,#3865);
#3864 = CARTESIAN_POINT('',(0.,0.));
#3865 = DIRECTION('',(1.,0.));
#3866 = ( GEOMETRIC_REPRESENTATION_CONTEXT(2) 
PARAMETRIC_REPRESENTATION_CONTEXT() REPRESENTATION_CONTEXT('2D SPACE',''
  ) );
#3867 = ORIENTED_EDGE('',*,*,#3818,.F.);
#3868 = ADVANCED_FACE('',(#3869),#3856,.T.);
#3869 = FACE_BOUND('',#3870,.T.);
#3870 = EDGE_LOOP('',(#3871));
#3871 = ORIENTED_EDGE('',*,*,#3841,.T.);
#3872 = ( GEOMETRIC_REPRESENTATION_CONTEXT(3) 
GLOBAL_UNCERTAINTY_ASSIGNED_CONTEXT((#3876)) 
GLOBAL_UNIT_ASSIGNED_CONTEXT((#3873,#3874,#3875)) REPRESENTATION_CONTEXT
('Context #1','3D Context with UNIT and UNCERTAINTY') );
#3873 = ( LENGTH_UNIT() NAMED_UNIT(*) SI_UNIT(.MILLI.,.METRE.) );
#3874 = ( NAMED_UNIT(*) PLANE_ANGLE_UNIT() SI_UNIT($,.RADIAN.) );
#3875 = ( NAMED_UNIT(*) SI_UNIT($,.STERADIAN.) SOLID_ANGLE_UNIT() );
#3876 = UNCERTAINTY_MEASURE_WITH_UNIT(LENGTH_MEASURE(1.E-07),#3873,
  'distance_accuracy_value','confusion accuracy');
#3877 = CONTEXT_DEPENDENT_SHAPE_REPRESENTATION(#3878,#3880);
#3878 = ( REPRESENTATION_RELATIONSHIP('','',#3468,#10) 
REPRESENTATION_RELATIONSHIP_WITH_TRANSFORMATION(#3879) 
SHAPE_REPRESENTATION_RELATIONSHIP() );
#3879 = ITEM_DEFINED_TRANSFORMATION('','',#11,#47);
#3880 = PRODUCT_DEFINITION_SHAPE('Placement','Placement of an item',
  #3881);
#3881 = NEXT_ASSEMBLY_USAGE_OCCURRENCE('413','','',#5,#3463,$);
#3882 = PRODUCT_RELATED_PRODUCT_CATEGORY('part',$,(#3465));
#3883 = SHAPE_DEFINITION_REPRESENTATION(#3884,#3890);
#3884 = PRODUCT_DEFINITION_SHAPE('','',#3885);
#3885 = PRODUCT_DEFINITION('design','',#3886,#3889);
#3886 = PRODUCT_DEFINITION_FORMATION('','',#3887);
#3887 = PRODUCT('Open CASCADE STEP translator 7.9 25.10',
  'Open CASCADE STEP translator 7.9 25.10','',(#3888));
#3888 = PRODUCT_CONTEXT('',#2,'mechanical');
#3889 = PRODUCT_DEFINITION_CONTEXT('part definition',#2,'design');
#3890 = ADVANCED_BREP_SHAPE_REPRESENTATION('',(#11,#3891),#4294);
#3891 = MANIFOLD_SOLID_BREP('',#3892);
#3892 = CLOSED_SHELL('',(#3893,#3981,#4016,#4051,#4106,#4161,#4196,#4231
    ,#4235,#4290));
#3893 = ADVANCED_FACE('',(#3894),#3907,.T.);
#3894 = FACE_BOUND('',#3895,.T.);
#3895 = EDGE_LOOP('',(#3896,#3930,#3953,#3980));
#3896 = ORIENTED_EDGE('',*,*,#3897,.T.);
#3897 = EDGE_CURVE('',#3898,#3898,#3900,.T.);
#3898 = VERTEX_POINT('',#3899);
#3899 = CARTESIAN_POINT('',(116.,975.,237.));
#3900 = SURFACE_CURVE('',#3901,(#3906,#3918),.PCURVE_S1.);
#3901 = CIRCLE('',#3902,6.);
#3902 = AXIS2_PLACEMENT_3D('',#3903,#3904,#3905);
#3903 = CARTESIAN_POINT('',(110.,975.,237.));
#3904 = DIRECTION('',(0.,0.,1.));
#3905 = DIRECTION('',(1.,0.,-0.));
#3906 = PCURVE('',#3907,#3912);
#3907 = CYLINDRICAL_SURFACE('',#3908,6.);
#3908 = AXIS2_PLACEMENT_3D('',#3909,#3910,#3911);
#3909 = CARTESIAN_POINT('',(110.,975.,229.));
#3910 = DIRECTION('',(0.,0.,1.));
#3911 = DIRECTION('',(1.,0.,-0.));
#3912 = DEFINITIONAL_REPRESENTATION('',(#3913),#3917);
#3913 = LINE('',#3914,#3915);
#3914 = CARTESIAN_POINT('',(0.,8.));
#3915 = VECTOR('',#3916,1.);
#3916 = DIRECTION('',(1.,0.));
#3917 = ( GEOMETRIC_REPRESENTATION_CONTEXT(2) 
PARAMETRIC_REPRESENTATION_CONTEXT() REPRESENTATION_CONTEXT('2D SPACE',''
  ) );
#3918 = PCURVE('',#3919,#3924);
#3919 = PLANE('',#3920);
#3920 = AXIS2_PLACEMENT_3D('',#3921,#3922,#3923);
#3921 = CARTESIAN_POINT('',(110.,975.,237.));
#3922 = DIRECTION('',(0.,0.,1.));
#3923 = DIRECTION('',(1.,0.,-0.));
#3924 = DEFINITIONAL_REPRESENTATION('',(#3925),#3929);
#3925 = CIRCLE('',#3926,6.);
#3926 = AXIS2_PLACEMENT_2D('',#3927,#3928);
#3927 = CARTESIAN_POINT('',(0.,0.));
#3928 = DIRECTION('',(1.,0.));
#3929 = ( GEOMETRIC_REPRESENTATION_CONTEXT(2) 
PARAMETRIC_REPRESENTATION_CONTEXT() REPRESENTATION_CONTEXT('2D SPACE',''
  ) );
#3930 = ORIENTED_EDGE('',*,*,#3931,.T.);
#3931 = EDGE_CURVE('',#3898,#3932,#3934,.T.);
#3932 = VERTEX_POINT('',#3933);
#3933 = CARTESIAN_POINT('',(116.,975.,270.));
#3934 = SEAM_CURVE('',#3935,(#3939,#3946),.PCURVE_S1.);
#3935 = LINE('',#3936,#3937);
#3936 = CARTESIAN_POINT('',(116.,975.,229.));
#3937 = VECTOR('',#3938,1.);
#3938 = DIRECTION('',(0.,0.,1.));
#3939 = PCURVE('',#3907,#3940);
#3940 = DEFINITIONAL_REPRESENTATION('',(#3941),#3945);
#3941 = LINE('',#3942,#3943);
#3942 = CARTESIAN_POINT('',(0.,-0.));
#3943 = VECTOR('',#3944,1.);
#3944 = DIRECTION('',(0.,1.));
#3945 = ( GEOMETRIC_REPRESENTATION_CONTEXT(2) 
PARAMETRIC_REPRESENTATION_CONTEXT() REPRESENTATION_CONTEXT('2D SPACE',''
  ) );
#3946 = PCURVE('',#3907,#3947);
#3947 = DEFINITIONAL_REPRESENTATION('',(#3948),#3952);
#3948 = LINE('',#3949,#3950);
#3949 = CARTESIAN_POINT('',(6.28318530718,-0.));
#3950 = VECTOR('',#3951,1.);
#3951 = DIRECTION('',(0.,1.));
#3952 = ( GEOMETRIC_REPRESENTATION_CONTEXT(2) 
PARAMETRIC_REPRESENTATION_CONTEXT() REPRESENTATION_CONTEXT('2D SPACE',''
  ) );
#3953 = ORIENTED_EDGE('',*,*,#3954,.F.);
#3954 = EDGE_CURVE('',#3932,#3932,#3955,.T.);
#3955 = SURFACE_CURVE('',#3956,(#3961,#3968),.PCURVE_S1.);
#3956 = CIRCLE('',#3957,6.);
#3957 = AXIS2_PLACEMENT_3D('',#3958,#3959,#3960);
#3958 = CARTESIAN_POINT('',(110.,975.,270.));
#3959 = DIRECTION('',(0.,0.,1.));
#3960 = DIRECTION('',(1.,0.,-0.));
#3961 = PCURVE('',#3907,#3962);
#3962 = DEFINITIONAL_REPRESENTATION('',(#3963),#3967);
#3963 = LINE('',#3964,#3965);
#3964 = CARTESIAN_POINT('',(0.,41.));
#3965 = VECTOR('',#3966,1.);
#3966 = DIRECTION('',(1.,0.));
#3967 = ( GEOMETRIC_REPRESENTATION_CONTEXT(2) 
PARAMETRIC_REPRESENTATION_CONTEXT() REPRESENTATION_CONTEXT('2D SPACE',''
  ) );
#3968 = PCURVE('',#3969,#3974);
#3969 = PLANE('',#3970);
#3970 = AXIS2_PLACEMENT_3D('',#3971,#3972,#3973);
#3971 = CARTESIAN_POINT('',(110.,975.,270.));
#3972 = DIRECTION('',(0.,0.,1.));
#3973 = DIRECTION('',(1.,0.,-0.));
#3974 = DEFINITIONAL_REPRESENTATION('',(#3975),#3979);
#3975 = CIRCLE('',#3976,6.);
#3976 = AXIS2_PLACEMENT_2D('',#3977,#3978);
#3977 = CARTESIAN_POINT('',(0.,0.));
#3978 = DIRECTION('',(1.,0.));
#3979 = ( GEOMETRIC_REPRESENTATION_CONTEXT(2) 
PARAMETRIC_REPRESENTATION_CONTEXT() REPRESENTATION_CONTEXT('2D SPACE',''
  ) );
#3980 = ORIENTED_EDGE('',*,*,#3931,.F.);
#3981 = ADVANCED_FACE('',(#3982,#4013),#3919,.T.);
#3982 = FACE_BOUND('',#3983,.T.);
#3983 = EDGE_LOOP('',(#3984));
#3984 = ORIENTED_EDGE('',*,*,#3985,.T.);
#3985 = EDGE_CURVE('',#3986,#3986,#3988,.T.);
#3986 = VERTEX_POINT('',#3987);
#3987 = CARTESIAN_POINT('',(119.5,975.,237.));
#3988 = SURFACE_CURVE('',#3989,(#3994,#4001),.PCURVE_S1.);
#3989 = CIRCLE('',#3990,9.5);
#3990 = AXIS2_PLACEMENT_3D('',#3991,#3992,#3993);
#3991 = CARTESIAN_POINT('',(110.,975.,237.));
#3992 = DIRECTION('',(0.,0.,1.));
#3993 = DIRECTION('',(1.,0.,-0.));
#3994 = PCURVE('',#3919,#3995);
#3995 = DEFINITIONAL_REPRESENTATION('',(#3996),#4000);
#3996 = CIRCLE('',#3997,9.5);
#3997 = AXIS2_PLACEMENT_2D('',#3998,#3999);
#3998 = CARTESIAN_POINT('',(0.,0.));
#3999 = DIRECTION('',(1.,0.));
#4000 = ( GEOMETRIC_REPRESENTATION_CONTEXT(2) 
PARAMETRIC_REPRESENTATION_CONTEXT() REPRESENTATION_CONTEXT('2D SPACE',''
  ) );
#4001 = PCURVE('',#4002,#4007);
#4002 = CYLINDRICAL_SURFACE('',#4003,9.5);
#4003 = AXIS2_PLACEMENT_3D('',#4004,#4005,#4006);
#4004 = CARTESIAN_POINT('',(110.,975.,229.));
#4005 = DIRECTION('',(0.,0.,1.));
#4006 = DIRECTION('',(1.,0.,-0.));
#4007 = DEFINITIONAL_REPRESENTATION('',(#4008),#4012);
#4008 = LINE('',#4009,#4010);
#4009 = CARTESIAN_POINT('',(0.,8.));
#4010 = VECTOR('',#4011,1.);
#4011 = DIRECTION('',(1.,0.));
#4012 = ( GEOMETRIC_REPRESENTATION_CONTEXT(2) 
PARAMETRIC_REPRESENTATION_CONTEXT() REPRESENTATION_CONTEXT('2D SPACE',''
  ) );
#4013 = FACE_BOUND('',#4014,.T.);
#4014 = EDGE_LOOP('',(#4015));
#4015 = ORIENTED_EDGE('',*,*,#3897,.F.);
#4016 = ADVANCED_FACE('',(#4017,#4048),#3969,.F.);
#4017 = FACE_BOUND('',#4018,.F.);
#4018 = EDGE_LOOP('',(#4019));
#4019 = ORIENTED_EDGE('',*,*,#4020,.T.);
#4020 = EDGE_CURVE('',#4021,#4021,#4023,.T.);
#4021 = VERTEX_POINT('',#4022);
#4022 = CARTESIAN_POINT('',(119.5,975.,270.));
#4023 = SURFACE_CURVE('',#4024,(#4029,#4036),.PCURVE_S1.);
#4024 = CIRCLE('',#4025,9.5);
#4025 = AXIS2_PLACEMENT_3D('',#4026,#4027,#4028);
#4026 = CARTESIAN_POINT('',(110.,975.,270.));
#4027 = DIRECTION('',(0.,0.,1.));
#4028 = DIRECTION('',(1.,0.,-0.));
#4029 = PCURVE('',#3969,#4030);
#4030 = DEFINITIONAL_REPRESENTATION('',(#4031),#4035);
#4031 = CIRCLE('',#4032,9.5);
#4032 = AXIS2_PLACEMENT_2D('',#4033,#4034);
#4033 = CARTESIAN_POINT('',(0.,0.));
#4034 = DIRECTION('',(1.,0.));
#4035 = ( GEOMETRIC_REPRESENTATION_CONTEXT(2) 
PARAMETRIC_REPRESENTATION_CONTEXT() REPRESENTATION_CONTEXT('2D SPACE',''
  ) );
#4036 = PCURVE('',#4037,#4042);
#4037 = CYLINDRICAL_SURFACE('',#4038,9.5);
#4038 = AXIS2_PLACEMENT_3D('',#4039,#4040,#4041);
#4039 = CARTESIAN_POINT('',(110.,975.,270.));
#4040 = DIRECTION('',(0.,0.,1.));
#4041 = DIRECTION('',(1.,0.,-0.));
#4042 = DEFINITIONAL_REPRESENTATION('',(#4043),#4047);
#4043 = LINE('',#4044,#4045);
#4044 = CARTESIAN_POINT('',(0.,0.));
#4045 = VECTOR('',#4046,1.);
#4046 = DIRECTION('',(1.,0.));
#4047 = ( GEOMETRIC_REPRESENTATION_CONTEXT(2) 
PARAMETRIC_REPRESENTATION_CONTEXT() REPRESENTATION_CONTEXT('2D SPACE',''
  ) );
#4048 = FACE_BOUND('',#4049,.F.);
#4049 = EDGE_LOOP('',(#4050));
#4050 = ORIENTED_EDGE('',*,*,#3954,.F.);
#4051 = ADVANCED_FACE('',(#4052),#4002,.T.);
#4052 = FACE_BOUND('',#4053,.T.);
#4053 = EDGE_LOOP('',(#4054,#4055,#4078,#4105));
#4054 = ORIENTED_EDGE('',*,*,#3985,.F.);
#4055 = ORIENTED_EDGE('',*,*,#4056,.F.);
#4056 = EDGE_CURVE('',#4057,#3986,#4059,.T.);
#4057 = VERTEX_POINT('',#4058);
#4058 = CARTESIAN_POINT('',(119.5,975.,229.));
#4059 = SEAM_CURVE('',#4060,(#4064,#4071),.PCURVE_S1.);
#4060 = LINE('',#4061,#4062);
#4061 = CARTESIAN_POINT('',(119.5,975.,229.));
#4062 = VECTOR('',#4063,1.);
#4063 = DIRECTION('',(0.,0.,1.));
#4064 = PCURVE('',#4002,#4065);
#4065 = DEFINITIONAL_REPRESENTATION('',(#4066),#4070);
#4066 = LINE('',#4067,#4068);
#4067 = CARTESIAN_POINT('',(6.28318530718,-0.));
#4068 = VECTOR('',#4069,1.);
#4069 = DIRECTION('',(0.,1.));
#4070 = ( GEOMETRIC_REPRESENTATION_CONTEXT(2) 
PARAMETRIC_REPRESENTATION_CONTEXT() REPRESENTATION_CONTEXT('2D SPACE',''
  ) );
#4071 = PCURVE('',#4002,#4072);
#4072 = DEFINITIONAL_REPRESENTATION('',(#4073),#4077);
#4073 = LINE('',#4074,#4075);
#4074 = CARTESIAN_POINT('',(0.,-0.));
#4075 = VECTOR('',#4076,1.);
#4076 = DIRECTION('',(0.,1.));
#4077 = ( GEOMETRIC_REPRESENTATION_CONTEXT(2) 
PARAMETRIC_REPRESENTATION_CONTEXT() REPRESENTATION_CONTEXT('2D SPACE',''
  ) );
#4078 = ORIENTED_EDGE('',*,*,#4079,.T.);
#4079 = EDGE_CURVE('',#4057,#4057,#4080,.T.);
#4080 = SURFACE_CURVE('',#4081,(#4086,#4093),.PCURVE_S1.);
#4081 = CIRCLE('',#4082,9.5);
#4082 = AXIS2_PLACEMENT_3D('',#4083,#4084,#4085);
#4083 = CARTESIAN_POINT('',(110.,975.,229.));
#4084 = DIRECTION('',(0.,0.,1.));
#4085 = DIRECTION('',(1.,0.,-0.));
#4086 = PCURVE('',#4002,#4087);
#4087 = DEFINITIONAL_REPRESENTATION('',(#4088),#4092);
#4088 = LINE('',#4089,#4090);
#4089 = CARTESIAN_POINT('',(0.,0.));
#4090 = VECTOR('',#4091,1.);
#4091 = DIRECTION('',(1.,0.));
#4092 = ( GEOMETRIC_REPRESENTATION_CONTEXT(2) 
PARAMETRIC_REPRESENTATION_CONTEXT() REPRESENTATION_CONTEXT('2D SPACE',''
  ) );
#4093 = PCURVE('',#4094,#4099);
#4094 = PLANE('',#4095);
#4095 = AXIS2_PLACEMENT_3D('',#4096,#4097,#4098);
#4096 = CARTESIAN_POINT('',(110.,975.,229.));
#4097 = DIRECTION('',(0.,0.,1.));
#4098 = DIRECTION('',(1.,0.,-0.));
#4099 = DEFINITIONAL_REPRESENTATION('',(#4100),#4104);
#4100 = CIRCLE('',#4101,9.5);
#4101 = AXIS2_PLACEMENT_2D('',#4102,#4103);
#4102 = CARTESIAN_POINT('',(0.,0.));
#4103 = DIRECTION('',(1.,0.));
#4104 = ( GEOMETRIC_REPRESENTATION_CONTEXT(2) 
PARAMETRIC_REPRESENTATION_CONTEXT() REPRESENTATION_CONTEXT('2D SPACE',''
  ) );
#4105 = ORIENTED_EDGE('',*,*,#4056,.T.);
#4106 = ADVANCED_FACE('',(#4107),#4037,.T.);
#4107 = FACE_BOUND('',#4108,.T.);
#4108 = EDGE_LOOP('',(#4109,#4138,#4159,#4160));
#4109 = ORIENTED_EDGE('',*,*,#4110,.F.);
#4110 = EDGE_CURVE('',#4111,#4111,#4113,.T.);
#4111 = VERTEX_POINT('',#4112);
#4112 = CARTESIAN_POINT('',(119.5,975.,280.));
#4113 = SURFACE_CURVE('',#4114,(#4119,#4126),.PCURVE_S1.);
#4114 = CIRCLE('',#4115,9.5);
#4115 = AXIS2_PLACEMENT_3D('',#4116,#4117,#4118);
#4116 = CARTESIAN_POINT('',(110.,975.,280.));
#4117 = DIRECTION('',(0.,0.,1.));
#4118 = DIRECTION('',(1.,0.,-0.));
#4119 = PCURVE('',#4037,#4120);
#4120 = DEFINITIONAL_REPRESENTATION('',(#4121),#4125);
#4121 = LINE('',#4122,#4123);
#4122 = CARTESIAN_POINT('',(0.,10.));
#4123 = VECTOR('',#4124,1.);
#4124 = DIRECTION('',(1.,0.));
#4125 = ( GEOMETRIC_REPRESENTATION_CONTEXT(2) 
PARAMETRIC_REPRESENTATION_CONTEXT() REPRESENTATION_CONTEXT('2D SPACE',''
  ) );
#4126 = PCURVE('',#4127,#4132);
#4127 = PLANE('',#4128);
#4128 = AXIS2_PLACEMENT_3D('',#4129,#4130,#4131);
#4129 = CARTESIAN_POINT('',(110.,975.,280.));
#4130 = DIRECTION('',(0.,0.,1.));
#4131 = DIRECTION('',(1.,0.,-0.));
#4132 = DEFINITIONAL_REPRESENTATION('',(#4133),#4137);
#4133 = CIRCLE('',#4134,9.5);
#4134 = AXIS2_PLACEMENT_2D('',#4135,#4136);
#4135 = CARTESIAN_POINT('',(0.,0.));
#4136 = DIRECTION('',(1.,0.));
#4137 = ( GEOMETRIC_REPRESENTATION_CONTEXT(2) 
PARAMETRIC_REPRESENTATION_CONTEXT() REPRESENTATION_CONTEXT('2D SPACE',''
  ) );
#4138 = ORIENTED_EDGE('',*,*,#4139,.F.);
#4139 = EDGE_CURVE('',#4021,#4111,#4140,.T.);
#4140 = SEAM_CURVE('',#4141,(#4145,#4152),.PCURVE_S1.);
#4141 = LINE('',#4142,#4143);
#4142 = CARTESIAN_POINT('',(119.5,975.,270.));
#4143 = VECTOR('',#4144,1.);
#4144 = DIRECTION('',(0.,0.,1.));
#4145 = PCURVE('',#4037,#4146);
#4146 = DEFINITIONAL_REPRESENTATION('',(#4147),#4151);
#4147 = LINE('',#4148,#4149);
#4148 = CARTESIAN_POINT('',(6.28318530718,-0.));
#4149 = VECTOR('',#4150,1.);
#4150 = DIRECTION('',(0.,1.));
#4151 = ( GEOMETRIC_REPRESENTATION_CONTEXT(2) 
PARAMETRIC_REPRESENTATION_CONTEXT() REPRESENTATION_CONTEXT('2D SPACE',''
  ) );
#4152 = PCURVE('',#4037,#4153);
#4153 = DEFINITIONAL_REPRESENTATION('',(#4154),#4158);
#4154 = LINE('',#4155,#4156);
#4155 = CARTESIAN_POINT('',(0.,-0.));
#4156 = VECTOR('',#4157,1.);
#4157 = DIRECTION('',(0.,1.));
#4158 = ( GEOMETRIC_REPRESENTATION_CONTEXT(2) 
PARAMETRIC_REPRESENTATION_CONTEXT() REPRESENTATION_CONTEXT('2D SPACE',''
  ) );
#4159 = ORIENTED_EDGE('',*,*,#4020,.T.);
#4160 = ORIENTED_EDGE('',*,*,#4139,.T.);
#4161 = ADVANCED_FACE('',(#4162,#4165),#4094,.F.);
#4162 = FACE_BOUND('',#4163,.F.);
#4163 = EDGE_LOOP('',(#4164));
#4164 = ORIENTED_EDGE('',*,*,#4079,.T.);
#4165 = FACE_BOUND('',#4166,.F.);
#4166 = EDGE_LOOP('',(#4167));
#4167 = ORIENTED_EDGE('',*,*,#4168,.F.);
#4168 = EDGE_CURVE('',#4169,#4169,#4171,.T.);
#4169 = VERTEX_POINT('',#4170);
#4170 = CARTESIAN_POINT('',(116.,975.,229.));
#4171 = SURFACE_CURVE('',#4172,(#4177,#4184),.PCURVE_S1.);
#4172 = CIRCLE('',#4173,6.);
#4173 = AXIS2_PLACEMENT_3D('',#4174,#4175,#4176);
#4174 = CARTESIAN_POINT('',(110.,975.,229.));
#4175 = DIRECTION('',(0.,0.,1.));
#4176 = DIRECTION('',(1.,0.,-0.));
#4177 = PCURVE('',#4094,#4178);
#4178 = DEFINITIONAL_REPRESENTATION('',(#4179),#4183);
#4179 = CIRCLE('',#4180,6.);
#4180 = AXIS2_PLACEMENT_2D('',#4181,#4182);
#4181 = CARTESIAN_POINT('',(0.,0.));
#4182 = DIRECTION('',(1.,0.));
#4183 = ( GEOMETRIC_REPRESENTATION_CONTEXT(2) 
PARAMETRIC_REPRESENTATION_CONTEXT() REPRESENTATION_CONTEXT('2D SPACE',''
  ) );
#4184 = PCURVE('',#4185,#4190);
#4185 = PLANE('',#4186);
#4186 = AXIS2_PLACEMENT_3D('',#4187,#4188,#4189);
#4187 = CARTESIAN_POINT('',(110.,975.,229.));
#4188 = DIRECTION('',(0.,0.,1.));
#4189 = DIRECTION('',(1.,0.,-0.));
#4190 = DEFINITIONAL_REPRESENTATION('',(#4191),#4195);
#4191 = CIRCLE('',#4192,6.);
#4192 = AXIS2_PLACEMENT_2D('',#4193,#4194);
#4193 = CARTESIAN_POINT('',(0.,0.));
#4194 = DIRECTION('',(1.,0.));
#4195 = ( GEOMETRIC_REPRESENTATION_CONTEXT(2) 
PARAMETRIC_REPRESENTATION_CONTEXT() REPRESENTATION_CONTEXT('2D SPACE',''
  ) );
#4196 = ADVANCED_FACE('',(#4197,#4200),#4127,.T.);
#4197 = FACE_BOUND('',#4198,.T.);
#4198 = EDGE_LOOP('',(#4199));
#4199 = ORIENTED_EDGE('',*,*,#4110,.T.);
#4200 = FACE_BOUND('',#4201,.T.);
#4201 = EDGE_LOOP('',(#4202));
#4202 = ORIENTED_EDGE('',*,*,#4203,.F.);
#4203 = EDGE_CURVE('',#4204,#4204,#4206,.T.);
#4204 = VERTEX_POINT('',#4205);
#4205 = CARTESIAN_POINT('',(116.,975.,280.));
#4206 = SURFACE_CURVE('',#4207,(#4212,#4219),.PCURVE_S1.);
#4207 = CIRCLE('',#4208,6.);
#4208 = AXIS2_PLACEMENT_3D('',#4209,#4210,#4211);
#4209 = CARTESIAN_POINT('',(110.,975.,280.));
#4210 = DIRECTION('',(0.,0.,1.));
#4211 = DIRECTION('',(1.,0.,-0.));
#4212 = PCURVE('',#4127,#4213);
#4213 = DEFINITIONAL_REPRESENTATION('',(#4214),#4218);
#4214 = CIRCLE('',#4215,6.);
#4215 = AXIS2_PLACEMENT_2D('',#4216,#4217);
#4216 = CARTESIAN_POINT('',(0.,0.));
#4217 = DIRECTION('',(1.,0.));
#4218 = ( GEOMETRIC_REPRESENTATION_CONTEXT(2) 
PARAMETRIC_REPRESENTATION_CONTEXT() REPRESENTATION_CONTEXT('2D SPACE',''
  ) );
#4219 = PCURVE('',#4220,#4225);
#4220 = CYLINDRICAL_SURFACE('',#4221,6.);
#4221 = AXIS2_PLACEMENT_3D('',#4222,#4223,#4224);
#4222 = CARTESIAN_POINT('',(110.,975.,229.));
#4223 = DIRECTION('',(0.,0.,1.));
#4224 = DIRECTION('',(1.,0.,-0.));
#4225 = DEFINITIONAL_REPRESENTATION('',(#4226),#4230);
#4226 = LINE('',#4227,#4228);
#4227 = CARTESIAN_POINT('',(0.,51.));
#4228 = VECTOR('',#4229,1.);
#4229 = DIRECTION('',(1.,0.));
#4230 = ( GEOMETRIC_REPRESENTATION_CONTEXT(2) 
PARAMETRIC_REPRESENTATION_CONTEXT() REPRESENTATION_CONTEXT('2D SPACE',''
  ) );
#4231 = ADVANCED_FACE('',(#4232),#4185,.F.);
#4232 = FACE_BOUND('',#4233,.T.);
#4233 = EDGE_LOOP('',(#4234));
#4234 = ORIENTED_EDGE('',*,*,#4168,.F.);
#4235 = ADVANCED_FACE('',(#4236),#4220,.T.);
#4236 = FACE_BOUND('',#4237,.T.);
#4237 = EDGE_LOOP('',(#4238,#4239,#4262,#4289));
#4238 = ORIENTED_EDGE('',*,*,#4203,.T.);
#4239 = ORIENTED_EDGE('',*,*,#4240,.T.);
#4240 = EDGE_CURVE('',#4204,#4241,#4243,.T.);
#4241 = VERTEX_POINT('',#4242);
#4242 = CARTESIAN_POINT('',(116.,975.,282.));
#4243 = SEAM_CURVE('',#4244,(#4248,#4255),.PCURVE_S1.);
#4244 = LINE('',#4245,#4246);
#4245 = CARTESIAN_POINT('',(116.,975.,229.));
#4246 = VECTOR('',#4247,1.);
#4247 = DIRECTION('',(0.,0.,1.));
#4248 = PCURVE('',#4220,#4249);
#4249 = DEFINITIONAL_REPRESENTATION('',(#4250),#4254);
#4250 = LINE('',#4251,#4252);
#4251 = CARTESIAN_POINT('',(0.,-0.));
#4252 = VECTOR('',#4253,1.);
#4253 = DIRECTION('',(0.,1.));
#4254 = ( GEOMETRIC_REPRESENTATION_CONTEXT(2) 
PARAMETRIC_REPRESENTATION_CONTEXT() REPRESENTATION_CONTEXT('2D SPACE',''
  ) );
#4255 = PCURVE('',#4220,#4256);
#4256 = DEFINITIONAL_REPRESENTATION('',(#4257),#4261);
#4257 = LINE('',#4258,#4259);
#4258 = CARTESIAN_POINT('',(6.28318530718,-0.));
#4259 = VECTOR('',#4260,1.);
#4260 = DIRECTION('',(0.,1.));
#4261 = ( GEOMETRIC_REPRESENTATION_CONTEXT(2) 
PARAMETRIC_REPRESENTATION_CONTEXT() REPRESENTATION_CONTEXT('2D SPACE',''
  ) );
#4262 = ORIENTED_EDGE('',*,*,#4263,.F.);
#4263 = EDGE_CURVE('',#4241,#4241,#4264,.T.);
#4264 = SURFACE_CURVE('',#4265,(#4270,#4277),.PCURVE_S1.);
#4265 = CIRCLE('',#4266,6.);
#4266 = AXIS2_PLACEMENT_3D('',#4267,#4268,#4269);
#4267 = CARTESIAN_POINT('',(110.,975.,282.));
#4268 = DIRECTION('',(0.,0.,1.));
#4269 = DIRECTION('',(1.,0.,-0.));
#4270 = PCURVE('',#4220,#4271);
#4271 = DEFINITIONAL_REPRESENTATION('',(#4272),#4276);
#4272 = LINE('',#4273,#4274);
#4273 = CARTESIAN_POINT('',(0.,53.));
#4274 = VECTOR('',#4275,1.);
#4275 = DIRECTION('',(1.,0.));
#4276 = ( GEOMETRIC_REPRESENTATION_CONTEXT(2) 
PARAMETRIC_REPRESENTATION_CONTEXT() REPRESENTATION_CONTEXT('2D SPACE',''
  ) );
#4277 = PCURVE('',#4278,#4283);
#4278 = PLANE('',#4279);
#4279 = AXIS2_PLACEMENT_3D('',#4280,#4281,#4282);
#4280 = CARTESIAN_POINT('',(110.,975.,282.));
#4281 = DIRECTION('',(0.,0.,1.));
#4282 = DIRECTION('',(1.,0.,-0.));
#4283 = DEFINITIONAL_REPRESENTATION('',(#4284),#4288);
#4284 = CIRCLE('',#4285,6.);
#4285 = AXIS2_PLACEMENT_2D('',#4286,#4287);
#4286 = CARTESIAN_POINT('',(0.,0.));
#4287 = DIRECTION('',(1.,0.));
#4288 = ( GEOMETRIC_REPRESENTATION_CONTEXT(2) 
PARAMETRIC_REPRESENTATION_CONTEXT() REPRESENTATION_CONTEXT('2D SPACE',''
  ) );
#4289 = ORIENTED_EDGE('',*,*,#4240,.F.);
#4290 = ADVANCED_FACE('',(#4291),#4278,.T.);
#4291 = FACE_BOUND('',#4292,.T.);
#4292 = EDGE_LOOP('',(#4293));
#4293 = ORIENTED_EDGE('',*,*,#4263,.T.);
#4294 = ( GEOMETRIC_REPRESENTATION_CONTEXT(3) 
GLOBAL_UNCERTAINTY_ASSIGNED_CONTEXT((#4298)) 
GLOBAL_UNIT_ASSIGNED_CONTEXT((#4295,#4296,#4297)) REPRESENTATION_CONTEXT
('Context #1','3D Context with UNIT and UNCERTAINTY') );
#4295 = ( LENGTH_UNIT() NAMED_UNIT(*) SI_UNIT(.MILLI.,.METRE.) );
#4296 = ( NAMED_UNIT(*) PLANE_ANGLE_UNIT() SI_UNIT($,.RADIAN.) );
#4297 = ( NAMED_UNIT(*) SI_UNIT($,.STERADIAN.) SOLID_ANGLE_UNIT() );
#4298 = UNCERTAINTY_MEASURE_WITH_UNIT(LENGTH_MEASURE(1.E-07),#4295,
  'distance_accuracy_value','confusion accuracy');
#4299 = CONTEXT_DEPENDENT_SHAPE_REPRESENTATION(#4300,#4302);
#4300 = ( REPRESENTATION_RELATIONSHIP('','',#3890,#10) 
REPRESENTATION_RELATIONSHIP_WITH_TRANSFORMATION(#4301) 
SHAPE_REPRESENTATION_RELATIONSHIP() );
#4301 = ITEM_DEFINED_TRANSFORMATION('','',#11,#51);
#4302 = PRODUCT_DEFINITION_SHAPE('Placement','Placement of an item',
  #4303);
#4303 = NEXT_ASSEMBLY_USAGE_OCCURRENCE('414','','',#5,#3885,$);
#4304 = PRODUCT_RELATED_PRODUCT_CATEGORY('part',$,(#3887));
#4305 = SHAPE_DEFINITION_REPRESENTATION(#4306,#4312);
#4306 = PRODUCT_DEFINITION_SHAPE('','',#4307);
#4307 = PRODUCT_DEFINITION('design','',#4308,#4311);
#4308 = PRODUCT_DEFINITION_FORMATION('','',#4309);
#4309 = PRODUCT('Open CASCADE STEP translator 7.9 25.11',
  'Open CASCADE STEP translator 7.9 25.11','',(#4310));
#4310 = PRODUCT_CONTEXT('',#2,'mechanical');
#4311 = PRODUCT_DEFINITION_CONTEXT('part definition',#2,'design');
#4312 = ADVANCED_BREP_SHAPE_REPRESENTATION('',(#11,#4313),#4716);
#4313 = MANIFOLD_SOLID_BREP('',#4314);
#4314 = CLOSED_SHELL('',(#4315,#4403,#4438,#4473,#4528,#4583,#4618,#4653
    ,#4657,#4712));
#4315 = ADVANCED_FACE('',(#4316),#4329,.T.);
#4316 = FACE_BOUND('',#4317,.T.);
#4317 = EDGE_LOOP('',(#4318,#4352,#4375,#4402));
#4318 = ORIENTED_EDGE('',*,*,#4319,.T.);
#4319 = EDGE_CURVE('',#4320,#4320,#4322,.T.);
#4320 = VERTEX_POINT('',#4321);
#4321 = CARTESIAN_POINT('',(226.,895.,237.));
#4322 = SURFACE_CURVE('',#4323,(#4328,#4340),.PCURVE_S1.);
#4323 = CIRCLE('',#4324,6.);
#4324 = AXIS2_PLACEMENT_3D('',#4325,#4326,#4327);
#4325 = CARTESIAN_POINT('',(220.,895.,237.));
#4326 = DIRECTION('',(0.,0.,1.));
#4327 = DIRECTION('',(1.,0.,-0.));
#4328 = PCURVE('',#4329,#4334);
#4329 = CYLINDRICAL_SURFACE('',#4330,6.);
#4330 = AXIS2_PLACEMENT_3D('',#4331,#4332,#4333);
#4331 = CARTESIAN_POINT('',(220.,895.,229.));
#4332 = DIRECTION('',(0.,0.,1.));
#4333 = DIRECTION('',(1.,0.,-0.));
#4334 = DEFINITIONAL_REPRESENTATION('',(#4335),#4339);
#4335 = LINE('',#4336,#4337);
#4336 = CARTESIAN_POINT('',(0.,8.));
#4337 = VECTOR('',#4338,1.);
#4338 = DIRECTION('',(1.,0.));
#4339 = ( GEOMETRIC_REPRESENTATION_CONTEXT(2) 
PARAMETRIC_REPRESENTATION_CONTEXT() REPRESENTATION_CONTEXT('2D SPACE',''
  ) );
#4340 = PCURVE('',#4341,#4346);
#4341 = PLANE('',#4342);
#4342 = AXIS2_PLACEMENT_3D('',#4343,#4344,#4345);
#4343 = CARTESIAN_POINT('',(220.,895.,237.));
#4344 = DIRECTION('',(0.,0.,1.));
#4345 = DIRECTION('',(1.,0.,-0.));
#4346 = DEFINITIONAL_REPRESENTATION('',(#4347),#4351);
#4347 = CIRCLE('',#4348,6.);
#4348 = AXIS2_PLACEMENT_2D('',#4349,#4350);
#4349 = CARTESIAN_POINT('',(0.,0.));
#4350 = DIRECTION('',(1.,0.));
#4351 = ( GEOMETRIC_REPRESENTATION_CONTEXT(2) 
PARAMETRIC_REPRESENTATION_CONTEXT() REPRESENTATION_CONTEXT('2D SPACE',''
  ) );
#4352 = ORIENTED_EDGE('',*,*,#4353,.T.);
#4353 = EDGE_CURVE('',#4320,#4354,#4356,.T.);
#4354 = VERTEX_POINT('',#4355);
#4355 = CARTESIAN_POINT('',(226.,895.,270.));
#4356 = SEAM_CURVE('',#4357,(#4361,#4368),.PCURVE_S1.);
#4357 = LINE('',#4358,#4359);
#4358 = CARTESIAN_POINT('',(226.,895.,229.));
#4359 = VECTOR('',#4360,1.);
#4360 = DIRECTION('',(0.,0.,1.));
#4361 = PCURVE('',#4329,#4362);
#4362 = DEFINITIONAL_REPRESENTATION('',(#4363),#4367);
#4363 = LINE('',#4364,#4365);
#4364 = CARTESIAN_POINT('',(0.,-0.));
#4365 = VECTOR('',#4366,1.);
#4366 = DIRECTION('',(0.,1.));
#4367 = ( GEOMETRIC_REPRESENTATION_CONTEXT(2) 
PARAMETRIC_REPRESENTATION_CONTEXT() REPRESENTATION_CONTEXT('2D SPACE',''
  ) );
#4368 = PCURVE('',#4329,#4369);
#4369 = DEFINITIONAL_REPRESENTATION('',(#4370),#4374);
#4370 = LINE('',#4371,#4372);
#4371 = CARTESIAN_POINT('',(6.28318530718,-0.));
#4372 = VECTOR('',#4373,1.);
#4373 = DIRECTION('',(0.,1.));
#4374 = ( GEOMETRIC_REPRESENTATION_CONTEXT(2) 
PARAMETRIC_REPRESENTATION_CONTEXT() REPRESENTATION_CONTEXT('2D SPACE',''
  ) );
#4375 = ORIENTED_EDGE('',*,*,#4376,.F.);
#4376 = EDGE_CURVE('',#4354,#4354,#4377,.T.);
#4377 = SURFACE_CURVE('',#4378,(#4383,#4390),.PCURVE_S1.);
#4378 = CIRCLE('',#4379,6.);
#4379 = AXIS2_PLACEMENT_3D('',#4380,#4381,#4382);
#4380 = CARTESIAN_POINT('',(220.,895.,270.));
#4381 = DIRECTION('',(0.,0.,1.));
#4382 = DIRECTION('',(1.,0.,-0.));
#4383 = PCURVE('',#4329,#4384);
#4384 = DEFINITIONAL_REPRESENTATION('',(#4385),#4389);
#4385 = LINE('',#4386,#4387);
#4386 = CARTESIAN_POINT('',(0.,41.));
#4387 = VECTOR('',#4388,1.);
#4388 = DIRECTION('',(1.,0.));
#4389 = ( GEOMETRIC_REPRESENTATION_CONTEXT(2) 
PARAMETRIC_REPRESENTATION_CONTEXT() REPRESENTATION_CONTEXT('2D SPACE',''
  ) );
#4390 = PCURVE('',#4391,#4396);
#4391 = PLANE('',#4392);
#4392 = AXIS2_PLACEMENT_3D('',#4393,#4394,#4395);
#4393 = CARTESIAN_POINT('',(220.,895.,270.));
#4394 = DIRECTION('',(0.,0.,1.));
#4395 = DIRECTION('',(1.,0.,-0.));
#4396 = DEFINITIONAL_REPRESENTATION('',(#4397),#4401);
#4397 = CIRCLE('',#4398,6.);
#4398 = AXIS2_PLACEMENT_2D('',#4399,#4400);
#4399 = CARTESIAN_POINT('',(0.,0.));
#4400 = DIRECTION('',(1.,0.));
#4401 = ( GEOMETRIC_REPRESENTATION_CONTEXT(2) 
PARAMETRIC_REPRESENTATION_CONTEXT() REPRESENTATION_CONTEXT('2D SPACE',''
  ) );
#4402 = ORIENTED_EDGE('',*,*,#4353,.F.);
#4403 = ADVANCED_FACE('',(#4404,#4435),#4341,.T.);
#4404 = FACE_BOUND('',#4405,.T.);
#4405 = EDGE_LOOP('',(#4406));
#4406 = ORIENTED_EDGE('',*,*,#4407,.T.);
#4407 = EDGE_CURVE('',#4408,#4408,#4410,.T.);
#4408 = VERTEX_POINT('',#4409);
#4409 = CARTESIAN_POINT('',(229.5,895.,237.));
#4410 = SURFACE_CURVE('',#4411,(#4416,#4423),.PCURVE_S1.);
#4411 = CIRCLE('',#4412,9.5);
#4412 = AXIS2_PLACEMENT_3D('',#4413,#4414,#4415);
#4413 = CARTESIAN_POINT('',(220.,895.,237.));
#4414 = DIRECTION('',(0.,0.,1.));
#4415 = DIRECTION('',(1.,0.,-0.));
#4416 = PCURVE('',#4341,#4417);
#4417 = DEFINITIONAL_REPRESENTATION('',(#4418),#4422);
#4418 = CIRCLE('',#4419,9.5);
#4419 = AXIS2_PLACEMENT_2D('',#4420,#4421);
#4420 = CARTESIAN_POINT('',(0.,0.));
#4421 = DIRECTION('',(1.,0.));
#4422 = ( GEOMETRIC_REPRESENTATION_CONTEXT(2) 
PARAMETRIC_REPRESENTATION_CONTEXT() REPRESENTATION_CONTEXT('2D SPACE',''
  ) );
#4423 = PCURVE('',#4424,#4429);
#4424 = CYLINDRICAL_SURFACE('',#4425,9.5);
#4425 = AXIS2_PLACEMENT_3D('',#4426,#4427,#4428);
#4426 = CARTESIAN_POINT('',(220.,895.,229.));
#4427 = DIRECTION('',(0.,0.,1.));
#4428 = DIRECTION('',(1.,0.,-0.));
#4429 = DEFINITIONAL_REPRESENTATION('',(#4430),#4434);
#4430 = LINE('',#4431,#4432);
#4431 = CARTESIAN_POINT('',(0.,8.));
#4432 = VECTOR('',#4433,1.);
#4433 = DIRECTION('',(1.,0.));
#4434 = ( GEOMETRIC_REPRESENTATION_CONTEXT(2) 
PARAMETRIC_REPRESENTATION_CONTEXT() REPRESENTATION_CONTEXT('2D SPACE',''
  ) );
#4435 = FACE_BOUND('',#4436,.T.);
#4436 = EDGE_LOOP('',(#4437));
#4437 = ORIENTED_EDGE('',*,*,#4319,.F.);
#4438 = ADVANCED_FACE('',(#4439,#4470),#4391,.F.);
#4439 = FACE_BOUND('',#4440,.F.);
#4440 = EDGE_LOOP('',(#4441));
#4441 = ORIENTED_EDGE('',*,*,#4442,.T.);
#4442 = EDGE_CURVE('',#4443,#4443,#4445,.T.);
#4443 = VERTEX_POINT('',#4444);
#4444 = CARTESIAN_POINT('',(229.5,895.,270.));
#4445 = SURFACE_CURVE('',#4446,(#4451,#4458),.PCURVE_S1.);
#4446 = CIRCLE('',#4447,9.5);
#4447 = AXIS2_PLACEMENT_3D('',#4448,#4449,#4450);
#4448 = CARTESIAN_POINT('',(220.,895.,270.));
#4449 = DIRECTION('',(0.,0.,1.));
#4450 = DIRECTION('',(1.,0.,-0.));
#4451 = PCURVE('',#4391,#4452);
#4452 = DEFINITIONAL_REPRESENTATION('',(#4453),#4457);
#4453 = CIRCLE('',#4454,9.5);
#4454 = AXIS2_PLACEMENT_2D('',#4455,#4456);
#4455 = CARTESIAN_POINT('',(0.,0.));
#4456 = DIRECTION('',(1.,0.));
#4457 = ( GEOMETRIC_REPRESENTATION_CONTEXT(2) 
PARAMETRIC_REPRESENTATION_CONTEXT() REPRESENTATION_CONTEXT('2D SPACE',''
  ) );
#4458 = PCURVE('',#4459,#4464);
#4459 = CYLINDRICAL_SURFACE('',#4460,9.5);
#4460 = AXIS2_PLACEMENT_3D('',#4461,#4462,#4463);
#4461 = CARTESIAN_POINT('',(220.,895.,270.));
#4462 = DIRECTION('',(0.,0.,1.));
#4463 = DIRECTION('',(1.,0.,-0.));
#4464 = DEFINITIONAL_REPRESENTATION('',(#4465),#4469);
#4465 = LINE('',#4466,#4467);
#4466 = CARTESIAN_POINT('',(0.,0.));
#4467 = VECTOR('',#4468,1.);
#4468 = DIRECTION('',(1.,0.));
#4469 = ( GEOMETRIC_REPRESENTATION_CONTEXT(2) 
PARAMETRIC_REPRESENTATION_CONTEXT() REPRESENTATION_CONTEXT('2D SPACE',''
  ) );
#4470 = FACE_BOUND('',#4471,.F.);
#4471 = EDGE_LOOP('',(#4472));
#4472 = ORIENTED_EDGE('',*,*,#4376,.F.);
#4473 = ADVANCED_FACE('',(#4474),#4424,.T.);
#4474 = FACE_BOUND('',#4475,.T.);
#4475 = EDGE_LOOP('',(#4476,#4477,#4500,#4527));
#4476 = ORIENTED_EDGE('',*,*,#4407,.F.);
#4477 = ORIENTED_EDGE('',*,*,#4478,.F.);
#4478 = EDGE_CURVE('',#4479,#4408,#4481,.T.);
#4479 = VERTEX_POINT('',#4480);
#4480 = CARTESIAN_POINT('',(229.5,895.,229.));
#4481 = SEAM_CURVE('',#4482,(#4486,#4493),.PCURVE_S1.);
#4482 = LINE('',#4483,#4484);
#4483 = CARTESIAN_POINT('',(229.5,895.,229.));
#4484 = VECTOR('',#4485,1.);
#4485 = DIRECTION('',(0.,0.,1.));
#4486 = PCURVE('',#4424,#4487);
#4487 = DEFINITIONAL_REPRESENTATION('',(#4488),#4492);
#4488 = LINE('',#4489,#4490);
#4489 = CARTESIAN_POINT('',(6.28318530718,-0.));
#4490 = VECTOR('',#4491,1.);
#4491 = DIRECTION('',(0.,1.));
#4492 = ( GEOMETRIC_REPRESENTATION_CONTEXT(2) 
PARAMETRIC_REPRESENTATION_CONTEXT() REPRESENTATION_CONTEXT('2D SPACE',''
  ) );
#4493 = PCURVE('',#4424,#4494);
#4494 = DEFINITIONAL_REPRESENTATION('',(#4495),#4499);
#4495 = LINE('',#4496,#4497);
#4496 = CARTESIAN_POINT('',(0.,-0.));
#4497 = VECTOR('',#4498,1.);
#4498 = DIRECTION('',(0.,1.));
#4499 = ( GEOMETRIC_REPRESENTATION_CONTEXT(2) 
PARAMETRIC_REPRESENTATION_CONTEXT() REPRESENTATION_CONTEXT('2D SPACE',''
  ) );
#4500 = ORIENTED_EDGE('',*,*,#4501,.T.);
#4501 = EDGE_CURVE('',#4479,#4479,#4502,.T.);
#4502 = SURFACE_CURVE('',#4503,(#4508,#4515),.PCURVE_S1.);
#4503 = CIRCLE('',#4504,9.5);
#4504 = AXIS2_PLACEMENT_3D('',#4505,#4506,#4507);
#4505 = CARTESIAN_POINT('',(220.,895.,229.));
#4506 = DIRECTION('',(0.,0.,1.));
#4507 = DIRECTION('',(1.,0.,-0.));
#4508 = PCURVE('',#4424,#4509);
#4509 = DEFINITIONAL_REPRESENTATION('',(#4510),#4514);
#4510 = LINE('',#4511,#4512);
#4511 = CARTESIAN_POINT('',(0.,0.));
#4512 = VECTOR('',#4513,1.);
#4513 = DIRECTION('',(1.,0.));
#4514 = ( GEOMETRIC_REPRESENTATION_CONTEXT(2) 
PARAMETRIC_REPRESENTATION_CONTEXT() REPRESENTATION_CONTEXT('2D SPACE',''
  ) );
#4515 = PCURVE('',#4516,#4521);
#4516 = PLANE('',#4517);
#4517 = AXIS2_PLACEMENT_3D('',#4518,#4519,#4520);
#4518 = CARTESIAN_POINT('',(220.,895.,229.));
#4519 = DIRECTION('',(0.,0.,1.));
#4520 = DIRECTION('',(1.,0.,-0.));
#4521 = DEFINITIONAL_REPRESENTATION('',(#4522),#4526);
#4522 = CIRCLE('',#4523,9.5);
#4523 = AXIS2_PLACEMENT_2D('',#4524,#4525);
#4524 = CARTESIAN_POINT('',(0.,0.));
#4525 = DIRECTION('',(1.,0.));
#4526 = ( GEOMETRIC_REPRESENTATION_CONTEXT(2) 
PARAMETRIC_REPRESENTATION_CONTEXT() REPRESENTATION_CONTEXT('2D SPACE',''
  ) );
#4527 = ORIENTED_EDGE('',*,*,#4478,.T.);
#4528 = ADVANCED_FACE('',(#4529),#4459,.T.);
#4529 = FACE_BOUND('',#4530,.T.);
#4530 = EDGE_LOOP('',(#4531,#4560,#4581,#4582));
#4531 = ORIENTED_EDGE('',*,*,#4532,.F.);
#4532 = EDGE_CURVE('',#4533,#4533,#4535,.T.);
#4533 = VERTEX_POINT('',#4534);
#4534 = CARTESIAN_POINT('',(229.5,895.,280.));
#4535 = SURFACE_CURVE('',#4536,(#4541,#4548),.PCURVE_S1.);
#4536 = CIRCLE('',#4537,9.5);
#4537 = AXIS2_PLACEMENT_3D('',#4538,#4539,#4540);
#4538 = CARTESIAN_POINT('',(220.,895.,280.));
#4539 = DIRECTION('',(0.,0.,1.));
#4540 = DIRECTION('',(1.,0.,-0.));
#4541 = PCURVE('',#4459,#4542);
#4542 = DEFINITIONAL_REPRESENTATION('',(#4543),#4547);
#4543 = LINE('',#4544,#4545);
#4544 = CARTESIAN_POINT('',(0.,10.));
#4545 = VECTOR('',#4546,1.);
#4546 = DIRECTION('',(1.,0.));
#4547 = ( GEOMETRIC_REPRESENTATION_CONTEXT(2) 
PARAMETRIC_REPRESENTATION_CONTEXT() REPRESENTATION_CONTEXT('2D SPACE',''
  ) );
#4548 = PCURVE('',#4549,#4554);
#4549 = PLANE('',#4550);
#4550 = AXIS2_PLACEMENT_3D('',#4551,#4552,#4553);
#4551 = CARTESIAN_POINT('',(220.,895.,280.));
#4552 = DIRECTION('',(0.,0.,1.));
#4553 = DIRECTION('',(1.,0.,-0.));
#4554 = DEFINITIONAL_REPRESENTATION('',(#4555),#4559);
#4555 = CIRCLE('',#4556,9.5);
#4556 = AXIS2_PLACEMENT_2D('',#4557,#4558);
#4557 = CARTESIAN_POINT('',(0.,0.));
#4558 = DIRECTION('',(1.,0.));
#4559 = ( GEOMETRIC_REPRESENTATION_CONTEXT(2) 
PARAMETRIC_REPRESENTATION_CONTEXT() REPRESENTATION_CONTEXT('2D SPACE',''
  ) );
#4560 = ORIENTED_EDGE('',*,*,#4561,.F.);
#4561 = EDGE_CURVE('',#4443,#4533,#4562,.T.);
#4562 = SEAM_CURVE('',#4563,(#4567,#4574),.PCURVE_S1.);
#4563 = LINE('',#4564,#4565);
#4564 = CARTESIAN_POINT('',(229.5,895.,270.));
#4565 = VECTOR('',#4566,1.);
#4566 = DIRECTION('',(0.,0.,1.));
#4567 = PCURVE('',#4459,#4568);
#4568 = DEFINITIONAL_REPRESENTATION('',(#4569),#4573);
#4569 = LINE('',#4570,#4571);
#4570 = CARTESIAN_POINT('',(6.28318530718,-0.));
#4571 = VECTOR('',#4572,1.);
#4572 = DIRECTION('',(0.,1.));
#4573 = ( GEOMETRIC_REPRESENTATION_CONTEXT(2) 
PARAMETRIC_REPRESENTATION_CONTEXT() REPRESENTATION_CONTEXT('2D SPACE',''
  ) );
#4574 = PCURVE('',#4459,#4575);
#4575 = DEFINITIONAL_REPRESENTATION('',(#4576),#4580);
#4576 = LINE('',#4577,#4578);
#4577 = CARTESIAN_POINT('',(0.,-0.));
#4578 = VECTOR('',#4579,1.);
#4579 = DIRECTION('',(0.,1.));
#4580 = ( GEOMETRIC_REPRESENTATION_CONTEXT(2) 
PARAMETRIC_REPRESENTATION_CONTEXT() REPRESENTATION_CONTEXT('2D SPACE',''
  ) );
#4581 = ORIENTED_EDGE('',*,*,#4442,.T.);
#4582 = ORIENTED_EDGE('',*,*,#4561,.T.);
#4583 = ADVANCED_FACE('',(#4584,#4587),#4516,.F.);
#4584 = FACE_BOUND('',#4585,.F.);
#4585 = EDGE_LOOP('',(#4586));
#4586 = ORIENTED_EDGE('',*,*,#4501,.T.);
#4587 = FACE_BOUND('',#4588,.F.);
#4588 = EDGE_LOOP('',(#4589));
#4589 = ORIENTED_EDGE('',*,*,#4590,.F.);
#4590 = EDGE_CURVE('',#4591,#4591,#4593,.T.);
#4591 = VERTEX_POINT('',#4592);
#4592 = CARTESIAN_POINT('',(226.,895.,229.));
#4593 = SURFACE_CURVE('',#4594,(#4599,#4606),.PCURVE_S1.);
#4594 = CIRCLE('',#4595,6.);
#4595 = AXIS2_PLACEMENT_3D('',#4596,#4597,#4598);
#4596 = CARTESIAN_POINT('',(220.,895.,229.));
#4597 = DIRECTION('',(0.,0.,1.));
#4598 = DIRECTION('',(1.,0.,-0.));
#4599 = PCURVE('',#4516,#4600);
#4600 = DEFINITIONAL_REPRESENTATION('',(#4601),#4605);
#4601 = CIRCLE('',#4602,6.);
#4602 = AXIS2_PLACEMENT_2D('',#4603,#4604);
#4603 = CARTESIAN_POINT('',(0.,0.));
#4604 = DIRECTION('',(1.,0.));
#4605 = ( GEOMETRIC_REPRESENTATION_CONTEXT(2) 
PARAMETRIC_REPRESENTATION_CONTEXT() REPRESENTATION_CONTEXT('2D SPACE',''
  ) );
#4606 = PCURVE('',#4607,#4612);
#4607 = PLANE('',#4608);
#4608 = AXIS2_PLACEMENT_3D('',#4609,#4610,#4611);
#4609 = CARTESIAN_POINT('',(220.,895.,229.));
#4610 = DIRECTION('',(0.,0.,1.));
#4611 = DIRECTION('',(1.,0.,-0.));
#4612 = DEFINITIONAL_REPRESENTATION('',(#4613),#4617);
#4613 = CIRCLE('',#4614,6.);
#4614 = AXIS2_PLACEMENT_2D('',#4615,#4616);
#4615 = CARTESIAN_POINT('',(0.,0.));
#4616 = DIRECTION('',(1.,0.));
#4617 = ( GEOMETRIC_REPRESENTATION_CONTEXT(2) 
PARAMETRIC_REPRESENTATION_CONTEXT() REPRESENTATION_CONTEXT('2D SPACE',''
  ) );
#4618 = ADVANCED_FACE('',(#4619,#4622),#4549,.T.);
#4619 = FACE_BOUND('',#4620,.T.);
#4620 = EDGE_LOOP('',(#4621));
#4621 = ORIENTED_EDGE('',*,*,#4532,.T.);
#4622 = FACE_BOUND('',#4623,.T.);
#4623 = EDGE_LOOP('',(#4624));
#4624 = ORIENTED_EDGE('',*,*,#4625,.F.);
#4625 = EDGE_CURVE('',#4626,#4626,#4628,.T.);
#4626 = VERTEX_POINT('',#4627);
#4627 = CARTESIAN_POINT('',(226.,895.,280.));
#4628 = SURFACE_CURVE('',#4629,(#4634,#4641),.PCURVE_S1.);
#4629 = CIRCLE('',#4630,6.);
#4630 = AXIS2_PLACEMENT_3D('',#4631,#4632,#4633);
#4631 = CARTESIAN_POINT('',(220.,895.,280.));
#4632 = DIRECTION('',(0.,0.,1.));
#4633 = DIRECTION('',(1.,0.,-0.));
#4634 = PCURVE('',#4549,#4635);
#4635 = DEFINITIONAL_REPRESENTATION('',(#4636),#4640);
#4636 = CIRCLE('',#4637,6.);
#4637 = AXIS2_PLACEMENT_2D('',#4638,#4639);
#4638 = CARTESIAN_POINT('',(0.,0.));
#4639 = DIRECTION('',(1.,0.));
#4640 = ( GEOMETRIC_REPRESENTATION_CONTEXT(2) 
PARAMETRIC_REPRESENTATION_CONTEXT() REPRESENTATION_CONTEXT('2D SPACE',''
  ) );
#4641 = PCURVE('',#4642,#4647);
#4642 = CYLINDRICAL_SURFACE('',#4643,6.);
#4643 = AXIS2_PLACEMENT_3D('',#4644,#4645,#4646);
#4644 = CARTESIAN_POINT('',(220.,895.,229.));
#4645 = DIRECTION('',(0.,0.,1.));
#4646 = DIRECTION('',(1.,0.,-0.));
#4647 = DEFINITIONAL_REPRESENTATION('',(#4648),#4652);
#4648 = LINE('',#4649,#4650);
#4649 = CARTESIAN_POINT('',(0.,51.));
#4650 = VECTOR('',#4651,1.);
#4651 = DIRECTION('',(1.,0.));
#4652 = ( GEOMETRIC_REPRESENTATION_CONTEXT(2) 
PARAMETRIC_REPRESENTATION_CONTEXT() REPRESENTATION_CONTEXT('2D SPACE',''
  ) );
#4653 = ADVANCED_FACE('',(#4654),#4607,.F.);
#4654 = FACE_BOUND('',#4655,.T.);
#4655 = EDGE_LOOP('',(#4656));
#4656 = ORIENTED_EDGE('',*,*,#4590,.F.);
#4657 = ADVANCED_FACE('',(#4658),#4642,.T.);
#4658 = FACE_BOUND('',#4659,.T.);
#4659 = EDGE_LOOP('',(#4660,#4661,#4684,#4711));
#4660 = ORIENTED_EDGE('',*,*,#4625,.T.);
#4661 = ORIENTED_EDGE('',*,*,#4662,.T.);
#4662 = EDGE_CURVE('',#4626,#4663,#4665,.T.);
#4663 = VERTEX_POINT('',#4664);
#4664 = CARTESIAN_POINT('',(226.,895.,282.));
#4665 = SEAM_CURVE('',#4666,(#4670,#4677),.PCURVE_S1.);
#4666 = LINE('',#4667,#4668);
#4667 = CARTESIAN_POINT('',(226.,895.,229.));
#4668 = VECTOR('',#4669,1.);
#4669 = DIRECTION('',(0.,0.,1.));
#4670 = PCURVE('',#4642,#4671);
#4671 = DEFINITIONAL_REPRESENTATION('',(#4672),#4676);
#4672 = LINE('',#4673,#4674);
#4673 = CARTESIAN_POINT('',(0.,-0.));
#4674 = VECTOR('',#4675,1.);
#4675 = DIRECTION('',(0.,1.));
#4676 = ( GEOMETRIC_REPRESENTATION_CONTEXT(2) 
PARAMETRIC_REPRESENTATION_CONTEXT() REPRESENTATION_CONTEXT('2D SPACE',''
  ) );
#4677 = PCURVE('',#4642,#4678);
#4678 = DEFINITIONAL_REPRESENTATION('',(#4679),#4683);
#4679 = LINE('',#4680,#4681);
#4680 = CARTESIAN_POINT('',(6.28318530718,-0.));
#4681 = VECTOR('',#4682,1.);
#4682 = DIRECTION('',(0.,1.));
#4683 = ( GEOMETRIC_REPRESENTATION_CONTEXT(2) 
PARAMETRIC_REPRESENTATION_CONTEXT() REPRESENTATION_CONTEXT('2D SPACE',''
  ) );
#4684 = ORIENTED_EDGE('',*,*,#4685,.F.);
#4685 = EDGE_CURVE('',#4663,#4663,#4686,.T.);
#4686 = SURFACE_CURVE('',#4687,(#4692,#4699),.PCURVE_S1.);
#4687 = CIRCLE('',#4688,6.);
#4688 = AXIS2_PLACEMENT_3D('',#4689,#4690,#4691);
#4689 = CARTESIAN_POINT('',(220.,895.,282.));
#4690 = DIRECTION('',(0.,0.,1.));
#4691 = DIRECTION('',(1.,0.,-0.));
#4692 = PCURVE('',#4642,#4693);
#4693 = DEFINITIONAL_REPRESENTATION('',(#4694),#4698);
#4694 = LINE('',#4695,#4696);
#4695 = CARTESIAN_POINT('',(0.,53.));
#4696 = VECTOR('',#4697,1.);
#4697 = DIRECTION('',(1.,0.));
#4698 = ( GEOMETRIC_REPRESENTATION_CONTEXT(2) 
PARAMETRIC_REPRESENTATION_CONTEXT() REPRESENTATION_CONTEXT('2D SPACE',''
  ) );
#4699 = PCURVE('',#4700,#4705);
#4700 = PLANE('',#4701);
#4701 = AXIS2_PLACEMENT_3D('',#4702,#4703,#4704);
#4702 = CARTESIAN_POINT('',(220.,895.,282.));
#4703 = DIRECTION('',(0.,0.,1.));
#4704 = DIRECTION('',(1.,0.,-0.));
#4705 = DEFINITIONAL_REPRESENTATION('',(#4706),#4710);
#4706 = CIRCLE('',#4707,6.);
#4707 = AXIS2_PLACEMENT_2D('',#4708,#4709);
#4708 = CARTESIAN_POINT('',(0.,0.));
#4709 = DIRECTION('',(1.,0.));
#4710 = ( GEOMETRIC_REPRESENTATION_CONTEXT(2) 
PARAMETRIC_REPRESENTATION_CONTEXT() REPRESENTATION_CONTEXT('2D SPACE',''
  ) );
#4711 = ORIENTED_EDGE('',*,*,#4662,.F.);
#4712 = ADVANCED_FACE('',(#4713),#4700,.T.);
#4713 = FACE_BOUND('',#4714,.T.);
#4714 = EDGE_LOOP('',(#4715));
#4715 = ORIENTED_EDGE('',*,*,#4685,.T.);
#4716 = ( GEOMETRIC_REPRESENTATION_CONTEXT(3) 
GLOBAL_UNCERTAINTY_ASSIGNED_CONTEXT((#4720)) 
GLOBAL_UNIT_ASSIGNED_CONTEXT((#4717,#4718,#4719)) REPRESENTATION_CONTEXT
('Context #1','3D Context with UNIT and UNCERTAINTY') );
#4717 = ( LENGTH_UNIT() NAMED_UNIT(*) SI_UNIT(.MILLI.,.METRE.) );
#4718 = ( NAMED_UNIT(*) PLANE_ANGLE_UNIT() SI_UNIT($,.RADIAN.) );
#4719 = ( NAMED_UNIT(*) SI_UNIT($,.STERADIAN.) SOLID_ANGLE_UNIT() );
#4720 = UNCERTAINTY_MEASURE_WITH_UNIT(LENGTH_MEASURE(1.E-07),#4717,
  'distance_accuracy_value','confusion accuracy');
#4721 = CONTEXT_DEPENDENT_SHAPE_REPRESENTATION(#4722,#4724);
#4722 = ( REPRESENTATION_RELATIONSHIP('','',#4312,#10) 
REPRESENTATION_RELATIONSHIP_WITH_TRANSFORMATION(#4723) 
SHAPE_REPRESENTATION_RELATIONSHIP() );
#4723 = ITEM_DEFINED_TRANSFORMATION('','',#11,#55);
#4724 = PRODUCT_DEFINITION_SHAPE('Placement','Placement of an item',
  #4725);
#4725 = NEXT_ASSEMBLY_USAGE_OCCURRENCE('415','','',#5,#4307,$);
#4726 = PRODUCT_RELATED_PRODUCT_CATEGORY('part',$,(#4309));
#4727 = SHAPE_DEFINITION_REPRESENTATION(#4728,#4734);
#4728 = PRODUCT_DEFINITION_SHAPE('','',#4729);
#4729 = PRODUCT_DEFINITION('design','',#4730,#4733);
#4730 = PRODUCT_DEFINITION_FORMATION('','',#4731);
#4731 = PRODUCT('Open CASCADE STEP translator 7.9 25.12',
  'Open CASCADE STEP translator 7.9 25.12','',(#4732));
#4732 = PRODUCT_CONTEXT('',#2,'mechanical');
#4733 = PRODUCT_DEFINITION_CONTEXT('part definition',#2,'design');
#4734 = ADVANCED_BREP_SHAPE_REPRESENTATION('',(#11,#4735),#5138);
#4735 = MANIFOLD_SOLID_BREP('',#4736);
#4736 = CLOSED_SHELL('',(#4737,#4825,#4860,#4895,#4950,#5005,#5040,#5075
    ,#5079,#5134));
#4737 = ADVANCED_FACE('',(#4738),#4751,.T.);
#4738 = FACE_BOUND('',#4739,.T.);
#4739 = EDGE_LOOP('',(#4740,#4774,#4797,#4824));
#4740 = ORIENTED_EDGE('',*,*,#4741,.T.);
#4741 = EDGE_CURVE('',#4742,#4742,#4744,.T.);
#4742 = VERTEX_POINT('',#4743);
#4743 = CARTESIAN_POINT('',(226.,975.,237.));
#4744 = SURFACE_CURVE('',#4745,(#4750,#4762),.PCURVE_S1.);
#4745 = CIRCLE('',#4746,6.);
#4746 = AXIS2_PLACEMENT_3D('',#4747,#4748,#4749);
#4747 = CARTESIAN_POINT('',(220.,975.,237.));
#4748 = DIRECTION('',(0.,0.,1.));
#4749 = DIRECTION('',(1.,0.,-0.));
#4750 = PCURVE('',#4751,#4756);
#4751 = CYLINDRICAL_SURFACE('',#4752,6.);
#4752 = AXIS2_PLACEMENT_3D('',#4753,#4754,#4755);
#4753 = CARTESIAN_POINT('',(220.,975.,229.));
#4754 = DIRECTION('',(0.,0.,1.));
#4755 = DIRECTION('',(1.,0.,-0.));
#4756 = DEFINITIONAL_REPRESENTATION('',(#4757),#4761);
#4757 = LINE('',#4758,#4759);
#4758 = CARTESIAN_POINT('',(0.,8.));
#4759 = VECTOR('',#4760,1.);
#4760 = DIRECTION('',(1.,0.));
#4761 = ( GEOMETRIC_REPRESENTATION_CONTEXT(2) 
PARAMETRIC_REPRESENTATION_CONTEXT() REPRESENTATION_CONTEXT('2D SPACE',''
  ) );
#4762 = PCURVE('',#4763,#4768);
#4763 = PLANE('',#4764);
#4764 = AXIS2_PLACEMENT_3D('',#4765,#4766,#4767);
#4765 = CARTESIAN_POINT('',(220.,975.,237.));
#4766 = DIRECTION('',(0.,0.,1.));
#4767 = DIRECTION('',(1.,0.,-0.));
#4768 = DEFINITIONAL_REPRESENTATION('',(#4769),#4773);
#4769 = CIRCLE('',#4770,6.);
#4770 = AXIS2_PLACEMENT_2D('',#4771,#4772);
#4771 = CARTESIAN_POINT('',(0.,0.));
#4772 = DIRECTION('',(1.,0.));
#4773 = ( GEOMETRIC_REPRESENTATION_CONTEXT(2) 
PARAMETRIC_REPRESENTATION_CONTEXT() REPRESENTATION_CONTEXT('2D SPACE',''
  ) );
#4774 = ORIENTED_EDGE('',*,*,#4775,.T.);
#4775 = EDGE_CURVE('',#4742,#4776,#4778,.T.);
#4776 = VERTEX_POINT('',#4777);
#4777 = CARTESIAN_POINT('',(226.,975.,270.));
#4778 = SEAM_CURVE('',#4779,(#4783,#4790),.PCURVE_S1.);
#4779 = LINE('',#4780,#4781);
#4780 = CARTESIAN_POINT('',(226.,975.,229.));
#4781 = VECTOR('',#4782,1.);
#4782 = DIRECTION('',(0.,0.,1.));
#4783 = PCURVE('',#4751,#4784);
#4784 = DEFINITIONAL_REPRESENTATION('',(#4785),#4789);
#4785 = LINE('',#4786,#4787);
#4786 = CARTESIAN_POINT('',(0.,-0.));
#4787 = VECTOR('',#4788,1.);
#4788 = DIRECTION('',(0.,1.));
#4789 = ( GEOMETRIC_REPRESENTATION_CONTEXT(2) 
PARAMETRIC_REPRESENTATION_CONTEXT() REPRESENTATION_CONTEXT('2D SPACE',''
  ) );
#4790 = PCURVE('',#4751,#4791);
#4791 = DEFINITIONAL_REPRESENTATION('',(#4792),#4796);
#4792 = LINE('',#4793,#4794);
#4793 = CARTESIAN_POINT('',(6.28318530718,-0.));
#4794 = VECTOR('',#4795,1.);
#4795 = DIRECTION('',(0.,1.));
#4796 = ( GEOMETRIC_REPRESENTATION_CONTEXT(2) 
PARAMETRIC_REPRESENTATION_CONTEXT() REPRESENTATION_CONTEXT('2D SPACE',''
  ) );
#4797 = ORIENTED_EDGE('',*,*,#4798,.F.);
#4798 = EDGE_CURVE('',#4776,#4776,#4799,.T.);
#4799 = SURFACE_CURVE('',#4800,(#4805,#4812),.PCURVE_S1.);
#4800 = CIRCLE('',#4801,6.);
#4801 = AXIS2_PLACEMENT_3D('',#4802,#4803,#4804);
#4802 = CARTESIAN_POINT('',(220.,975.,270.));
#4803 = DIRECTION('',(0.,0.,1.));
#4804 = DIRECTION('',(1.,0.,-0.));
#4805 = PCURVE('',#4751,#4806);
#4806 = DEFINITIONAL_REPRESENTATION('',(#4807),#4811);
#4807 = LINE('',#4808,#4809);
#4808 = CARTESIAN_POINT('',(0.,41.));
#4809 = VECTOR('',#4810,1.);
#4810 = DIRECTION('',(1.,0.));
#4811 = ( GEOMETRIC_REPRESENTATION_CONTEXT(2) 
PARAMETRIC_REPRESENTATION_CONTEXT() REPRESENTATION_CONTEXT('2D SPACE',''
  ) );
#4812 = PCURVE('',#4813,#4818);
#4813 = PLANE('',#4814);
#4814 = AXIS2_PLACEMENT_3D('',#4815,#4816,#4817);
#4815 = CARTESIAN_POINT('',(220.,975.,270.));
#4816 = DIRECTION('',(0.,0.,1.));
#4817 = DIRECTION('',(1.,0.,-0.));
#4818 = DEFINITIONAL_REPRESENTATION('',(#4819),#4823);
#4819 = CIRCLE('',#4820,6.);
#4820 = AXIS2_PLACEMENT_2D('',#4821,#4822);
#4821 = CARTESIAN_POINT('',(0.,0.));
#4822 = DIRECTION('',(1.,0.));
#4823 = ( GEOMETRIC_REPRESENTATION_CONTEXT(2) 
PARAMETRIC_REPRESENTATION_CONTEXT() REPRESENTATION_CONTEXT('2D SPACE',''
  ) );
#4824 = ORIENTED_EDGE('',*,*,#4775,.F.);
#4825 = ADVANCED_FACE('',(#4826,#4857),#4763,.T.);
#4826 = FACE_BOUND('',#4827,.T.);
#4827 = EDGE_LOOP('',(#4828));
#4828 = ORIENTED_EDGE('',*,*,#4829,.T.);
#4829 = EDGE_CURVE('',#4830,#4830,#4832,.T.);
#4830 = VERTEX_POINT('',#4831);
#4831 = CARTESIAN_POINT('',(229.5,975.,237.));
#4832 = SURFACE_CURVE('',#4833,(#4838,#4845),.PCURVE_S1.);
#4833 = CIRCLE('',#4834,9.5);
#4834 = AXIS2_PLACEMENT_3D('',#4835,#4836,#4837);
#4835 = CARTESIAN_POINT('',(220.,975.,237.));
#4836 = DIRECTION('',(0.,0.,1.));
#4837 = DIRECTION('',(1.,0.,-0.));
#4838 = PCURVE('',#4763,#4839);
#4839 = DEFINITIONAL_REPRESENTATION('',(#4840),#4844);
#4840 = CIRCLE('',#4841,9.5);
#4841 = AXIS2_PLACEMENT_2D('',#4842,#4843);
#4842 = CARTESIAN_POINT('',(0.,0.));
#4843 = DIRECTION('',(1.,0.));
#4844 = ( GEOMETRIC_REPRESENTATION_CONTEXT(2) 
PARAMETRIC_REPRESENTATION_CONTEXT() REPRESENTATION_CONTEXT('2D SPACE',''
  ) );
#4845 = PCURVE('',#4846,#4851);
#4846 = CYLINDRICAL_SURFACE('',#4847,9.5);
#4847 = AXIS2_PLACEMENT_3D('',#4848,#4849,#4850);
#4848 = CARTESIAN_POINT('',(220.,975.,229.));
#4849 = DIRECTION('',(0.,0.,1.));
#4850 = DIRECTION('',(1.,0.,-0.));
#4851 = DEFINITIONAL_REPRESENTATION('',(#4852),#4856);
#4852 = LINE('',#4853,#4854);
#4853 = CARTESIAN_POINT('',(0.,8.));
#4854 = VECTOR('',#4855,1.);
#4855 = DIRECTION('',(1.,0.));
#4856 = ( GEOMETRIC_REPRESENTATION_CONTEXT(2) 
PARAMETRIC_REPRESENTATION_CONTEXT() REPRESENTATION_CONTEXT('2D SPACE',''
  ) );
#4857 = FACE_BOUND('',#4858,.T.);
#4858 = EDGE_LOOP('',(#4859));
#4859 = ORIENTED_EDGE('',*,*,#4741,.F.);
#4860 = ADVANCED_FACE('',(#4861,#4892),#4813,.F.);
#4861 = FACE_BOUND('',#4862,.F.);
#4862 = EDGE_LOOP('',(#4863));
#4863 = ORIENTED_EDGE('',*,*,#4864,.T.);
#4864 = EDGE_CURVE('',#4865,#4865,#4867,.T.);
#4865 = VERTEX_POINT('',#4866);
#4866 = CARTESIAN_POINT('',(229.5,975.,270.));
#4867 = SURFACE_CURVE('',#4868,(#4873,#4880),.PCURVE_S1.);
#4868 = CIRCLE('',#4869,9.5);
#4869 = AXIS2_PLACEMENT_3D('',#4870,#4871,#4872);
#4870 = CARTESIAN_POINT('',(220.,975.,270.));
#4871 = DIRECTION('',(0.,0.,1.));
#4872 = DIRECTION('',(1.,0.,-0.));
#4873 = PCURVE('',#4813,#4874);
#4874 = DEFINITIONAL_REPRESENTATION('',(#4875),#4879);
#4875 = CIRCLE('',#4876,9.5);
#4876 = AXIS2_PLACEMENT_2D('',#4877,#4878);
#4877 = CARTESIAN_POINT('',(0.,0.));
#4878 = DIRECTION('',(1.,0.));
#4879 = ( GEOMETRIC_REPRESENTATION_CONTEXT(2) 
PARAMETRIC_REPRESENTATION_CONTEXT() REPRESENTATION_CONTEXT('2D SPACE',''
  ) );
#4880 = PCURVE('',#4881,#4886);
#4881 = CYLINDRICAL_SURFACE('',#4882,9.5);
#4882 = AXIS2_PLACEMENT_3D('',#4883,#4884,#4885);
#4883 = CARTESIAN_POINT('',(220.,975.,270.));
#4884 = DIRECTION('',(0.,0.,1.));
#4885 = DIRECTION('',(1.,0.,-0.));
#4886 = DEFINITIONAL_REPRESENTATION('',(#4887),#4891);
#4887 = LINE('',#4888,#4889);
#4888 = CARTESIAN_POINT('',(0.,0.));
#4889 = VECTOR('',#4890,1.);
#4890 = DIRECTION('',(1.,0.));
#4891 = ( GEOMETRIC_REPRESENTATION_CONTEXT(2) 
PARAMETRIC_REPRESENTATION_CONTEXT() REPRESENTATION_CONTEXT('2D SPACE',''
  ) );
#4892 = FACE_BOUND('',#4893,.F.);
#4893 = EDGE_LOOP('',(#4894));
#4894 = ORIENTED_EDGE('',*,*,#4798,.F.);
#4895 = ADVANCED_FACE('',(#4896),#4846,.T.);
#4896 = FACE_BOUND('',#4897,.T.);
#4897 = EDGE_LOOP('',(#4898,#4899,#4922,#4949));
#4898 = ORIENTED_EDGE('',*,*,#4829,.F.);
#4899 = ORIENTED_EDGE('',*,*,#4900,.F.);
#4900 = EDGE_CURVE('',#4901,#4830,#4903,.T.);
#4901 = VERTEX_POINT('',#4902);
#4902 = CARTESIAN_POINT('',(229.5,975.,229.));
#4903 = SEAM_CURVE('',#4904,(#4908,#4915),.PCURVE_S1.);
#4904 = LINE('',#4905,#4906);
#4905 = CARTESIAN_POINT('',(229.5,975.,229.));
#4906 = VECTOR('',#4907,1.);
#4907 = DIRECTION('',(0.,0.,1.));
#4908 = PCURVE('',#4846,#4909);
#4909 = DEFINITIONAL_REPRESENTATION('',(#4910),#4914);
#4910 = LINE('',#4911,#4912);
#4911 = CARTESIAN_POINT('',(6.28318530718,-0.));
#4912 = VECTOR('',#4913,1.);
#4913 = DIRECTION('',(0.,1.));
#4914 = ( GEOMETRIC_REPRESENTATION_CONTEXT(2) 
PARAMETRIC_REPRESENTATION_CONTEXT() REPRESENTATION_CONTEXT('2D SPACE',''
  ) );
#4915 = PCURVE('',#4846,#4916);
#4916 = DEFINITIONAL_REPRESENTATION('',(#4917),#4921);
#4917 = LINE('',#4918,#4919);
#4918 = CARTESIAN_POINT('',(0.,-0.));
#4919 = VECTOR('',#4920,1.);
#4920 = DIRECTION('',(0.,1.));
#4921 = ( GEOMETRIC_REPRESENTATION_CONTEXT(2) 
PARAMETRIC_REPRESENTATION_CONTEXT() REPRESENTATION_CONTEXT('2D SPACE',''
  ) );
#4922 = ORIENTED_EDGE('',*,*,#4923,.T.);
#4923 = EDGE_CURVE('',#4901,#4901,#4924,.T.);
#4924 = SURFACE_CURVE('',#4925,(#4930,#4937),.PCURVE_S1.);
#4925 = CIRCLE('',#4926,9.5);
#4926 = AXIS2_PLACEMENT_3D('',#4927,#4928,#4929);
#4927 = CARTESIAN_POINT('',(220.,975.,229.));
#4928 = DIRECTION('',(0.,0.,1.));
#4929 = DIRECTION('',(1.,0.,-0.));
#4930 = PCURVE('',#4846,#4931);
#4931 = DEFINITIONAL_REPRESENTATION('',(#4932),#4936);
#4932 = LINE('',#4933,#4934);
#4933 = CARTESIAN_POINT('',(0.,0.));
#4934 = VECTOR('',#4935,1.);
#4935 = DIRECTION('',(1.,0.));
#4936 = ( GEOMETRIC_REPRESENTATION_CONTEXT(2) 
PARAMETRIC_REPRESENTATION_CONTEXT() REPRESENTATION_CONTEXT('2D SPACE',''
  ) );
#4937 = PCURVE('',#4938,#4943);
#4938 = PLANE('',#4939);
#4939 = AXIS2_PLACEMENT_3D('',#4940,#4941,#4942);
#4940 = CARTESIAN_POINT('',(220.,975.,229.));
#4941 = DIRECTION('',(0.,0.,1.));
#4942 = DIRECTION('',(1.,0.,-0.));
#4943 = DEFINITIONAL_REPRESENTATION('',(#4944),#4948);
#4944 = CIRCLE('',#4945,9.5);
#4945 = AXIS2_PLACEMENT_2D('',#4946,#4947);
#4946 = CARTESIAN_POINT('',(0.,0.));
#4947 = DIRECTION('',(1.,0.));
#4948 = ( GEOMETRIC_REPRESENTATION_CONTEXT(2) 
PARAMETRIC_REPRESENTATION_CONTEXT() REPRESENTATION_CONTEXT('2D SPACE',''
  ) );
#4949 = ORIENTED_EDGE('',*,*,#4900,.T.);
#4950 = ADVANCED_FACE('',(#4951),#4881,.T.);
#4951 = FACE_BOUND('',#4952,.T.);
#4952 = EDGE_LOOP('',(#4953,#4982,#5003,#5004));
#4953 = ORIENTED_EDGE('',*,*,#4954,.F.);
#4954 = EDGE_CURVE('',#4955,#4955,#4957,.T.);
#4955 = VERTEX_POINT('',#4956);
#4956 = CARTESIAN_POINT('',(229.5,975.,280.));
#4957 = SURFACE_CURVE('',#4958,(#4963,#4970),.PCURVE_S1.);
#4958 = CIRCLE('',#4959,9.5);
#4959 = AXIS2_PLACEMENT_3D('',#4960,#4961,#4962);
#4960 = CARTESIAN_POINT('',(220.,975.,280.));
#4961 = DIRECTION('',(0.,0.,1.));
#4962 = DIRECTION('',(1.,0.,-0.));
#4963 = PCURVE('',#4881,#4964);
#4964 = DEFINITIONAL_REPRESENTATION('',(#4965),#4969);
#4965 = LINE('',#4966,#4967);
#4966 = CARTESIAN_POINT('',(0.,10.));
#4967 = VECTOR('',#4968,1.);
#4968 = DIRECTION('',(1.,0.));
#4969 = ( GEOMETRIC_REPRESENTATION_CONTEXT(2) 
PARAMETRIC_REPRESENTATION_CONTEXT() REPRESENTATION_CONTEXT('2D SPACE',''
  ) );
#4970 = PCURVE('',#4971,#4976);
#4971 = PLANE('',#4972);
#4972 = AXIS2_PLACEMENT_3D('',#4973,#4974,#4975);
#4973 = CARTESIAN_POINT('',(220.,975.,280.));
#4974 = DIRECTION('',(0.,0.,1.));
#4975 = DIRECTION('',(1.,0.,-0.));
#4976 = DEFINITIONAL_REPRESENTATION('',(#4977),#4981);
#4977 = CIRCLE('',#4978,9.5);
#4978 = AXIS2_PLACEMENT_2D('',#4979,#4980);
#4979 = CARTESIAN_POINT('',(0.,0.));
#4980 = DIRECTION('',(1.,0.));
#4981 = ( GEOMETRIC_REPRESENTATION_CONTEXT(2) 
PARAMETRIC_REPRESENTATION_CONTEXT() REPRESENTATION_CONTEXT('2D SPACE',''
  ) );
#4982 = ORIENTED_EDGE('',*,*,#4983,.F.);
#4983 = EDGE_CURVE('',#4865,#4955,#4984,.T.);
#4984 = SEAM_CURVE('',#4985,(#4989,#4996),.PCURVE_S1.);
#4985 = LINE('',#4986,#4987);
#4986 = CARTESIAN_POINT('',(229.5,975.,270.));
#4987 = VECTOR('',#4988,1.);
#4988 = DIRECTION('',(0.,0.,1.));
#4989 = PCURVE('',#4881,#4990);
#4990 = DEFINITIONAL_REPRESENTATION('',(#4991),#4995);
#4991 = LINE('',#4992,#4993);
#4992 = CARTESIAN_POINT('',(6.28318530718,-0.));
#4993 = VECTOR('',#4994,1.);
#4994 = DIRECTION('',(0.,1.));
#4995 = ( GEOMETRIC_REPRESENTATION_CONTEXT(2) 
PARAMETRIC_REPRESENTATION_CONTEXT() REPRESENTATION_CONTEXT('2D SPACE',''
  ) );
#4996 = PCURVE('',#4881,#4997);
#4997 = DEFINITIONAL_REPRESENTATION('',(#4998),#5002);
#4998 = LINE('',#4999,#5000);
#4999 = CARTESIAN_POINT('',(0.,-0.));
#5000 = VECTOR('',#5001,1.);
#5001 = DIRECTION('',(0.,1.));
#5002 = ( GEOMETRIC_REPRESENTATION_CONTEXT(2) 
PARAMETRIC_REPRESENTATION_CONTEXT() REPRESENTATION_CONTEXT('2D SPACE',''
  ) );
#5003 = ORIENTED_EDGE('',*,*,#4864,.T.);
#5004 = ORIENTED_EDGE('',*,*,#4983,.T.);
#5005 = ADVANCED_FACE('',(#5006,#5009),#4938,.F.);
#5006 = FACE_BOUND('',#5007,.F.);
#5007 = EDGE_LOOP('',(#5008));
#5008 = ORIENTED_EDGE('',*,*,#4923,.T.);
#5009 = FACE_BOUND('',#5010,.F.);
#5010 = EDGE_LOOP('',(#5011));
#5011 = ORIENTED_EDGE('',*,*,#5012,.F.);
#5012 = EDGE_CURVE('',#5013,#5013,#5015,.T.);
#5013 = VERTEX_POINT('',#5014);
#5014 = CARTESIAN_POINT('',(226.,975.,229.));
#5015 = SURFACE_CURVE('',#5016,(#5021,#5028),.PCURVE_S1.);
#5016 = CIRCLE('',#5017,6.);
#5017 = AXIS2_PLACEMENT_3D('',#5018,#5019,#5020);
#5018 = CARTESIAN_POINT('',(220.,975.,229.));
#5019 = DIRECTION('',(0.,0.,1.));
#5020 = DIRECTION('',(1.,0.,-0.));
#5021 = PCURVE('',#4938,#5022);
#5022 = DEFINITIONAL_REPRESENTATION('',(#5023),#5027);
#5023 = CIRCLE('',#5024,6.);
#5024 = AXIS2_PLACEMENT_2D('',#5025,#5026);
#5025 = CARTESIAN_POINT('',(0.,0.));
#5026 = DIRECTION('',(1.,0.));
#5027 = ( GEOMETRIC_REPRESENTATION_CONTEXT(2) 
PARAMETRIC_REPRESENTATION_CONTEXT() REPRESENTATION_CONTEXT('2D SPACE',''
  ) );
#5028 = PCURVE('',#5029,#5034);
#5029 = PLANE('',#5030);
#5030 = AXIS2_PLACEMENT_3D('',#5031,#5032,#5033);
#5031 = CARTESIAN_POINT('',(220.,975.,229.));
#5032 = DIRECTION('',(0.,0.,1.));
#5033 = DIRECTION('',(1.,0.,-0.));
#5034 = DEFINITIONAL_REPRESENTATION('',(#5035),#5039);
#5035 = CIRCLE('',#5036,6.);
#5036 = AXIS2_PLACEMENT_2D('',#5037,#5038);
#5037 = CARTESIAN_POINT('',(0.,0.));
#5038 = DIRECTION('',(1.,0.));
#5039 = ( GEOMETRIC_REPRESENTATION_CONTEXT(2) 
PARAMETRIC_REPRESENTATION_CONTEXT() REPRESENTATION_CONTEXT('2D SPACE',''
  ) );
#5040 = ADVANCED_FACE('',(#5041,#5044),#4971,.T.);
#5041 = FACE_BOUND('',#5042,.T.);
#5042 = EDGE_LOOP('',(#5043));
#5043 = ORIENTED_EDGE('',*,*,#4954,.T.);
#5044 = FACE_BOUND('',#5045,.T.);
#5045 = EDGE_LOOP('',(#5046));
#5046 = ORIENTED_EDGE('',*,*,#5047,.F.);
#5047 = EDGE_CURVE('',#5048,#5048,#5050,.T.);
#5048 = VERTEX_POINT('',#5049);
#5049 = CARTESIAN_POINT('',(226.,975.,280.));
#5050 = SURFACE_CURVE('',#5051,(#5056,#5063),.PCURVE_S1.);
#5051 = CIRCLE('',#5052,6.);
#5052 = AXIS2_PLACEMENT_3D('',#5053,#5054,#5055);
#5053 = CARTESIAN_POINT('',(220.,975.,280.));
#5054 = DIRECTION('',(0.,0.,1.));
#5055 = DIRECTION('',(1.,0.,-0.));
#5056 = PCURVE('',#4971,#5057);
#5057 = DEFINITIONAL_REPRESENTATION('',(#5058),#5062);
#5058 = CIRCLE('',#5059,6.);
#5059 = AXIS2_PLACEMENT_2D('',#5060,#5061);
#5060 = CARTESIAN_POINT('',(0.,0.));
#5061 = DIRECTION('',(1.,0.));
#5062 = ( GEOMETRIC_REPRESENTATION_CONTEXT(2) 
PARAMETRIC_REPRESENTATION_CONTEXT() REPRESENTATION_CONTEXT('2D SPACE',''
  ) );
#5063 = PCURVE('',#5064,#5069);
#5064 = CYLINDRICAL_SURFACE('',#5065,6.);
#5065 = AXIS2_PLACEMENT_3D('',#5066,#5067,#5068);
#5066 = CARTESIAN_POINT('',(220.,975.,229.));
#5067 = DIRECTION('',(0.,0.,1.));
#5068 = DIRECTION('',(1.,0.,-0.));
#5069 = DEFINITIONAL_REPRESENTATION('',(#5070),#5074);
#5070 = LINE('',#5071,#5072);
#5071 = CARTESIAN_POINT('',(0.,51.));
#5072 = VECTOR('',#5073,1.);
#5073 = DIRECTION('',(1.,0.));
#5074 = ( GEOMETRIC_REPRESENTATION_CONTEXT(2) 
PARAMETRIC_REPRESENTATION_CONTEXT() REPRESENTATION_CONTEXT('2D SPACE',''
  ) );
#5075 = ADVANCED_FACE('',(#5076),#5029,.F.);
#5076 = FACE_BOUND('',#5077,.T.);
#5077 = EDGE_LOOP('',(#5078));
#5078 = ORIENTED_EDGE('',*,*,#5012,.F.);
#5079 = ADVANCED_FACE('',(#5080),#5064,.T.);
#5080 = FACE_BOUND('',#5081,.T.);
#5081 = EDGE_LOOP('',(#5082,#5083,#5106,#5133));
#5082 = ORIENTED_EDGE('',*,*,#5047,.T.);
#5083 = ORIENTED_EDGE('',*,*,#5084,.T.);
#5084 = EDGE_CURVE('',#5048,#5085,#5087,.T.);
#5085 = VERTEX_POINT('',#5086);
#5086 = CARTESIAN_POINT('',(226.,975.,282.));
#5087 = SEAM_CURVE('',#5088,(#5092,#5099),.PCURVE_S1.);
#5088 = LINE('',#5089,#5090);
#5089 = CARTESIAN_POINT('',(226.,975.,229.));
#5090 = VECTOR('',#5091,1.);
#5091 = DIRECTION('',(0.,0.,1.));
#5092 = PCURVE('',#5064,#5093);
#5093 = DEFINITIONAL_REPRESENTATION('',(#5094),#5098);
#5094 = LINE('',#5095,#5096);
#5095 = CARTESIAN_POINT('',(0.,-0.));
#5096 = VECTOR('',#5097,1.);
#5097 = DIRECTION('',(0.,1.));
#5098 = ( GEOMETRIC_REPRESENTATION_CONTEXT(2) 
PARAMETRIC_REPRESENTATION_CONTEXT() REPRESENTATION_CONTEXT('2D SPACE',''
  ) );
#5099 = PCURVE('',#5064,#5100);
#5100 = DEFINITIONAL_REPRESENTATION('',(#5101),#5105);
#5101 = LINE('',#5102,#5103);
#5102 = CARTESIAN_POINT('',(6.28318530718,-0.));
#5103 = VECTOR('',#5104,1.);
#5104 = DIRECTION('',(0.,1.));
#5105 = ( GEOMETRIC_REPRESENTATION_CONTEXT(2) 
PARAMETRIC_REPRESENTATION_CONTEXT() REPRESENTATION_CONTEXT('2D SPACE',''
  ) );
#5106 = ORIENTED_EDGE('',*,*,#5107,.F.);
#5107 = EDGE_CURVE('',#5085,#5085,#5108,.T.);
#5108 = SURFACE_CURVE('',#5109,(#5114,#5121),.PCURVE_S1.);
#5109 = CIRCLE('',#5110,6.);
#5110 = AXIS2_PLACEMENT_3D('',#5111,#5112,#5113);
#5111 = CARTESIAN_POINT('',(220.,975.,282.));
#5112 = DIRECTION('',(0.,0.,1.));
#5113 = DIRECTION('',(1.,0.,-0.));
#5114 = PCURVE('',#5064,#5115);
#5115 = DEFINITIONAL_REPRESENTATION('',(#5116),#5120);
#5116 = LINE('',#5117,#5118);
#5117 = CARTESIAN_POINT('',(0.,53.));
#5118 = VECTOR('',#5119,1.);
#5119 = DIRECTION('',(1.,0.));
#5120 = ( GEOMETRIC_REPRESENTATION_CONTEXT(2) 
PARAMETRIC_REPRESENTATION_CONTEXT() REPRESENTATION_CONTEXT('2D SPACE',''
  ) );
#5121 = PCURVE('',#5122,#5127);
#5122 = PLANE('',#5123);
#5123 = AXIS2_PLACEMENT_3D('',#5124,#5125,#5126);
#5124 = CARTESIAN_POINT('',(220.,975.,282.));
#5125 = DIRECTION('',(0.,0.,1.));
#5126 = DIRECTION('',(1.,0.,-0.));
#5127 = DEFINITIONAL_REPRESENTATION('',(#5128),#5132);
#5128 = CIRCLE('',#5129,6.);
#5129 = AXIS2_PLACEMENT_2D('',#5130,#5131);
#5130 = CARTESIAN_POINT('',(0.,0.));
#5131 = DIRECTION('',(1.,0.));
#5132 = ( GEOMETRIC_REPRESENTATION_CONTEXT(2) 
PARAMETRIC_REPRESENTATION_CONTEXT() REPRESENTATION_CONTEXT('2D SPACE',''
  ) );
#5133 = ORIENTED_EDGE('',*,*,#5084,.F.);
#5134 = ADVANCED_FACE('',(#5135),#5122,.T.);
#5135 = FACE_BOUND('',#5136,.T.);
#5136 = EDGE_LOOP('',(#5137));
#5137 = ORIENTED_EDGE('',*,*,#5107,.T.);
#5138 = ( GEOMETRIC_REPRESENTATION_CONTEXT(3) 
GLOBAL_UNCERTAINTY_ASSIGNED_CONTEXT((#5142)) 
GLOBAL_UNIT_ASSIGNED_CONTEXT((#5139,#5140,#5141)) REPRESENTATION_CONTEXT
('Context #1','3D Context with UNIT and UNCERTAINTY') );
#5139 = ( LENGTH_UNIT() NAMED_UNIT(*) SI_UNIT(.MILLI.,.METRE.) );
#5140 = ( NAMED_UNIT(*) PLANE_ANGLE_UNIT() SI_UNIT($,.RADIAN.) );
#5141 = ( NAMED_UNIT(*) SI_UNIT($,.STERADIAN.) SOLID_ANGLE_UNIT() );
#5142 = UNCERTAINTY_MEASURE_WITH_UNIT(LENGTH_MEASURE(1.E-07),#5139,
  'distance_accuracy_value','confusion accuracy');
#5143 = CONTEXT_DEPENDENT_SHAPE_REPRESENTATION(#5144,#5146);
#5144 = ( REPRESENTATION_RELATIONSHIP('','',#4734,#10) 
REPRESENTATION_RELATIONSHIP_WITH_TRANSFORMATION(#5145) 
SHAPE_REPRESENTATION_RELATIONSHIP() );
#5145 = ITEM_DEFINED_TRANSFORMATION('','',#11,#59);
#5146 = PRODUCT_DEFINITION_SHAPE('Placement','Placement of an item',
  #5147);
#5147 = NEXT_ASSEMBLY_USAGE_OCCURRENCE('416','','',#5,#4729,$);
#5148 = PRODUCT_RELATED_PRODUCT_CATEGORY('part',$,(#4731));
#5149 = SHAPE_DEFINITION_REPRESENTATION(#5150,#5156);
#5150 = PRODUCT_DEFINITION_SHAPE('','',#5151);
#5151 = PRODUCT_DEFINITION('design','',#5152,#5155);
#5152 = PRODUCT_DEFINITION_FORMATION('','',#5153);
#5153 = PRODUCT('Open CASCADE STEP translator 7.9 25.13',
  'Open CASCADE STEP translator 7.9 25.13','',(#5154));
#5154 = PRODUCT_CONTEXT('',#2,'mechanical');
#5155 = PRODUCT_DEFINITION_CONTEXT('part definition',#2,'design');
#5156 = ADVANCED_BREP_SHAPE_REPRESENTATION('',(#11,#5157),#5560);
#5157 = MANIFOLD_SOLID_BREP('',#5158);
#5158 = CLOSED_SHELL('',(#5159,#5247,#5282,#5317,#5372,#5427,#5462,#5497
    ,#5501,#5556));
#5159 = ADVANCED_FACE('',(#5160),#5173,.T.);
#5160 = FACE_BOUND('',#5161,.T.);
#5161 = EDGE_LOOP('',(#5162,#5196,#5219,#5246));
#5162 = ORIENTED_EDGE('',*,*,#5163,.T.);
#5163 = EDGE_CURVE('',#5164,#5164,#5166,.T.);
#5164 = VERTEX_POINT('',#5165);
#5165 = CARTESIAN_POINT('',(1.986E+03,895.,237.));
#5166 = SURFACE_CURVE('',#5167,(#5172,#5184),.PCURVE_S1.);
#5167 = CIRCLE('',#5168,6.);
#5168 = AXIS2_PLACEMENT_3D('',#5169,#5170,#5171);
#5169 = CARTESIAN_POINT('',(1.98E+03,895.,237.));
#5170 = DIRECTION('',(0.,0.,1.));
#5171 = DIRECTION('',(1.,0.,-0.));
#5172 = PCURVE('',#5173,#5178);
#5173 = CYLINDRICAL_SURFACE('',#5174,6.);
#5174 = AXIS2_PLACEMENT_3D('',#5175,#5176,#5177);
#5175 = CARTESIAN_POINT('',(1.98E+03,895.,229.));
#5176 = DIRECTION('',(0.,0.,1.));
#5177 = DIRECTION('',(1.,0.,-0.));
#5178 = DEFINITIONAL_REPRESENTATION('',(#5179),#5183);
#5179 = LINE('',#5180,#5181);
#5180 = CARTESIAN_POINT('',(0.,8.));
#5181 = VECTOR('',#5182,1.);
#5182 = DIRECTION('',(1.,0.));
#5183 = ( GEOMETRIC_REPRESENTATION_CONTEXT(2) 
PARAMETRIC_REPRESENTATION_CONTEXT() REPRESENTATION_CONTEXT('2D SPACE',''
  ) );
#5184 = PCURVE('',#5185,#5190);
#5185 = PLANE('',#5186);
#5186 = AXIS2_PLACEMENT_3D('',#5187,#5188,#5189);
#5187 = CARTESIAN_POINT('',(1.98E+03,895.,237.));
#5188 = DIRECTION('',(0.,0.,1.));
#5189 = DIRECTION('',(1.,0.,-0.));
#5190 = DEFINITIONAL_REPRESENTATION('',(#5191),#5195);
#5191 = CIRCLE('',#5192,6.);
#5192 = AXIS2_PLACEMENT_2D('',#5193,#5194);
#5193 = CARTESIAN_POINT('',(0.,0.));
#5194 = DIRECTION('',(1.,0.));
#5195 = ( GEOMETRIC_REPRESENTATION_CONTEXT(2) 
PARAMETRIC_REPRESENTATION_CONTEXT() REPRESENTATION_CONTEXT('2D SPACE',''
  ) );
#5196 = ORIENTED_EDGE('',*,*,#5197,.T.);
#5197 = EDGE_CURVE('',#5164,#5198,#5200,.T.);
#5198 = VERTEX_POINT('',#5199);
#5199 = CARTESIAN_POINT('',(1.986E+03,895.,270.));
#5200 = SEAM_CURVE('',#5201,(#5205,#5212),.PCURVE_S1.);
#5201 = LINE('',#5202,#5203);
#5202 = CARTESIAN_POINT('',(1.986E+03,895.,229.));
#5203 = VECTOR('',#5204,1.);
#5204 = DIRECTION('',(0.,0.,1.));
#5205 = PCURVE('',#5173,#5206);
#5206 = DEFINITIONAL_REPRESENTATION('',(#5207),#5211);
#5207 = LINE('',#5208,#5209);
#5208 = CARTESIAN_POINT('',(0.,-0.));
#5209 = VECTOR('',#5210,1.);
#5210 = DIRECTION('',(0.,1.));
#5211 = ( GEOMETRIC_REPRESENTATION_CONTEXT(2) 
PARAMETRIC_REPRESENTATION_CONTEXT() REPRESENTATION_CONTEXT('2D SPACE',''
  ) );
#5212 = PCURVE('',#5173,#5213);
#5213 = DEFINITIONAL_REPRESENTATION('',(#5214),#5218);
#5214 = LINE('',#5215,#5216);
#5215 = CARTESIAN_POINT('',(6.28318530718,-0.));
#5216 = VECTOR('',#5217,1.);
#5217 = DIRECTION('',(0.,1.));
#5218 = ( GEOMETRIC_REPRESENTATION_CONTEXT(2) 
PARAMETRIC_REPRESENTATION_CONTEXT() REPRESENTATION_CONTEXT('2D SPACE',''
  ) );
#5219 = ORIENTED_EDGE('',*,*,#5220,.F.);
#5220 = EDGE_CURVE('',#5198,#5198,#5221,.T.);
#5221 = SURFACE_CURVE('',#5222,(#5227,#5234),.PCURVE_S1.);
#5222 = CIRCLE('',#5223,6.);
#5223 = AXIS2_PLACEMENT_3D('',#5224,#5225,#5226);
#5224 = CARTESIAN_POINT('',(1.98E+03,895.,270.));
#5225 = DIRECTION('',(0.,0.,1.));
#5226 = DIRECTION('',(1.,0.,-0.));
#5227 = PCURVE('',#5173,#5228);
#5228 = DEFINITIONAL_REPRESENTATION('',(#5229),#5233);
#5229 = LINE('',#5230,#5231);
#5230 = CARTESIAN_POINT('',(0.,41.));
#5231 = VECTOR('',#5232,1.);
#5232 = DIRECTION('',(1.,0.));
#5233 = ( GEOMETRIC_REPRESENTATION_CONTEXT(2) 
PARAMETRIC_REPRESENTATION_CONTEXT() REPRESENTATION_CONTEXT('2D SPACE',''
  ) );
#5234 = PCURVE('',#5235,#5240);
#5235 = PLANE('',#5236);
#5236 = AXIS2_PLACEMENT_3D('',#5237,#5238,#5239);
#5237 = CARTESIAN_POINT('',(1.98E+03,895.,270.));
#5238 = DIRECTION('',(0.,0.,1.));
#5239 = DIRECTION('',(1.,0.,-0.));
#5240 = DEFINITIONAL_REPRESENTATION('',(#5241),#5245);
#5241 = CIRCLE('',#5242,6.);
#5242 = AXIS2_PLACEMENT_2D('',#5243,#5244);
#5243 = CARTESIAN_POINT('',(0.,0.));
#5244 = DIRECTION('',(1.,0.));
#5245 = ( GEOMETRIC_REPRESENTATION_CONTEXT(2) 
PARAMETRIC_REPRESENTATION_CONTEXT() REPRESENTATION_CONTEXT('2D SPACE',''
  ) );
#5246 = ORIENTED_EDGE('',*,*,#5197,.F.);
#5247 = ADVANCED_FACE('',(#5248,#5279),#5185,.T.);
#5248 = FACE_BOUND('',#5249,.T.);
#5249 = EDGE_LOOP('',(#5250));
#5250 = ORIENTED_EDGE('',*,*,#5251,.T.);
#5251 = EDGE_CURVE('',#5252,#5252,#5254,.T.);
#5252 = VERTEX_POINT('',#5253);
#5253 = CARTESIAN_POINT('',(1.9895E+03,895.,237.));
#5254 = SURFACE_CURVE('',#5255,(#5260,#5267),.PCURVE_S1.);
#5255 = CIRCLE('',#5256,9.5);
#5256 = AXIS2_PLACEMENT_3D('',#5257,#5258,#5259);
#5257 = CARTESIAN_POINT('',(1.98E+03,895.,237.));
#5258 = DIRECTION('',(0.,0.,1.));
#5259 = DIRECTION('',(1.,0.,-0.));
#5260 = PCURVE('',#5185,#5261);
#5261 = DEFINITIONAL_REPRESENTATION('',(#5262),#5266);
#5262 = CIRCLE('',#5263,9.5);
#5263 = AXIS2_PLACEMENT_2D('',#5264,#5265);
#5264 = CARTESIAN_POINT('',(0.,0.));
#5265 = DIRECTION('',(1.,0.));
#5266 = ( GEOMETRIC_REPRESENTATION_CONTEXT(2) 
PARAMETRIC_REPRESENTATION_CONTEXT() REPRESENTATION_CONTEXT('2D SPACE',''
  ) );
#5267 = PCURVE('',#5268,#5273);
#5268 = CYLINDRICAL_SURFACE('',#5269,9.5);
#5269 = AXIS2_PLACEMENT_3D('',#5270,#5271,#5272);
#5270 = CARTESIAN_POINT('',(1.98E+03,895.,229.));
#5271 = DIRECTION('',(0.,0.,1.));
#5272 = DIRECTION('',(1.,0.,-0.));
#5273 = DEFINITIONAL_REPRESENTATION('',(#5274),#5278);
#5274 = LINE('',#5275,#5276);
#5275 = CARTESIAN_POINT('',(0.,8.));
#5276 = VECTOR('',#5277,1.);
#5277 = DIRECTION('',(1.,0.));
#5278 = ( GEOMETRIC_REPRESENTATION_CONTEXT(2) 
PARAMETRIC_REPRESENTATION_CONTEXT() REPRESENTATION_CONTEXT('2D SPACE',''
  ) );
#5279 = FACE_BOUND('',#5280,.T.);
#5280 = EDGE_LOOP('',(#5281));
#5281 = ORIENTED_EDGE('',*,*,#5163,.F.);
#5282 = ADVANCED_FACE('',(#5283,#5314),#5235,.F.);
#5283 = FACE_BOUND('',#5284,.F.);
#5284 = EDGE_LOOP('',(#5285));
#5285 = ORIENTED_EDGE('',*,*,#5286,.T.);
#5286 = EDGE_CURVE('',#5287,#5287,#5289,.T.);
#5287 = VERTEX_POINT('',#5288);
#5288 = CARTESIAN_POINT('',(1.9895E+03,895.,270.));
#5289 = SURFACE_CURVE('',#5290,(#5295,#5302),.PCURVE_S1.);
#5290 = CIRCLE('',#5291,9.5);
#5291 = AXIS2_PLACEMENT_3D('',#5292,#5293,#5294);
#5292 = CARTESIAN_POINT('',(1.98E+03,895.,270.));
#5293 = DIRECTION('',(0.,0.,1.));
#5294 = DIRECTION('',(1.,0.,-0.));
#5295 = PCURVE('',#5235,#5296);
#5296 = DEFINITIONAL_REPRESENTATION('',(#5297),#5301);
#5297 = CIRCLE('',#5298,9.5);
#5298 = AXIS2_PLACEMENT_2D('',#5299,#5300);
#5299 = CARTESIAN_POINT('',(0.,0.));
#5300 = DIRECTION('',(1.,0.));
#5301 = ( GEOMETRIC_REPRESENTATION_CONTEXT(2) 
PARAMETRIC_REPRESENTATION_CONTEXT() REPRESENTATION_CONTEXT('2D SPACE',''
  ) );
#5302 = PCURVE('',#5303,#5308);
#5303 = CYLINDRICAL_SURFACE('',#5304,9.5);
#5304 = AXIS2_PLACEMENT_3D('',#5305,#5306,#5307);
#5305 = CARTESIAN_POINT('',(1.98E+03,895.,270.));
#5306 = DIRECTION('',(0.,0.,1.));
#5307 = DIRECTION('',(1.,0.,-0.));
#5308 = DEFINITIONAL_REPRESENTATION('',(#5309),#5313);
#5309 = LINE('',#5310,#5311);
#5310 = CARTESIAN_POINT('',(0.,0.));
#5311 = VECTOR('',#5312,1.);
#5312 = DIRECTION('',(1.,0.));
#5313 = ( GEOMETRIC_REPRESENTATION_CONTEXT(2) 
PARAMETRIC_REPRESENTATION_CONTEXT() REPRESENTATION_CONTEXT('2D SPACE',''
  ) );
#5314 = FACE_BOUND('',#5315,.F.);
#5315 = EDGE_LOOP('',(#5316));
#5316 = ORIENTED_EDGE('',*,*,#5220,.F.);
#5317 = ADVANCED_FACE('',(#5318),#5268,.T.);
#5318 = FACE_BOUND('',#5319,.T.);
#5319 = EDGE_LOOP('',(#5320,#5321,#5344,#5371));
#5320 = ORIENTED_EDGE('',*,*,#5251,.F.);
#5321 = ORIENTED_EDGE('',*,*,#5322,.F.);
#5322 = EDGE_CURVE('',#5323,#5252,#5325,.T.);
#5323 = VERTEX_POINT('',#5324);
#5324 = CARTESIAN_POINT('',(1.9895E+03,895.,229.));
#5325 = SEAM_CURVE('',#5326,(#5330,#5337),.PCURVE_S1.);
#5326 = LINE('',#5327,#5328);
#5327 = CARTESIAN_POINT('',(1.9895E+03,895.,229.));
#5328 = VECTOR('',#5329,1.);
#5329 = DIRECTION('',(0.,0.,1.));
#5330 = PCURVE('',#5268,#5331);
#5331 = DEFINITIONAL_REPRESENTATION('',(#5332),#5336);
#5332 = LINE('',#5333,#5334);
#5333 = CARTESIAN_POINT('',(6.28318530718,-0.));
#5334 = VECTOR('',#5335,1.);
#5335 = DIRECTION('',(0.,1.));
#5336 = ( GEOMETRIC_REPRESENTATION_CONTEXT(2) 
PARAMETRIC_REPRESENTATION_CONTEXT() REPRESENTATION_CONTEXT('2D SPACE',''
  ) );
#5337 = PCURVE('',#5268,#5338);
#5338 = DEFINITIONAL_REPRESENTATION('',(#5339),#5343);
#5339 = LINE('',#5340,#5341);
#5340 = CARTESIAN_POINT('',(0.,-0.));
#5341 = VECTOR('',#5342,1.);
#5342 = DIRECTION('',(0.,1.));
#5343 = ( GEOMETRIC_REPRESENTATION_CONTEXT(2) 
PARAMETRIC_REPRESENTATION_CONTEXT() REPRESENTATION_CONTEXT('2D SPACE',''
  ) );
#5344 = ORIENTED_EDGE('',*,*,#5345,.T.);
#5345 = EDGE_CURVE('',#5323,#5323,#5346,.T.);
#5346 = SURFACE_CURVE('',#5347,(#5352,#5359),.PCURVE_S1.);
#5347 = CIRCLE('',#5348,9.5);
#5348 = AXIS2_PLACEMENT_3D('',#5349,#5350,#5351);
#5349 = CARTESIAN_POINT('',(1.98E+03,895.,229.));
#5350 = DIRECTION('',(0.,0.,1.));
#5351 = DIRECTION('',(1.,0.,-0.));
#5352 = PCURVE('',#5268,#5353);
#5353 = DEFINITIONAL_REPRESENTATION('',(#5354),#5358);
#5354 = LINE('',#5355,#5356);
#5355 = CARTESIAN_POINT('',(0.,0.));
#5356 = VECTOR('',#5357,1.);
#5357 = DIRECTION('',(1.,0.));
#5358 = ( GEOMETRIC_REPRESENTATION_CONTEXT(2) 
PARAMETRIC_REPRESENTATION_CONTEXT() REPRESENTATION_CONTEXT('2D SPACE',''
  ) );
#5359 = PCURVE('',#5360,#5365);
#5360 = PLANE('',#5361);
#5361 = AXIS2_PLACEMENT_3D('',#5362,#5363,#5364);
#5362 = CARTESIAN_POINT('',(1.98E+03,895.,229.));
#5363 = DIRECTION('',(0.,0.,1.));
#5364 = DIRECTION('',(1.,0.,-0.));
#5365 = DEFINITIONAL_REPRESENTATION('',(#5366),#5370);
#5366 = CIRCLE('',#5367,9.5);
#5367 = AXIS2_PLACEMENT_2D('',#5368,#5369);
#5368 = CARTESIAN_POINT('',(0.,0.));
#5369 = DIRECTION('',(1.,0.));
#5370 = ( GEOMETRIC_REPRESENTATION_CONTEXT(2) 
PARAMETRIC_REPRESENTATION_CONTEXT() REPRESENTATION_CONTEXT('2D SPACE',''
  ) );
#5371 = ORIENTED_EDGE('',*,*,#5322,.T.);
#5372 = ADVANCED_FACE('',(#5373),#5303,.T.);
#5373 = FACE_BOUND('',#5374,.T.);
#5374 = EDGE_LOOP('',(#5375,#5404,#5425,#5426));
#5375 = ORIENTED_EDGE('',*,*,#5376,.F.);
#5376 = EDGE_CURVE('',#5377,#5377,#5379,.T.);
#5377 = VERTEX_POINT('',#5378);
#5378 = CARTESIAN_POINT('',(1.9895E+03,895.,280.));
#5379 = SURFACE_CURVE('',#5380,(#5385,#5392),.PCURVE_S1.);
#5380 = CIRCLE('',#5381,9.5);
#5381 = AXIS2_PLACEMENT_3D('',#5382,#5383,#5384);
#5382 = CARTESIAN_POINT('',(1.98E+03,895.,280.));
#5383 = DIRECTION('',(0.,0.,1.));
#5384 = DIRECTION('',(1.,0.,-0.));
#5385 = PCURVE('',#5303,#5386);
#5386 = DEFINITIONAL_REPRESENTATION('',(#5387),#5391);
#5387 = LINE('',#5388,#5389);
#5388 = CARTESIAN_POINT('',(0.,10.));
#5389 = VECTOR('',#5390,1.);
#5390 = DIRECTION('',(1.,0.));
#5391 = ( GEOMETRIC_REPRESENTATION_CONTEXT(2) 
PARAMETRIC_REPRESENTATION_CONTEXT() REPRESENTATION_CONTEXT('2D SPACE',''
  ) );
#5392 = PCURVE('',#5393,#5398);
#5393 = PLANE('',#5394);
#5394 = AXIS2_PLACEMENT_3D('',#5395,#5396,#5397);
#5395 = CARTESIAN_POINT('',(1.98E+03,895.,280.));
#5396 = DIRECTION('',(0.,0.,1.));
#5397 = DIRECTION('',(1.,0.,-0.));
#5398 = DEFINITIONAL_REPRESENTATION('',(#5399),#5403);
#5399 = CIRCLE('',#5400,9.5);
#5400 = AXIS2_PLACEMENT_2D('',#5401,#5402);
#5401 = CARTESIAN_POINT('',(0.,0.));
#5402 = DIRECTION('',(1.,0.));
#5403 = ( GEOMETRIC_REPRESENTATION_CONTEXT(2) 
PARAMETRIC_REPRESENTATION_CONTEXT() REPRESENTATION_CONTEXT('2D SPACE',''
  ) );
#5404 = ORIENTED_EDGE('',*,*,#5405,.F.);
#5405 = EDGE_CURVE('',#5287,#5377,#5406,.T.);
#5406 = SEAM_CURVE('',#5407,(#5411,#5418),.PCURVE_S1.);
#5407 = LINE('',#5408,#5409);
#5408 = CARTESIAN_POINT('',(1.9895E+03,895.,270.));
#5409 = VECTOR('',#5410,1.);
#5410 = DIRECTION('',(0.,0.,1.));
#5411 = PCURVE('',#5303,#5412);
#5412 = DEFINITIONAL_REPRESENTATION('',(#5413),#5417);
#5413 = LINE('',#5414,#5415);
#5414 = CARTESIAN_POINT('',(6.28318530718,-0.));
#5415 = VECTOR('',#5416,1.);
#5416 = DIRECTION('',(0.,1.));
#5417 = ( GEOMETRIC_REPRESENTATION_CONTEXT(2) 
PARAMETRIC_REPRESENTATION_CONTEXT() REPRESENTATION_CONTEXT('2D SPACE',''
  ) );
#5418 = PCURVE('',#5303,#5419);
#5419 = DEFINITIONAL_REPRESENTATION('',(#5420),#5424);
#5420 = LINE('',#5421,#5422);
#5421 = CARTESIAN_POINT('',(0.,-0.));
#5422 = VECTOR('',#5423,1.);
#5423 = DIRECTION('',(0.,1.));
#5424 = ( GEOMETRIC_REPRESENTATION_CONTEXT(2) 
PARAMETRIC_REPRESENTATION_CONTEXT() REPRESENTATION_CONTEXT('2D SPACE',''
  ) );
#5425 = ORIENTED_EDGE('',*,*,#5286,.T.);
#5426 = ORIENTED_EDGE('',*,*,#5405,.T.);
#5427 = ADVANCED_FACE('',(#5428,#5431),#5360,.F.);
#5428 = FACE_BOUND('',#5429,.F.);
#5429 = EDGE_LOOP('',(#5430));
#5430 = ORIENTED_EDGE('',*,*,#5345,.T.);
#5431 = FACE_BOUND('',#5432,.F.);
#5432 = EDGE_LOOP('',(#5433));
#5433 = ORIENTED_EDGE('',*,*,#5434,.F.);
#5434 = EDGE_CURVE('',#5435,#5435,#5437,.T.);
#5435 = VERTEX_POINT('',#5436);
#5436 = CARTESIAN_POINT('',(1.986E+03,895.,229.));
#5437 = SURFACE_CURVE('',#5438,(#5443,#5450),.PCURVE_S1.);
#5438 = CIRCLE('',#5439,6.);
#5439 = AXIS2_PLACEMENT_3D('',#5440,#5441,#5442);
#5440 = CARTESIAN_POINT('',(1.98E+03,895.,229.));
#5441 = DIRECTION('',(0.,0.,1.));
#5442 = DIRECTION('',(1.,0.,-0.));
#5443 = PCURVE('',#5360,#5444);
#5444 = DEFINITIONAL_REPRESENTATION('',(#5445),#5449);
#5445 = CIRCLE('',#5446,6.);
#5446 = AXIS2_PLACEMENT_2D('',#5447,#5448);
#5447 = CARTESIAN_POINT('',(0.,0.));
#5448 = DIRECTION('',(1.,0.));
#5449 = ( GEOMETRIC_REPRESENTATION_CONTEXT(2) 
PARAMETRIC_REPRESENTATION_CONTEXT() REPRESENTATION_CONTEXT('2D SPACE',''
  ) );
#5450 = PCURVE('',#5451,#5456);
#5451 = PLANE('',#5452);
#5452 = AXIS2_PLACEMENT_3D('',#5453,#5454,#5455);
#5453 = CARTESIAN_POINT('',(1.98E+03,895.,229.));
#5454 = DIRECTION('',(0.,0.,1.));
#5455 = DIRECTION('',(1.,0.,-0.));
#5456 = DEFINITIONAL_REPRESENTATION('',(#5457),#5461);
#5457 = CIRCLE('',#5458,6.);
#5458 = AXIS2_PLACEMENT_2D('',#5459,#5460);
#5459 = CARTESIAN_POINT('',(0.,0.));
#5460 = DIRECTION('',(1.,0.));
#5461 = ( GEOMETRIC_REPRESENTATION_CONTEXT(2) 
PARAMETRIC_REPRESENTATION_CONTEXT() REPRESENTATION_CONTEXT('2D SPACE',''
  ) );
#5462 = ADVANCED_FACE('',(#5463,#5466),#5393,.T.);
#5463 = FACE_BOUND('',#5464,.T.);
#5464 = EDGE_LOOP('',(#5465));
#5465 = ORIENTED_EDGE('',*,*,#5376,.T.);
#5466 = FACE_BOUND('',#5467,.T.);
#5467 = EDGE_LOOP('',(#5468));
#5468 = ORIENTED_EDGE('',*,*,#5469,.F.);
#5469 = EDGE_CURVE('',#5470,#5470,#5472,.T.);
#5470 = VERTEX_POINT('',#5471);
#5471 = CARTESIAN_POINT('',(1.986E+03,895.,280.));
#5472 = SURFACE_CURVE('',#5473,(#5478,#5485),.PCURVE_S1.);
#5473 = CIRCLE('',#5474,6.);
#5474 = AXIS2_PLACEMENT_3D('',#5475,#5476,#5477);
#5475 = CARTESIAN_POINT('',(1.98E+03,895.,280.));
#5476 = DIRECTION('',(0.,0.,1.));
#5477 = DIRECTION('',(1.,0.,-0.));
#5478 = PCURVE('',#5393,#5479);
#5479 = DEFINITIONAL_REPRESENTATION('',(#5480),#5484);
#5480 = CIRCLE('',#5481,6.);
#5481 = AXIS2_PLACEMENT_2D('',#5482,#5483);
#5482 = CARTESIAN_POINT('',(0.,0.));
#5483 = DIRECTION('',(1.,0.));
#5484 = ( GEOMETRIC_REPRESENTATION_CONTEXT(2) 
PARAMETRIC_REPRESENTATION_CONTEXT() REPRESENTATION_CONTEXT('2D SPACE',''
  ) );
#5485 = PCURVE('',#5486,#5491);
#5486 = CYLINDRICAL_SURFACE('',#5487,6.);
#5487 = AXIS2_PLACEMENT_3D('',#5488,#5489,#5490);
#5488 = CARTESIAN_POINT('',(1.98E+03,895.,229.));
#5489 = DIRECTION('',(0.,0.,1.));
#5490 = DIRECTION('',(1.,0.,-0.));
#5491 = DEFINITIONAL_REPRESENTATION('',(#5492),#5496);
#5492 = LINE('',#5493,#5494);
#5493 = CARTESIAN_POINT('',(0.,51.));
#5494 = VECTOR('',#5495,1.);
#5495 = DIRECTION('',(1.,0.));
#5496 = ( GEOMETRIC_REPRESENTATION_CONTEXT(2) 
PARAMETRIC_REPRESENTATION_CONTEXT() REPRESENTATION_CONTEXT('2D SPACE',''
  ) );
#5497 = ADVANCED_FACE('',(#5498),#5451,.F.);
#5498 = FACE_BOUND('',#5499,.T.);
#5499 = EDGE_LOOP('',(#5500));
#5500 = ORIENTED_EDGE('',*,*,#5434,.F.);
#5501 = ADVANCED_FACE('',(#5502),#5486,.T.);
#5502 = FACE_BOUND('',#5503,.T.);
#5503 = EDGE_LOOP('',(#5504,#5505,#5528,#5555));
#5504 = ORIENTED_EDGE('',*,*,#5469,.T.);
#5505 = ORIENTED_EDGE('',*,*,#5506,.T.);
#5506 = EDGE_CURVE('',#5470,#5507,#5509,.T.);
#5507 = VERTEX_POINT('',#5508);
#5508 = CARTESIAN_POINT('',(1.986E+03,895.,282.));
#5509 = SEAM_CURVE('',#5510,(#5514,#5521),.PCURVE_S1.);
#5510 = LINE('',#5511,#5512);
#5511 = CARTESIAN_POINT('',(1.986E+03,895.,229.));
#5512 = VECTOR('',#5513,1.);
#5513 = DIRECTION('',(0.,0.,1.));
#5514 = PCURVE('',#5486,#5515);
#5515 = DEFINITIONAL_REPRESENTATION('',(#5516),#5520);
#5516 = LINE('',#5517,#5518);
#5517 = CARTESIAN_POINT('',(0.,-0.));
#5518 = VECTOR('',#5519,1.);
#5519 = DIRECTION('',(0.,1.));
#5520 = ( GEOMETRIC_REPRESENTATION_CONTEXT(2) 
PARAMETRIC_REPRESENTATION_CONTEXT() REPRESENTATION_CONTEXT('2D SPACE',''
  ) );
#5521 = PCURVE('',#5486,#5522);
#5522 = DEFINITIONAL_REPRESENTATION('',(#5523),#5527);
#5523 = LINE('',#5524,#5525);
#5524 = CARTESIAN_POINT('',(6.28318530718,-0.));
#5525 = VECTOR('',#5526,1.);
#5526 = DIRECTION('',(0.,1.));
#5527 = ( GEOMETRIC_REPRESENTATION_CONTEXT(2) 
PARAMETRIC_REPRESENTATION_CONTEXT() REPRESENTATION_CONTEXT('2D SPACE',''
  ) );
#5528 = ORIENTED_EDGE('',*,*,#5529,.F.);
#5529 = EDGE_CURVE('',#5507,#5507,#5530,.T.);
#5530 = SURFACE_CURVE('',#5531,(#5536,#5543),.PCURVE_S1.);
#5531 = CIRCLE('',#5532,6.);
#5532 = AXIS2_PLACEMENT_3D('',#5533,#5534,#5535);
#5533 = CARTESIAN_POINT('',(1.98E+03,895.,282.));
#5534 = DIRECTION('',(0.,0.,1.));
#5535 = DIRECTION('',(1.,0.,-0.));
#5536 = PCURVE('',#5486,#5537);
#5537 = DEFINITIONAL_REPRESENTATION('',(#5538),#5542);
#5538 = LINE('',#5539,#5540);
#5539 = CARTESIAN_POINT('',(0.,53.));
#5540 = VECTOR('',#5541,1.);
#5541 = DIRECTION('',(1.,0.));
#5542 = ( GEOMETRIC_REPRESENTATION_CONTEXT(2) 
PARAMETRIC_REPRESENTATION_CONTEXT() REPRESENTATION_CONTEXT('2D SPACE',''
  ) );
#5543 = PCURVE('',#5544,#5549);
#5544 = PLANE('',#5545);
#5545 = AXIS2_PLACEMENT_3D('',#5546,#5547,#5548);
#5546 = CARTESIAN_POINT('',(1.98E+03,895.,282.));
#5547 = DIRECTION('',(0.,0.,1.));
#5548 = DIRECTION('',(1.,0.,-0.));
#5549 = DEFINITIONAL_REPRESENTATION('',(#5550),#5554);
#5550 = CIRCLE('',#5551,6.);
#5551 = AXIS2_PLACEMENT_2D('',#5552,#5553);
#5552 = CARTESIAN_POINT('',(0.,0.));
#5553 = DIRECTION('',(1.,0.));
#5554 = ( GEOMETRIC_REPRESENTATION_CONTEXT(2) 
PARAMETRIC_REPRESENTATION_CONTEXT() REPRESENTATION_CONTEXT('2D SPACE',''
  ) );
#5555 = ORIENTED_EDGE('',*,*,#5506,.F.);
#5556 = ADVANCED_FACE('',(#5557),#5544,.T.);
#5557 = FACE_BOUND('',#5558,.T.);
#5558 = EDGE_LOOP('',(#5559));
#5559 = ORIENTED_EDGE('',*,*,#5529,.T.);
#5560 = ( GEOMETRIC_REPRESENTATION_CONTEXT(3) 
GLOBAL_UNCERTAINTY_ASSIGNED_CONTEXT((#5564)) 
GLOBAL_UNIT_ASSIGNED_CONTEXT((#5561,#5562,#5563)) REPRESENTATION_CONTEXT
('Context #1','3D Context with UNIT and UNCERTAINTY') );
#5561 = ( LENGTH_UNIT() NAMED_UNIT(*) SI_UNIT(.MILLI.,.METRE.) );
#5562 = ( NAMED_UNIT(*) PLANE_ANGLE_UNIT() SI_UNIT($,.RADIAN.) );
#5563 = ( NAMED_UNIT(*) SI_UNIT($,.STERADIAN.) SOLID_ANGLE_UNIT() );
#5564 = UNCERTAINTY_MEASURE_WITH_UNIT(LENGTH_MEASURE(1.E-07),#5561,
  'distance_accuracy_value','confusion accuracy');
#5565 = CONTEXT_DEPENDENT_SHAPE_REPRESENTATION(#5566,#5568);
#5566 = ( REPRESENTATION_RELATIONSHIP('','',#5156,#10) 
REPRESENTATION_RELATIONSHIP_WITH_TRANSFORMATION(#5567) 
SHAPE_REPRESENTATION_RELATIONSHIP() );
#5567 = ITEM_DEFINED_TRANSFORMATION('','',#11,#63);
#5568 = PRODUCT_DEFINITION_SHAPE('Placement','Placement of an item',
  #5569);
#5569 = NEXT_ASSEMBLY_USAGE_OCCURRENCE('417','','',#5,#5151,$);
#5570 = PRODUCT_RELATED_PRODUCT_CATEGORY('part',$,(#5153));
#5571 = SHAPE_DEFINITION_REPRESENTATION(#5572,#5578);
#5572 = PRODUCT_DEFINITION_SHAPE('','',#5573);
#5573 = PRODUCT_DEFINITION('design','',#5574,#5577);
#5574 = PRODUCT_DEFINITION_FORMATION('','',#5575);
#5575 = PRODUCT('Open CASCADE STEP translator 7.9 25.14',
  'Open CASCADE STEP translator 7.9 25.14','',(#5576));
#5576 = PRODUCT_CONTEXT('',#2,'mechanical');
#5577 = PRODUCT_DEFINITION_CONTEXT('part definition',#2,'design');
#5578 = ADVANCED_BREP_SHAPE_REPRESENTATION('',(#11,#5579),#5982);
#5579 = MANIFOLD_SOLID_BREP('',#5580);
#5580 = CLOSED_SHELL('',(#5581,#5669,#5704,#5739,#5794,#5849,#5884,#5919
    ,#5923,#5978));
#5581 = ADVANCED_FACE('',(#5582),#5595,.T.);
#5582 = FACE_BOUND('',#5583,.T.);
#5583 = EDGE_LOOP('',(#5584,#5618,#5641,#5668));
#5584 = ORIENTED_EDGE('',*,*,#5585,.T.);
#5585 = EDGE_CURVE('',#5586,#5586,#5588,.T.);
#5586 = VERTEX_POINT('',#5587);
#5587 = CARTESIAN_POINT('',(1.986E+03,975.,237.));
#5588 = SURFACE_CURVE('',#5589,(#5594,#5606),.PCURVE_S1.);
#5589 = CIRCLE('',#5590,6.);
#5590 = AXIS2_PLACEMENT_3D('',#5591,#5592,#5593);
#5591 = CARTESIAN_POINT('',(1.98E+03,975.,237.));
#5592 = DIRECTION('',(0.,0.,1.));
#5593 = DIRECTION('',(1.,0.,-0.));
#5594 = PCURVE('',#5595,#5600);
#5595 = CYLINDRICAL_SURFACE('',#5596,6.);
#5596 = AXIS2_PLACEMENT_3D('',#5597,#5598,#5599);
#5597 = CARTESIAN_POINT('',(1.98E+03,975.,229.));
#5598 = DIRECTION('',(0.,0.,1.));
#5599 = DIRECTION('',(1.,0.,-0.));
#5600 = DEFINITIONAL_REPRESENTATION('',(#5601),#5605);
#5601 = LINE('',#5602,#5603);
#5602 = CARTESIAN_POINT('',(0.,8.));
#5603 = VECTOR('',#5604,1.);
#5604 = DIRECTION('',(1.,0.));
#5605 = ( GEOMETRIC_REPRESENTATION_CONTEXT(2) 
PARAMETRIC_REPRESENTATION_CONTEXT() REPRESENTATION_CONTEXT('2D SPACE',''
  ) );
#5606 = PCURVE('',#5607,#5612);
#5607 = PLANE('',#5608);
#5608 = AXIS2_PLACEMENT_3D('',#5609,#5610,#5611);
#5609 = CARTESIAN_POINT('',(1.98E+03,975.,237.));
#5610 = DIRECTION('',(0.,0.,1.));
#5611 = DIRECTION('',(1.,0.,-0.));
#5612 = DEFINITIONAL_REPRESENTATION('',(#5613),#5617);
#5613 = CIRCLE('',#5614,6.);
#5614 = AXIS2_PLACEMENT_2D('',#5615,#5616);
#5615 = CARTESIAN_POINT('',(0.,0.));
#5616 = DIRECTION('',(1.,0.));
#5617 = ( GEOMETRIC_REPRESENTATION_CONTEXT(2) 
PARAMETRIC_REPRESENTATION_CONTEXT() REPRESENTATION_CONTEXT('2D SPACE',''
  ) );
#5618 = ORIENTED_EDGE('',*,*,#5619,.T.);
#5619 = EDGE_CURVE('',#5586,#5620,#5622,.T.);
#5620 = VERTEX_POINT('',#5621);
#5621 = CARTESIAN_POINT('',(1.986E+03,975.,270.));
#5622 = SEAM_CURVE('',#5623,(#5627,#5634),.PCURVE_S1.);
#5623 = LINE('',#5624,#5625);
#5624 = CARTESIAN_POINT('',(1.986E+03,975.,229.));
#5625 = VECTOR('',#5626,1.);
#5626 = DIRECTION('',(0.,0.,1.));
#5627 = PCURVE('',#5595,#5628);
#5628 = DEFINITIONAL_REPRESENTATION('',(#5629),#5633);
#5629 = LINE('',#5630,#5631);
#5630 = CARTESIAN_POINT('',(0.,-0.));
#5631 = VECTOR('',#5632,1.);
#5632 = DIRECTION('',(0.,1.));
#5633 = ( GEOMETRIC_REPRESENTATION_CONTEXT(2) 
PARAMETRIC_REPRESENTATION_CONTEXT() REPRESENTATION_CONTEXT('2D SPACE',''
  ) );
#5634 = PCURVE('',#5595,#5635);
#5635 = DEFINITIONAL_REPRESENTATION('',(#5636),#5640);
#5636 = LINE('',#5637,#5638);
#5637 = CARTESIAN_POINT('',(6.28318530718,-0.));
#5638 = VECTOR('',#5639,1.);
#5639 = DIRECTION('',(0.,1.));
#5640 = ( GEOMETRIC_REPRESENTATION_CONTEXT(2) 
PARAMETRIC_REPRESENTATION_CONTEXT() REPRESENTATION_CONTEXT('2D SPACE',''
  ) );
#5641 = ORIENTED_EDGE('',*,*,#5642,.F.);
#5642 = EDGE_CURVE('',#5620,#5620,#5643,.T.);
#5643 = SURFACE_CURVE('',#5644,(#5649,#5656),.PCURVE_S1.);
#5644 = CIRCLE('',#5645,6.);
#5645 = AXIS2_PLACEMENT_3D('',#5646,#5647,#5648);
#5646 = CARTESIAN_POINT('',(1.98E+03,975.,270.));
#5647 = DIRECTION('',(0.,0.,1.));
#5648 = DIRECTION('',(1.,0.,-0.));
#5649 = PCURVE('',#5595,#5650);
#5650 = DEFINITIONAL_REPRESENTATION('',(#5651),#5655);
#5651 = LINE('',#5652,#5653);
#5652 = CARTESIAN_POINT('',(0.,41.));
#5653 = VECTOR('',#5654,1.);
#5654 = DIRECTION('',(1.,0.));
#5655 = ( GEOMETRIC_REPRESENTATION_CONTEXT(2) 
PARAMETRIC_REPRESENTATION_CONTEXT() REPRESENTATION_CONTEXT('2D SPACE',''
  ) );
#5656 = PCURVE('',#5657,#5662);
#5657 = PLANE('',#5658);
#5658 = AXIS2_PLACEMENT_3D('',#5659,#5660,#5661);
#5659 = CARTESIAN_POINT('',(1.98E+03,975.,270.));
#5660 = DIRECTION('',(0.,0.,1.));
#5661 = DIRECTION('',(1.,0.,-0.));
#5662 = DEFINITIONAL_REPRESENTATION('',(#5663),#5667);
#5663 = CIRCLE('',#5664,6.);
#5664 = AXIS2_PLACEMENT_2D('',#5665,#5666);
#5665 = CARTESIAN_POINT('',(0.,0.));
#5666 = DIRECTION('',(1.,0.));
#5667 = ( GEOMETRIC_REPRESENTATION_CONTEXT(2) 
PARAMETRIC_REPRESENTATION_CONTEXT() REPRESENTATION_CONTEXT('2D SPACE',''
  ) );
#5668 = ORIENTED_EDGE('',*,*,#5619,.F.);
#5669 = ADVANCED_FACE('',(#5670,#5701),#5607,.T.);
#5670 = FACE_BOUND('',#5671,.T.);
#5671 = EDGE_LOOP('',(#5672));
#5672 = ORIENTED_EDGE('',*,*,#5673,.T.);
#5673 = EDGE_CURVE('',#5674,#5674,#5676,.T.);
#5674 = VERTEX_POINT('',#5675);
#5675 = CARTESIAN_POINT('',(1.9895E+03,975.,237.));
#5676 = SURFACE_CURVE('',#5677,(#5682,#5689),.PCURVE_S1.);
#5677 = CIRCLE('',#5678,9.5);
#5678 = AXIS2_PLACEMENT_3D('',#5679,#5680,#5681);
#5679 = CARTESIAN_POINT('',(1.98E+03,975.,237.));
#5680 = DIRECTION('',(0.,0.,1.));
#5681 = DIRECTION('',(1.,0.,-0.));
#5682 = PCURVE('',#5607,#5683);
#5683 = DEFINITIONAL_REPRESENTATION('',(#5684),#5688);
#5684 = CIRCLE('',#5685,9.5);
#5685 = AXIS2_PLACEMENT_2D('',#5686,#5687);
#5686 = CARTESIAN_POINT('',(0.,0.));
#5687 = DIRECTION('',(1.,0.));
#5688 = ( GEOMETRIC_REPRESENTATION_CONTEXT(2) 
PARAMETRIC_REPRESENTATION_CONTEXT() REPRESENTATION_CONTEXT('2D SPACE',''
  ) );
#5689 = PCURVE('',#5690,#5695);
#5690 = CYLINDRICAL_SURFACE('',#5691,9.5);
#5691 = AXIS2_PLACEMENT_3D('',#5692,#5693,#5694);
#5692 = CARTESIAN_POINT('',(1.98E+03,975.,229.));
#5693 = DIRECTION('',(0.,0.,1.));
#5694 = DIRECTION('',(1.,0.,-0.));
#5695 = DEFINITIONAL_REPRESENTATION('',(#5696),#5700);
#5696 = LINE('',#5697,#5698);
#5697 = CARTESIAN_POINT('',(0.,8.));
#5698 = VECTOR('',#5699,1.);
#5699 = DIRECTION('',(1.,0.));
#5700 = ( GEOMETRIC_REPRESENTATION_CONTEXT(2) 
PARAMETRIC_REPRESENTATION_CONTEXT() REPRESENTATION_CONTEXT('2D SPACE',''
  ) );
#5701 = FACE_BOUND('',#5702,.T.);
#5702 = EDGE_LOOP('',(#5703));
#5703 = ORIENTED_EDGE('',*,*,#5585,.F.);
#5704 = ADVANCED_FACE('',(#5705,#5736),#5657,.F.);
#5705 = FACE_BOUND('',#5706,.F.);
#5706 = EDGE_LOOP('',(#5707));
#5707 = ORIENTED_EDGE('',*,*,#5708,.T.);
#5708 = EDGE_CURVE('',#5709,#5709,#5711,.T.);
#5709 = VERTEX_POINT('',#5710);
#5710 = CARTESIAN_POINT('',(1.9895E+03,975.,270.));
#5711 = SURFACE_CURVE('',#5712,(#5717,#5724),.PCURVE_S1.);
#5712 = CIRCLE('',#5713,9.5);
#5713 = AXIS2_PLACEMENT_3D('',#5714,#5715,#5716);
#5714 = CARTESIAN_POINT('',(1.98E+03,975.,270.));
#5715 = DIRECTION('',(0.,0.,1.));
#5716 = DIRECTION('',(1.,0.,-0.));
#5717 = PCURVE('',#5657,#5718);
#5718 = DEFINITIONAL_REPRESENTATION('',(#5719),#5723);
#5719 = CIRCLE('',#5720,9.5);
#5720 = AXIS2_PLACEMENT_2D('',#5721,#5722);
#5721 = CARTESIAN_POINT('',(0.,0.));
#5722 = DIRECTION('',(1.,0.));
#5723 = ( GEOMETRIC_REPRESENTATION_CONTEXT(2) 
PARAMETRIC_REPRESENTATION_CONTEXT() REPRESENTATION_CONTEXT('2D SPACE',''
  ) );
#5724 = PCURVE('',#5725,#5730);
#5725 = CYLINDRICAL_SURFACE('',#5726,9.5);
#5726 = AXIS2_PLACEMENT_3D('',#5727,#5728,#5729);
#5727 = CARTESIAN_POINT('',(1.98E+03,975.,270.));
#5728 = DIRECTION('',(0.,0.,1.));
#5729 = DIRECTION('',(1.,0.,-0.));
#5730 = DEFINITIONAL_REPRESENTATION('',(#5731),#5735);
#5731 = LINE('',#5732,#5733);
#5732 = CARTESIAN_POINT('',(0.,0.));
#5733 = VECTOR('',#5734,1.);
#5734 = DIRECTION('',(1.,0.));
#5735 = ( GEOMETRIC_REPRESENTATION_CONTEXT(2) 
PARAMETRIC_REPRESENTATION_CONTEXT() REPRESENTATION_CONTEXT('2D SPACE',''
  ) );
#5736 = FACE_BOUND('',#5737,.F.);
#5737 = EDGE_LOOP('',(#5738));
#5738 = ORIENTED_EDGE('',*,*,#5642,.F.);
#5739 = ADVANCED_FACE('',(#5740),#5690,.T.);
#5740 = FACE_BOUND('',#5741,.T.);
#5741 = EDGE_LOOP('',(#5742,#5743,#5766,#5793));
#5742 = ORIENTED_EDGE('',*,*,#5673,.F.);
#5743 = ORIENTED_EDGE('',*,*,#5744,.F.);
#5744 = EDGE_CURVE('',#5745,#5674,#5747,.T.);
#5745 = VERTEX_POINT('',#5746);
#5746 = CARTESIAN_POINT('',(1.9895E+03,975.,229.));
#5747 = SEAM_CURVE('',#5748,(#5752,#5759),.PCURVE_S1.);
#5748 = LINE('',#5749,#5750);
#5749 = CARTESIAN_POINT('',(1.9895E+03,975.,229.));
#5750 = VECTOR('',#5751,1.);
#5751 = DIRECTION('',(0.,0.,1.));
#5752 = PCURVE('',#5690,#5753);
#5753 = DEFINITIONAL_REPRESENTATION('',(#5754),#5758);
#5754 = LINE('',#5755,#5756);
#5755 = CARTESIAN_POINT('',(6.28318530718,-0.));
#5756 = VECTOR('',#5757,1.);
#5757 = DIRECTION('',(0.,1.));
#5758 = ( GEOMETRIC_REPRESENTATION_CONTEXT(2) 
PARAMETRIC_REPRESENTATION_CONTEXT() REPRESENTATION_CONTEXT('2D SPACE',''
  ) );
#5759 = PCURVE('',#5690,#5760);
#5760 = DEFINITIONAL_REPRESENTATION('',(#5761),#5765);
#5761 = LINE('',#5762,#5763);
#5762 = CARTESIAN_POINT('',(0.,-0.));
#5763 = VECTOR('',#5764,1.);
#5764 = DIRECTION('',(0.,1.));
#5765 = ( GEOMETRIC_REPRESENTATION_CONTEXT(2) 
PARAMETRIC_REPRESENTATION_CONTEXT() REPRESENTATION_CONTEXT('2D SPACE',''
  ) );
#5766 = ORIENTED_EDGE('',*,*,#5767,.T.);
#5767 = EDGE_CURVE('',#5745,#5745,#5768,.T.);
#5768 = SURFACE_CURVE('',#5769,(#5774,#5781),.PCURVE_S1.);
#5769 = CIRCLE('',#5770,9.5);
#5770 = AXIS2_PLACEMENT_3D('',#5771,#5772,#5773);
#5771 = CARTESIAN_POINT('',(1.98E+03,975.,229.));
#5772 = DIRECTION('',(0.,0.,1.));
#5773 = DIRECTION('',(1.,0.,-0.));
#5774 = PCURVE('',#5690,#5775);
#5775 = DEFINITIONAL_REPRESENTATION('',(#5776),#5780);
#5776 = LINE('',#5777,#5778);
#5777 = CARTESIAN_POINT('',(0.,0.));
#5778 = VECTOR('',#5779,1.);
#5779 = DIRECTION('',(1.,0.));
#5780 = ( GEOMETRIC_REPRESENTATION_CONTEXT(2) 
PARAMETRIC_REPRESENTATION_CONTEXT() REPRESENTATION_CONTEXT('2D SPACE',''
  ) );
#5781 = PCURVE('',#5782,#5787);
#5782 = PLANE('',#5783);
#5783 = AXIS2_PLACEMENT_3D('',#5784,#5785,#5786);
#5784 = CARTESIAN_POINT('',(1.98E+03,975.,229.));
#5785 = DIRECTION('',(0.,0.,1.));
#5786 = DIRECTION('',(1.,0.,-0.));
#5787 = DEFINITIONAL_REPRESENTATION('',(#5788),#5792);
#5788 = CIRCLE('',#5789,9.5);
#5789 = AXIS2_PLACEMENT_2D('',#5790,#5791);
#5790 = CARTESIAN_POINT('',(0.,0.));
#5791 = DIRECTION('',(1.,0.));
#5792 = ( GEOMETRIC_REPRESENTATION_CONTEXT(2) 
PARAMETRIC_REPRESENTATION_CONTEXT() REPRESENTATION_CONTEXT('2D SPACE',''
  ) );
#5793 = ORIENTED_EDGE('',*,*,#5744,.T.);
#5794 = ADVANCED_FACE('',(#5795),#5725,.T.);
#5795 = FACE_BOUND('',#5796,.T.);
#5796 = EDGE_LOOP('',(#5797,#5826,#5847,#5848));
#5797 = ORIENTED_EDGE('',*,*,#5798,.F.);
#5798 = EDGE_CURVE('',#5799,#5799,#5801,.T.);
#5799 = VERTEX_POINT('',#5800);
#5800 = CARTESIAN_POINT('',(1.9895E+03,975.,280.));
#5801 = SURFACE_CURVE('',#5802,(#5807,#5814),.PCURVE_S1.);
#5802 = CIRCLE('',#5803,9.5);
#5803 = AXIS2_PLACEMENT_3D('',#5804,#5805,#5806);
#5804 = CARTESIAN_POINT('',(1.98E+03,975.,280.));
#5805 = DIRECTION('',(0.,0.,1.));
#5806 = DIRECTION('',(1.,0.,-0.));
#5807 = PCURVE('',#5725,#5808);
#5808 = DEFINITIONAL_REPRESENTATION('',(#5809),#5813);
#5809 = LINE('',#5810,#5811);
#5810 = CARTESIAN_POINT('',(0.,10.));
#5811 = VECTOR('',#5812,1.);
#5812 = DIRECTION('',(1.,0.));
#5813 = ( GEOMETRIC_REPRESENTATION_CONTEXT(2) 
PARAMETRIC_REPRESENTATION_CONTEXT() REPRESENTATION_CONTEXT('2D SPACE',''
  ) );
#5814 = PCURVE('',#5815,#5820);
#5815 = PLANE('',#5816);
#5816 = AXIS2_PLACEMENT_3D('',#5817,#5818,#5819);
#5817 = CARTESIAN_POINT('',(1.98E+03,975.,280.));
#5818 = DIRECTION('',(0.,0.,1.));
#5819 = DIRECTION('',(1.,0.,-0.));
#5820 = DEFINITIONAL_REPRESENTATION('',(#5821),#5825);
#5821 = CIRCLE('',#5822,9.5);
#5822 = AXIS2_PLACEMENT_2D('',#5823,#5824);
#5823 = CARTESIAN_POINT('',(0.,0.));
#5824 = DIRECTION('',(1.,0.));
#5825 = ( GEOMETRIC_REPRESENTATION_CONTEXT(2) 
PARAMETRIC_REPRESENTATION_CONTEXT() REPRESENTATION_CONTEXT('2D SPACE',''
  ) );
#5826 = ORIENTED_EDGE('',*,*,#5827,.F.);
#5827 = EDGE_CURVE('',#5709,#5799,#5828,.T.);
#5828 = SEAM_CURVE('',#5829,(#5833,#5840),.PCURVE_S1.);
#5829 = LINE('',#5830,#5831);
#5830 = CARTESIAN_POINT('',(1.9895E+03,975.,270.));
#5831 = VECTOR('',#5832,1.);
#5832 = DIRECTION('',(0.,0.,1.));
#5833 = PCURVE('',#5725,#5834);
#5834 = DEFINITIONAL_REPRESENTATION('',(#5835),#5839);
#5835 = LINE('',#5836,#5837);
#5836 = CARTESIAN_POINT('',(6.28318530718,-0.));
#5837 = VECTOR('',#5838,1.);
#5838 = DIRECTION('',(0.,1.));
#5839 = ( GEOMETRIC_REPRESENTATION_CONTEXT(2) 
PARAMETRIC_REPRESENTATION_CONTEXT() REPRESENTATION_CONTEXT('2D SPACE',''
  ) );
#5840 = PCURVE('',#5725,#5841);
#5841 = DEFINITIONAL_REPRESENTATION('',(#5842),#5846);
#5842 = LINE('',#5843,#5844);
#5843 = CARTESIAN_POINT('',(0.,-0.));
#5844 = VECTOR('',#5845,1.);
#5845 = DIRECTION('',(0.,1.));
#5846 = ( GEOMETRIC_REPRESENTATION_CONTEXT(2) 
PARAMETRIC_REPRESENTATION_CONTEXT() REPRESENTATION_CONTEXT('2D SPACE',''
  ) );
#5847 = ORIENTED_EDGE('',*,*,#5708,.T.);
#5848 = ORIENTED_EDGE('',*,*,#5827,.T.);
#5849 = ADVANCED_FACE('',(#5850,#5853),#5782,.F.);
#5850 = FACE_BOUND('',#5851,.F.);
#5851 = EDGE_LOOP('',(#5852));
#5852 = ORIENTED_EDGE('',*,*,#5767,.T.);
#5853 = FACE_BOUND('',#5854,.F.);
#5854 = EDGE_LOOP('',(#5855));
#5855 = ORIENTED_EDGE('',*,*,#5856,.F.);
#5856 = EDGE_CURVE('',#5857,#5857,#5859,.T.);
#5857 = VERTEX_POINT('',#5858);
#5858 = CARTESIAN_POINT('',(1.986E+03,975.,229.));
#5859 = SURFACE_CURVE('',#5860,(#5865,#5872),.PCURVE_S1.);
#5860 = CIRCLE('',#5861,6.);
#5861 = AXIS2_PLACEMENT_3D('',#5862,#5863,#5864);
#5862 = CARTESIAN_POINT('',(1.98E+03,975.,229.));
#5863 = DIRECTION('',(0.,0.,1.));
#5864 = DIRECTION('',(1.,0.,-0.));
#5865 = PCURVE('',#5782,#5866);
#5866 = DEFINITIONAL_REPRESENTATION('',(#5867),#5871);
#5867 = CIRCLE('',#5868,6.);
#5868 = AXIS2_PLACEMENT_2D('',#5869,#5870);
#5869 = CARTESIAN_POINT('',(0.,0.));
#5870 = DIRECTION('',(1.,0.));
#5871 = ( GEOMETRIC_REPRESENTATION_CONTEXT(2) 
PARAMETRIC_REPRESENTATION_CONTEXT() REPRESENTATION_CONTEXT('2D SPACE',''
  ) );
#5872 = PCURVE('',#5873,#5878);
#5873 = PLANE('',#5874);
#5874 = AXIS2_PLACEMENT_3D('',#5875,#5876,#5877);
#5875 = CARTESIAN_POINT('',(1.98E+03,975.,229.));
#5876 = DIRECTION('',(0.,0.,1.));
#5877 = DIRECTION('',(1.,0.,-0.));
#5878 = DEFINITIONAL_REPRESENTATION('',(#5879),#5883);
#5879 = CIRCLE('',#5880,6.);
#5880 = AXIS2_PLACEMENT_2D('',#5881,#5882);
#5881 = CARTESIAN_POINT('',(0.,0.));
#5882 = DIRECTION('',(1.,0.));
#5883 = ( GEOMETRIC_REPRESENTATION_CONTEXT(2) 
PARAMETRIC_REPRESENTATION_CONTEXT() REPRESENTATION_CONTEXT('2D SPACE',''
  ) );
#5884 = ADVANCED_FACE('',(#5885,#5888),#5815,.T.);
#5885 = FACE_BOUND('',#5886,.T.);
#5886 = EDGE_LOOP('',(#5887));
#5887 = ORIENTED_EDGE('',*,*,#5798,.T.);
#5888 = FACE_BOUND('',#5889,.T.);
#5889 = EDGE_LOOP('',(#5890));
#5890 = ORIENTED_EDGE('',*,*,#5891,.F.);
#5891 = EDGE_CURVE('',#5892,#5892,#5894,.T.);
#5892 = VERTEX_POINT('',#5893);
#5893 = CARTESIAN_POINT('',(1.986E+03,975.,280.));
#5894 = SURFACE_CURVE('',#5895,(#5900,#5907),.PCURVE_S1.);
#5895 = CIRCLE('',#5896,6.);
#5896 = AXIS2_PLACEMENT_3D('',#5897,#5898,#5899);
#5897 = CARTESIAN_POINT('',(1.98E+03,975.,280.));
#5898 = DIRECTION('',(0.,0.,1.));
#5899 = DIRECTION('',(1.,0.,-0.));
#5900 = PCURVE('',#5815,#5901);
#5901 = DEFINITIONAL_REPRESENTATION('',(#5902),#5906);
#5902 = CIRCLE('',#5903,6.);
#5903 = AXIS2_PLACEMENT_2D('',#5904,#5905);
#5904 = CARTESIAN_POINT('',(0.,0.));
#5905 = DIRECTION('',(1.,0.));
#5906 = ( GEOMETRIC_REPRESENTATION_CONTEXT(2) 
PARAMETRIC_REPRESENTATION_CONTEXT() REPRESENTATION_CONTEXT('2D SPACE',''
  ) );
#5907 = PCURVE('',#5908,#5913);
#5908 = CYLINDRICAL_SURFACE('',#5909,6.);
#5909 = AXIS2_PLACEMENT_3D('',#5910,#5911,#5912);
#5910 = CARTESIAN_POINT('',(1.98E+03,975.,229.));
#5911 = DIRECTION('',(0.,0.,1.));
#5912 = DIRECTION('',(1.,0.,-0.));
#5913 = DEFINITIONAL_REPRESENTATION('',(#5914),#5918);
#5914 = LINE('',#5915,#5916);
#5915 = CARTESIAN_POINT('',(0.,51.));
#5916 = VECTOR('',#5917,1.);
#5917 = DIRECTION('',(1.,0.));
#5918 = ( GEOMETRIC_REPRESENTATION_CONTEXT(2) 
PARAMETRIC_REPRESENTATION_CONTEXT() REPRESENTATION_CONTEXT('2D SPACE',''
  ) );
#5919 = ADVANCED_FACE('',(#5920),#5873,.F.);
#5920 = FACE_BOUND('',#5921,.T.);
#5921 = EDGE_LOOP('',(#5922));
#5922 = ORIENTED_EDGE('',*,*,#5856,.F.);
#5923 = ADVANCED_FACE('',(#5924),#5908,.T.);
#5924 = FACE_BOUND('',#5925,.T.);
#5925 = EDGE_LOOP('',(#5926,#5927,#5950,#5977));
#5926 = ORIENTED_EDGE('',*,*,#5891,.T.);
#5927 = ORIENTED_EDGE('',*,*,#5928,.T.);
#5928 = EDGE_CURVE('',#5892,#5929,#5931,.T.);
#5929 = VERTEX_POINT('',#5930);
#5930 = CARTESIAN_POINT('',(1.986E+03,975.,282.));
#5931 = SEAM_CURVE('',#5932,(#5936,#5943),.PCURVE_S1.);
#5932 = LINE('',#5933,#5934);
#5933 = CARTESIAN_POINT('',(1.986E+03,975.,229.));
#5934 = VECTOR('',#5935,1.);
#5935 = DIRECTION('',(0.,0.,1.));
#5936 = PCURVE('',#5908,#5937);
#5937 = DEFINITIONAL_REPRESENTATION('',(#5938),#5942);
#5938 = LINE('',#5939,#5940);
#5939 = CARTESIAN_POINT('',(0.,-0.));
#5940 = VECTOR('',#5941,1.);
#5941 = DIRECTION('',(0.,1.));
#5942 = ( GEOMETRIC_REPRESENTATION_CONTEXT(2) 
PARAMETRIC_REPRESENTATION_CONTEXT() REPRESENTATION_CONTEXT('2D SPACE',''
  ) );
#5943 = PCURVE('',#5908,#5944);
#5944 = DEFINITIONAL_REPRESENTATION('',(#5945),#5949);
#5945 = LINE('',#5946,#5947);
#5946 = CARTESIAN_POINT('',(6.28318530718,-0.));
#5947 = VECTOR('',#5948,1.);
#5948 = DIRECTION('',(0.,1.));
#5949 = ( GEOMETRIC_REPRESENTATION_CONTEXT(2) 
PARAMETRIC_REPRESENTATION_CONTEXT() REPRESENTATION_CONTEXT('2D SPACE',''
  ) );
#5950 = ORIENTED_EDGE('',*,*,#5951,.F.);
#5951 = EDGE_CURVE('',#5929,#5929,#5952,.T.);
#5952 = SURFACE_CURVE('',#5953,(#5958,#5965),.PCURVE_S1.);
#5953 = CIRCLE('',#5954,6.);
#5954 = AXIS2_PLACEMENT_3D('',#5955,#5956,#5957);
#5955 = CARTESIAN_POINT('',(1.98E+03,975.,282.));
#5956 = DIRECTION('',(0.,0.,1.));
#5957 = DIRECTION('',(1.,0.,-0.));
#5958 = PCURVE('',#5908,#5959);
#5959 = DEFINITIONAL_REPRESENTATION('',(#5960),#5964);
#5960 = LINE('',#5961,#5962);
#5961 = CARTESIAN_POINT('',(0.,53.));
#5962 = VECTOR('',#5963,1.);
#5963 = DIRECTION('',(1.,0.));
#5964 = ( GEOMETRIC_REPRESENTATION_CONTEXT(2) 
PARAMETRIC_REPRESENTATION_CONTEXT() REPRESENTATION_CONTEXT('2D SPACE',''
  ) );
#5965 = PCURVE('',#5966,#5971);
#5966 = PLANE('',#5967);
#5967 = AXIS2_PLACEMENT_3D('',#5968,#5969,#5970);
#5968 = CARTESIAN_POINT('',(1.98E+03,975.,282.));
#5969 = DIRECTION('',(0.,0.,1.));
#5970 = DIRECTION('',(1.,0.,-0.));
#5971 = DEFINITIONAL_REPRESENTATION('',(#5972),#5976);
#5972 = CIRCLE('',#5973,6.);
#5973 = AXIS2_PLACEMENT_2D('',#5974,#5975);
#5974 = CARTESIAN_POINT('',(0.,0.));
#5975 = DIRECTION('',(1.,0.));
#5976 = ( GEOMETRIC_REPRESENTATION_CONTEXT(2) 
PARAMETRIC_REPRESENTATION_CONTEXT() REPRESENTATION_CONTEXT('2D SPACE',''
  ) );
#5977 = ORIENTED_EDGE('',*,*,#5928,.F.);
#5978 = ADVANCED_FACE('',(#5979),#5966,.T.);
#5979 = FACE_BOUND('',#5980,.T.);
#5980 = EDGE_LOOP('',(#5981));
#5981 = ORIENTED_EDGE('',*,*,#5951,.T.);
#5982 = ( GEOMETRIC_REPRESENTATION_CONTEXT(3) 
GLOBAL_UNCERTAINTY_ASSIGNED_CONTEXT((#5986)) 
GLOBAL_UNIT_ASSIGNED_CONTEXT((#5983,#5984,#5985)) REPRESENTATION_CONTEXT
('Context #1','3D Context with UNIT and UNCERTAINTY') );
#5983 = ( LENGTH_UNIT() NAMED_UNIT(*) SI_UNIT(.MILLI.,.METRE.) );
#5984 = ( NAMED_UNIT(*) PLANE_ANGLE_UNIT() SI_UNIT($,.RADIAN.) );
#5985 = ( NAMED_UNIT(*) SI_UNIT($,.STERADIAN.) SOLID_ANGLE_UNIT() );
#5986 = UNCERTAINTY_MEASURE_WITH_UNIT(LENGTH_MEASURE(1.E-07),#5983,
  'distance_accuracy_value','confusion accuracy');
#5987 = CONTEXT_DEPENDENT_SHAPE_REPRESENTATION(#5988,#5990);
#5988 = ( REPRESENTATION_RELATIONSHIP('','',#5578,#10) 
REPRESENTATION_RELATIONSHIP_WITH_TRANSFORMATION(#5989) 
SHAPE_REPRESENTATION_RELATIONSHIP() );
#5989 = ITEM_DEFINED_TRANSFORMATION('','',#11,#67);
#5990 = PRODUCT_DEFINITION_SHAPE('Placement','Placement of an item',
  #5991);
#5991 = NEXT_ASSEMBLY_USAGE_OCCURRENCE('418','','',#5,#5573,$);
#5992 = PRODUCT_RELATED_PRODUCT_CATEGORY('part',$,(#5575));
#5993 = SHAPE_DEFINITION_REPRESENTATION(#5994,#6000);
#5994 = PRODUCT_DEFINITION_SHAPE('','',#5995);
#5995 = PRODUCT_DEFINITION('design','',#5996,#5999);
#5996 = PRODUCT_DEFINITION_FORMATION('','',#5997);
#5997 = PRODUCT('Open CASCADE STEP translator 7.9 25.15',
  'Open CASCADE STEP translator 7.9 25.15','',(#5998));
#5998 = PRODUCT_CONTEXT('',#2,'mechanical');
#5999 = PRODUCT_DEFINITION_CONTEXT('part definition',#2,'design');
#6000 = ADVANCED_BREP_SHAPE_REPRESENTATION('',(#11,#6001),#6404);
#6001 = MANIFOLD_SOLID_BREP('',#6002);
#6002 = CLOSED_SHELL('',(#6003,#6091,#6126,#6161,#6216,#6271,#6306,#6341
    ,#6345,#6400));
#6003 = ADVANCED_FACE('',(#6004),#6017,.T.);
#6004 = FACE_BOUND('',#6005,.T.);
#6005 = EDGE_LOOP('',(#6006,#6040,#6063,#6090));
#6006 = ORIENTED_EDGE('',*,*,#6007,.T.);
#6007 = EDGE_CURVE('',#6008,#6008,#6010,.T.);
#6008 = VERTEX_POINT('',#6009);
#6009 = CARTESIAN_POINT('',(2.096E+03,895.,237.));
#6010 = SURFACE_CURVE('',#6011,(#6016,#6028),.PCURVE_S1.);
#6011 = CIRCLE('',#6012,6.);
#6012 = AXIS2_PLACEMENT_3D('',#6013,#6014,#6015);
#6013 = CARTESIAN_POINT('',(2.09E+03,895.,237.));
#6014 = DIRECTION('',(0.,0.,1.));
#6015 = DIRECTION('',(1.,0.,-0.));
#6016 = PCURVE('',#6017,#6022);
#6017 = CYLINDRICAL_SURFACE('',#6018,6.);
#6018 = AXIS2_PLACEMENT_3D('',#6019,#6020,#6021);
#6019 = CARTESIAN_POINT('',(2.09E+03,895.,229.));
#6020 = DIRECTION('',(0.,0.,1.));
#6021 = DIRECTION('',(1.,0.,-0.));
#6022 = DEFINITIONAL_REPRESENTATION('',(#6023),#6027);
#6023 = LINE('',#6024,#6025);
#6024 = CARTESIAN_POINT('',(0.,8.));
#6025 = VECTOR('',#6026,1.);
#6026 = DIRECTION('',(1.,0.));
#6027 = ( GEOMETRIC_REPRESENTATION_CONTEXT(2) 
PARAMETRIC_REPRESENTATION_CONTEXT() REPRESENTATION_CONTEXT('2D SPACE',''
  ) );
#6028 = PCURVE('',#6029,#6034);
#6029 = PLANE('',#6030);
#6030 = AXIS2_PLACEMENT_3D('',#6031,#6032,#6033);
#6031 = CARTESIAN_POINT('',(2.09E+03,895.,237.));
#6032 = DIRECTION('',(0.,0.,1.));
#6033 = DIRECTION('',(1.,0.,-0.));
#6034 = DEFINITIONAL_REPRESENTATION('',(#6035),#6039);
#6035 = CIRCLE('',#6036,6.);
#6036 = AXIS2_PLACEMENT_2D('',#6037,#6038);
#6037 = CARTESIAN_POINT('',(0.,0.));
#6038 = DIRECTION('',(1.,0.));
#6039 = ( GEOMETRIC_REPRESENTATION_CONTEXT(2) 
PARAMETRIC_REPRESENTATION_CONTEXT() REPRESENTATION_CONTEXT('2D SPACE',''
  ) );
#6040 = ORIENTED_EDGE('',*,*,#6041,.T.);
#6041 = EDGE_CURVE('',#6008,#6042,#6044,.T.);
#6042 = VERTEX_POINT('',#6043);
#6043 = CARTESIAN_POINT('',(2.096E+03,895.,270.));
#6044 = SEAM_CURVE('',#6045,(#6049,#6056),.PCURVE_S1.);
#6045 = LINE('',#6046,#6047);
#6046 = CARTESIAN_POINT('',(2.096E+03,895.,229.));
#6047 = VECTOR('',#6048,1.);
#6048 = DIRECTION('',(0.,0.,1.));
#6049 = PCURVE('',#6017,#6050);
#6050 = DEFINITIONAL_REPRESENTATION('',(#6051),#6055);
#6051 = LINE('',#6052,#6053);
#6052 = CARTESIAN_POINT('',(0.,-0.));
#6053 = VECTOR('',#6054,1.);
#6054 = DIRECTION('',(0.,1.));
#6055 = ( GEOMETRIC_REPRESENTATION_CONTEXT(2) 
PARAMETRIC_REPRESENTATION_CONTEXT() REPRESENTATION_CONTEXT('2D SPACE',''
  ) );
#6056 = PCURVE('',#6017,#6057);
#6057 = DEFINITIONAL_REPRESENTATION('',(#6058),#6062);
#6058 = LINE('',#6059,#6060);
#6059 = CARTESIAN_POINT('',(6.28318530718,-0.));
#6060 = VECTOR('',#6061,1.);
#6061 = DIRECTION('',(0.,1.));
#6062 = ( GEOMETRIC_REPRESENTATION_CONTEXT(2) 
PARAMETRIC_REPRESENTATION_CONTEXT() REPRESENTATION_CONTEXT('2D SPACE',''
  ) );
#6063 = ORIENTED_EDGE('',*,*,#6064,.F.);
#6064 = EDGE_CURVE('',#6042,#6042,#6065,.T.);
#6065 = SURFACE_CURVE('',#6066,(#6071,#6078),.PCURVE_S1.);
#6066 = CIRCLE('',#6067,6.);
#6067 = AXIS2_PLACEMENT_3D('',#6068,#6069,#6070);
#6068 = CARTESIAN_POINT('',(2.09E+03,895.,270.));
#6069 = DIRECTION('',(0.,0.,1.));
#6070 = DIRECTION('',(1.,0.,-0.));
#6071 = PCURVE('',#6017,#6072);
#6072 = DEFINITIONAL_REPRESENTATION('',(#6073),#6077);
#6073 = LINE('',#6074,#6075);
#6074 = CARTESIAN_POINT('',(0.,41.));
#6075 = VECTOR('',#6076,1.);
#6076 = DIRECTION('',(1.,0.));
#6077 = ( GEOMETRIC_REPRESENTATION_CONTEXT(2) 
PARAMETRIC_REPRESENTATION_CONTEXT() REPRESENTATION_CONTEXT('2D SPACE',''
  ) );
#6078 = PCURVE('',#6079,#6084);
#6079 = PLANE('',#6080);
#6080 = AXIS2_PLACEMENT_3D('',#6081,#6082,#6083);
#6081 = CARTESIAN_POINT('',(2.09E+03,895.,270.));
#6082 = DIRECTION('',(0.,0.,1.));
#6083 = DIRECTION('',(1.,0.,-0.));
#6084 = DEFINITIONAL_REPRESENTATION('',(#6085),#6089);
#6085 = CIRCLE('',#6086,6.);
#6086 = AXIS2_PLACEMENT_2D('',#6087,#6088);
#6087 = CARTESIAN_POINT('',(0.,0.));
#6088 = DIRECTION('',(1.,0.));
#6089 = ( GEOMETRIC_REPRESENTATION_CONTEXT(2) 
PARAMETRIC_REPRESENTATION_CONTEXT() REPRESENTATION_CONTEXT('2D SPACE',''
  ) );
#6090 = ORIENTED_EDGE('',*,*,#6041,.F.);
#6091 = ADVANCED_FACE('',(#6092,#6123),#6029,.T.);
#6092 = FACE_BOUND('',#6093,.T.);
#6093 = EDGE_LOOP('',(#6094));
#6094 = ORIENTED_EDGE('',*,*,#6095,.T.);
#6095 = EDGE_CURVE('',#6096,#6096,#6098,.T.);
#6096 = VERTEX_POINT('',#6097);
#6097 = CARTESIAN_POINT('',(2.0995E+03,895.,237.));
#6098 = SURFACE_CURVE('',#6099,(#6104,#6111),.PCURVE_S1.);
#6099 = CIRCLE('',#6100,9.5);
#6100 = AXIS2_PLACEMENT_3D('',#6101,#6102,#6103);
#6101 = CARTESIAN_POINT('',(2.09E+03,895.,237.));
#6102 = DIRECTION('',(0.,0.,1.));
#6103 = DIRECTION('',(1.,0.,-0.));
#6104 = PCURVE('',#6029,#6105);
#6105 = DEFINITIONAL_REPRESENTATION('',(#6106),#6110);
#6106 = CIRCLE('',#6107,9.5);
#6107 = AXIS2_PLACEMENT_2D('',#6108,#6109);
#6108 = CARTESIAN_POINT('',(0.,0.));
#6109 = DIRECTION('',(1.,0.));
#6110 = ( GEOMETRIC_REPRESENTATION_CONTEXT(2) 
PARAMETRIC_REPRESENTATION_CONTEXT() REPRESENTATION_CONTEXT('2D SPACE',''
  ) );
#6111 = PCURVE('',#6112,#6117);
#6112 = CYLINDRICAL_SURFACE('',#6113,9.5);
#6113 = AXIS2_PLACEMENT_3D('',#6114,#6115,#6116);
#6114 = CARTESIAN_POINT('',(2.09E+03,895.,229.));
#6115 = DIRECTION('',(0.,0.,1.));
#6116 = DIRECTION('',(1.,0.,-0.));
#6117 = DEFINITIONAL_REPRESENTATION('',(#6118),#6122);
#6118 = LINE('',#6119,#6120);
#6119 = CARTESIAN_POINT('',(0.,8.));
#6120 = VECTOR('',#6121,1.);
#6121 = DIRECTION('',(1.,0.));
#6122 = ( GEOMETRIC_REPRESENTATION_CONTEXT(2) 
PARAMETRIC_REPRESENTATION_CONTEXT() REPRESENTATION_CONTEXT('2D SPACE',''
  ) );
#6123 = FACE_BOUND('',#6124,.T.);
#6124 = EDGE_LOOP('',(#6125));
#6125 = ORIENTED_EDGE('',*,*,#6007,.F.);
#6126 = ADVANCED_FACE('',(#6127,#6158),#6079,.F.);
#6127 = FACE_BOUND('',#6128,.F.);
#6128 = EDGE_LOOP('',(#6129));
#6129 = ORIENTED_EDGE('',*,*,#6130,.T.);
#6130 = EDGE_CURVE('',#6131,#6131,#6133,.T.);
#6131 = VERTEX_POINT('',#6132);
#6132 = CARTESIAN_POINT('',(2.0995E+03,895.,270.));
#6133 = SURFACE_CURVE('',#6134,(#6139,#6146),.PCURVE_S1.);
#6134 = CIRCLE('',#6135,9.5);
#6135 = AXIS2_PLACEMENT_3D('',#6136,#6137,#6138);
#6136 = CARTESIAN_POINT('',(2.09E+03,895.,270.));
#6137 = DIRECTION('',(0.,0.,1.));
#6138 = DIRECTION('',(1.,0.,-0.));
#6139 = PCURVE('',#6079,#6140);
#6140 = DEFINITIONAL_REPRESENTATION('',(#6141),#6145);
#6141 = CIRCLE('',#6142,9.5);
#6142 = AXIS2_PLACEMENT_2D('',#6143,#6144);
#6143 = CARTESIAN_POINT('',(0.,0.));
#6144 = DIRECTION('',(1.,0.));
#6145 = ( GEOMETRIC_REPRESENTATION_CONTEXT(2) 
PARAMETRIC_REPRESENTATION_CONTEXT() REPRESENTATION_CONTEXT('2D SPACE',''
  ) );
#6146 = PCURVE('',#6147,#6152);
#6147 = CYLINDRICAL_SURFACE('',#6148,9.5);
#6148 = AXIS2_PLACEMENT_3D('',#6149,#6150,#6151);
#6149 = CARTESIAN_POINT('',(2.09E+03,895.,270.));
#6150 = DIRECTION('',(0.,0.,1.));
#6151 = DIRECTION('',(1.,0.,-0.));
#6152 = DEFINITIONAL_REPRESENTATION('',(#6153),#6157);
#6153 = LINE('',#6154,#6155);
#6154 = CARTESIAN_POINT('',(0.,0.));
#6155 = VECTOR('',#6156,1.);
#6156 = DIRECTION('',(1.,0.));
#6157 = ( GEOMETRIC_REPRESENTATION_CONTEXT(2) 
PARAMETRIC_REPRESENTATION_CONTEXT() REPRESENTATION_CONTEXT('2D SPACE',''
  ) );
#6158 = FACE_BOUND('',#6159,.F.);
#6159 = EDGE_LOOP('',(#6160));
#6160 = ORIENTED_EDGE('',*,*,#6064,.F.);
#6161 = ADVANCED_FACE('',(#6162),#6112,.T.);
#6162 = FACE_BOUND('',#6163,.T.);
#6163 = EDGE_LOOP('',(#6164,#6165,#6188,#6215));
#6164 = ORIENTED_EDGE('',*,*,#6095,.F.);
#6165 = ORIENTED_EDGE('',*,*,#6166,.F.);
#6166 = EDGE_CURVE('',#6167,#6096,#6169,.T.);
#6167 = VERTEX_POINT('',#6168);
#6168 = CARTESIAN_POINT('',(2.0995E+03,895.,229.));
#6169 = SEAM_CURVE('',#6170,(#6174,#6181),.PCURVE_S1.);
#6170 = LINE('',#6171,#6172);
#6171 = CARTESIAN_POINT('',(2.0995E+03,895.,229.));
#6172 = VECTOR('',#6173,1.);
#6173 = DIRECTION('',(0.,0.,1.));
#6174 = PCURVE('',#6112,#6175);
#6175 = DEFINITIONAL_REPRESENTATION('',(#6176),#6180);
#6176 = LINE('',#6177,#6178);
#6177 = CARTESIAN_POINT('',(6.28318530718,-0.));
#6178 = VECTOR('',#6179,1.);
#6179 = DIRECTION('',(0.,1.));
#6180 = ( GEOMETRIC_REPRESENTATION_CONTEXT(2) 
PARAMETRIC_REPRESENTATION_CONTEXT() REPRESENTATION_CONTEXT('2D SPACE',''
  ) );
#6181 = PCURVE('',#6112,#6182);
#6182 = DEFINITIONAL_REPRESENTATION('',(#6183),#6187);
#6183 = LINE('',#6184,#6185);
#6184 = CARTESIAN_POINT('',(0.,-0.));
#6185 = VECTOR('',#6186,1.);
#6186 = DIRECTION('',(0.,1.));
#6187 = ( GEOMETRIC_REPRESENTATION_CONTEXT(2) 
PARAMETRIC_REPRESENTATION_CONTEXT() REPRESENTATION_CONTEXT('2D SPACE',''
  ) );
#6188 = ORIENTED_EDGE('',*,*,#6189,.T.);
#6189 = EDGE_CURVE('',#6167,#6167,#6190,.T.);
#6190 = SURFACE_CURVE('',#6191,(#6196,#6203),.PCURVE_S1.);
#6191 = CIRCLE('',#6192,9.5);
#6192 = AXIS2_PLACEMENT_3D('',#6193,#6194,#6195);
#6193 = CARTESIAN_POINT('',(2.09E+03,895.,229.));
#6194 = DIRECTION('',(0.,0.,1.));
#6195 = DIRECTION('',(1.,0.,-0.));
#6196 = PCURVE('',#6112,#6197);
#6197 = DEFINITIONAL_REPRESENTATION('',(#6198),#6202);
#6198 = LINE('',#6199,#6200);
#6199 = CARTESIAN_POINT('',(0.,0.));
#6200 = VECTOR('',#6201,1.);
#6201 = DIRECTION('',(1.,0.));
#6202 = ( GEOMETRIC_REPRESENTATION_CONTEXT(2) 
PARAMETRIC_REPRESENTATION_CONTEXT() REPRESENTATION_CONTEXT('2D SPACE',''
  ) );
#6203 = PCURVE('',#6204,#6209);
#6204 = PLANE('',#6205);
#6205 = AXIS2_PLACEMENT_3D('',#6206,#6207,#6208);
#6206 = CARTESIAN_POINT('',(2.09E+03,895.,229.));
#6207 = DIRECTION('',(0.,0.,1.));
#6208 = DIRECTION('',(1.,0.,-0.));
#6209 = DEFINITIONAL_REPRESENTATION('',(#6210),#6214);
#6210 = CIRCLE('',#6211,9.5);
#6211 = AXIS2_PLACEMENT_2D('',#6212,#6213);
#6212 = CARTESIAN_POINT('',(0.,0.));
#6213 = DIRECTION('',(1.,0.));
#6214 = ( GEOMETRIC_REPRESENTATION_CONTEXT(2) 
PARAMETRIC_REPRESENTATION_CONTEXT() REPRESENTATION_CONTEXT('2D SPACE',''
  ) );
#6215 = ORIENTED_EDGE('',*,*,#6166,.T.);
#6216 = ADVANCED_FACE('',(#6217),#6147,.T.);
#6217 = FACE_BOUND('',#6218,.T.);
#6218 = EDGE_LOOP('',(#6219,#6248,#6269,#6270));
#6219 = ORIENTED_EDGE('',*,*,#6220,.F.);
#6220 = EDGE_CURVE('',#6221,#6221,#6223,.T.);
#6221 = VERTEX_POINT('',#6222);
#6222 = CARTESIAN_POINT('',(2.0995E+03,895.,280.));
#6223 = SURFACE_CURVE('',#6224,(#6229,#6236),.PCURVE_S1.);
#6224 = CIRCLE('',#6225,9.5);
#6225 = AXIS2_PLACEMENT_3D('',#6226,#6227,#6228);
#6226 = CARTESIAN_POINT('',(2.09E+03,895.,280.));
#6227 = DIRECTION('',(0.,0.,1.));
#6228 = DIRECTION('',(1.,0.,-0.));
#6229 = PCURVE('',#6147,#6230);
#6230 = DEFINITIONAL_REPRESENTATION('',(#6231),#6235);
#6231 = LINE('',#6232,#6233);
#6232 = CARTESIAN_POINT('',(0.,10.));
#6233 = VECTOR('',#6234,1.);
#6234 = DIRECTION('',(1.,0.));
#6235 = ( GEOMETRIC_REPRESENTATION_CONTEXT(2) 
PARAMETRIC_REPRESENTATION_CONTEXT() REPRESENTATION_CONTEXT('2D SPACE',''
  ) );
#6236 = PCURVE('',#6237,#6242);
#6237 = PLANE('',#6238);
#6238 = AXIS2_PLACEMENT_3D('',#6239,#6240,#6241);
#6239 = CARTESIAN_POINT('',(2.09E+03,895.,280.));
#6240 = DIRECTION('',(0.,0.,1.));
#6241 = DIRECTION('',(1.,0.,-0.));
#6242 = DEFINITIONAL_REPRESENTATION('',(#6243),#6247);
#6243 = CIRCLE('',#6244,9.5);
#6244 = AXIS2_PLACEMENT_2D('',#6245,#6246);
#6245 = CARTESIAN_POINT('',(0.,0.));
#6246 = DIRECTION('',(1.,0.));
#6247 = ( GEOMETRIC_REPRESENTATION_CONTEXT(2) 
PARAMETRIC_REPRESENTATION_CONTEXT() REPRESENTATION_CONTEXT('2D SPACE',''
  ) );
#6248 = ORIENTED_EDGE('',*,*,#6249,.F.);
#6249 = EDGE_CURVE('',#6131,#6221,#6250,.T.);
#6250 = SEAM_CURVE('',#6251,(#6255,#6262),.PCURVE_S1.);
#6251 = LINE('',#6252,#6253);
#6252 = CARTESIAN_POINT('',(2.0995E+03,895.,270.));
#6253 = VECTOR('',#6254,1.);
#6254 = DIRECTION('',(0.,0.,1.));
#6255 = PCURVE('',#6147,#6256);
#6256 = DEFINITIONAL_REPRESENTATION('',(#6257),#6261);
#6257 = LINE('',#6258,#6259);
#6258 = CARTESIAN_POINT('',(6.28318530718,-0.));
#6259 = VECTOR('',#6260,1.);
#6260 = DIRECTION('',(0.,1.));
#6261 = ( GEOMETRIC_REPRESENTATION_CONTEXT(2) 
PARAMETRIC_REPRESENTATION_CONTEXT() REPRESENTATION_CONTEXT('2D SPACE',''
  ) );
#6262 = PCURVE('',#6147,#6263);
#6263 = DEFINITIONAL_REPRESENTATION('',(#6264),#6268);
#6264 = LINE('',#6265,#6266);
#6265 = CARTESIAN_POINT('',(0.,-0.));
#6266 = VECTOR('',#6267,1.);
#6267 = DIRECTION('',(0.,1.));
#6268 = ( GEOMETRIC_REPRESENTATION_CONTEXT(2) 
PARAMETRIC_REPRESENTATION_CONTEXT() REPRESENTATION_CONTEXT('2D SPACE',''
  ) );
#6269 = ORIENTED_EDGE('',*,*,#6130,.T.);
#6270 = ORIENTED_EDGE('',*,*,#6249,.T.);
#6271 = ADVANCED_FACE('',(#6272,#6275),#6204,.F.);
#6272 = FACE_BOUND('',#6273,.F.);
#6273 = EDGE_LOOP('',(#6274));
#6274 = ORIENTED_EDGE('',*,*,#6189,.T.);
#6275 = FACE_BOUND('',#6276,.F.);
#6276 = EDGE_LOOP('',(#6277));
#6277 = ORIENTED_EDGE('',*,*,#6278,.F.);
#6278 = EDGE_CURVE('',#6279,#6279,#6281,.T.);
#6279 = VERTEX_POINT('',#6280);
#6280 = CARTESIAN_POINT('',(2.096E+03,895.,229.));
#6281 = SURFACE_CURVE('',#6282,(#6287,#6294),.PCURVE_S1.);
#6282 = CIRCLE('',#6283,6.);
#6283 = AXIS2_PLACEMENT_3D('',#6284,#6285,#6286);
#6284 = CARTESIAN_POINT('',(2.09E+03,895.,229.));
#6285 = DIRECTION('',(0.,0.,1.));
#6286 = DIRECTION('',(1.,0.,-0.));
#6287 = PCURVE('',#6204,#6288);
#6288 = DEFINITIONAL_REPRESENTATION('',(#6289),#6293);
#6289 = CIRCLE('',#6290,6.);
#6290 = AXIS2_PLACEMENT_2D('',#6291,#6292);
#6291 = CARTESIAN_POINT('',(0.,0.));
#6292 = DIRECTION('',(1.,0.));
#6293 = ( GEOMETRIC_REPRESENTATION_CONTEXT(2) 
PARAMETRIC_REPRESENTATION_CONTEXT() REPRESENTATION_CONTEXT('2D SPACE',''
  ) );
#6294 = PCURVE('',#6295,#6300);
#6295 = PLANE('',#6296);
#6296 = AXIS2_PLACEMENT_3D('',#6297,#6298,#6299);
#6297 = CARTESIAN_POINT('',(2.09E+03,895.,229.));
#6298 = DIRECTION('',(0.,0.,1.));
#6299 = DIRECTION('',(1.,0.,-0.));
#6300 = DEFINITIONAL_REPRESENTATION('',(#6301),#6305);
#6301 = CIRCLE('',#6302,6.);
#6302 = AXIS2_PLACEMENT_2D('',#6303,#6304);
#6303 = CARTESIAN_POINT('',(0.,0.));
#6304 = DIRECTION('',(1.,0.));
#6305 = ( GEOMETRIC_REPRESENTATION_CONTEXT(2) 
PARAMETRIC_REPRESENTATION_CONTEXT() REPRESENTATION_CONTEXT('2D SPACE',''
  ) );
#6306 = ADVANCED_FACE('',(#6307,#6310),#6237,.T.);
#6307 = FACE_BOUND('',#6308,.T.);
#6308 = EDGE_LOOP('',(#6309));
#6309 = ORIENTED_EDGE('',*,*,#6220,.T.);
#6310 = FACE_BOUND('',#6311,.T.);
#6311 = EDGE_LOOP('',(#6312));
#6312 = ORIENTED_EDGE('',*,*,#6313,.F.);
#6313 = EDGE_CURVE('',#6314,#6314,#6316,.T.);
#6314 = VERTEX_POINT('',#6315);
#6315 = CARTESIAN_POINT('',(2.096E+03,895.,280.));
#6316 = SURFACE_CURVE('',#6317,(#6322,#6329),.PCURVE_S1.);
#6317 = CIRCLE('',#6318,6.);
#6318 = AXIS2_PLACEMENT_3D('',#6319,#6320,#6321);
#6319 = CARTESIAN_POINT('',(2.09E+03,895.,280.));
#6320 = DIRECTION('',(0.,0.,1.));
#6321 = DIRECTION('',(1.,0.,-0.));
#6322 = PCURVE('',#6237,#6323);
#6323 = DEFINITIONAL_REPRESENTATION('',(#6324),#6328);
#6324 = CIRCLE('',#6325,6.);
#6325 = AXIS2_PLACEMENT_2D('',#6326,#6327);
#6326 = CARTESIAN_POINT('',(0.,0.));
#6327 = DIRECTION('',(1.,0.));
#6328 = ( GEOMETRIC_REPRESENTATION_CONTEXT(2) 
PARAMETRIC_REPRESENTATION_CONTEXT() REPRESENTATION_CONTEXT('2D SPACE',''
  ) );
#6329 = PCURVE('',#6330,#6335);
#6330 = CYLINDRICAL_SURFACE('',#6331,6.);
#6331 = AXIS2_PLACEMENT_3D('',#6332,#6333,#6334);
#6332 = CARTESIAN_POINT('',(2.09E+03,895.,229.));
#6333 = DIRECTION('',(0.,0.,1.));
#6334 = DIRECTION('',(1.,0.,-0.));
#6335 = DEFINITIONAL_REPRESENTATION('',(#6336),#6340);
#6336 = LINE('',#6337,#6338);
#6337 = CARTESIAN_POINT('',(0.,51.));
#6338 = VECTOR('',#6339,1.);
#6339 = DIRECTION('',(1.,0.));
#6340 = ( GEOMETRIC_REPRESENTATION_CONTEXT(2) 
PARAMETRIC_REPRESENTATION_CONTEXT() REPRESENTATION_CONTEXT('2D SPACE',''
  ) );
#6341 = ADVANCED_FACE('',(#6342),#6295,.F.);
#6342 = FACE_BOUND('',#6343,.T.);
#6343 = EDGE_LOOP('',(#6344));
#6344 = ORIENTED_EDGE('',*,*,#6278,.F.);
#6345 = ADVANCED_FACE('',(#6346),#6330,.T.);
#6346 = FACE_BOUND('',#6347,.T.);
#6347 = EDGE_LOOP('',(#6348,#6349,#6372,#6399));
#6348 = ORIENTED_EDGE('',*,*,#6313,.T.);
#6349 = ORIENTED_EDGE('',*,*,#6350,.T.);
#6350 = EDGE_CURVE('',#6314,#6351,#6353,.T.);
#6351 = VERTEX_POINT('',#6352);
#6352 = CARTESIAN_POINT('',(2.096E+03,895.,282.));
#6353 = SEAM_CURVE('',#6354,(#6358,#6365),.PCURVE_S1.);
#6354 = LINE('',#6355,#6356);
#6355 = CARTESIAN_POINT('',(2.096E+03,895.,229.));
#6356 = VECTOR('',#6357,1.);
#6357 = DIRECTION('',(0.,0.,1.));
#6358 = PCURVE('',#6330,#6359);
#6359 = DEFINITIONAL_REPRESENTATION('',(#6360),#6364);
#6360 = LINE('',#6361,#6362);
#6361 = CARTESIAN_POINT('',(0.,-0.));
#6362 = VECTOR('',#6363,1.);
#6363 = DIRECTION('',(0.,1.));
#6364 = ( GEOMETRIC_REPRESENTATION_CONTEXT(2) 
PARAMETRIC_REPRESENTATION_CONTEXT() REPRESENTATION_CONTEXT('2D SPACE',''
  ) );
#6365 = PCURVE('',#6330,#6366);
#6366 = DEFINITIONAL_REPRESENTATION('',(#6367),#6371);
#6367 = LINE('',#6368,#6369);
#6368 = CARTESIAN_POINT('',(6.28318530718,-0.));
#6369 = VECTOR('',#6370,1.);
#6370 = DIRECTION('',(0.,1.));
#6371 = ( GEOMETRIC_REPRESENTATION_CONTEXT(2) 
PARAMETRIC_REPRESENTATION_CONTEXT() REPRESENTATION_CONTEXT('2D SPACE',''
  ) );
#6372 = ORIENTED_EDGE('',*,*,#6373,.F.);
#6373 = EDGE_CURVE('',#6351,#6351,#6374,.T.);
#6374 = SURFACE_CURVE('',#6375,(#6380,#6387),.PCURVE_S1.);
#6375 = CIRCLE('',#6376,6.);
#6376 = AXIS2_PLACEMENT_3D('',#6377,#6378,#6379);
#6377 = CARTESIAN_POINT('',(2.09E+03,895.,282.));
#6378 = DIRECTION('',(0.,0.,1.));
#6379 = DIRECTION('',(1.,0.,-0.));
#6380 = PCURVE('',#6330,#6381);
#6381 = DEFINITIONAL_REPRESENTATION('',(#6382),#6386);
#6382 = LINE('',#6383,#6384);
#6383 = CARTESIAN_POINT('',(0.,53.));
#6384 = VECTOR('',#6385,1.);
#6385 = DIRECTION('',(1.,0.));
#6386 = ( GEOMETRIC_REPRESENTATION_CONTEXT(2) 
PARAMETRIC_REPRESENTATION_CONTEXT() REPRESENTATION_CONTEXT('2D SPACE',''
  ) );
#6387 = PCURVE('',#6388,#6393);
#6388 = PLANE('',#6389);
#6389 = AXIS2_PLACEMENT_3D('',#6390,#6391,#6392);
#6390 = CARTESIAN_POINT('',(2.09E+03,895.,282.));
#6391 = DIRECTION('',(0.,0.,1.));
#6392 = DIRECTION('',(1.,0.,-0.));
#6393 = DEFINITIONAL_REPRESENTATION('',(#6394),#6398);
#6394 = CIRCLE('',#6395,6.);
#6395 = AXIS2_PLACEMENT_2D('',#6396,#6397);
#6396 = CARTESIAN_POINT('',(0.,0.));
#6397 = DIRECTION('',(1.,0.));
#6398 = ( GEOMETRIC_REPRESENTATION_CONTEXT(2) 
PARAMETRIC_REPRESENTATION_CONTEXT() REPRESENTATION_CONTEXT('2D SPACE',''
  ) );
#6399 = ORIENTED_EDGE('',*,*,#6350,.F.);
#6400 = ADVANCED_FACE('',(#6401),#6388,.T.);
#6401 = FACE_BOUND('',#6402,.T.);
#6402 = EDGE_LOOP('',(#6403));
#6403 = ORIENTED_EDGE('',*,*,#6373,.T.);
#6404 = ( GEOMETRIC_REPRESENTATION_CONTEXT(3) 
GLOBAL_UNCERTAINTY_ASSIGNED_CONTEXT((#6408)) 
GLOBAL_UNIT_ASSIGNED_CONTEXT((#6405,#6406,#6407)) REPRESENTATION_CONTEXT
('Context #1','3D Context with UNIT and UNCERTAINTY') );
#6405 = ( LENGTH_UNIT() NAMED_UNIT(*) SI_UNIT(.MILLI.,.METRE.) );
#6406 = ( NAMED_UNIT(*) PLANE_ANGLE_UNIT() SI_UNIT($,.RADIAN.) );
#6407 = ( NAMED_UNIT(*) SI_UNIT($,.STERADIAN.) SOLID_ANGLE_UNIT() );
#6408 = UNCERTAINTY_MEASURE_WITH_UNIT(LENGTH_MEASURE(1.E-07),#6405,
  'distance_accuracy_value','confusion accuracy');
#6409 = CONTEXT_DEPENDENT_SHAPE_REPRESENTATION(#6410,#6412);
#6410 = ( REPRESENTATION_RELATIONSHIP('','',#6000,#10) 
REPRESENTATION_RELATIONSHIP_WITH_TRANSFORMATION(#6411) 
SHAPE_REPRESENTATION_RELATIONSHIP() );
#6411 = ITEM_DEFINED_TRANSFORMATION('','',#11,#71);
#6412 = PRODUCT_DEFINITION_SHAPE('Placement','Placement of an item',
  #6413);
#6413 = NEXT_ASSEMBLY_USAGE_OCCURRENCE('419','','',#5,#5995,$);
#6414 = PRODUCT_RELATED_PRODUCT_CATEGORY('part',$,(#5997));
#6415 = SHAPE_DEFINITION_REPRESENTATION(#6416,#6422);
#6416 = PRODUCT_DEFINITION_SHAPE('','',#6417);
#6417 = PRODUCT_DEFINITION('design','',#6418,#6421);
#6418 = PRODUCT_DEFINITION_FORMATION('','',#6419);
#6419 = PRODUCT('Open CASCADE STEP translator 7.9 25.16',
  'Open CASCADE STEP translator 7.9 25.16','',(#6420));
#6420 = PRODUCT_CONTEXT('',#2,'mechanical');
#6421 = PRODUCT_DEFINITION_CONTEXT('part definition',#2,'design');
#6422 = ADVANCED_BREP_SHAPE_REPRESENTATION('',(#11,#6423),#6826);
#6423 = MANIFOLD_SOLID_BREP('',#6424);
#6424 = CLOSED_SHELL('',(#6425,#6513,#6548,#6583,#6638,#6693,#6728,#6763
    ,#6767,#6822));
#6425 = ADVANCED_FACE('',(#6426),#6439,.T.);
#6426 = FACE_BOUND('',#6427,.T.);
#6427 = EDGE_LOOP('',(#6428,#6462,#6485,#6512));
#6428 = ORIENTED_EDGE('',*,*,#6429,.T.);
#6429 = EDGE_CURVE('',#6430,#6430,#6432,.T.);
#6430 = VERTEX_POINT('',#6431);
#6431 = CARTESIAN_POINT('',(2.096E+03,975.,237.));
#6432 = SURFACE_CURVE('',#6433,(#6438,#6450),.PCURVE_S1.);
#6433 = CIRCLE('',#6434,6.);
#6434 = AXIS2_PLACEMENT_3D('',#6435,#6436,#6437);
#6435 = CARTESIAN_POINT('',(2.09E+03,975.,237.));
#6436 = DIRECTION('',(0.,0.,1.));
#6437 = DIRECTION('',(1.,0.,-0.));
#6438 = PCURVE('',#6439,#6444);
#6439 = CYLINDRICAL_SURFACE('',#6440,6.);
#6440 = AXIS2_PLACEMENT_3D('',#6441,#6442,#6443);
#6441 = CARTESIAN_POINT('',(2.09E+03,975.,229.));
#6442 = DIRECTION('',(0.,0.,1.));
#6443 = DIRECTION('',(1.,0.,-0.));
#6444 = DEFINITIONAL_REPRESENTATION('',(#6445),#6449);
#6445 = LINE('',#6446,#6447);
#6446 = CARTESIAN_POINT('',(0.,8.));
#6447 = VECTOR('',#6448,1.);
#6448 = DIRECTION('',(1.,0.));
#6449 = ( GEOMETRIC_REPRESENTATION_CONTEXT(2) 
PARAMETRIC_REPRESENTATION_CONTEXT() REPRESENTATION_CONTEXT('2D SPACE',''
  ) );
#6450 = PCURVE('',#6451,#6456);
#6451 = PLANE('',#6452);
#6452 = AXIS2_PLACEMENT_3D('',#6453,#6454,#6455);
#6453 = CARTESIAN_POINT('',(2.09E+03,975.,237.));
#6454 = DIRECTION('',(0.,0.,1.));
#6455 = DIRECTION('',(1.,0.,-0.));
#6456 = DEFINITIONAL_REPRESENTATION('',(#6457),#6461);
#6457 = CIRCLE('',#6458,6.);
#6458 = AXIS2_PLACEMENT_2D('',#6459,#6460);
#6459 = CARTESIAN_POINT('',(0.,0.));
#6460 = DIRECTION('',(1.,0.));
#6461 = ( GEOMETRIC_REPRESENTATION_CONTEXT(2) 
PARAMETRIC_REPRESENTATION_CONTEXT() REPRESENTATION_CONTEXT('2D SPACE',''
  ) );
#6462 = ORIENTED_EDGE('',*,*,#6463,.T.);
#6463 = EDGE_CURVE('',#6430,#6464,#6466,.T.);
#6464 = VERTEX_POINT('',#6465);
#6465 = CARTESIAN_POINT('',(2.096E+03,975.,270.));
#6466 = SEAM_CURVE('',#6467,(#6471,#6478),.PCURVE_S1.);
#6467 = LINE('',#6468,#6469);
#6468 = CARTESIAN_POINT('',(2.096E+03,975.,229.));
#6469 = VECTOR('',#6470,1.);
#6470 = DIRECTION('',(0.,0.,1.));
#6471 = PCURVE('',#6439,#6472);
#6472 = DEFINITIONAL_REPRESENTATION('',(#6473),#6477);
#6473 = LINE('',#6474,#6475);
#6474 = CARTESIAN_POINT('',(0.,-0.));
#6475 = VECTOR('',#6476,1.);
#6476 = DIRECTION('',(0.,1.));
#6477 = ( GEOMETRIC_REPRESENTATION_CONTEXT(2) 
PARAMETRIC_REPRESENTATION_CONTEXT() REPRESENTATION_CONTEXT('2D SPACE',''
  ) );
#6478 = PCURVE('',#6439,#6479);
#6479 = DEFINITIONAL_REPRESENTATION('',(#6480),#6484);
#6480 = LINE('',#6481,#6482);
#6481 = CARTESIAN_POINT('',(6.28318530718,-0.));
#6482 = VECTOR('',#6483,1.);
#6483 = DIRECTION('',(0.,1.));
#6484 = ( GEOMETRIC_REPRESENTATION_CONTEXT(2) 
PARAMETRIC_REPRESENTATION_CONTEXT() REPRESENTATION_CONTEXT('2D SPACE',''
  ) );
#6485 = ORIENTED_EDGE('',*,*,#6486,.F.);
#6486 = EDGE_CURVE('',#6464,#6464,#6487,.T.);
#6487 = SURFACE_CURVE('',#6488,(#6493,#6500),.PCURVE_S1.);
#6488 = CIRCLE('',#6489,6.);
#6489 = AXIS2_PLACEMENT_3D('',#6490,#6491,#6492);
#6490 = CARTESIAN_POINT('',(2.09E+03,975.,270.));
#6491 = DIRECTION('',(0.,0.,1.));
#6492 = DIRECTION('',(1.,0.,-0.));
#6493 = PCURVE('',#6439,#6494);
#6494 = DEFINITIONAL_REPRESENTATION('',(#6495),#6499);
#6495 = LINE('',#6496,#6497);
#6496 = CARTESIAN_POINT('',(0.,41.));
#6497 = VECTOR('',#6498,1.);
#6498 = DIRECTION('',(1.,0.));
#6499 = ( GEOMETRIC_REPRESENTATION_CONTEXT(2) 
PARAMETRIC_REPRESENTATION_CONTEXT() REPRESENTATION_CONTEXT('2D SPACE',''
  ) );
#6500 = PCURVE('',#6501,#6506);
#6501 = PLANE('',#6502);
#6502 = AXIS2_PLACEMENT_3D('',#6503,#6504,#6505);
#6503 = CARTESIAN_POINT('',(2.09E+03,975.,270.));
#6504 = DIRECTION('',(0.,0.,1.));
#6505 = DIRECTION('',(1.,0.,-0.));
#6506 = DEFINITIONAL_REPRESENTATION('',(#6507),#6511);
#6507 = CIRCLE('',#6508,6.);
#6508 = AXIS2_PLACEMENT_2D('',#6509,#6510);
#6509 = CARTESIAN_POINT('',(0.,0.));
#6510 = DIRECTION('',(1.,0.));
#6511 = ( GEOMETRIC_REPRESENTATION_CONTEXT(2) 
PARAMETRIC_REPRESENTATION_CONTEXT() REPRESENTATION_CONTEXT('2D SPACE',''
  ) );
#6512 = ORIENTED_EDGE('',*,*,#6463,.F.);
#6513 = ADVANCED_FACE('',(#6514,#6545),#6451,.T.);
#6514 = FACE_BOUND('',#6515,.T.);
#6515 = EDGE_LOOP('',(#6516));
#6516 = ORIENTED_EDGE('',*,*,#6517,.T.);
#6517 = EDGE_CURVE('',#6518,#6518,#6520,.T.);
#6518 = VERTEX_POINT('',#6519);
#6519 = CARTESIAN_POINT('',(2.0995E+03,975.,237.));
#6520 = SURFACE_CURVE('',#6521,(#6526,#6533),.PCURVE_S1.);
#6521 = CIRCLE('',#6522,9.5);
#6522 = AXIS2_PLACEMENT_3D('',#6523,#6524,#6525);
#6523 = CARTESIAN_POINT('',(2.09E+03,975.,237.));
#6524 = DIRECTION('',(0.,0.,1.));
#6525 = DIRECTION('',(1.,0.,-0.));
#6526 = PCURVE('',#6451,#6527);
#6527 = DEFINITIONAL_REPRESENTATION('',(#6528),#6532);
#6528 = CIRCLE('',#6529,9.5);
#6529 = AXIS2_PLACEMENT_2D('',#6530,#6531);
#6530 = CARTESIAN_POINT('',(0.,0.));
#6531 = DIRECTION('',(1.,0.));
#6532 = ( GEOMETRIC_REPRESENTATION_CONTEXT(2) 
PARAMETRIC_REPRESENTATION_CONTEXT() REPRESENTATION_CONTEXT('2D SPACE',''
  ) );
#6533 = PCURVE('',#6534,#6539);
#6534 = CYLINDRICAL_SURFACE('',#6535,9.5);
#6535 = AXIS2_PLACEMENT_3D('',#6536,#6537,#6538);
#6536 = CARTESIAN_POINT('',(2.09E+03,975.,229.));
#6537 = DIRECTION('',(0.,0.,1.));
#6538 = DIRECTION('',(1.,0.,-0.));
#6539 = DEFINITIONAL_REPRESENTATION('',(#6540),#6544);
#6540 = LINE('',#6541,#6542);
#6541 = CARTESIAN_POINT('',(0.,8.));
#6542 = VECTOR('',#6543,1.);
#6543 = DIRECTION('',(1.,0.));
#6544 = ( GEOMETRIC_REPRESENTATION_CONTEXT(2) 
PARAMETRIC_REPRESENTATION_CONTEXT() REPRESENTATION_CONTEXT('2D SPACE',''
  ) );
#6545 = FACE_BOUND('',#6546,.T.);
#6546 = EDGE_LOOP('',(#6547));
#6547 = ORIENTED_EDGE('',*,*,#6429,.F.);
#6548 = ADVANCED_FACE('',(#6549,#6580),#6501,.F.);
#6549 = FACE_BOUND('',#6550,.F.);
#6550 = EDGE_LOOP('',(#6551));
#6551 = ORIENTED_EDGE('',*,*,#6552,.T.);
#6552 = EDGE_CURVE('',#6553,#6553,#6555,.T.);
#6553 = VERTEX_POINT('',#6554);
#6554 = CARTESIAN_POINT('',(2.0995E+03,975.,270.));
#6555 = SURFACE_CURVE('',#6556,(#6561,#6568),.PCURVE_S1.);
#6556 = CIRCLE('',#6557,9.5);
#6557 = AXIS2_PLACEMENT_3D('',#6558,#6559,#6560);
#6558 = CARTESIAN_POINT('',(2.09E+03,975.,270.));
#6559 = DIRECTION('',(0.,0.,1.));
#6560 = DIRECTION('',(1.,0.,-0.));
#6561 = PCURVE('',#6501,#6562);
#6562 = DEFINITIONAL_REPRESENTATION('',(#6563),#6567);
#6563 = CIRCLE('',#6564,9.5);
#6564 = AXIS2_PLACEMENT_2D('',#6565,#6566);
#6565 = CARTESIAN_POINT('',(0.,0.));
#6566 = DIRECTION('',(1.,0.));
#6567 = ( GEOMETRIC_REPRESENTATION_CONTEXT(2) 
PARAMETRIC_REPRESENTATION_CONTEXT() REPRESENTATION_CONTEXT('2D SPACE',''
  ) );
#6568 = PCURVE('',#6569,#6574);
#6569 = CYLINDRICAL_SURFACE('',#6570,9.5);
#6570 = AXIS2_PLACEMENT_3D('',#6571,#6572,#6573);
#6571 = CARTESIAN_POINT('',(2.09E+03,975.,270.));
#6572 = DIRECTION('',(0.,0.,1.));
#6573 = DIRECTION('',(1.,0.,-0.));
#6574 = DEFINITIONAL_REPRESENTATION('',(#6575),#6579);
#6575 = LINE('',#6576,#6577);
#6576 = CARTESIAN_POINT('',(0.,0.));
#6577 = VECTOR('',#6578,1.);
#6578 = DIRECTION('',(1.,0.));
#6579 = ( GEOMETRIC_REPRESENTATION_CONTEXT(2) 
PARAMETRIC_REPRESENTATION_CONTEXT() REPRESENTATION_CONTEXT('2D SPACE',''
  ) );
#6580 = FACE_BOUND('',#6581,.F.);
#6581 = EDGE_LOOP('',(#6582));
#6582 = ORIENTED_EDGE('',*,*,#6486,.F.);
#6583 = ADVANCED_FACE('',(#6584),#6534,.T.);
#6584 = FACE_BOUND('',#6585,.T.);
#6585 = EDGE_LOOP('',(#6586,#6587,#6610,#6637));
#6586 = ORIENTED_EDGE('',*,*,#6517,.F.);
#6587 = ORIENTED_EDGE('',*,*,#6588,.F.);
#6588 = EDGE_CURVE('',#6589,#6518,#6591,.T.);
#6589 = VERTEX_POINT('',#6590);
#6590 = CARTESIAN_POINT('',(2.0995E+03,975.,229.));
#6591 = SEAM_CURVE('',#6592,(#6596,#6603),.PCURVE_S1.);
#6592 = LINE('',#6593,#6594);
#6593 = CARTESIAN_POINT('',(2.0995E+03,975.,229.));
#6594 = VECTOR('',#6595,1.);
#6595 = DIRECTION('',(0.,0.,1.));
#6596 = PCURVE('',#6534,#6597);
#6597 = DEFINITIONAL_REPRESENTATION('',(#6598),#6602);
#6598 = LINE('',#6599,#6600);
#6599 = CARTESIAN_POINT('',(6.28318530718,-0.));
#6600 = VECTOR('',#6601,1.);
#6601 = DIRECTION('',(0.,1.));
#6602 = ( GEOMETRIC_REPRESENTATION_CONTEXT(2) 
PARAMETRIC_REPRESENTATION_CONTEXT() REPRESENTATION_CONTEXT('2D SPACE',''
  ) );
#6603 = PCURVE('',#6534,#6604);
#6604 = DEFINITIONAL_REPRESENTATION('',(#6605),#6609);
#6605 = LINE('',#6606,#6607);
#6606 = CARTESIAN_POINT('',(0.,-0.));
#6607 = VECTOR('',#6608,1.);
#6608 = DIRECTION('',(0.,1.));
#6609 = ( GEOMETRIC_REPRESENTATION_CONTEXT(2) 
PARAMETRIC_REPRESENTATION_CONTEXT() REPRESENTATION_CONTEXT('2D SPACE',''
  ) );
#6610 = ORIENTED_EDGE('',*,*,#6611,.T.);
#6611 = EDGE_CURVE('',#6589,#6589,#6612,.T.);
#6612 = SURFACE_CURVE('',#6613,(#6618,#6625),.PCURVE_S1.);
#6613 = CIRCLE('',#6614,9.5);
#6614 = AXIS2_PLACEMENT_3D('',#6615,#6616,#6617);
#6615 = CARTESIAN_POINT('',(2.09E+03,975.,229.));
#6616 = DIRECTION('',(0.,0.,1.));
#6617 = DIRECTION('',(1.,0.,-0.));
#6618 = PCURVE('',#6534,#6619);
#6619 = DEFINITIONAL_REPRESENTATION('',(#6620),#6624);
#6620 = LINE('',#6621,#6622);
#6621 = CARTESIAN_POINT('',(0.,0.));
#6622 = VECTOR('',#6623,1.);
#6623 = DIRECTION('',(1.,0.));
#6624 = ( GEOMETRIC_REPRESENTATION_CONTEXT(2) 
PARAMETRIC_REPRESENTATION_CONTEXT() REPRESENTATION_CONTEXT('2D SPACE',''
  ) );
#6625 = PCURVE('',#6626,#6631);
#6626 = PLANE('',#6627);
#6627 = AXIS2_PLACEMENT_3D('',#6628,#6629,#6630);
#6628 = CARTESIAN_POINT('',(2.09E+03,975.,229.));
#6629 = DIRECTION('',(0.,0.,1.));
#6630 = DIRECTION('',(1.,0.,-0.));
#6631 = DEFINITIONAL_REPRESENTATION('',(#6632),#6636);
#6632 = CIRCLE('',#6633,9.5);
#6633 = AXIS2_PLACEMENT_2D('',#6634,#6635);
#6634 = CARTESIAN_POINT('',(0.,0.));
#6635 = DIRECTION('',(1.,0.));
#6636 = ( GEOMETRIC_REPRESENTATION_CONTEXT(2) 
PARAMETRIC_REPRESENTATION_CONTEXT() REPRESENTATION_CONTEXT('2D SPACE',''
  ) );
#6637 = ORIENTED_EDGE('',*,*,#6588,.T.);
#6638 = ADVANCED_FACE('',(#6639),#6569,.T.);
#6639 = FACE_BOUND('',#6640,.T.);
#6640 = EDGE_LOOP('',(#6641,#6670,#6691,#6692));
#6641 = ORIENTED_EDGE('',*,*,#6642,.F.);
#6642 = EDGE_CURVE('',#6643,#6643,#6645,.T.);
#6643 = VERTEX_POINT('',#6644);
#6644 = CARTESIAN_POINT('',(2.0995E+03,975.,280.));
#6645 = SURFACE_CURVE('',#6646,(#6651,#6658),.PCURVE_S1.);
#6646 = CIRCLE('',#6647,9.5);
#6647 = AXIS2_PLACEMENT_3D('',#6648,#6649,#6650);
#6648 = CARTESIAN_POINT('',(2.09E+03,975.,280.));
#6649 = DIRECTION('',(0.,0.,1.));
#6650 = DIRECTION('',(1.,0.,-0.));
#6651 = PCURVE('',#6569,#6652);
#6652 = DEFINITIONAL_REPRESENTATION('',(#6653),#6657);
#6653 = LINE('',#6654,#6655);
#6654 = CARTESIAN_POINT('',(0.,10.));
#6655 = VECTOR('',#6656,1.);
#6656 = DIRECTION('',(1.,0.));
#6657 = ( GEOMETRIC_REPRESENTATION_CONTEXT(2) 
PARAMETRIC_REPRESENTATION_CONTEXT() REPRESENTATION_CONTEXT('2D SPACE',''
  ) );
#6658 = PCURVE('',#6659,#6664);
#6659 = PLANE('',#6660);
#6660 = AXIS2_PLACEMENT_3D('',#6661,#6662,#6663);
#6661 = CARTESIAN_POINT('',(2.09E+03,975.,280.));
#6662 = DIRECTION('',(0.,0.,1.));
#6663 = DIRECTION('',(1.,0.,-0.));
#6664 = DEFINITIONAL_REPRESENTATION('',(#6665),#6669);
#6665 = CIRCLE('',#6666,9.5);
#6666 = AXIS2_PLACEMENT_2D('',#6667,#6668);
#6667 = CARTESIAN_POINT('',(0.,0.));
#6668 = DIRECTION('',(1.,0.));
#6669 = ( GEOMETRIC_REPRESENTATION_CONTEXT(2) 
PARAMETRIC_REPRESENTATION_CONTEXT() REPRESENTATION_CONTEXT('2D SPACE',''
  ) );
#6670 = ORIENTED_EDGE('',*,*,#6671,.F.);
#6671 = EDGE_CURVE('',#6553,#6643,#6672,.T.);
#6672 = SEAM_CURVE('',#6673,(#6677,#6684),.PCURVE_S1.);
#6673 = LINE('',#6674,#6675);
#6674 = CARTESIAN_POINT('',(2.0995E+03,975.,270.));
#6675 = VECTOR('',#6676,1.);
#6676 = DIRECTION('',(0.,0.,1.));
#6677 = PCURVE('',#6569,#6678);
#6678 = DEFINITIONAL_REPRESENTATION('',(#6679),#6683);
#6679 = LINE('',#6680,#6681);
#6680 = CARTESIAN_POINT('',(6.28318530718,-0.));
#6681 = VECTOR('',#6682,1.);
#6682 = DIRECTION('',(0.,1.));
#6683 = ( GEOMETRIC_REPRESENTATION_CONTEXT(2) 
PARAMETRIC_REPRESENTATION_CONTEXT() REPRESENTATION_CONTEXT('2D SPACE',''
  ) );
#6684 = PCURVE('',#6569,#6685);
#6685 = DEFINITIONAL_REPRESENTATION('',(#6686),#6690);
#6686 = LINE('',#6687,#6688);
#6687 = CARTESIAN_POINT('',(0.,-0.));
#6688 = VECTOR('',#6689,1.);
#6689 = DIRECTION('',(0.,1.));
#6690 = ( GEOMETRIC_REPRESENTATION_CONTEXT(2) 
PARAMETRIC_REPRESENTATION_CONTEXT() REPRESENTATION_CONTEXT('2D SPACE',''
  ) );
#6691 = ORIENTED_EDGE('',*,*,#6552,.T.);
#6692 = ORIENTED_EDGE('',*,*,#6671,.T.);
#6693 = ADVANCED_FACE('',(#6694,#6697),#6626,.F.);
#6694 = FACE_BOUND('',#6695,.F.);
#6695 = EDGE_LOOP('',(#6696));
#6696 = ORIENTED_EDGE('',*,*,#6611,.T.);
#6697 = FACE_BOUND('',#6698,.F.);
#6698 = EDGE_LOOP('',(#6699));
#6699 = ORIENTED_EDGE('',*,*,#6700,.F.);
#6700 = EDGE_CURVE('',#6701,#6701,#6703,.T.);
#6701 = VERTEX_POINT('',#6702);
#6702 = CARTESIAN_POINT('',(2.096E+03,975.,229.));
#6703 = SURFACE_CURVE('',#6704,(#6709,#6716),.PCURVE_S1.);
#6704 = CIRCLE('',#6705,6.);
#6705 = AXIS2_PLACEMENT_3D('',#6706,#6707,#6708);
#6706 = CARTESIAN_POINT('',(2.09E+03,975.,229.));
#6707 = DIRECTION('',(0.,0.,1.));
#6708 = DIRECTION('',(1.,0.,-0.));
#6709 = PCURVE('',#6626,#6710);
#6710 = DEFINITIONAL_REPRESENTATION('',(#6711),#6715);
#6711 = CIRCLE('',#6712,6.);
#6712 = AXIS2_PLACEMENT_2D('',#6713,#6714);
#6713 = CARTESIAN_POINT('',(0.,0.));
#6714 = DIRECTION('',(1.,0.));
#6715 = ( GEOMETRIC_REPRESENTATION_CONTEXT(2) 
PARAMETRIC_REPRESENTATION_CONTEXT() REPRESENTATION_CONTEXT('2D SPACE',''
  ) );
#6716 = PCURVE('',#6717,#6722);
#6717 = PLANE('',#6718);
#6718 = AXIS2_PLACEMENT_3D('',#6719,#6720,#6721);
#6719 = CARTESIAN_POINT('',(2.09E+03,975.,229.));
#6720 = DIRECTION('',(0.,0.,1.));
#6721 = DIRECTION('',(1.,0.,-0.));
#6722 = DEFINITIONAL_REPRESENTATION('',(#6723),#6727);
#6723 = CIRCLE('',#6724,6.);
#6724 = AXIS2_PLACEMENT_2D('',#6725,#6726);
#6725 = CARTESIAN_POINT('',(0.,0.));
#6726 = DIRECTION('',(1.,0.));
#6727 = ( GEOMETRIC_REPRESENTATION_CONTEXT(2) 
PARAMETRIC_REPRESENTATION_CONTEXT() REPRESENTATION_CONTEXT('2D SPACE',''
  ) );
#6728 = ADVANCED_FACE('',(#6729,#6732),#6659,.T.);
#6729 = FACE_BOUND('',#6730,.T.);
#6730 = EDGE_LOOP('',(#6731));
#6731 = ORIENTED_EDGE('',*,*,#6642,.T.);
#6732 = FACE_BOUND('',#6733,.T.);
#6733 = EDGE_LOOP('',(#6734));
#6734 = ORIENTED_EDGE('',*,*,#6735,.F.);
#6735 = EDGE_CURVE('',#6736,#6736,#6738,.T.);
#6736 = VERTEX_POINT('',#6737);
#6737 = CARTESIAN_POINT('',(2.096E+03,975.,280.));
#6738 = SURFACE_CURVE('',#6739,(#6744,#6751),.PCURVE_S1.);
#6739 = CIRCLE('',#6740,6.);
#6740 = AXIS2_PLACEMENT_3D('',#6741,#6742,#6743);
#6741 = CARTESIAN_POINT('',(2.09E+03,975.,280.));
#6742 = DIRECTION('',(0.,0.,1.));
#6743 = DIRECTION('',(1.,0.,-0.));
#6744 = PCURVE('',#6659,#6745);
#6745 = DEFINITIONAL_REPRESENTATION('',(#6746),#6750);
#6746 = CIRCLE('',#6747,6.);
#6747 = AXIS2_PLACEMENT_2D('',#6748,#6749);
#6748 = CARTESIAN_POINT('',(0.,0.));
#6749 = DIRECTION('',(1.,0.));
#6750 = ( GEOMETRIC_REPRESENTATION_CONTEXT(2) 
PARAMETRIC_REPRESENTATION_CONTEXT() REPRESENTATION_CONTEXT('2D SPACE',''
  ) );
#6751 = PCURVE('',#6752,#6757);
#6752 = CYLINDRICAL_SURFACE('',#6753,6.);
#6753 = AXIS2_PLACEMENT_3D('',#6754,#6755,#6756);
#6754 = CARTESIAN_POINT('',(2.09E+03,975.,229.));
#6755 = DIRECTION('',(0.,0.,1.));
#6756 = DIRECTION('',(1.,0.,-0.));
#6757 = DEFINITIONAL_REPRESENTATION('',(#6758),#6762);
#6758 = LINE('',#6759,#6760);
#6759 = CARTESIAN_POINT('',(0.,51.));
#6760 = VECTOR('',#6761,1.);
#6761 = DIRECTION('',(1.,0.));
#6762 = ( GEOMETRIC_REPRESENTATION_CONTEXT(2) 
PARAMETRIC_REPRESENTATION_CONTEXT() REPRESENTATION_CONTEXT('2D SPACE',''
  ) );
#6763 = ADVANCED_FACE('',(#6764),#6717,.F.);
#6764 = FACE_BOUND('',#6765,.T.);
#6765 = EDGE_LOOP('',(#6766));
#6766 = ORIENTED_EDGE('',*,*,#6700,.F.);
#6767 = ADVANCED_FACE('',(#6768),#6752,.T.);
#6768 = FACE_BOUND('',#6769,.T.);
#6769 = EDGE_LOOP('',(#6770,#6771,#6794,#6821));
#6770 = ORIENTED_EDGE('',*,*,#6735,.T.);
#6771 = ORIENTED_EDGE('',*,*,#6772,.T.);
#6772 = EDGE_CURVE('',#6736,#6773,#6775,.T.);
#6773 = VERTEX_POINT('',#6774);
#6774 = CARTESIAN_POINT('',(2.096E+03,975.,282.));
#6775 = SEAM_CURVE('',#6776,(#6780,#6787),.PCURVE_S1.);
#6776 = LINE('',#6777,#6778);
#6777 = CARTESIAN_POINT('',(2.096E+03,975.,229.));
#6778 = VECTOR('',#6779,1.);
#6779 = DIRECTION('',(0.,0.,1.));
#6780 = PCURVE('',#6752,#6781);
#6781 = DEFINITIONAL_REPRESENTATION('',(#6782),#6786);
#6782 = LINE('',#6783,#6784);
#6783 = CARTESIAN_POINT('',(0.,-0.));
#6784 = VECTOR('',#6785,1.);
#6785 = DIRECTION('',(0.,1.));
#6786 = ( GEOMETRIC_REPRESENTATION_CONTEXT(2) 
PARAMETRIC_REPRESENTATION_CONTEXT() REPRESENTATION_CONTEXT('2D SPACE',''
  ) );
#6787 = PCURVE('',#6752,#6788);
#6788 = DEFINITIONAL_REPRESENTATION('',(#6789),#6793);
#6789 = LINE('',#6790,#6791);
#6790 = CARTESIAN_POINT('',(6.28318530718,-0.));
#6791 = VECTOR('',#6792,1.);
#6792 = DIRECTION('',(0.,1.));
#6793 = ( GEOMETRIC_REPRESENTATION_CONTEXT(2) 
PARAMETRIC_REPRESENTATION_CONTEXT() REPRESENTATION_CONTEXT('2D SPACE',''
  ) );
#6794 = ORIENTED_EDGE('',*,*,#6795,.F.);
#6795 = EDGE_CURVE('',#6773,#6773,#6796,.T.);
#6796 = SURFACE_CURVE('',#6797,(#6802,#6809),.PCURVE_S1.);
#6797 = CIRCLE('',#6798,6.);
#6798 = AXIS2_PLACEMENT_3D('',#6799,#6800,#6801);
#6799 = CARTESIAN_POINT('',(2.09E+03,975.,282.));
#6800 = DIRECTION('',(0.,0.,1.));
#6801 = DIRECTION('',(1.,0.,-0.));
#6802 = PCURVE('',#6752,#6803);
#6803 = DEFINITIONAL_REPRESENTATION('',(#6804),#6808);
#6804 = LINE('',#6805,#6806);
#6805 = CARTESIAN_POINT('',(0.,53.));
#6806 = VECTOR('',#6807,1.);
#6807 = DIRECTION('',(1.,0.));
#6808 = ( GEOMETRIC_REPRESENTATION_CONTEXT(2) 
PARAMETRIC_REPRESENTATION_CONTEXT() REPRESENTATION_CONTEXT('2D SPACE',''
  ) );
#6809 = PCURVE('',#6810,#6815);
#6810 = PLANE('',#6811);
#6811 = AXIS2_PLACEMENT_3D('',#6812,#6813,#6814);
#6812 = CARTESIAN_POINT('',(2.09E+03,975.,282.));
#6813 = DIRECTION('',(0.,0.,1.));
#6814 = DIRECTION('',(1.,0.,-0.));
#6815 = DEFINITIONAL_REPRESENTATION('',(#6816),#6820);
#6816 = CIRCLE('',#6817,6.);
#6817 = AXIS2_PLACEMENT_2D('',#6818,#6819);
#6818 = CARTESIAN_POINT('',(0.,0.));
#6819 = DIRECTION('',(1.,0.));
#6820 = ( GEOMETRIC_REPRESENTATION_CONTEXT(2) 
PARAMETRIC_REPRESENTATION_CONTEXT() REPRESENTATION_CONTEXT('2D SPACE',''
  ) );
#6821 = ORIENTED_EDGE('',*,*,#6772,.F.);
#6822 = ADVANCED_FACE('',(#6823),#6810,.T.);
#6823 = FACE_BOUND('',#6824,.T.);
#6824 = EDGE_LOOP('',(#6825));
#6825 = ORIENTED_EDGE('',*,*,#6795,.T.);
#6826 = ( GEOMETRIC_REPRESENTATION_CONTEXT(3) 
GLOBAL_UNCERTAINTY_ASSIGNED_CONTEXT((#6830)) 
GLOBAL_UNIT_ASSIGNED_CONTEXT((#6827,#6828,#6829)) REPRESENTATION_CONTEXT
('Context #1','3D Context with UNIT and UNCERTAINTY') );
#6827 = ( LENGTH_UNIT() NAMED_UNIT(*) SI_UNIT(.MILLI.,.METRE.) );
#6828 = ( NAMED_UNIT(*) PLANE_ANGLE_UNIT() SI_UNIT($,.RADIAN.) );
#6829 = ( NAMED_UNIT(*) SI_UNIT($,.STERADIAN.) SOLID_ANGLE_UNIT() );
#6830 = UNCERTAINTY_MEASURE_WITH_UNIT(LENGTH_MEASURE(1.E-07),#6827,
  'distance_accuracy_value','confusion accuracy');
#6831 = CONTEXT_DEPENDENT_SHAPE_REPRESENTATION(#6832,#6834);
#6832 = ( REPRESENTATION_RELATIONSHIP('','',#6422,#10) 
REPRESENTATION_RELATIONSHIP_WITH_TRANSFORMATION(#6833) 
SHAPE_REPRESENTATION_RELATIONSHIP() );
#6833 = ITEM_DEFINED_TRANSFORMATION('','',#11,#75);
#6834 = PRODUCT_DEFINITION_SHAPE('Placement','Placement of an item',
  #6835);
#6835 = NEXT_ASSEMBLY_USAGE_OCCURRENCE('420','','',#5,#6417,$);
#6836 = PRODUCT_RELATED_PRODUCT_CATEGORY('part',$,(#6419));
ENDSEC;
END-ISO-10303-21;
